region,line,t,perpendicular_offset_px,centerline_x,centerline_y,r,g,b,h,s,v,hue_usable
122,projected_centers,-0.25,-2,224.26450465243568,116.81096059113301,0.0,0.0,0.0,0.0,0.0,0.0,False
122,projected_centers,-0.25,-1,224.26450465243568,116.81096059113301,0.0,0.0,0.0,0.0,0.0,0.0,False
122,projected_centers,-0.25,0,224.26450465243568,116.81096059113301,0.0,0.0,0.0,0.0,0.0,0.0,False
122,projected_centers,-0.25,1,224.26450465243568,116.81096059113301,2.053562105461714,2.053562105461714,2.053562105461714,0.0,0.0,0.008053184727300839,False
122,projected_centers,-0.25,2,224.26450465243568,116.81096059113301,2.55431604128384,2.55431604128384,2.55431604128384,0.0,0.0,0.01001692565209349,False
122,projected_centers,-0.235,-2,224.14450465243567,117.02846059113301,0.0,0.0,0.0,0.0,0.0,0.0,False
122,projected_centers,-0.235,-1,224.14450465243567,117.02846059113301,0.0,0.0,0.0,0.0,0.0,0.0,False
122,projected_centers,-0.235,0,224.14450465243567,117.02846059113301,0.0,0.0,0.0,0.0,0.0,0.0,False
122,projected_centers,-0.235,1,224.14450465243567,117.02846059113301,1.6617902346733857,1.6617902346733857,1.6617902346733857,0.0,0.0,0.006516824449699552,False
122,projected_centers,-0.235,2,224.14450465243567,117.02846059113301,1.8442065055774164,1.8442065055774164,1.8442065055774164,0.0,0.0,0.0072321823748133975,False
122,projected_centers,-0.22,-2,224.02450465243567,117.24596059113301,0.0,0.0,0.0,0.0,0.0,0.0,False
122,projected_centers,-0.22,-1,224.02450465243567,117.24596059113301,0.0,0.0,0.0,0.0,0.0,0.0,False
122,projected_centers,-0.22,0,224.02450465243567,117.24596059113301,0.0,0.0,0.0,0.0,0.0,0.0,False
122,projected_centers,-0.22,1,224.02450465243567,117.24596059113301,1.009018363885046,1.009018363885046,1.009018363885046,0.0,0.0,0.003956934760333514,False
122,projected_centers,-0.22,2,224.02450465243567,117.24596059113301,0.9843227019980867,0.9843227019980867,0.9843227019980867,0.0,0.0,0.0038600890274434773,False
122,projected_centers,-0.20500000000000002,-2,223.90450465243566,117.46346059113301,0.0,0.0,0.0,0.0,0.0,0.0,False
122,projected_centers,-0.20500000000000002,-1,223.90450465243566,117.46346059113301,0.0,0.0,0.0,0.0,0.0,0.0,False
122,projected_centers,-0.20500000000000002,0,223.90450465243566,117.46346059113301,0.22129165116310331,0.22129165116310331,0.22129165116310331,0.0,0.0,0.0008678103967180522,False
122,projected_centers,-0.20500000000000002,1,223.90450465243566,117.46346059113301,0.09524649309669513,0.09524649309669513,0.09524649309669513,0.0,0.0,0.000373515659202726,False
122,projected_centers,-0.20500000000000002,2,223.90450465243566,117.46346059113301,0.3854388984187682,0.3854388984187682,0.3854388984187682,0.0,0.0,0.0015115250918383068,False
122,projected_centers,-0.19,-2,223.7845046524357,117.68096059113302,0.0,0.0,0.0,0.0,0.0,0.0,False
122,projected_centers,-0.19,-1,223.7845046524357,117.68096059113302,0.0,0.0,0.0,0.0,0.0,0.0,False
122,projected_centers,-0.19,0,223.7845046524357,117.68096059113302,0.7337191963190491,0.7337191963190491,0.7337191963190491,0.0,0.0,0.00287733018164333,False
122,projected_centers,-0.19,1,223.7845046524357,117.68096059113302,1.8364421249908622,1.8364421249908622,1.8364421249908622,0.0,0.0,0.007201733823493577,False
122,projected_centers,-0.19,2,223.7845046524357,117.68096059113302,0.04755509483950149,0.04755509483950149,0.04755509483950149,0.0,0.0,0.00018649056799804504,False
122,projected_centers,-0.175,-2,223.66450465243568,117.89846059113302,0.0,0.0,0.0,0.0,0.0,0.0,False
122,projected_centers,-0.175,-1,223.66450465243568,117.89846059113302,0.0,0.0,0.0,0.0,0.0,0.0,False
122,projected_centers,-0.175,0,223.66450465243568,117.89846059113302,1.507146741475072,1.507146741475072,1.507146741475072,0.0,0.0,0.0059103793783336165,False
122,projected_centers,-0.175,1,223.66450465243568,117.89846059113302,6.197697710401525,6.197697710401525,6.197697710401525,0.0,0.0,0.024304696903535393,False
122,projected_centers,-0.175,2,223.66450465243568,117.89846059113302,0.02346296699186032,0.02346296699186032,0.02346296699186032,0.0,0.0,9.201163526219734e-05,False
122,projected_centers,-0.16,-2,223.54450465243568,118.11596059113302,0.05783707248848923,0.05783707248848923,0.05783707248848923,0.0,0.0,0.00022681204897446758,False
122,projected_centers,-0.16,-1,223.54450465243568,118.11596059113302,0.0,0.0,0.0,0.0,0.0,0.0,False
122,projected_centers,-0.16,0,223.54450465243568,118.11596059113302,4.126159579488052,4.126159579488052,4.126159579488052,0.0,0.0,0.01618101795877667,False
122,projected_centers,-0.16,1,223.54450465243568,118.11596059113302,13.012353295812293,13.012353295812293,13.012353295812293,0.0,0.0,0.05102883645416585,False
122,projected_centers,-0.16,2,223.54450465243568,118.11596059113302,6.180117204256989,6.180117204256989,6.180117204256989,0.0,0.0,0.02423575374218427,False
122,projected_centers,-0.14500000000000002,-2,223.42450465243567,118.333460591133,0.24698485126674746,0.24698485126674746,0.24698485126674746,0.0,0.0,0.0009685680441833234,False
122,projected_centers,-0.14500000000000002,-1,223.42450465243567,118.333460591133,0.0,0.0,0.0,0.0,0.0,0.0,False
122,projected_centers,-0.14500000000000002,0,223.42450465243567,118.333460591133,9.594152395579947,9.594152395579947,9.594152395579947,0.0,0.0,0.037624127041489985,False
122,projected_centers,-0.14500000000000002,1,223.42450465243567,118.333460591133,22.280408881222797,22.280408881222797,22.280408881222797,0.0,0.0,0.08737415247538352,False
122,projected_centers,-0.14500000000000002,2,223.42450465243567,118.333460591133,12.860908761481316,12.860908761481316,12.860908761481316,0.0,0.0,0.05043493631953457,False
122,projected_centers,-0.13,-2,223.30450465243567,118.550960591133,0.488332630045018,0.488332630045018,0.488332630045018,0.0,0.0,0.0019150299217451686,False
122,projected_centers,-0.13,-1,223.30450465243567,118.550960591133,0.17357945081071174,0.17357945081071174,0.17357945081071174,0.0,0.0,0.0006807037286694578,False
122,projected_centers,-0.13,0,223.30450465243567,118.550960591133,16.889145211672147,16.889145211672147,16.889145211672147,0.0,0.0,0.06623194200655744,False
122,projected_centers,-0.13,1,223.30450465243567,118.550960591133,35.61193269736572,35.61193269736572,35.61193269736572,0.0,0.0,0.13965463802888517,False
122,projected_centers,-0.13,2,223.30450465243567,118.550960591133,16.82730031870611,16.82730031870611,16.82730031870611,0.0,0.0,0.06598941301453377,False
122,projected_centers,-0.11499999999999999,-2,223.18450465243566,118.768460591133,0.9709409362937356,0.9709409362937356,0.9709409362937356,0.0,0.0,0.0038076115148773944,False
122,projected_centers,-0.11499999999999999,-1,223.18450465243566,118.768460591133,1.4336626703343822,1.4336626703343822,1.4336626703343822,0.0,0.0,0.0056222065503309104,False
122,projected_centers,-0.11499999999999999,0,223.18450465243566,118.768460591133,26.011138027764428,26.011138027764428,26.011138027764428,0.0,0.0,0.10200446285397814,False
122,projected_centers,-0.11499999999999999,1,223.18450465243566,118.768460591133,54.5687901670423,54.5687901670423,54.5687901670423,0.0,0.0,0.21399525555702864,False
122,projected_centers,-0.11499999999999999,2,223.18450465243566,118.768460591133,18.079291875930792,18.079291875930792,18.079291875930792,0.0,0.0,0.07089918382717958,False
122,projected_centers,-0.1,-2,223.0645046524357,118.98596059113301,1.8296798301849706,1.8296798301849706,1.8296798301849706,0.0,0.0,0.007175215020333218,False
122,projected_centers,-0.1,-1,223.0645046524357,118.98596059113301,6.503702373214114,6.503702373214114,6.503702373214114,0.0,0.0,0.025504715189074958,False
122,projected_centers,-0.1,0,223.0645046524357,118.98596059113301,36.96013084385566,36.96013084385566,36.96013084385566,0.0,0.0,0.14494168958374767,False
122,projected_centers,-0.1,1,223.0645046524357,118.98596059113301,75.40484763671529,75.40484763671529,75.40484763671529,0.0,0.0,0.29570528484986386,False
122,projected_centers,-0.1,2,223.0645046524357,118.98596059113301,16.76200007012159,16.76200007012159,16.76200007012159,0.0,0.0,0.06573333360831997,False
122,projected_centers,-0.08500000000000002,-2,222.94450465243568,119.20346059113301,2.860930451465009,2.860930451465009,2.860930451465009,0.0,0.0,0.01121933510378435,False
122,projected_centers,-0.08500000000000002,-1,222.94450465243568,119.20346059113301,16.997867992832216,16.997867992832216,16.997867992832216,0.0,0.0,0.06665830585424398,False
122,projected_centers,-0.08500000000000002,0,222.94450465243568,119.20346059113301,55.716747049121494,55.716747049121494,55.716747049121494,0.0,0.0,0.21849704725145683,False
122,projected_centers,-0.08500000000000002,1,222.94450465243568,119.20346059113301,98.1201051063916,98.1201051063916,98.1201051063916,0.0,0.0,0.3847847259074181,False
122,projected_centers,-0.08500000000000002,2,222.94450465243568,119.20346059113301,13.694696559516075,13.694696559516075,13.694696559516075,0.0,0.0,0.053704692390259115,False
122,projected_centers,-0.07,-2,222.82450465243568,119.42096059113301,3.895930451465034,3.895930451465034,3.895930451465034,0.0,0.0,0.015278158633196212,False
122,projected_centers,-0.07,-1,222.82450465243568,119.42096059113301,29.893233612450413,29.893233612450413,29.893233612450413,0.0,0.0,0.11722836710764868,False
122,projected_centers,-0.07,0,222.82450465243568,119.42096059113301,79.92826597358844,79.92826597358844,79.92826597358844,0.0,0.0,0.3134441802885821,False
122,projected_centers,-0.07,1,222.82450465243568,119.42096059113301,112.62877566820384,112.62877566820384,112.62877566820384,0.0,0.0,0.44168147320864254,False
122,projected_centers,-0.07,2,222.82450465243568,119.42096059113301,7.025593048910401,7.025593048910401,7.025593048910401,0.0,0.0,0.02755134528984471,False
122,projected_centers,-0.05499999999999999,-2,222.70450465243567,119.63846059113301,4.930930451465059,4.930930451465059,4.930930451465059,0.0,0.0,0.019336982162608075,False
122,projected_centers,-0.05499999999999999,-1,222.70450465243567,119.63846059113301,44.448467869415964,44.448467869415964,44.448467869415964,0.0,0.0,0.17430771713496457,False
122,projected_centers,-0.05499999999999999,0,222.70450465243567,119.63846059113301,106.59318489805548,106.59318489805548,106.59318489805548,0.0,0.0,0.418012489796296,False
122,projected_centers,-0.05499999999999999,1,222.70450465243567,119.63846059113301,114.99833453491522,114.99833453491522,114.99833453491522,0.0,0.0,0.45097386092123615,False
122,projected_centers,-0.05499999999999999,2,222.70450465243567,119.63846059113301,1.3759753622175541,1.3759753622175541,1.3759753622175541,0.0,0.0,0.0053959818126178595,False
122,projected_centers,-0.04000000000000001,-2,222.58450465243567,119.85596059113301,5.965930451465083,5.965930451465083,5.965930451465083,0.0,0.0,0.023395805692019933,False
122,projected_centers,-0.04000000000000001,-1,222.58450465243567,119.85596059113301,60.61615026951067,60.61615026951067,60.61615026951067,0.0,0.0,0.23771039321376733,False
122,projected_centers,-0.04000000000000001,0,222.58450465243567,119.85596059113301,135.71150382252264,135.71150382252264,135.71150382252264,0.0,0.0,0.5322019757745986,False
122,projected_centers,-0.04000000000000001,1,222.58450465243567,119.85596059113301,113.73344274499016,113.73344274499016,113.73344274499016,0.0,0.0,0.4460135009607457,False
122,projected_centers,-0.04000000000000001,2,222.58450465243567,119.85596059113301,1.9278986015016977,1.9278986015016977,1.9278986015016977,0.0,0.0,0.0075603866725556775,False
122,projected_centers,-0.025000000000000022,-2,222.46450465243566,120.07346059113301,6.9216998975537365,6.9216998975537365,6.9216998975537365,0.0,0.0,0.0271439211668774,False
122,projected_centers,-0.025000000000000022,-1,222.46450465243566,120.07346059113301,78.92403266960548,78.92403266960548,78.92403266960548,0.0,0.0,0.3095060104690411,False
122,projected_centers,-0.025000000000000022,0,222.46450465243566,120.07346059113301,162.92432377737362,162.92432377737362,162.92432377737362,0.0,0.0,0.6389189167740141,False
122,projected_centers,-0.025000000000000022,1,222.46450465243566,120.07346059113301,107.19635095506489,107.19635095506489,107.19635095506489,0.0,0.0,0.4203778468826074,False
122,projected_centers,-0.025000000000000022,2,222.46450465243566,120.07346059113301,2.0412795904500043,2.0412795904500043,2.0412795904500043,0.0,0.0,0.008005018001764723,False
122,projected_centers,-0.010000000000000009,-2,222.3445046524357,120.29096059113301,7.521699897553617,7.521699897553617,7.521699897553617,0.0,0.0,0.02949686234334752,False
122,projected_centers,-0.010000000000000009,-1,222.3445046524357,120.29096059113301,99.37211506969368,99.37211506969368,99.37211506969368,0.0,0.0,0.38969456890075954,False
122,projected_centers,-0.010000000000000009,0,222.3445046524357,120.29096059113301,180.76170485290424,180.76170485290424,180.76170485290424,0.0,0.0,0.708869430795703,False
122,projected_centers,-0.010000000000000009,1,222.3445046524357,120.29096059113301,95.38705916513938,95.38705916513938,95.38705916513938,0.0,0.0,0.3740668986868211,False
122,projected_centers,-0.010000000000000009,2,222.3445046524357,120.29096059113301,1.624956351165846,1.624956351165846,1.624956351165846,0.0,0.0,0.0063723778477092,False
122,projected_centers,0.0050000000000000044,-2,222.22450465243568,120.50846059113302,10.675300857665576,10.675300857665576,10.675300857665576,0.0,0.0,0.041863924932021866,False
122,projected_centers,0.0050000000000000044,-1,222.22450465243568,120.50846059113302,121.96039746978815,121.96039746978815,121.96039746978815,0.0,0.0,0.47827606850897314,False
122,projected_centers,0.0050000000000000044,0,222.22450465243568,120.50846059113302,196.14568592843838,196.14568592843838,196.14568592843838,0.0,0.0,0.7691987683468172,False
122,projected_centers,0.0050000000000000044,1,222.22450465243568,120.50846059113302,77.55857017433947,77.55857017433947,77.55857017433947,0.0,0.0,0.304151255585645,False
122,projected_centers,0.0050000000000000044,2,222.22450465243568,120.50846059113302,1.1564331118817108,1.1564331118817108,1.1564331118817108,0.0,0.0,0.004535031811300827,False
122,projected_centers,0.020000000000000018,-2,222.10450465243568,120.72596059113302,22.734780821648457,22.734780821648457,22.734780821648457,0.0,0.0,0.08915600322215081,False
122,projected_centers,0.020000000000000018,-1,222.10450465243568,120.72596059113302,128.96542210577906,128.96542210577906,128.96542210577906,0.0,0.0,0.5057467533559963,False
122,projected_centers,0.020000000000000018,0,222.10450465243568,120.72596059113302,209.0762670039724,209.0762670039724,209.0762670039724,0.0,0.0,0.8199069294273427,False
122,projected_centers,0.020000000000000018,1,222.10450465243568,120.72596059113302,52.09762266423054,52.09762266423054,52.09762266423054,0.0,0.0,0.20430440260482566,False
122,projected_centers,0.020000000000000018,2,222.10450465243568,120.72596059113302,0.6357098725975736,0.6357098725975736,0.6357098725975736,0.0,0.0,0.0024929798925395043,False
122,projected_centers,0.034999999999999976,-2,221.98450465243567,120.943460591133,32.9150607856314,32.9150607856314,32.9150607856314,0.0,0.0,0.1290786697475741,False
122,projected_centers,0.034999999999999976,-1,221.98450465243567,120.943460591133,128.9302729934954,128.9302729934954,128.9302729934954,0.0,0.0,0.505608913699982,False
122,projected_centers,0.034999999999999976,0,221.98450465243567,120.943460591133,214.96162147346195,214.96162147346195,214.96162147346195,0.0,0.0,0.8429867508763214,False
122,projected_centers,0.034999999999999976,1,221.98450465243567,120.943460591133,27.263075154121545,27.263075154121545,27.263075154121545,0.0,0.0,0.10691402021224135,False
122,projected_centers,0.034999999999999976,2,221.98450465243567,120.943460591133,0.0627866333134734,0.0627866333134734,0.0627866333134734,0.0,0.0,0.00024622209142538586,False
122,projected_centers,0.04999999999999999,-2,221.86450465243567,121.160960591133,38.929431084061896,38.929431084061896,38.929431084061896,0.0,0.0,0.15266443562377213,False
122,projected_centers,0.04999999999999999,-1,221.86450465243567,121.160960591133,126.85932388121117,126.85932388121117,126.85932388121117,0.0,0.0,0.4974875446322007,False
122,projected_centers,0.04999999999999999,0,221.86450465243567,121.160960591133,179.02240087453595,179.02240087453595,179.02240087453595,0.0,0.0,0.7020486308805332,False
122,projected_centers,0.04999999999999999,1,221.86450465243567,121.160960591133,5.3630162047921095,5.3630162047921095,5.3630162047921095,0.0,0.0,0.02103143609722396,False
122,projected_centers,0.04999999999999999,2,221.86450465243567,121.160960591133,0.1766488796826379,0.1766488796826379,0.1766488796826379,0.0,0.0,0.0006927407046377957,False
122,projected_centers,0.065,-2,221.74450465243567,121.378460591133,39.82584767569207,39.82584767569207,39.82584767569207,0.0,0.0,0.15617979480663555,False
122,projected_centers,0.065,-1,221.74450465243567,121.378460591133,122.75257476892682,122.75257476892682,122.75257476892682,0.0,0.0,0.4813826461526542,False
122,projected_centers,0.065,0,221.74450465243567,121.378460591133,142.8267720157504,142.8267720157504,142.8267720157504,0.0,0.0,0.5601049882970605,False
122,projected_centers,0.065,1,221.74450465243567,121.378460591133,6.224181211530695,6.224181211530695,6.224181211530695,0.0,0.0,0.024408553770708608,False
122,projected_centers,0.065,2,221.74450465243567,121.378460591133,0.007817172588227067,0.007817172588227067,0.007817172588227067,0.0,0.0,3.065557877736104e-05,False
122,projected_centers,0.07999999999999996,-2,221.6245046524357,121.59596059113301,36.80726426732069,36.80726426732069,36.80726426732069,0.0,0.0,0.1443422128130223,False
122,projected_centers,0.07999999999999996,-1,221.6245046524357,121.59596059113301,114.00165669450924,114.00165669450924,114.00165669450924,0.0,0.0,0.44706532037062446,False
122,projected_centers,0.07999999999999996,0,221.6245046524357,121.59596059113301,110.3373431569698,110.3373431569698,110.3373431569698,0.0,0.0,0.43269546336066583,False
122,projected_centers,0.07999999999999996,1,221.6245046524357,121.59596059113301,5.653250511772029,5.653250511772029,5.653250511772029,0.0,0.0,0.02216960985008639,False
122,projected_centers,0.07999999999999996,2,221.6245046524357,121.59596059113301,0.09377069401993272,0.09377069401993272,0.09377069401993272,0.0,0.0,0.00036772821184287343,False
122,projected_centers,0.09499999999999997,-2,221.50450465243568,121.81346059113301,29.873680858950994,29.873680858950994,29.873680858950994,0.0,0.0,0.11715168964294508,False
122,projected_centers,0.09499999999999997,-1,221.50450465243568,121.81346059113301,99.28600717250993,99.28600717250993,99.28600717250993,0.0,0.0,0.38935689087258796,False
122,projected_centers,0.09499999999999997,0,221.50450465243568,121.81346059113301,81.55411429818415,81.55411429818415,81.55411429818415,0.0,0.0,0.31982005607131037,False
122,projected_centers,0.09499999999999997,1,221.50450465243568,121.81346059113301,4.20026800840265,4.20026800840265,4.20026800840265,0.0,0.0,0.016471639248637843,False
122,projected_centers,0.09499999999999997,2,221.50450465243568,121.81346059113301,0.07532421545166727,0.07532421545166727,0.07532421545166727,0.0,0.0,0.00029538908020261675,False
122,projected_centers,0.10999999999999999,-2,221.38450465243568,122.03096059113301,19.02509745058113,19.02509745058113,19.02509745058113,0.0,0.0,0.07460822529639659,False
122,projected_centers,0.10999999999999999,-1,221.38450465243568,122.03096059113301,83.47415765051055,83.47415765051055,83.47415765051055,0.0,0.0,0.32734963784513943,False
122,projected_centers,0.10999999999999999,0,221.38450465243568,122.03096059113301,56.19137764741143,56.19137764741143,56.19137764741143,0.0,0.0,0.22035834371533894,False
122,projected_centers,0.10999999999999999,1,221.38450465243568,122.03096059113301,2.95608550503328,2.95608550503328,2.95608550503328,0.0,0.0,0.011592492176601098,False
122,projected_centers,0.10999999999999999,2,221.38450465243568,122.03096059113301,0.0,0.0,0.0,0.0,0.0,0.0,False
122,projected_centers,0.125,-2,221.26450465243568,122.24846059113301,16.514269086843502,16.514269086843502,16.514269086843502,0.0,0.0,0.06476183955624902,False
122,projected_centers,0.125,-1,221.26450465243568,122.24846059113301,66.56610812851112,66.56610812851112,66.56610812851112,0.0,0.0,0.2610435612882789,False
122,projected_centers,0.125,0,221.26450465243568,122.24846059113301,33.52900100537494,33.52900100537494,33.52900100537494,0.0,0.0,0.13148627845245073,False
122,projected_centers,0.125,1,221.26450465243568,122.24846059113301,1.9207030016639188,1.9207030016639188,1.9207030016639188,0.0,0.0,0.0075321686339761525,False
122,projected_centers,0.125,2,221.26450465243568,122.24846059113301,0.0,0.0,0.0,0.0,0.0,0.0,False
122,projected_centers,0.14,-2,221.14450465243567,122.46596059113301,13.765602208468989,13.765602208468989,13.765602208468989,0.0,0.0,0.053982753758701915,False
122,projected_centers,0.14,-1,221.14450465243567,122.46596059113301,48.56185860651165,48.56185860651165,48.56185860651165,0.0,0.0,0.19043866120200648,False
122,projected_centers,0.14,0,221.14450465243567,122.46596059113301,15.825624363338655,15.825624363338655,15.825624363338655,0.0,0.0,0.062061272013092764,False
122,projected_centers,0.14,1,221.14450465243567,122.46596059113301,1.094120498294567,1.094120498294567,1.094120498294567,0.0,0.0,0.004290668620763008,False
122,projected_centers,0.14,2,221.14450465243567,122.46596059113301,0.0,0.0,0.0,0.0,0.0,0.0,False
122,projected_centers,0.15499999999999997,-2,221.02450465243567,122.68346059113301,9.961351075347098,9.961351075347098,9.961351075347098,0.0,0.0,0.039064121864106266,False
122,projected_centers,0.15499999999999997,-1,221.02450465243567,122.68346059113301,33.30791298740871,33.30791298740871,33.30791298740871,0.0,0.0,0.13061926661728906,False
122,projected_centers,0.15499999999999997,0,221.02450465243567,122.68346059113301,3.0812477213025886,3.0812477213025886,3.0812477213025886,0.0,0.0,0.012083324397265054,False
122,projected_centers,0.15499999999999997,1,221.02450465243567,122.68346059113301,0.8174195520134295,0.8174195520134295,0.8174195520134295,0.0,0.0,0.0032055668706409,False
122,projected_centers,0.15499999999999997,2,221.02450465243567,122.68346059113301,0.0,0.0,0.0,0.0,0.0,0.0,False
122,projected_centers,0.16999999999999998,-2,220.90450465243566,122.90096059113301,5.008699942225159,5.008699942225159,5.008699942225159,0.0,0.0,0.01964196055774572,False
122,projected_centers,0.16999999999999998,-1,220.90450465243566,122.90096059113301,21.741212031407585,21.741212031407585,21.741212031407585,0.0,0.0,0.08525965502512778,False
122,projected_centers,0.16999999999999998,0,220.90450465243566,122.90096059113301,0.5304015139627031,0.5304015139627031,0.5304015139627031,0.0,0.0,0.0020800059371086396,False
122,projected_centers,0.16999999999999998,1,220.90450465243566,122.90096059113301,0.8789457969594399,0.8789457969594399,0.8789457969594399,0.0,0.0,0.003446846262586039,False
122,projected_centers,0.16999999999999998,2,220.90450465243566,122.90096059113301,0.0,0.0,0.0,0.0,0.0,0.0,False
122,projected_centers,0.185,-2,220.7845046524357,123.11846059113302,1.6577095935016652,1.6577095935016652,1.6577095935016652,0.0,0.0,0.006500821935300648,False
122,projected_centers,0.185,-1,220.7845046524357,123.11846059113302,12.366911075407616,12.366911075407616,12.366911075407616,0.0,0.0,0.04849769049179457,False
122,projected_centers,0.185,0,220.7845046524357,123.11846059113302,0.430990695128628,0.430990695128628,0.430990695128628,0.0,0.0,0.0016901595887397175,False
122,projected_centers,0.185,1,220.7845046524357,123.11846059113302,1.1550339391678448,1.1550339391678448,1.1550339391678448,0.0,0.0,0.004529544859481744,False
122,projected_centers,0.185,2,220.7845046524357,123.11846059113302,0.010158585898534911,0.010158585898534911,0.010158585898534911,0.0,0.0,3.9837591758960435e-05,False
122,projected_centers,0.19999999999999996,-2,220.66450465243568,123.33596059113302,1.9847273632755371,1.9847273632755371,1.9847273632755371,0.0,0.0,0.0077832445618648514,False
122,projected_centers,0.19999999999999996,-1,220.66450465243568,123.33596059113302,5.185010119406157,5.185010119406157,5.185010119406157,0.0,0.0,0.020333373017279048,False
122,projected_centers,0.19999999999999996,0,220.66450465243568,123.33596059113302,0.6709906951286371,0.6709906951286371,0.6709906951286371,0.0,0.0,0.0026313360593279884,False
122,projected_centers,0.19999999999999996,1,220.66450465243568,123.33596059113302,1.3457251908524959,1.3457251908524959,1.3457251908524959,0.0,0.0,0.005277353689617631,False
122,projected_centers,0.19999999999999996,2,220.66450465243568,123.33596059113302,0.3145589161367581,0.3145589161367581,0.3145589161367581,0.0,0.0,0.0012335643770068946,False
122,projected_centers,0.21499999999999997,-2,220.54450465243568,123.55346059113302,1.894145133049391,1.894145133049391,1.894145133049391,0.0,0.0,0.007428020129605455,False
122,projected_centers,0.21499999999999997,-1,220.54450465243568,123.55346059113302,0.8306557848607331,0.8306557848607331,0.8306557848607331,0.0,0.0,0.003257473666120522,False
122,projected_centers,0.21499999999999997,0,220.54450465243568,123.55346059113302,0.9109906951286462,0.9109906951286462,0.9109906951286462,0.0,0.0,0.0035725125299162597,False
122,projected_centers,0.21499999999999997,1,220.54450465243568,123.55346059113302,1.3378539368177371,1.3378539368177371,1.3378539368177371,0.0,0.0,0.005246486026736224,False
122,projected_centers,0.21499999999999997,2,220.54450465243568,123.55346059113302,0.7052356768526375,0.7052356768526375,0.7052356768526375,0.0,0.0,0.002765630105304461,False
122,projected_centers,0.22999999999999998,-2,220.42450465243567,123.770960591133,1.3859629028232354,1.3859629028232354,1.3859629028232354,0.0,0.0,0.005435148638522492,False
122,projected_centers,0.22999999999999998,-1,220.42450465243567,123.770960591133,0.6255057165749195,0.6255057165749195,0.6255057165749195,0.0,0.0,0.002452963594411449,False
122,projected_centers,0.22999999999999998,0,220.42450465243567,123.770960591133,1.1509906951286553,1.1509906951286553,1.1509906951286553,0.0,0.0,0.004513689000504531,False
122,projected_centers,0.22999999999999998,1,220.42450465243567,123.770960591133,1.097853936817728,1.097853936817728,1.097853936817728,0.0,0.0,0.004305309556147953,False
122,projected_centers,0.22999999999999998,2,220.42450465243567,123.770960591133,1.0437124375685192,1.0437124375685192,1.0437124375685192,0.0,0.0,0.004092989951249095,False
122,projected_centers,0.245,-2,220.30450465243567,123.988460591133,0.4601806725970668,0.4601806725970668,0.4601806725970668,0.0,0.0,0.0018046300886159481,False
122,projected_centers,0.245,-1,220.30450465243567,123.988460591133,0.5769556482891087,0.5769556482891087,0.5769556482891087,0.0,0.0,0.002262571169761211,False
122,projected_centers,0.245,0,220.30450465243567,123.988460591133,1.3909906951286644,1.3909906951286644,1.3909906951286644,0.0,0.0,0.005454865471092802,False
122,projected_centers,0.245,1,220.30450465243567,123.988460591133,0.8578539368177189,0.8578539368177189,0.8578539368177189,0.0,0.0,0.0033641330855596822,False
122,projected_centers,0.245,2,220.30450465243567,123.988460591133,1.3100633011456644,1.3100633011456644,1.3100633011456644,0.0,0.0,0.005137503141747704,False
122,projected_centers,0.26,-2,220.18450465243566,124.205960591133,0.05326608611793322,0.05326608611793322,0.05326608611793322,0.0,0.0,0.00020888661222718912,False
122,projected_centers,0.26,-1,220.18450465243566,124.205960591133,0.6850055800033049,0.6850055800033049,0.6850055800033049,0.0,0.0,0.002686296392169823,False
122,projected_centers,0.26,0,220.18450465243566,124.205960591133,1.8369512862616801,1.8369512862616801,1.8369512862616801,0.0,0.0,0.00720373053435953,False
122,projected_centers,0.26,1,220.18450465243566,124.205960591133,0.6178539368177098,0.6178539368177098,0.6178539368177098,0.0,0.0,0.002422956614971411,False
122,projected_centers,0.26,2,220.18450465243566,124.205960591133,1.2922935832932598,1.2922935832932598,1.2922935832932598,0.0,0.0,0.0050678179736990585,False
122,projected_centers,0.275,-2,220.0645046524357,124.42346059113301,0.11251830733964911,0.11251830733964911,0.11251830733964911,0.0,0.0,0.00044124826407705535,False
122,projected_centers,0.275,-1,220.0645046524357,124.42346059113301,1.026373261119403,1.026373261119403,1.026373261119403,0.0,0.0,0.004024993180860404,False
122,projected_centers,0.275,0,220.0645046524357,124.42346059113301,2.294451286261633,2.294451286261633,2.294451286261633,0.0,0.0,0.00899784818141817,False
122,projected_centers,0.275,1,220.0645046524357,124.42346059113301,0.37785393681781443,0.37785393681781443,0.37785393681781443,0.0,0.0,0.001481780144383586,False
122,projected_centers,0.275,2,220.0645046524357,124.42346059113301,1.1179238654408024,1.1179238654408024,1.1179238654408024,0.0,0.0,0.004384015158591382,False
122,projected_centers,0.29000000000000004,-2,219.94450465243568,124.64096059113301,0.11957052856138628,0.11957052856138628,0.11957052856138628,0.0,0.0,0.00046890403357406385,False
122,projected_centers,0.29000000000000004,-1,219.94450465243568,124.64096059113301,1.2357973930307367,1.2357973930307367,1.2357973930307367,0.0,0.0,0.004846264286395046,False
122,projected_centers,0.29000000000000004,0,219.94450465243568,124.64096059113301,2.4943995652244175,2.4943995652244175,2.4943995652244175,0.0,0.0,0.009781959079311441,False
122,projected_centers,0.29000000000000004,1,219.94450465243568,124.64096059113301,0.148736350480276,0.148736350480276,0.148736350480276,0.0,0.0,0.0005832798058050039,False
122,projected_centers,0.29000000000000004,2,219.94450465243568,124.64096059113301,0.786954147588403,0.786954147588403,0.786954147588403,0.0,0.0,0.0030860946964251096,False
122,projected_centers,0.30499999999999994,-2,219.82450465243568,124.85846059113301,0.0744227497831212,0.0744227497831212,0.0744227497831212,0.0,0.0,0.00029185392071812236,False
122,projected_centers,0.30499999999999994,-1,219.82450465243568,124.85846059113301,1.2582973930307444,1.2582973930307444,1.2582973930307444,0.0,0.0,0.004934499580512723,False
122,projected_centers,0.30499999999999994,0,219.82450465243568,124.85846059113301,2.356814056193205,2.356814056193205,2.356814056193205,0.0,0.0,0.009242408063502766,False
122,projected_centers,0.30499999999999994,1,219.82450465243568,124.85846059113301,0.057515881485589025,0.057515881485589025,0.057515881485589025,0.0,0.0,0.0002255524764140746,False
122,projected_centers,0.30499999999999994,2,219.82450465243568,124.85846059113301,0.2993844297359969,0.2993844297359969,0.2993844297359969,0.0,0.0,0.0011740565871999878,False
122,projected_centers,0.31999999999999995,-2,219.70450465243567,125.07596059113301,0.16472632678812807,0.16472632678812807,0.16472632678812807,0.0,0.0,0.0006459855952475611,False
122,projected_centers,0.31999999999999995,-1,219.70450465243567,125.07596059113301,1.2807973930307526,1.2807973930307526,1.2807973930307526,0.0,0.0,0.005022734874630402,False
122,projected_centers,0.31999999999999995,0,219.70450465243567,125.07596059113301,2.082445368730091,2.082445368730091,2.082445368730091,0.0,0.0,0.008166452426392513,False
122,projected_centers,0.31999999999999995,1,219.70450465243567,125.07596059113301,0.30427900395859675,0.30427900395859675,0.30427900395859675,0.0,0.0,0.0011932509959160656,False
122,projected_centers,0.31999999999999995,2,219.70450465243567,125.07596059113301,0.3140501437456144,0.3140501437456144,0.3140501437456144,0.0,0.0,0.0012315691911592723,False
122,projected_centers,0.33499999999999996,-2,219.58450465243567,125.29346059113301,0.9531307692315946,0.9531307692315946,0.9531307692315946,0.0,0.0,0.0037377677224768413,False
122,projected_centers,0.33499999999999996,-1,219.58450465243567,125.29346059113301,1.3032973930307605,1.3032973930307605,1.3032973930307605,0.0,0.0,0.005110970168748081,False
122,projected_centers,0.33499999999999996,0,219.58450465243567,125.29346059113301,1.7039163867924847,1.7039163867924847,1.7039163867924847,0.0,0.0,0.006682025046245038,False
122,projected_centers,0.33499999999999996,1,219.58450465243567,125.29346059113301,0.7076421264316113,0.7076421264316113,0.7076421264316113,0.0,0.0,0.002775067162476907,False
122,projected_centers,0.33499999999999996,2,219.58450465243567,125.29346059113301,0.8182804258932015,0.8182804258932015,0.8182804258932015,0.0,0.0,0.0032089428466400057,False
122,projected_centers,0.35,-2,219.46450465243566,125.51096059113301,1.6371352116750564,1.6371352116750564,1.6371352116750564,0.0,0.0,0.006420138085000221,False
122,projected_centers,0.35,-1,219.46450465243566,125.51096059113301,1.3257973930307685,1.3257973930307685,1.3257973930307685,0.0,0.0,0.005199205462865759,False
122,projected_centers,0.35,0,219.46450465243566,125.51096059113301,1.4297874048548826,1.4297874048548826,1.4297874048548826,0.0,0.0,0.005607009430803461,False
122,projected_centers,0.35,1,219.46450465243566,125.51096059113301,1.2840264457492212,1.2840264457492212,1.2840264457492212,0.0,0.0,0.005035397826467534,False
122,projected_centers,0.35,2,219.46450465243566,125.51096059113301,1.165910708040782,1.165910708040782,1.165910708040782,0.0,0.0,0.004572198855061891,False
122,projected_centers,0.365,-2,219.3445046524357,125.72846059113301,2.2167396541185536,2.2167396541185536,2.2167396541185536,0.0,0.0,0.008693096682817857,False
122,projected_centers,0.365,-1,219.3445046524357,125.72846059113301,1.5345204441303777,1.5345204441303777,1.5345204441303777,0.0,0.0,0.006017727231883834,False
122,projected_centers,0.365,0,219.3445046524357,125.72846059113301,1.260058422917329,1.260058422917329,1.260058422917329,0.0,0.0,0.0049414055800679575,False
122,projected_centers,0.365,1,219.3445046524357,125.72846059113301,2.0992351940645793,2.0992351940645793,2.0992351940645793,0.0,0.0,0.008232294878684624,False
122,projected_centers,0.365,2,219.3445046524357,125.72846059113301,1.3569409901884206,1.3569409901884206,1.3569409901884206,0.0,0.0,0.005321337216425179,False
122,projected_centers,0.38,-2,219.22450465243568,125.94596059113302,2.696222321278428,2.696222321278428,2.696222321278428,0.0,0.0,0.01057342086775854,False
122,projected_centers,0.38,-1,219.22450465243568,125.94596059113302,1.5425538685114653,1.5425538685114653,1.5425538685114653,0.0,0.0,0.006049230856907707,False
122,projected_centers,0.38,0,219.22450465243568,125.94596059113302,1.1947294409797238,1.1947294409797238,1.1947294409797238,0.0,0.0,0.004685213494038132,False
122,projected_centers,0.38,1,219.22450465243568,125.94596059113302,3.0188439423799407,3.0188439423799407,3.0188439423799407,0.0,0.0,0.011838603695607611,False
122,projected_centers,0.38,2,219.22450465243568,125.94596059113302,1.391371272336006,1.391371272336006,1.391371272336006,0.0,0.0,0.005456357930729436,False
122,projected_centers,0.395,-2,219.10450465243568,126.16346059113302,2.5817047640228448,2.5817047640228448,2.5817047640228448,0.0,0.0,0.010124332407932724,False
122,projected_centers,0.395,-1,219.10450465243568,126.16346059113302,1.3335444024181413,1.3335444024181413,1.3335444024181413,0.0,0.0,0.005229585891835848,False
122,projected_centers,0.395,0,219.10450465243568,126.16346059113302,0.9410440613026622,0.9410440613026622,0.9410440613026622,0.0,0.0,0.003690368867853577,False
122,projected_centers,0.395,1,219.10450465243568,126.16346059113302,4.042852690695308,4.042852690695308,4.042852690695308,0.0,0.0,0.0158543242772365,False
122,projected_centers,0.395,2,219.10450465243568,126.16346059113302,1.396789559348158,1.396789559348158,1.396789559348158,0.0,0.0,0.005477606115090816,False
122,projected_centers,0.4099999999999999,-2,218.98450465243567,126.380960591133,2.124204764022849,2.124204764022849,2.124204764022849,0.0,0.0,0.008330214760873918,False
122,projected_centers,0.4099999999999999,-1,218.98450465243567,126.380960591133,0.9960444024181498,0.9960444024181498,0.9960444024181498,0.0,0.0,0.0039060564800711757,False
122,projected_centers,0.4099999999999999,0,218.98450465243567,126.380960591133,0.6670005628490393,0.6670005628490393,0.6670005628490393,0.0,0.0,0.0026156884817609386,False
122,projected_centers,0.4099999999999999,1,218.98450465243567,126.380960591133,5.17126143901064,5.17126143901064,5.17126143901064,0.0,0.0,0.020279456623571137,False
122,projected_centers,0.4099999999999999,2,218.98450465243567,126.380960591133,1.3084430807798486,1.3084430807798486,1.3084430807798486,0.0,0.0,0.005131149336391563,False
122,projected_centers,0.42499999999999993,-2,218.86450465243567,126.598460591133,1.666704764022839,1.666704764022839,1.666704764022839,0.0,0.0,0.006536097113815055,False
122,projected_centers,0.42499999999999993,-1,218.86450465243567,126.598460591133,0.7221238503375839,0.7221238503375839,0.7221238503375839,0.0,0.0,0.002831858236617976,False
122,projected_centers,0.42499999999999993,0,218.86450465243567,126.598460591133,0.6735730176930403,0.6735730176930403,0.6735730176930403,0.0,0.0,0.002641462814482511,False
122,projected_centers,0.42499999999999993,1,218.86450465243567,126.598460591133,5.260001206830135,5.260001206830135,5.260001206830135,0.0,0.0,0.020627455713059354,False
122,projected_centers,0.42499999999999993,2,218.86450465243567,126.598460591133,1.1156966022115586,1.1156966022115586,1.1156966022115586,0.0,0.0,0.004375280792986504,False
122,projected_centers,0.43999999999999995,-2,218.74450465243567,126.815960591133,1.2092047640228287,1.2092047640228287,1.2092047640228287,0.0,0.0,0.004741979466756191,False
122,projected_centers,0.43999999999999995,-1,218.74450465243567,126.815960591133,0.6618737820517767,0.6618737820517767,0.6618737820517767,0.0,0.0,0.0025955834590265753,False
122,projected_centers,0.43999999999999995,0,218.74450465243567,126.815960591133,0.41914547253703016,0.41914547253703016,0.41914547253703016,0.0,0.0,0.001643707735439334,False
122,projected_centers,0.43999999999999995,1,218.74450465243567,126.815960591133,3.609127451776158,3.609127451776158,3.609127451776158,0.0,0.0,0.014153440987357482,False
122,projected_centers,0.43999999999999995,2,218.74450465243567,126.815960591133,0.8451529861149552,0.8451529861149552,0.8451529861149552,0.0,0.0,0.0033143254357449223,False
122,projected_centers,0.45499999999999996,-2,218.6245046524357,127.03346059113301,0.7517047640228753,0.7517047640228753,0.7517047640228753,0.0,0.0,0.0029478618196975503,False
122,projected_centers,0.45499999999999996,-1,218.6245046524357,127.03346059113301,0.7582237137659763,0.7582237137659763,0.7582237137659763,0.0,0.0,0.002973426328494025,False
122,projected_centers,0.45499999999999996,0,218.6245046524357,127.03346059113301,0.04179258967162282,0.04179258967162282,0.04179258967162282,0.0,0.0,0.0001638925085161679,False
122,projected_centers,0.45499999999999996,1,218.6245046524357,127.03346059113301,2.27145369672229,2.27145369672229,2.27145369672229,0.0,0.0,0.008907661555773685,False
122,projected_centers,0.45499999999999996,2,218.6245046524357,127.03346059113301,0.8733492843821011,0.8733492843821011,0.8733492843821011,0.0,0.0,0.0034248991544396125,False
122,projected_centers,0.47,-2,218.50450465243568,127.25096059113301,0.40030464866850624,0.40030464866850624,0.40030464866850624,0.0,0.0,0.001569822151641201,False
122,projected_centers,0.47,-1,218.50450465243568,127.25096059113301,1.0111736454801827,1.0111736454801827,1.0111736454801827,0.0,0.0,0.003965386845020324,False
122,projected_centers,0.47,0,218.50450465243568,127.25096059113301,0.2532215716092248,0.2532215716092248,0.2532215716092248,0.0,0.0,0.000993025771016568,False
122,projected_centers,0.47,1,218.50450465243568,127.25096059113301,1.2469799416682652,1.2469799416682652,1.2469799416682652,0.0,0.0,0.004890117418306922,False
122,projected_centers,0.47,2,218.50450465243568,127.25096059113301,0.7533492843820966,0.7533492843820966,0.7533492843820966,0.0,0.0,0.0029543109191454767,False
122,projected_centers,0.485,-2,218.38450465243568,127.46846059113301,0.15340020622502704,0.15340020622502704,0.15340020622502704,0.0,0.0,0.0006015694361765766,False
122,projected_centers,0.485,-1,218.38450465243568,127.46846059113301,1.4207235771943958,1.4207235771943958,1.4207235771943958,0.0,0.0,0.005571465008605473,False
122,projected_centers,0.485,0,218.38450465243568,127.46846059113301,0.36025055354682234,0.36025055354682234,0.36025055354682234,0.0,0.0,0.001412747268811068,False
122,projected_centers,0.485,1,218.38450465243568,127.46846059113301,0.5357061866142537,0.5357061866142537,0.5357061866142537,0.0,0.0,0.002100808574957858,False
122,projected_centers,0.485,2,218.38450465243568,127.46846059113301,0.633349284382092,0.633349284382092,0.633349284382092,0.0,0.0,0.0024837226838513413,False
122,projected_centers,0.5,-2,218.26450465243568,127.68596059113301,0.010895763781552352,0.010895763781552352,0.010895763781552352,0.0,0.0,4.272848541785236e-05,False
122,projected_centers,0.5,-1,218.26450465243568,127.68596059113301,1.4291179164898193,1.4291179164898193,1.4291179164898193,0.0,0.0,0.005604383986234585,False
122,projected_centers,0.5,0,218.26450465243568,127.68596059113301,0.36287953548441537,0.36287953548441537,0.36287953548441537,0.0,0.0,0.001423057001899668,False
122,projected_centers,0.5,1,218.26450465243568,127.68596059113301,0.6110730315911042,0.6110730315911042,0.6110730315911042,0.0,0.0,0.002396364829769036,False
122,projected_centers,0.5,2,218.26450465243568,127.68596059113301,0.5133492843820875,0.5133492843820875,0.5133492843820875,0.0,0.0,0.002013134448557206,False
122,projected_centers,0.515,-2,218.14450465243567,127.90346059113301,0.02720867866191784,0.02720867866191784,0.02720867866191784,0.0,0.0,0.00010670070063497192,False
122,projected_centers,0.515,-1,218.14450465243567,127.90346059113301,1.202284628680346,1.202284628680346,1.202284628680346,0.0,0.0,0.004714841681099396,False
122,projected_centers,0.515,0,218.14450465243567,127.90346059113301,0.2611085174220039,0.2611085174220039,0.2611085174220039,0.0,0.0,0.0010239549702823682,False
122,projected_centers,0.515,1,218.14450465243567,127.90346059113301,0.7310730315911087,0.7310730315911087,0.7310730315911087,0.0,0.0,0.002866953065063171,False
122,projected_centers,0.515,2,218.14450465243567,127.90346059113301,0.39334928438208294,0.39334928438208294,0.39334928438208294,0.0,0.0,0.0015425462132630703,False
122,projected_centers,0.53,-2,218.02450465243567,128.120960591133,0.06757183750836332,0.06757183750836332,0.06757183750836332,0.0,0.0,0.00026498759807201303,False
122,projected_centers,0.53,-1,218.02450465243567,128.120960591133,0.8938591001249947,0.8938591001249947,0.8938591001249947,0.0,0.0,0.003505329804411744,False
122,projected_centers,0.53,0,218.02450465243567,128.120960591133,0.3970705920497358,0.3970705920497358,0.3970705920497358,0.0,0.0,0.0015571395766656307,False
122,projected_centers,0.53,1,218.02450465243567,128.120960591133,0.8510730315911132,0.8510730315911132,0.8510730315911132,0.0,0.0,0.003337541300357307,False
122,projected_centers,0.53,2,218.02450465243567,128.120960591133,0.3858391062577173,0.3858391062577173,0.3858391062577173,0.0,0.0,0.0015130945343439894,False
122,projected_centers,0.5449999999999999,-2,217.90450465243566,128.338460591133,0.19972405873009505,0.19972405873009505,0.19972405873009505,0.0,0.0,0.0007832316028631178,False
122,projected_centers,0.5449999999999999,-1,217.90450465243566,128.338460591133,0.8204423196487064,0.8204423196487064,0.8204423196487064,0.0,0.0,0.003217420861367476,False
122,projected_centers,0.5449999999999999,0,217.90450465243566,128.338460591133,0.9815914738150664,0.9815914738150664,0.9815914738150664,0.0,0.0,0.0038493783286865347,False
122,projected_centers,0.5449999999999999,1,217.90450465243566,128.338460591133,0.9710730315911178,0.9710730315911178,0.9710730315911178,0.0,0.0,0.0038081295356514424,False
122,projected_centers,0.5449999999999999,2,217.90450465243566,128.338460591133,0.4685623455418541,0.4685623455418541,0.4685623455418541,0.0,0.0,0.0018374993942817809,False
122,projected_centers,0.5599999999999999,-2,217.7845046524357,128.55596059113302,0.27967627995183936,0.27967627995183936,0.27967627995183936,0.0,0.0,0.0010967697253013308,False
122,projected_centers,0.5599999999999999,-1,217.7845046524357,128.55596059113302,1.0330226739422066,1.0330226739422066,1.0330226739422066,0.0,0.0,0.0040510693095772805,False
122,projected_centers,0.5599999999999999,0,217.7845046524357,128.55596059113302,1.4041494376902772,1.4041494376902772,1.4041494376902772,0.0,0.0,0.005506468383099127,False
122,projected_centers,0.5599999999999999,1,217.7845046524357,128.55596059113302,0.9271167517783283,0.9271167517783283,0.9271167517783283,0.0,0.0,0.00363575196775815,False
122,projected_centers,0.5599999999999999,2,217.7845046524357,128.55596059113302,0.6034855848260049,0.6034855848260049,0.6034855848260049,0.0,0.0,0.0023666101365725683,False
122,projected_centers,0.575,-2,217.66450465243568,128.77346059113302,0.3074285011735728,0.3074285011735728,0.3074285011735728,0.0,0.0,0.00120560196538656,False
122,projected_centers,0.575,-1,217.66450465243568,128.77346059113302,1.4977393178469525,1.4977393178469525,1.4977393178469525,0.0,0.0,0.005873487520968441,False
122,projected_centers,0.575,0,217.66450465243568,128.77346059113302,1.6179074015654693,1.6179074015654693,1.6179074015654693,0.0,0.0,0.0063447349080998795,False
122,projected_centers,0.575,1,217.66450465243568,128.77346059113302,0.7096167517783272,0.7096167517783272,0.7096167517783272,0.0,0.0,0.0027828107912875573,False
122,projected_centers,0.575,2,217.66450465243568,128.77346059113302,0.7373522708926401,0.7373522708926401,0.7373522708926401,0.0,0.0,0.0028915775329123143,False
122,projected_centers,0.59,-2,217.54450465243568,128.99096059113302,0.2829807223953039,0.2829807223953039,0.2829807223953039,0.0,0.0,0.001109728323118839,False
122,projected_centers,0.59,-1,217.54450465243568,128.99096059113302,2.014655961751701,2.014655961751701,2.014655961751701,0.0,0.0,0.007900611614712552,False
122,projected_centers,0.59,0,217.54450465243568,128.99096059113302,1.622865365440652,1.622865365440652,1.622865365440652,0.0,0.0,0.006364177903688832,False
122,projected_centers,0.59,1,217.54450465243568,128.99096059113302,0.49211675177832603,0.49211675177832603,0.49211675177832603,0.0,0.0,0.0019298696148169648,False
122,projected_centers,0.59,2,217.54450465243568,128.99096059113302,0.7736695371556656,0.7736695371556656,0.7736695371556656,0.0,0.0,0.003033998184924179,False
122,projected_centers,0.605,-2,217.42450465243567,129.20846059113302,0.20633294361703283,0.20633294361703283,0.20633294361703283,0.0,0.0,0.000809148798498168,False
122,projected_centers,0.605,-1,217.42450465243567,129.20846059113302,2.583772605656451,2.583772605656451,2.583772605656451,0.0,0.0,0.010132441590809612,False
122,projected_centers,0.605,0,217.42450465243567,129.20846059113302,1.3620064480924738,1.3620064480924738,1.3620064480924738,0.0,0.0,0.005341201757225388,False
122,projected_centers,0.605,1,217.42450465243567,129.20846059113302,0.2746167517783249,0.2746167517783249,0.2746167517783249,0.0,0.0,0.0010769284383463722,False
122,projected_centers,0.605,2,217.42450465243567,129.20846059113302,0.5101927764398001,0.5101927764398001,0.5101927764398001,0.0,0.0,0.002000755986038432,False
122,projected_centers,0.62,-2,217.30450465243567,129.42596059113302,0.0774851648387595,0.0774851648387595,0.0774851648387595,0.0,0.0,0.0003038633915245471,False
122,projected_centers,0.62,-1,217.30450465243567,129.42596059113302,3.2050892495612033,3.2050892495612033,3.2050892495612033,0.0,0.0,0.012568977449259621,False
122,projected_centers,0.62,0,217.30450465243567,129.42596059113302,1.0432209390612552,1.0432209390612552,1.0432209390612552,0.0,0.0,0.0040910625061225695,False
122,projected_centers,0.62,1,217.30450465243567,129.42596059113302,0.05711675177832376,0.05711675177832376,0.05711675177832376,0.0,0.0,0.00022398726187577945,False
122,projected_centers,0.62,2,217.30450465243567,129.42596059113302,0.29891601572393695,0.29891601572393695,0.29891601572393695,0.0,0.0,0.0011722196695056351,False
122,projected_centers,0.635,-2,217.18450465243566,129.64346059113302,0.10046938032792313,0.10046938032792313,0.10046938032792313,0.0,0.0,0.00039399756991342406,False
122,projected_centers,0.635,-1,217.18450465243566,129.64346059113302,3.283929696886734,3.283929696886734,3.283929696886734,0.0,0.0,0.012878155674065625,False
122,projected_centers,0.635,0,217.18450465243566,129.64346059113302,0.6722354300300343,0.6722354300300343,0.6722354300300343,0.0,0.0,0.0026362173726668012,False
122,projected_centers,0.635,1,217.18450465243566,129.64346059113302,0.2216730751299794,0.2216730751299794,0.2216730751299794,0.0,0.0,0.0008693061769803114,False
122,projected_centers,0.635,2,217.18450465243566,129.64346059113302,0.13983925500807606,0.13983925500807606,0.13983925500807606,0.0,0.0,0.0005483892353257885,False
122,projected_centers,0.6499999999999999,-2,217.0645046524357,129.86096059113302,0.12747826521482847,0.12747826521482847,0.12747826521482847,0.0,0.0,0.0004999147655483469,False
122,projected_centers,0.6499999999999999,-1,217.0645046524357,129.86096059113302,2.4666334063772792,2.4666334063772792,2.4666334063772792,0.0,0.0,0.009673072181871684,False
122,projected_centers,0.6499999999999999,0,217.0645046524357,129.86096059113302,0.24904992099892076,0.24904992099892076,0.24904992099892076,0.0,0.0,0.0009766663568585127,False
122,projected_centers,0.6499999999999999,1,217.0645046524357,129.86096059113302,0.6129818234452924,0.6129818234452924,0.6129818234452924,0.0,0.0,0.0024038502880207543,False
122,projected_centers,0.6499999999999999,2,217.0645046524357,129.86096059113302,0.03296249429222037,0.03296249429222037,0.03296249429222037,0.0,0.0,0.0001292646834989034,False
122,projected_centers,0.6649999999999999,-2,216.94450465243568,130.07846059113302,0.03103706448112409,0.03103706448112409,0.03103706448112409,0.0,0.0,0.00012171397835734938,False
122,projected_centers,0.6649999999999999,-1,216.94450465243568,130.07846059113302,1.4382999819962166,1.4382999819962166,1.4382999819962166,0.0,0.0,0.005640392086259673,False
122,projected_centers,0.6649999999999999,0,216.94450465243568,130.07846059113302,0.11534489290366372,0.11534489290366372,0.11534489290366372,0.0,0.0,0.00045233291334770086,False
122,projected_centers,0.6649999999999999,1,216.94450465243568,130.07846059113302,1.1086905717606281,1.1086905717606281,1.1086905717606281,0.0,0.0,0.004347806163767169,False
122,projected_centers,0.6649999999999999,2,216.94450465243568,130.07846059113302,0.043428532847284464,0.043428532847284464,0.043428532847284464,0.0,0.0,0.00017030797195013514,False
122,projected_centers,0.6799999999999999,-2,216.82450465243568,130.295960591133,0.1508892857028418,0.1508892857028418,0.1508892857028418,0.0,0.0,0.0005917226890307522,False
122,projected_centers,0.6799999999999999,-1,216.82450465243568,130.295960591133,0.6187665576152425,0.6187665576152425,0.6187665576152425,0.0,0.0,0.0024265355200597744,False
122,projected_centers,0.6799999999999999,0,216.82450465243568,130.295960591133,0.4029304019348712,0.4029304019348712,0.4029304019348712,0.0,0.0,0.0015801192232740046,False
122,projected_centers,0.6799999999999999,1,216.82450465243568,130.295960591133,1.5427336728107008,1.5427336728107008,1.5427336728107008,0.0,0.0,0.00604993597180667,False
122,projected_centers,0.6799999999999999,2,216.82450465243568,130.295960591133,0.04838205427900099,0.04838205427900099,0.04838205427900099,0.0,0.0,0.00018973354619216073,False
122,projected_centers,0.695,-2,216.70450465243567,130.513460591133,0.21854150692457702,0.21854150692457702,0.21854150692457702,0.0,0.0,0.0008570255173512824,False
122,projected_centers,0.695,-1,216.70450465243567,130.513460591133,0.008033133234184213,0.008033133234184213,0.008033133234184213,0.0,0.0,3.150248327131064e-05,False
122,projected_centers,0.695,0,216.70450465243567,130.513460591133,0.7427159109660826,0.7427159109660826,0.7427159109660826,0.0,0.0,0.002912611415553265,False
122,projected_centers,0.695,1,216.70450465243567,130.513460591133,1.6830394306565775,1.6830394306565775,1.6830394306565775,0.0,0.0,0.006600154630025794,False
122,projected_centers,0.695,2,216.70450465243567,130.513460591133,0.0,0.0,0.0,0.0,0.0,0.0,False
122,projected_centers,0.71,-2,216.58450465243567,130.730960591133,0.23399372814631,0.23399372814631,0.23399372814631,0.0,0.0,0.0009176224633188628,False
122,projected_centers,0.71,-1,216.58450465243567,130.730960591133,0.4622514450305017,0.4622514450305017,0.4622514450305017,0.0,0.0,0.001812750764825497,False
122,projected_centers,0.71,0,216.58450465243567,130.730960591133,1.134701419997296,1.134701419997296,1.134701419997296,0.0,0.0,0.0044498094901854746,False
122,projected_centers,0.71,1,216.58450465243567,130.730960591133,1.5935850564989038,1.5935850564989038,1.5935850564989038,0.0,0.0,0.006249353162740799,False
122,projected_centers,0.71,2,216.58450465243567,130.730960591133,0.0,0.0,0.0,0.0,0.0,0.0,False
122,projected_centers,0.725,-2,216.46450465243566,130.948460591133,0.1972459493680407,0.1972459493680407,0.1972459493680407,0.0,0.0,0.000773513526933493,False
122,projected_centers,0.725,-1,216.46450465243566,130.948460591133,1.139118020649466,1.139118020649466,1.139118020649466,0.0,0.0,0.004467129492743004,False
122,projected_centers,0.725,0,216.46450465243566,130.948460591133,1.578886929028512,1.578886929028512,1.578886929028512,0.0,0.0,0.006191713447170635,False
122,projected_centers,0.725,1,216.46450465243566,130.948460591133,1.451930682341228,1.451930682341228,1.451930682341228,0.0,0.0,0.0056938458131028545,False
122,projected_centers,0.725,2,216.46450465243566,130.948460591133,0.0,0.0,0.0,0.0,0.0,0.0,False
122,projected_centers,0.74,-2,216.3445046524357,131.165960591133,0.08302187038875178,0.08302187038875178,0.08302187038875178,0.0,0.0,0.0003255759623088305,False
122,projected_centers,0.74,-1,216.3445046524357,131.165960591133,2.024784596268292,2.024784596268292,2.024784596268292,0.0,0.0,0.007940331750071734,False
122,projected_centers,0.74,0,216.3445046524357,131.165960591133,1.8688236396580036,1.8688236396580036,1.8688236396580036,0.0,0.0,0.007328720155521583,False
122,projected_centers,0.74,1,216.3445046524357,131.165960591133,1.2580763081835502,1.2580763081835502,1.2580763081835502,0.0,0.0,0.004933632581111962,False
122,projected_centers,0.74,2,216.3445046524357,131.165960591133,0.0,0.0,0.0,0.0,0.0,0.0,False
122,projected_centers,0.7549999999999999,-2,216.22450465243568,131.383460591133,0.1143791753983884,0.1143791753983884,0.1143791753983884,0.0,0.0,0.000448545785876033,False
122,projected_centers,0.7549999999999999,-1,216.22450465243568,131.383460591133,3.1192511718872247,3.1192511718872247,3.1192511718872247,0.0,0.0,0.012232357536812646,False
122,projected_centers,0.7549999999999999,0,216.22450465243568,131.383460591133,1.7787250764396185,1.7787250764396185,1.7787250764396185,0.0,0.0,0.006975392456625955,False
122,projected_centers,0.7549999999999999,1,216.22450465243568,131.383460591133,1.0120219340258698,1.0120219340258698,1.0120219340258698,0.0,0.0,0.003968713466768117,False
122,projected_centers,0.7549999999999999,2,216.22450465243568,131.383460591133,0.0,0.0,0.0,0.0,0.0,0.0,False
122,projected_centers,0.77,-2,216.10450465243568,131.600960591133,0.7410747329549372,0.7410747329549372,0.7410747329549372,0.0,0.0,0.002906175423352695,False
122,projected_centers,0.77,-1,216.10450465243568,131.600960591133,4.085057535349277,4.085057535349277,4.085057535349277,0.0,0.0,0.01601983347195795,False
122,projected_centers,0.77,0,216.10450465243568,131.600960591133,1.3232265132212175,1.3232265132212175,1.3232265132212175,0.0,0.0,0.005189123581259677,False
122,projected_centers,0.77,1,216.10450465243568,131.600960591133,0.6058209413018879,0.6058209413018879,0.6058209413018879,0.0,0.0,0.0023757683972623054,False
122,projected_centers,0.77,2,216.10450465243568,131.600960591133,0.0,0.0,0.0,0.0,0.0,0.0,False
122,projected_centers,0.7849999999999999,-2,215.98450465243567,131.818460591133,1.4721702905114904,1.4721702905114904,1.4721702905114904,0.0,0.0,0.005773216825535257,False
122,projected_centers,0.7849999999999999,-1,215.98450465243567,131.818460591133,3.959024247539797,3.959024247539797,3.959024247539797,0.0,0.0,0.015525585284469793,False
122,projected_centers,0.7849999999999999,0,215.98450465243567,131.818460591133,0.5361791778899396,0.5361791778899396,0.5361791778899396,0.0,0.0,0.0021026634427056454,False
122,projected_centers,0.7849999999999999,1,215.98450465243567,131.818460591133,0.2171840637748876,0.2171840637748876,0.2171840637748876,0.0,0.0,0.0008517022108819122,False
122,projected_centers,0.7849999999999999,2,215.98450465243567,131.818460591133,0.0,0.0,0.0,0.0,0.0,0.0,False
122,projected_centers,0.8,-2,215.86450465243567,132.035960591133,2.301974949555453,2.301974949555453,2.301974949555453,0.0,0.0,0.009027352743354717,False
122,projected_centers,0.8,-1,215.86450465243567,132.035960591133,3.7285909597303126,3.7285909597303126,3.7285909597303126,0.0,0.0,0.014621925332275736,False
122,projected_centers,0.8,0,215.86450465243567,132.035960591133,0.0,0.0,0.0,0.0,0.0,0.0,False
122,projected_centers,0.8,1,215.86450465243567,132.035960591133,0.0,0.0,0.0,0.0,0.0,0.0,False
122,projected_centers,0.8,2,215.86450465243567,132.035960591133,0.0,0.0,0.0,0.0,0.0,0.0,False
122,projected_centers,0.815,-2,215.74450465243567,132.253460591133,2.4722360556641427,2.4722360556641427,2.4722360556641427,0.0,0.0,0.009695043355545658,False
122,projected_centers,0.815,-1,215.74450465243567,132.253460591133,3.3937576719208233,3.3937576719208233,3.3937576719208233,0.0,0.0,0.013308853615375777,False
122,projected_centers,0.815,0,215.74450465243567,132.253460591133,0.0,0.0,0.0,0.0,0.0,0.0,False
122,projected_centers,0.815,1,215.74450465243567,132.253460591133,0.0,0.0,0.0,0.0,0.0,0.0,False
122,projected_centers,0.815,2,215.74450465243567,132.253460591133,0.0,0.0,0.0,0.0,0.0,0.0,False
122,projected_centers,0.8300000000000001,-2,215.6245046524357,132.470960591133,2.381497161772713,2.381497161772713,2.381497161772713,0.0,0.0,0.009339204555971424,False
122,projected_centers,0.8300000000000001,-1,215.6245046524357,132.470960591133,2.9545243841113296,2.9545243841113296,2.9545243841113296,0.0,0.0,0.011586370133769919,False
122,projected_centers,0.8300000000000001,0,215.6245046524357,132.470960591133,0.0,0.0,0.0,0.0,0.0,0.0,False
122,projected_centers,0.8300000000000001,1,215.6245046524357,132.470960591133,0.0,0.0,0.0,0.0,0.0,0.0,False
122,projected_centers,0.8300000000000001,2,215.6245046524357,132.470960591133,0.0,0.0,0.0,0.0,0.0,0.0,False
122,projected_centers,0.845,-2,215.50450465243568,132.688460591133,2.0297582678814114,2.0297582678814114,2.0297582678814114,0.0,0.0,0.007959836344632987,False
122,projected_centers,0.845,-1,215.50450465243568,132.688460591133,1.9545013249571814,1.9545013249571814,1.9545013249571814,0.0,0.0,0.007664711078263457,False
122,projected_centers,0.845,0,215.50450465243568,132.688460591133,0.0,0.0,0.0,0.0,0.0,0.0,False
122,projected_centers,0.845,1,215.50450465243568,132.688460591133,0.0,0.0,0.0,0.0,0.0,0.0,False
122,projected_centers,0.845,2,215.50450465243568,132.688460591133,0.0,0.0,0.0,0.0,0.0,0.0,False
122,projected_centers,0.8599999999999999,-2,215.38450465243568,132.905960591133,1.4170193739900983,1.4170193739900983,1.4170193739900983,0.0,0.0,0.005556938721529797,False
122,projected_centers,0.8599999999999999,-1,215.38450465243568,132.905960591133,1.0545845444808424,1.0545845444808424,1.0545845444808424,0.0,0.0,0.0041356256646307545,False
122,projected_centers,0.8599999999999999,0,215.38450465243568,132.905960591133,0.0,0.0,0.0,0.0,0.0,0.0,False
122,projected_centers,0.8599999999999999,1,215.38450465243568,132.905960591133,0.0,0.0,0.0,0.0,0.0,0.0,False
122,projected_centers,0.8599999999999999,2,215.38450465243568,132.905960591133,0.0,0.0,0.0,0.0,0.0,0.0,False
122,projected_centers,0.875,-2,215.26450465243568,133.123460591133,0.8961280796283435,0.8961280796283435,0.8961280796283435,0.0,0.0,0.003514227763248406,False
122,projected_centers,0.875,-1,215.26450465243568,133.123460591133,0.41566776400451433,0.41566776400451433,0.41566776400451433,0.0,0.0,0.0016300696627628013,False
122,projected_centers,0.875,0,215.26450465243568,133.123460591133,0.0,0.0,0.0,0.0,0.0,0.0,False
122,projected_centers,0.875,1,215.26450465243568,133.123460591133,0.0,0.0,0.0,0.0,0.0,0.0,False
122,projected_centers,0.875,2,215.26450465243568,133.123460591133,0.0,0.0,0.0,0.0,0.0,0.0,False
122,projected_centers,0.8899999999999999,-2,215.14450465243567,133.340960591133,0.8128555554685193,0.8128555554685193,0.8128555554685193,0.0,0.0,0.0031876688449745854,False
122,projected_centers,0.8899999999999999,-1,215.14450465243567,133.340960591133,0.03775098352819757,0.03775098352819757,0.03775098352819757,0.0,0.0,0.00014804307265959833,False
122,projected_centers,0.8899999999999999,0,215.14450465243567,133.340960591133,0.0,0.0,0.0,0.0,0.0,0.0,False
122,projected_centers,0.8899999999999999,1,215.14450465243567,133.340960591133,0.0,0.0,0.0,0.0,0.0,0.0,False
122,projected_centers,0.8899999999999999,2,215.14450465243567,133.340960591133,0.0,0.0,0.0,0.0,0.0,0.0,False
122,projected_centers,0.905,-2,215.02450465243567,133.558460591133,1.0748900069163978,1.0748900069163978,1.0748900069163978,0.0,0.0,0.004215254929083913,False
122,projected_centers,0.905,-1,215.02450465243567,133.558460591133,0.2243253643588042,0.2243253643588042,0.2243253643588042,0.0,0.0,0.0008797073112109969,False
122,projected_centers,0.905,0,215.02450465243567,133.558460591133,0.0,0.0,0.0,0.0,0.0,0.0,False
122,projected_centers,0.905,1,215.02450465243567,133.558460591133,0.0,0.0,0.0,0.0,0.0,0.0,False
122,projected_centers,0.905,2,215.02450465243567,133.558460591133,0.0,0.0,0.0,0.0,0.0,0.0,False
122,projected_centers,0.9199999999999999,-2,214.90450465243566,133.775960591133,1.7023244583642918,1.7023244583642918,1.7023244583642918,0.0,0.0,0.0066757821896638895,False
122,projected_centers,0.9199999999999999,-1,214.90450465243566,133.775960591133,1.2124255009303586,1.2124255009303586,1.2124255009303586,0.0,0.0,0.004754609807570034,False
122,projected_centers,0.9199999999999999,0,214.90450465243566,133.775960591133,0.0,0.0,0.0,0.0,0.0,0.0,False
122,projected_centers,0.9199999999999999,1,214.90450465243566,133.775960591133,0.0,0.0,0.0,0.0,0.0,0.0,False
122,projected_centers,0.9199999999999999,2,214.90450465243566,133.775960591133,0.0,0.0,0.0,0.0,0.0,0.0,False
122,projected_centers,0.935,-2,214.7845046524357,133.99346059113302,2.695158909812039,2.695158909812039,2.695158909812039,0.0,0.0,0.01056925062671388,False
122,projected_centers,0.935,-1,214.7845046524357,133.99346059113302,1.8873256375020622,1.8873256375020622,1.8873256375020622,0.0,0.0,0.007401277009812008,False
122,projected_centers,0.935,0,214.7845046524357,133.99346059113302,0.0,0.0,0.0,0.0,0.0,0.0,False
122,projected_centers,0.935,1,214.7845046524357,133.99346059113302,0.0,0.0,0.0,0.0,0.0,0.0,False
122,projected_centers,0.935,2,214.7845046524357,133.99346059113302,0.0,0.0,0.0,0.0,0.0,0.0,False
122,projected_centers,0.95,-2,214.66450465243568,134.21096059113302,3.1059258721655585,3.1059258721655585,3.1059258721655585,0.0,0.0,0.012180101459472778,False
122,projected_centers,0.95,-1,214.66450465243568,134.21096059113302,2.249025774073664,2.249025774073664,2.249025774073664,0.0,0.0,0.008819708917935936,False
122,projected_centers,0.95,0,214.66450465243568,134.21096059113302,0.0,0.0,0.0,0.0,0.0,0.0,False
122,projected_centers,0.95,1,214.66450465243568,134.21096059113302,0.0,0.0,0.0,0.0,0.0,0.0,False
122,projected_centers,0.95,2,214.66450465243568,134.21096059113302,0.0,0.0,0.0,0.0,0.0,0.0,False
122,projected_centers,0.9649999999999999,-2,214.54450465243568,134.42846059113302,2.9083958631611826,2.9083958631611826,2.9083958631611826,0.0,0.0,0.011405473973181108,False
122,projected_centers,0.9649999999999999,-1,214.54450465243568,134.42846059113302,2.297525910645252,2.297525910645252,2.297525910645252,0.0,0.0,0.009009905531942164,False
122,projected_centers,0.9649999999999999,0,214.54450465243568,134.42846059113302,0.0,0.0,0.0,0.0,0.0,0.0,False
122,projected_centers,0.9649999999999999,1,214.54450465243568,134.42846059113302,0.0,0.0,0.0,0.0,0.0,0.0,False
122,projected_centers,0.9649999999999999,2,214.54450465243568,134.42846059113302,0.0,0.0,0.0,0.0,0.0,0.0,False
122,projected_centers,0.98,-2,214.42450465243567,134.64596059113302,2.241065854156786,2.241065854156786,2.241065854156786,0.0,0.0,0.008788493545712886,False
122,projected_centers,0.98,-1,214.42450465243567,134.64596059113302,1.5681619903329422,1.5681619903329422,1.5681619903329422,0.0,0.0,0.006149654864050754,False
122,projected_centers,0.98,0,214.42450465243567,134.64596059113302,0.0,0.0,0.0,0.0,0.0,0.0,False
122,projected_centers,0.98,1,214.42450465243567,134.64596059113302,0.0,0.0,0.0,0.0,0.0,0.0,False
122,projected_centers,0.98,2,214.42450465243567,134.64596059113302,0.0,0.0,0.0,0.0,0.0,0.0,False
122,projected_centers,0.9949999999999999,-2,214.30450465243567,134.86346059113302,1.1039358451523695,1.1039358451523695,1.1039358451523695,0.0,0.0,0.004329160177068116,False
122,projected_centers,0.9949999999999999,-1,214.30450465243567,134.86346059113302,0.7060618537613266,0.7060618537613266,0.7060618537613266,0.0,0.0,0.0027688700147503005,False
122,projected_centers,0.9949999999999999,0,214.30450465243567,134.86346059113302,0.0,0.0,0.0,0.0,0.0,0.0,False
122,projected_centers,0.9949999999999999,1,214.30450465243567,134.86346059113302,0.0,0.0,0.0,0.0,0.0,0.0,False
122,projected_centers,0.9949999999999999,2,214.30450465243567,134.86346059113302,0.0,0.0,0.0,0.0,0.0,0.0,False
122,projected_centers,1.01,-2,214.18450465243566,135.08096059113302,0.32374414678181335,0.32374414678181335,0.32374414678181335,0.0,0.0,0.0012695848893404444,False
122,projected_centers,1.01,-1,214.18450465243566,135.08096059113302,0.15716171718972446,0.15716171718972446,0.15716171718972446,0.0,0.0,0.000616320459567547,False
122,projected_centers,1.01,0,214.18450465243566,135.08096059113302,0.06602298540503704,0.06602298540503704,0.06602298540503704,0.0,0.0,0.0002589136682550472,False
122,projected_centers,1.01,1,214.18450465243566,135.08096059113302,0.0,0.0,0.0,0.0,0.0,0.0,False
122,projected_centers,1.01,2,214.18450465243566,135.08096059113302,0.0,0.0,0.0,0.0,0.0,0.0,False
122,projected_centers,1.025,-2,214.0645046524357,135.29846059113302,1.754748589225295,1.754748589225295,1.754748589225295,0.0,0.0,0.006881367016569784,False
122,projected_centers,1.025,-1,214.0645046524357,135.29846059113302,0.046827926973888885,0.046827926973888885,0.046827926973888885,0.0,0.0,0.00018363892930936817,False
122,projected_centers,1.025,0,214.0645046524357,135.29846059113302,0.27920849443623674,0.27920849443623674,0.27920849443623674,0.0,0.0,0.0010949352722989677,False
122,projected_centers,1.025,1,214.0645046524357,135.29846059113302,0.0,0.0,0.0,0.0,0.0,0.0,False
122,projected_centers,1.025,2,214.0645046524357,135.29846059113302,0.0,0.0,0.0,0.0,0.0,0.0,False
122,projected_centers,1.04,-2,213.94450465243568,135.51596059113302,3.0813530316687694,3.0813530316687694,3.0813530316687694,0.0,0.0,0.012083737379093214,False
122,projected_centers,1.04,-1,213.94450465243568,135.51596059113302,0.1797445708786309,0.1797445708786309,0.1797445708786309,0.0,0.0,0.0007048806701122781,False
122,projected_centers,1.04,0,213.94450465243568,135.51596059113302,0.5732274158018588,0.5732274158018588,0.5732274158018588,0.0,0.0,0.0022479506502033676,False
122,projected_centers,1.04,1,213.94450465243568,135.51596059113302,0.09411665944232332,0.09411665944232332,0.09411665944232332,0.0,0.0,0.0003690849389895032,False
122,projected_centers,1.04,2,213.94450465243568,135.51596059113302,0.0,0.0,0.0,0.0,0.0,0.0,False
122,projected_centers,1.055,-2,213.82450465243568,135.733460591133,4.303557474112064,4.303557474112064,4.303557474112064,0.0,0.0,0.016876695976910053,False
122,projected_centers,1.055,-1,213.82450465243568,135.733460591133,0.9929460262842912,0.9929460262842912,0.9929460262842912,0.0,0.0,0.003893905985428593,False
122,projected_centers,1.055,0,213.82450465243568,135.733460591133,0.9908984338642322,0.9908984338642322,0.9908984338642322,0.0,0.0,0.003885876211232283,False
122,projected_centers,1.055,1,213.82450465243568,135.733460591133,0.7511497446649571,0.7511497446649571,0.7511497446649571,0.0,0.0,0.0029456852731959103,False
122,projected_centers,1.055,2,213.82450465243568,135.733460591133,0.0,0.0,0.0,0.0,0.0,0.0,False
122,projected_centers,1.0699999999999998,-2,213.70450465243567,135.950960591133,5.4213619165555365,5.4213619165555365,5.4213619165555365,0.0,0.0,0.02126024281002171,False
122,projected_centers,1.0699999999999998,-1,213.70450465243567,135.950960591133,1.49654616285587,1.49654616285587,1.49654616285587,0.0,0.0,0.005868808481787726,False
122,projected_centers,1.0699999999999998,0,213.70450465243567,135.950960591133,1.5129694519266417,1.5129694519266417,1.5129694519266417,0.0,0.0,0.005933213536967222,False
122,projected_centers,1.0699999999999998,1,213.70450465243567,135.950960591133,1.4036497446649605,1.4036497446649605,1.4036497446649605,0.0,0.0,0.005504508802607689,False
122,projected_centers,1.0699999999999998,2,213.70450465243567,135.950960591133,0.0,0.0,0.0,0.0,0.0,0.0,False
122,projected_centers,1.085,-2,213.58450465243567,136.168460591133,4.9078737229580245,4.9078737229580245,4.9078737229580245,0.0,0.0,0.019246563619443234,False
122,projected_centers,1.085,-1,213.58450465243567,136.168460591133,1.6869462994274353,1.6869462994274353,1.6869462994274353,0.0,0.0,0.006615475684029158,False
122,projected_centers,1.085,0,213.58450465243567,136.168460591133,1.5225409202682685,1.5225409202682685,1.5225409202682685,0.0,0.0,0.005970748706934387,False
122,projected_centers,1.085,1,213.58450465243567,136.168460591133,2.056149744664964,2.056149744664964,2.056149744664964,0.0,0.0,0.008063332332019467,False
122,projected_centers,1.085,2,213.58450465243567,136.168460591133,0.5394888681436203,0.5394888681436203,0.5394888681436203,0.0,0.0,0.00211564262017106,False
122,projected_centers,1.0999999999999999,-2,213.46450465243566,136.385960591133,3.5188692805145436,3.5188692805145436,3.5188692805145436,0.0,0.0,0.013799487374566839,False
122,projected_centers,1.0999999999999999,-1,213.46450465243566,136.385960591133,1.5641464359989872,1.5641464359989872,1.5641464359989872,0.0,0.0,0.006133907592152891,False
122,projected_centers,1.0999999999999999,0,213.46450465243566,136.385960591133,1.271669902205868,1.271669902205868,1.271669902205868,0.0,0.0,0.004986940792964188,False
122,projected_centers,1.0999999999999999,1,213.46450465243566,136.385960591133,2.7086497446649673,2.7086497446649673,2.7086497446649673,0.0,0.0,0.010622155861431245,False
122,projected_centers,1.0999999999999999,2,213.46450465243566,136.385960591133,1.018742389575343,1.018742389575343,1.018742389575343,0.0,0.0,0.00399506819441311,False
122,projected_centers,1.115,-2,213.3445046524357,136.603460591133,2.234264838071091,2.234264838071091,2.234264838071091,0.0,0.0,0.008761822894396436,False
122,projected_centers,1.115,-1,213.3445046524357,136.603460591133,1.0051843287269,1.0051843287269,1.0051843287269,0.0,0.0,0.003941899328340785,False
122,projected_centers,1.115,0,213.3445046524357,136.603460591133,0.9163988841434407,0.9163988841434407,0.9163988841434407,0.0,0.0,0.003593721114288003,False
122,projected_centers,1.115,1,213.3445046524357,136.603460591133,2.6388502553350293,2.6388502553350293,2.6388502553350293,0.0,0.0,0.01034843237386286,False
122,projected_centers,1.115,2,213.3445046524357,136.603460591133,1.3935959110070972,1.3935959110070972,1.3935959110070972,0.0,0.0,0.005465082003949401,False
122,projected_centers,1.13,-2,213.22450465243568,136.820960591133,1.0385155662364678,1.0385155662364678,1.0385155662364678,0.0,0.0,0.004072610063672422,False
122,projected_centers,1.13,-1,213.22450465243568,136.820960591133,0.34826754825052486,0.34826754825052486,0.34826754825052486,0.0,0.0,0.0013657550911785289,False
122,projected_centers,1.13,0,213.22450465243568,136.820960591133,0.45672786608104377,0.45672786608104377,0.45672786608104377,0.0,0.0,0.001791089670906054,False
122,projected_centers,1.13,1,213.22450465243568,136.820960591133,1.9863502553350258,1.9863502553350258,1.9863502553350258,0.0,0.0,0.007789608844451082,False
122,projected_centers,1.13,2,213.22450465243568,136.820960591133,1.6640494324388233,1.6640494324388233,1.6640494324388233,0.0,0.0,0.006525684048779699,False
122,projected_centers,1.145,-2,213.10450465243568,137.038460591133,0.041489586688097706,0.041489586688097706,0.041489586688097706,0.0,0.0,0.00016270426152195178,False
122,projected_centers,1.145,-1,213.10450465243568,137.038460591133,0.03116345127703395,0.03116345127703395,0.03116345127703395,0.0,0.0,0.00012220961285111352,False
122,projected_centers,1.145,0,213.10450465243568,137.038460591133,0.10332384127253248,0.10332384127253248,0.10332384127253248,0.0,0.0,0.0004051915344020882,False
122,projected_centers,1.145,1,213.10450465243568,137.038460591133,1.3338502553350224,1.3338502553350224,1.3338502553350224,0.0,0.0,0.005230785315039304,False
122,projected_centers,1.145,2,213.10450465243568,137.038460591133,1.5832941836578192,1.5832941836578192,1.5832941836578192,0.0,0.0,0.006208996798658114,False
122,projected_centers,1.16,-2,212.98450465243567,137.255960591133,1.810155135240254,1.810155135240254,1.810155135240254,0.0,0.0,0.007098647589177467,False
122,projected_centers,1.16,-1,212.98450465243567,137.255960591133,0.310213382991236,0.310213382991236,0.310213382991236,0.0,0.0,0.0012165230705538667,False
122,projected_centers,1.16,0,212.98450465243567,137.255960591133,0.7718479717213876,0.7718479717213876,0.7718479717213876,0.0,0.0,0.003026854791064265,False
122,projected_centers,1.16,1,212.98450465243567,137.255960591133,0.681350255335019,0.681350255335019,0.681350255335019,0.0,0.0,0.0026719617856275257,False
122,projected_centers,1.16,2,212.98450465243567,137.255960591133,1.0416406622260839,1.0416406622260839,1.0416406622260839,0.0,0.0,0.004084865342063074,False
122,projected_centers,1.175,-2,212.86450465243567,137.473460591133,3.2134206837923944,3.2134206837923944,3.2134206837923944,0.0,0.0,0.012601649740362332,False
122,projected_centers,1.175,-1,212.86450465243567,137.473460591133,0.7458633147054449,0.7458633147054449,0.7458633147054449,0.0,0.0,0.00292495417531547,False
122,projected_centers,1.175,0,212.86450465243567,137.473460591133,1.4845334807525945,1.4845334807525945,1.4845334807525945,0.0,0.0,0.005821699924519978,False
122,projected_centers,1.175,1,212.86450465243567,137.473460591133,0.028637282142524263,0.028637282142524263,0.028637282142524263,0.0,0.0,0.00011230306722558534,False
122,projected_centers,1.175,2,212.86450465243567,137.473460591133,0.6043871407943534,0.6043871407943534,0.6043871407943534,0.0,0.0,0.002370145650173935,False
122,projected_centers,1.19,-2,212.74450465243567,137.690960591133,4.25128623234452,4.25128623234452,4.25128623234452,0.0,0.0,0.01667171071507655,False
122,projected_centers,1.19,-1,212.74450465243567,137.690960591133,1.2651462811314629,1.2651462811314629,1.2651462811314629,0.0,0.0,0.004961357965221423,False
122,projected_centers,1.19,0,212.74450465243567,137.690960591133,2.2494189897838037,2.2494189897838037,2.2494189897838037,0.0,0.0,0.008821250940328642,False
122,projected_centers,1.19,1,212.74450465243567,137.690960591133,0.7497893302023683,0.7497893302023683,0.7497893302023683,0.0,0.0,0.0029403503145190913,False
122,projected_centers,1.19,2,212.74450465243567,137.690960591133,0.2926457688437806,0.2926457688437806,0.2926457688437806,0.0,0.0,0.0011476304660540415,False
122,projected_centers,1.2049999999999998,-2,212.6245046524357,137.908460591133,4.9237517808968025,4.9237517808968025,4.9237517808968025,0.0,0.0,0.019308830513320795,False
122,projected_centers,1.2049999999999998,-1,212.6245046524357,137.908460591133,1.4999464177030626,1.4999464177030626,1.4999464177030626,0.0,0.0,0.005882142814521814,False
122,projected_centers,1.2049999999999998,0,212.6245046524357,137.908460591133,3.0665044988149894,3.0665044988149894,3.0665044988149894,0.0,0.0,0.012025507838490155,False
122,projected_centers,1.2049999999999998,1,212.6245046524357,137.908460591133,1.3811262077294195,1.3811262077294195,1.3811262077294195,0.0,0.0,0.005416181206782038,False
122,projected_centers,1.2049999999999998,2,212.6245046524357,137.908460591133,0.527761965264391,0.527761965264391,0.527761965264391,0.0,0.0,0.00206965476574271,False
122,projected_centers,1.22,-2,212.50450465243568,138.125960591133,4.348422957400885,4.348422957400885,4.348422957400885,0.0,0.0,0.01705263904863092,False
122,projected_centers,1.22,-1,212.50450465243568,138.125960591133,1.4215465542746488,1.4215465542746488,1.4215465542746488,0.0,0.0,0.005574692369704505,False
122,projected_centers,1.22,0,212.50450465243568,138.125960591133,3.0552006872824333,3.0552006872824333,3.0552006872824333,0.0,0.0,0.011981179165813463,False
122,projected_centers,1.22,1,212.50450465243568,138.125960591133,1.8558630852564286,1.8558630852564286,1.8558630852564286,0.0,0.0,0.007277894451985995,False
122,projected_centers,1.22,2,212.50450465243568,138.125960591133,0.94932756325814,0.94932756325814,0.94932756325814,0.0,0.0,0.003722853189247608,False
122,projected_centers,1.2349999999999999,-2,212.38450465243568,138.343460591133,2.7267574088487,2.7267574088487,2.7267574088487,0.0,0.0,0.010693166309210588,False
122,projected_centers,1.2349999999999999,-1,212.38450465243568,138.343460591133,1.0299466908462214,1.0299466908462214,1.0299466908462214,0.0,0.0,0.004039006630769495,False
122,projected_centers,1.2349999999999999,0,212.38450465243568,138.343460591133,2.3737151782512327,2.3737151782512327,2.3737151782512327,0.0,0.0,0.009308686973534246,False
122,projected_centers,1.2349999999999999,1,212.38450465243568,138.343460591133,2.1739999627834306,2.1739999627834306,2.1739999627834306,0.0,0.0,0.0085254900501311,False
122,projected_centers,1.2349999999999999,2,212.38450465243568,138.343460591133,1.152211366837469,1.152211366837469,1.152211366837469,0.0,0.0,0.004518475948382231,False
122,projected_centers,1.25,-2,212.26450465243568,138.560960591133,1.4704918602965316,1.4704918602965316,1.4704918602965316,0.0,0.0,0.005766634746260908,False
122,projected_centers,1.25,-1,212.26450465243568,138.560960591133,0.4396091966560707,0.4396091966560707,0.4396091966560707,0.0,0.0,0.0017239576339453753,False
122,projected_centers,1.25,0,212.26450465243568,138.560960591133,1.6400296692200298,1.6400296692200298,1.6400296692200298,0.0,0.0,0.006431488898902078,False
122,projected_centers,1.25,1,212.26450465243568,138.560960591133,2.0456173227439254,2.0456173227439254,2.0456173227439254,0.0,0.0,0.008022028716642845,False
122,projected_centers,1.25,2,212.26450465243568,138.560960591133,1.0940951704167863,1.0940951704167863,1.0940951704167863,0.0,0.0,0.004290569295752103,False
122,highlight_or_dark_patch,-0.25,-2,224.75,118.5,0.0,0.0,0.0,0.0,0.0,0.0,False
122,highlight_or_dark_patch,-0.25,-1,224.75,118.5,0.05463169292230342,0.05463169292230342,0.05463169292230342,0.0,0.0,0.00021424193302864084,False
122,highlight_or_dark_patch,-0.25,0,224.75,118.5,0.0,0.0,0.0,0.0,0.0,0.0,False
122,highlight_or_dark_patch,-0.25,1,224.75,118.5,0.16019627889383276,0.16019627889383276,0.16019627889383276,0.0,0.0,0.0006282207015444422,False
122,highlight_or_dark_patch,-0.25,2,224.75,118.5,1.087348393749911,1.087348393749911,1.087348393749911,0.0,0.0,0.004264111348038867,False
122,highlight_or_dark_patch,-0.23598130841121495,-2,224.59579439252337,118.69626168224299,0.0,0.0,0.0,0.0,0.0,0.0,False
122,highlight_or_dark_patch,-0.23598130841121495,-1,224.59579439252337,118.69626168224299,0.19406803169440348,0.19406803169440348,0.19406803169440348,0.0,0.0,0.0007610511046839352,False
122,highlight_or_dark_patch,-0.23598130841121495,0,224.59579439252337,118.69626168224299,0.0,0.0,0.0,0.0,0.0,0.0,False
122,highlight_or_dark_patch,-0.23598130841121495,1,224.59579439252337,118.69626168224299,1.4756850426230046,1.4756850426230046,1.4756850426230046,0.0,0.0,0.005787000167149037,False
122,highlight_or_dark_patch,-0.23598130841121495,2,224.59579439252337,118.69626168224299,2.2497585233666384,2.2497585233666384,2.2497585233666384,0.0,0.0,0.008822582444575053,False
122,highlight_or_dark_patch,-0.2219626168224299,-2,224.44158878504672,118.89252336448598,0.0,0.0,0.0,0.0,0.0,0.0,False
122,highlight_or_dark_patch,-0.2219626168224299,-1,224.44158878504672,118.89252336448598,0.3940336743358481,0.3940336743358481,0.3940336743358481,0.0,0.0,0.0015452300954346986,False
122,highlight_or_dark_patch,-0.2219626168224299,0,224.44158878504672,118.89252336448598,0.0,0.0,0.0,0.0,0.0,0.0,False
122,highlight_or_dark_patch,-0.2219626168224299,1,224.44158878504672,118.89252336448598,5.038071933088494,5.038071933088494,5.038071933088494,0.0,0.0,0.019757144835641154,False
122,highlight_or_dark_patch,-0.2219626168224299,2,224.44158878504672,118.89252336448598,7.3302916737717325,7.3302916737717325,7.3302916737717325,0.0,0.0,0.028746241857928363,False
122,highlight_or_dark_patch,-0.20794392523364486,-2,224.2873831775701,119.08878504672897,0.2308071437697073,0.2308071437697073,0.2308071437697073,0.0,0.0,0.0009051260539988521,False
122,highlight_or_dark_patch,-0.20794392523364486,-1,224.2873831775701,119.08878504672897,0.6545286208466139,0.6545286208466139,0.6545286208466139,0.0,0.0,0.0025667789052808386,False
122,highlight_or_dark_patch,-0.20794392523364486,0,224.2873831775701,119.08878504672897,0.4051336361254282,0.4051336361254282,0.4051336361254282,0.0,0.0,0.0015887593573546204,False
122,highlight_or_dark_patch,-0.20794392523364486,1,224.2873831775701,119.08878504672897,10.718984458980314,10.718984458980314,10.718984458980314,0.0,0.0,0.04203523317247182,False
122,highlight_or_dark_patch,-0.20794392523364486,2,224.2873831775701,119.08878504672897,15.703710801680645,15.703710801680645,15.703710801680645,0.0,0.0,0.0615831796144339,False
122,highlight_or_dark_patch,-0.1939252336448598,-2,224.13317757009347,119.28504672897196,0.6005448125972852,0.6005448125972852,0.6005448125972852,0.0,0.0,0.002355077696459942,False
122,highlight_or_dark_patch,-0.1939252336448598,-1,224.13317757009347,119.28504672897196,1.2662912325181086,1.2662912325181086,1.2662912325181086,0.0,0.0,0.00496584797065925,False
122,highlight_or_dark_patch,-0.1939252336448598,0,224.13317757009347,119.28504672897196,1.5204712201938952,1.5204712201938952,1.5204712201938952,0.0,0.0,0.005962632236054491,False
122,highlight_or_dark_patch,-0.1939252336448598,1,224.13317757009347,119.28504672897196,18.518422620298686,18.518422620298686,18.518422620298686,0.0,0.0,0.0726212651776419,False
122,highlight_or_dark_patch,-0.1939252336448598,2,224.13317757009347,119.28504672897196,28.165296361694566,28.165296361694566,28.165296361694566,0.0,0.0,0.11045214259488065,False
122,highlight_or_dark_patch,-0.17990654205607476,-2,223.9789719626168,119.48130841121495,1.0913410891635924,1.0913410891635924,1.0913410891635924,0.0,0.0,0.004279768977112127,False
122,highlight_or_dark_patch,-0.17990654205607476,-1,223.9789719626168,119.48130841121495,2.37180841909759,2.37180841909759,2.37180841909759,0.0,0.0,0.009301209486657216,False
122,highlight_or_dark_patch,-0.17990654205607476,0,223.9789719626168,119.48130841121495,4.194536640755382,4.194536640755382,4.194536640755382,0.0,0.0,0.01644916329707993,False
122,highlight_or_dark_patch,-0.17990654205607476,1,223.9789719626168,119.48130841121495,28.436386417044613,28.436386417044613,28.436386417044613,0.0,0.0,0.11151524085115534,False
122,highlight_or_dark_patch,-0.17990654205607476,2,223.9789719626168,119.48130841121495,46.75086905212022,46.75086905212022,46.75086905212022,0.0,0.0,0.18333674138086362,False
122,highlight_or_dark_patch,-0.1658878504672897,-2,223.82476635514018,119.67757009345794,1.7031959734685018,1.7031959734685018,1.7031959734685018,0.0,0.0,0.0066791998959549095,False
122,highlight_or_dark_patch,-0.1658878504672897,-1,223.82476635514018,119.67757009345794,3.5353598209667045,3.5353598209667045,3.5353598209667045,0.0,0.0,0.013864156160653743,False
122,highlight_or_dark_patch,-0.1658878504672897,0,223.82476635514018,119.67757009345794,16.536487902873816,16.536487902873816,16.536487902873816,0.0,0.0,0.06484897216813261,False
122,highlight_or_dark_patch,-0.1658878504672897,1,223.82476635514018,119.67757009345794,41.463331713263976,41.463331713263976,41.463331713263976,0.0,0.0,0.16260130083632932,False
122,highlight_or_dark_patch,-0.1658878504672897,2,223.82476635514018,119.67757009345794,67.51549668184038,67.51549668184038,67.51549668184038,0.0,0.0,0.264766653654276,False
122,highlight_or_dark_patch,-0.15186915887850466,-2,223.67056074766356,119.87383177570094,2.270407724074772,2.270407724074772,2.270407724074772,0.0,0.0,0.008903559702254009,False
122,highlight_or_dark_patch,-0.15186915887850466,-1,223.67056074766356,119.87383177570094,4.698911222835818,4.698911222835818,4.698911222835818,0.0,0.0,0.018427102834650266,False
122,highlight_or_dark_patch,-0.15186915887850466,0,223.67056074766356,119.87383177570094,31.662787142981426,31.662787142981426,31.662787142981426,0.0,0.0,0.12416779271757422,False
122,highlight_or_dark_patch,-0.15186915887850466,1,223.67056074766356,119.87383177570094,64.3132626625054,64.3132626625054,64.3132626625054,0.0,0.0,0.25220887318629565,False
122,highlight_or_dark_patch,-0.15186915887850466,2,223.67056074766356,119.87383177570094,90.45917925085641,90.45917925085641,90.45917925085641,0.0,0.0,0.3547418794151232,False
122,highlight_or_dark_patch,-0.1378504672897196,-2,223.5163551401869,120.07009345794393,2.733024546504737,2.733024546504737,2.733024546504737,0.0,0.0,0.01071774331962642,False
122,highlight_or_dark_patch,-0.1378504672897196,-1,223.5163551401869,120.07009345794393,5.862462624705074,5.862462624705074,5.862462624705074,0.0,0.0,0.02299004950864735,False
122,highlight_or_dark_patch,-0.1378504672897196,0,223.5163551401869,120.07009345794393,49.123558826099526,49.123558826099526,49.123558826099526,0.0,0.0,0.19264140716117462,False
122,highlight_or_dark_patch,-0.1378504672897196,1,223.5163551401869,120.07009345794393,91.66363280817208,91.66363280817208,91.66363280817208,0.0,0.0,0.35946522669871406,False
122,highlight_or_dark_patch,-0.1378504672897196,2,223.5163551401869,120.07009345794393,105.07880892053794,105.07880892053794,105.07880892053794,0.0,0.0,0.4120737604726978,False
122,highlight_or_dark_patch,-0.1238317757009346,-2,223.36214953271028,120.26635514018692,3.3260689482243606,3.3260689482243606,3.3260689482243606,0.0,0.0,0.013043407640095532,False
122,highlight_or_dark_patch,-0.1238317757009346,-1,223.36214953271028,120.26635514018692,7.026014026574188,7.026014026574188,7.026014026574188,0.0,0.0,0.027552996182643875,False
122,highlight_or_dark_patch,-0.1238317757009346,0,223.36214953271028,120.26635514018692,68.35353524325309,68.35353524325309,68.35353524325309,0.0,0.0,0.26805307938530626,False
122,highlight_or_dark_patch,-0.1238317757009346,1,223.36214953271028,120.26635514018692,121.85888023569456,121.85888023569456,121.85888023569456,0.0,0.0,0.4778779617086061,False
122,highlight_or_dark_patch,-0.1238317757009346,2,223.36214953271028,120.26635514018692,99.91863368598564,99.91863368598564,99.91863368598564,0.0,0.0,0.391837779160728,False
122,highlight_or_dark_patch,-0.10981308411214954,-2,223.20794392523365,120.46261682242991,4.097096985607493,4.097096985607493,4.097096985607493,0.0,0.0,0.016067047002382324,False
122,highlight_or_dark_patch,-0.10981308411214954,-1,223.20794392523365,120.46261682242991,8.712077235413679,8.712077235413679,8.712077235413679,0.0,0.0,0.03416500876632815,False
122,highlight_or_dark_patch,-0.10981308411214954,0,223.20794392523365,120.46261682242991,90.06521311904922,90.06521311904922,90.06521311904922,0.0,0.0,0.3531969141923499,False
122,highlight_or_dark_patch,-0.10981308411214954,1,223.20794392523365,120.46261682242991,154.89900494507557,154.89900494507557,154.89900494507557,0.0,0.0,0.6074470782159826,False
122,highlight_or_dark_patch,-0.10981308411214954,2,223.20794392523365,120.46261682242991,92.982232411252,92.982232411252,92.982232411252,0.0,0.0,0.3646362055343216,False
122,highlight_or_dark_patch,-0.0957943925233645,-2,223.05373831775702,120.6588785046729,4.868125022990625,4.868125022990625,4.868125022990625,0.0,0.0,0.01909068636466912,False
122,highlight_or_dark_patch,-0.0957943925233645,-1,223.05373831775702,120.6588785046729,26.71957665600266,26.71957665600266,26.71957665600266,0.0,0.0,0.1047826535529516,False
122,highlight_or_dark_patch,-0.0957943925233645,0,223.05373831775702,120.6588785046729,114.25859245348785,114.25859245348785,114.25859245348785,0.0,0.0,0.4480729115823053,False
122,highlight_or_dark_patch,-0.0957943925233645,1,223.05373831775702,120.6588785046729,187.58720905108103,187.58720905108103,187.58720905108103,0.0,0.0,0.735636113925808,False
122,highlight_or_dark_patch,-0.0957943925233645,2,223.05373831775702,120.6588785046729,79.93237144571602,79.93237144571602,79.93237144571602,0.0,0.0,0.3134602801792785,False
122,highlight_or_dark_patch,-0.08177570093457945,-2,222.89953271028037,120.85514018691589,5.4096682788760955,5.4096682788760955,5.4096682788760955,0.0,0.0,0.021214385407357237,False
122,highlight_or_dark_patch,-0.08177570093457945,-1,222.89953271028037,120.85514018691589,42.54802113729889,42.54802113729889,42.54802113729889,0.0,0.0,0.1668549848521525,False
122,highlight_or_dark_patch,-0.08177570093457945,0,222.89953271028037,120.85514018691589,137.79383570617574,137.79383570617574,137.79383570617574,0.0,0.0,0.5403679831614735,False
122,highlight_or_dark_patch,-0.08177570093457945,1,222.89953271028037,120.85514018691589,207.59564753499333,207.59564753499333,207.59564753499333,0.0,0.0,0.8141005785686013,False
122,highlight_or_dark_patch,-0.08177570093457945,2,222.89953271028037,120.85514018691589,60.769050789372486,60.769050789372486,60.769050789372486,0.0,0.0,0.23831000309557837,False
122,highlight_or_dark_patch,-0.0677570093457944,-2,222.74532710280374,121.05140186915888,5.640316083470027,5.640316083470027,5.640316083470027,0.0,0.0,0.022118886601843243,False
122,highlight_or_dark_patch,-0.0677570093457944,-1,222.74532710280374,121.05140186915888,56.19741067929589,56.19741067929589,56.19741067929589,0.0,0.0,0.22038200266390545,False
122,highlight_or_dark_patch,-0.0677570093457944,0,222.74532710280374,121.05140186915888,153.77684732290993,153.77684732290993,153.77684732290993,0.0,0.0,0.6030464600898429,False
122,highlight_or_dark_patch,-0.0677570093457944,1,222.74532710280374,121.05140186915888,211.37890025234543,211.37890025234543,211.37890025234543,0.0,0.0,0.828936863734688,False
122,highlight_or_dark_patch,-0.0677570093457944,2,222.74532710280374,121.05140186915888,35.49227044223127,35.49227044223127,35.49227044223127,0.0,0.0,0.1391853742832599,False
122,highlight_or_dark_patch,-0.05373831775700935,-2,222.59112149532712,121.24766355140187,5.8104345841946285,5.8104345841946285,5.8104345841946285,0.0,0.0,0.022786017977233838,False
122,highlight_or_dark_patch,-0.05373831775700935,-1,222.59112149532712,121.24766355140187,67.66774528199703,67.66774528199703,67.66774528199703,0.0,0.0,0.26536370698822365,False
122,highlight_or_dark_patch,-0.05373831775700935,0,222.59112149532712,121.24766355140187,156.07172023757428,156.07172023757428,156.07172023757428,0.0,0.0,0.6120459617159776,False
122,highlight_or_dark_patch,-0.05373831775700935,1,222.59112149532712,121.24766355140187,177.62225078853203,177.62225078853203,177.62225078853203,0.0,0.0,0.6965578462295373,False
122,highlight_or_dark_patch,-0.05373831775700935,2,222.59112149532712,121.24766355140187,4.197126756392724,4.197126756392724,4.197126756392724,0.0,0.0,0.016459320613304802,False
122,highlight_or_dark_patch,-0.039719626168224303,-2,222.43691588785046,121.44392523364486,5.9200237810500225,5.9200237810500225,5.9200237810500225,0.0,0.0,0.0232157795335295,False
122,highlight_or_dark_patch,-0.039719626168224303,-1,222.43691588785046,121.44392523364486,74.90323579236372,74.90323579236372,74.90323579236372,0.0,0.0,0.29373817957789694,False
122,highlight_or_dark_patch,-0.039719626168224303,0,222.43691588785046,121.44392523364486,156.00595030133667,156.00595030133667,156.00595030133667,0.0,0.0,0.6117880403973986,False
122,highlight_or_dark_patch,-0.039719626168224303,1,222.43691588785046,121.44392523364486,144.5919529711446,144.5919529711446,144.5919529711446,0.0,0.0,0.5670272665535082,False
122,highlight_or_dark_patch,-0.039719626168224303,2,222.43691588785046,121.44392523364486,1.4401113170168922,1.4401113170168922,1.4401113170168922,0.0,0.0,0.0056474953608505575,False
122,highlight_or_dark_patch,-0.025700934579439255,-2,222.28271028037383,121.64018691588785,9.034076014872202,9.034076014872202,9.034076014872202,0.0,0.0,0.035427749077930205,False
122,highlight_or_dark_patch,-0.025700934579439255,-1,222.28271028037383,121.64018691588785,73.92948278379141,73.92948278379141,73.92948278379141,0.0,0.0,0.2899195403285938,False
122,highlight_or_dark_patch,-0.025700934579439255,0,222.28271028037383,121.64018691588785,153.57953751419308,153.57953751419308,153.57953751419308,0.0,0.0,0.6022726961340905,False
122,highlight_or_dark_patch,-0.025700934579439255,1,222.28271028037383,121.64018691588785,111.36460523290526,111.36460523290526,111.36460523290526,0.0,0.0,0.43672394208982457,False
122,highlight_or_dark_patch,-0.025700934579439255,2,222.28271028037383,121.64018691588785,2.2980470565250384,2.2980470565250384,2.2980470565250384,0.0,0.0,0.00901194924127466,False
122,highlight_or_dark_patch,-0.011682242990654207,-2,222.1285046728972,121.83644859813084,9.199194397523922,9.199194397523922,9.199194397523922,0.0,0.0,0.036075272147152636,False
122,highlight_or_dark_patch,-0.011682242990654207,-1,222.1285046728972,121.83644859813084,66.50215515123458,66.50215515123458,66.50215515123458,0.0,0.0,0.2607927652989591,False
122,highlight_or_dark_patch,-0.011682242990654207,0,222.1285046728972,121.83644859813084,148.79248187614564,148.79248187614564,148.79248187614564,0.0,0.0,0.5834999289260614,False
122,highlight_or_dark_patch,-0.011682242990654207,1,222.1285046728972,121.83644859813084,73.67302766065369,73.67302766065369,73.67302766065369,0.0,0.0,0.2889138339633478,False
122,highlight_or_dark_patch,-0.011682242990654207,2,222.1285046728972,121.83644859813084,2.6717483650785443,2.6717483650785443,2.6717483650785443,0.0,0.0,0.010477444568935467,False
122,highlight_or_dark_patch,0.0023364485981308136,-2,221.97429906542055,122.03271028037383,9.377085405606913,9.377085405606913,9.377085405606913,0.0,0.0,0.03677288394355652,False
122,highlight_or_dark_patch,0.0023364485981308136,-1,221.97429906542055,122.03271028037383,55.5211053220241,55.5211053220241,55.5211053220241,0.0,0.0,0.21772982479225136,False
122,highlight_or_dark_patch,0.0023364485981308136,0,221.97429906542055,122.03271028037383,136.26911739016376,136.26911739016376,136.26911739016376,0.0,0.0,0.534388695647701,False
122,highlight_or_dark_patch,0.0023364485981308136,1,221.97429906542055,122.03271028037383,40.279030663119414,40.279030663119414,40.279030663119414,0.0,0.0,0.15795698299262514,False
122,highlight_or_dark_patch,0.0023364485981308136,2,221.97429906542055,122.03271028037383,2.5612152426772283,2.5612152426772283,2.5612152426772283,0.0,0.0,0.010043981343832269,False
122,highlight_or_dark_patch,0.016355140186915862,-2,221.82009345794393,122.22897196261682,8.525978247910873,8.525978247910873,8.525978247910873,0.0,0.0,0.03343520881533676,False
122,highlight_or_dark_patch,0.016355140186915862,-1,221.82009345794393,122.22897196261682,43.2689401115567,43.2689401115567,43.2689401115567,0.0,0.0,0.1696821180845361,False
122,highlight_or_dark_patch,0.016355140186915862,0,221.82009345794393,122.22897196261682,99.23815398724771,99.23815398724771,99.23815398724771,0.0,0.0,0.38916923132254005,False
122,highlight_or_dark_patch,0.016355140186915862,1,221.82009345794393,122.22897196261682,11.182614240313114,11.182614240313114,11.182614240313114,0.0,0.0,0.04385338917769849,False
122,highlight_or_dark_patch,0.016355140186915862,2,221.82009345794393,122.22897196261682,1.9664476893214087,1.9664476893214087,1.9664476893214087,0.0,0.0,0.007711559565966308,False
122,highlight_or_dark_patch,0.03037383177570091,-2,221.6658878504673,122.42523364485982,6.645872924436225,6.645872924436225,6.645872924436225,0.0,0.0,0.026062246762495002,False
122,highlight_or_dark_patch,0.03037383177570091,-1,221.6658878504673,122.42523364485982,32.21927556343129,32.21927556343129,32.21927556343129,0.0,0.0,0.12635010024875015,False
122,highlight_or_dark_patch,0.03037383177570091,0,221.6658878504673,122.42523364485982,67.95747445191802,67.95747445191802,67.95747445191802,0.0,0.0,0.26649989981144323,False
122,highlight_or_dark_patch,0.03037383177570091,1,221.6658878504673,122.42523364485982,4.195855852067959,4.195855852067959,4.195855852067959,0.0,0.0,0.01645433667477631,False
122,highlight_or_dark_patch,0.03037383177570091,2,221.6658878504673,122.42523364485982,0.6752912213639058,0.6752912213639058,0.6752912213639058,0.0,0.0,0.0026482008680937482,False
122,highlight_or_dark_patch,0.04439252336448596,-2,221.51168224299064,122.6214953271028,3.7367694351830036,3.7367694351830036,3.7367694351830036,0.0,0.0,0.014653997785031387,False
122,highlight_or_dark_patch,0.04439252336448596,-1,221.51168224299064,122.6214953271028,28.663642221022748,28.663642221022748,28.663642221022748,0.0,0.0,0.11240644008244215,False
122,highlight_or_dark_patch,0.04439252336448596,0,221.51168224299064,122.6214953271028,42.4270787841724,42.4270787841724,42.4270787841724,0.0,0.0,0.16638070111440156,False
122,highlight_or_dark_patch,0.04439252336448596,1,221.51168224299064,122.6214953271028,2.8928142236087084,2.8928142236087084,2.8928142236087084,0.0,0.0,0.011344369504347876,False
122,highlight_or_dark_patch,0.04439252336448596,2,221.51168224299064,122.6214953271028,0.0,0.0,0.0,0.0,0.0,0.0,False
122,highlight_or_dark_patch,0.05841121495327101,-2,221.35747663551402,122.8177570093458,1.3604317101854764,1.3604317101854764,1.3604317101854764,0.0,0.0,0.005335026314452849,False
122,highlight_or_dark_patch,0.05841121495327101,-1,221.35747663551402,122.8177570093458,23.776364193488313,23.776364193488313,23.776364193488313,0.0,0.0,0.0932406438960326,False
122,highlight_or_dark_patch,0.05841121495327101,0,221.35747663551402,122.8177570093458,22.646966984015943,22.646966984015943,22.646966984015943,0.0,0.0,0.08881163523143507,False
122,highlight_or_dark_patch,0.05841121495327101,1,221.35747663551402,122.8177570093458,1.9993353297655443,1.9993353297655443,1.9993353297655443,0.0,0.0,0.007840530704962918,False
122,highlight_or_dark_patch,0.05841121495327101,2,221.35747663551402,122.8177570093458,0.0,0.0,0.0,0.0,0.0,0.0,False
122,highlight_or_dark_patch,0.07242990654205606,-2,221.2032710280374,123.01401869158879,2.2744847906616306,2.2744847906616306,2.2744847906616306,0.0,0.0,0.008919548198673062,False
122,highlight_or_dark_patch,0.07242990654205606,-1,221.2032710280374,123.01401869158879,17.280911907059853,17.280911907059853,17.280911907059853,0.0,0.0,0.06776828198847001,False
122,highlight_or_dark_patch,0.07242990654205606,0,221.2032710280374,123.01401869158879,8.824242291903577,8.824242291903577,8.824242291903577,0.0,0.0,0.034604871732955206,False
122,highlight_or_dark_patch,0.07242990654205606,1,221.2032710280374,123.01401869158879,1.4690322591383604,1.4690322591383604,1.4690322591383604,0.0,0.0,0.005760910820150433,False
122,highlight_or_dark_patch,0.07242990654205606,2,221.2032710280374,123.01401869158879,0.0,0.0,0.0,0.0,0.0,0.0,False
122,highlight_or_dark_patch,0.0864485981308411,-2,221.04906542056074,123.21028037383178,2.7043034401830717,2.7043034401830717,2.7043034401830717,0.0,0.0,0.010605111530129692,False
122,highlight_or_dark_patch,0.0864485981308411,-1,221.04906542056074,123.21028037383178,7.7020036171893915,7.7020036171893915,7.7020036171893915,0.0,0.0,0.030203935753683887,False
122,highlight_or_dark_patch,0.0864485981308411,0,221.04906542056074,123.21028037383178,1.7255437156079698,1.7255437156079698,1.7255437156079698,0.0,0.0,0.006766838100423411,False
122,highlight_or_dark_patch,0.0864485981308411,1,221.04906542056074,123.21028037383178,1.3019050117271442,1.3019050117271442,1.3019050117271442,0.0,0.0,0.00510550984991037,False
122,highlight_or_dark_patch,0.0864485981308411,2,221.04906542056074,123.21028037383178,0.0,0.0,0.0,0.0,0.0,0.0,False
122,highlight_or_dark_patch,0.10046728971962615,-2,220.8948598130841,123.40654205607477,2.6498876587499005,2.6498876587499005,2.6498876587499005,0.0,0.0,0.01039171630882314,False
122,highlight_or_dark_patch,0.10046728971962615,-1,220.8948598130841,123.40654205607477,1.3369320393924427,1.3369320393924427,1.3369320393924427,0.0,0.0,0.005242870742715461,False
122,highlight_or_dark_patch,0.10046728971962615,0,220.8948598130841,123.40654205607477,0.2102803738317789,0.2102803738317789,0.2102803738317789,0.0,0.0,0.0008246289169873682,False
122,highlight_or_dark_patch,0.10046728971962615,1,220.8948598130841,123.40654205607477,1.4979535875319545,1.4979535875319545,1.4979535875319545,0.0,0.0,0.005874327794242959,False
122,highlight_or_dark_patch,0.10046728971962615,2,220.8948598130841,123.40654205607477,0.11013519244940045,0.11013519244940045,0.11013519244940045,0.0,0.0,0.00043190271548784493,False
122,highlight_or_dark_patch,0.1144859813084112,-2,220.74065420560748,123.60280373831776,2.1112374463620887,2.1112374463620887,2.1112374463620887,0.0,0.0,0.008279362534753289,False
122,highlight_or_dark_patch,0.1144859813084112,-1,220.74065420560748,123.60280373831776,0.9257799674041102,0.9257799674041102,0.9257799674041102,0.0,0.0,0.0036305096760945498,False
122,highlight_or_dark_patch,0.1144859813084112,0,220.74065420560748,123.60280373831776,0.5186915887850319,0.5186915887850319,0.5186915887850319,0.0,0.0,0.002034084661902086,False
122,highlight_or_dark_patch,0.1144859813084112,1,220.74065420560748,123.60280373831776,1.880007657224818,1.880007657224818,1.880007657224818,0.0,0.0,0.007372579047940463,False
122,highlight_or_dark_patch,0.1144859813084112,2,220.74065420560748,123.60280373831776,0.12337884433228982,0.12337884433228982,0.12337884433228982,0.0,0.0,0.00048383860522466595,False
122,highlight_or_dark_patch,0.12850467289719625,-2,220.58644859813083,123.79906542056075,1.074945624170829,1.074945624170829,1.074945624170829,0.0,0.0,0.0042154730359640355,False
122,highlight_or_dark_patch,0.12850467289719625,-1,220.58644859813083,123.79906542056075,0.6962158070237465,0.6962158070237465,0.6962158070237465,0.0,0.0,0.00273025806675979,False
122,highlight_or_dark_patch,0.12850467289719625,0,220.58644859813083,123.79906542056075,0.8271028037383417,0.8271028037383417,0.8271028037383417,0.0,0.0,0.0032435404068170263,False
122,highlight_or_dark_patch,0.12850467289719625,1,220.58644859813083,123.79906542056075,1.6002605186168353,1.6002605186168353,1.6002605186168353,0.0,0.0,0.006275531445556217,False
122,highlight_or_dark_patch,0.12850467289719625,2,220.58644859813083,123.79906542056075,0.015563888476487035,0.015563888476487035,0.015563888476487035,0.0,0.0,6.1034856770537395e-05,False
122,highlight_or_dark_patch,0.1425233644859813,-2,220.4322429906542,123.99532710280374,0.026268272124867778,0.026268272124867778,0.026268272124867778,0.0,0.0,0.00010301283186222659,False
122,highlight_or_dark_patch,0.1425233644859813,-1,220.4322429906542,123.99532710280374,0.6482395582514111,0.6482395582514111,0.6482395582514111,0.0,0.0,0.002542115914711416,False
122,highlight_or_dark_patch,0.1425233644859813,0,220.4322429906542,123.99532710280374,1.1355140186915946,1.1355140186915946,1.1355140186915946,0.0,0.0,0.004452996151731743,False
122,highlight_or_dark_patch,0.1425233644859813,1,220.4322429906542,123.99532710280374,1.2918493036635823,1.2918493036635823,1.2918493036635823,0.0,0.0,0.005066075700641499,False
122,highlight_or_dark_patch,0.1425233644859813,2,220.4322429906542,123.99532710280374,0.4549199104036177,0.4549199104036177,0.4549199104036177,0.0,0.0,0.0017839996486416379,False
122,highlight_or_dark_patch,0.15654205607476634,-2,220.27803738317758,124.19158878504673,0.08552913611939758,0.08552913611939758,0.08552913611939758,0.0,0.0,0.000335408376938814,False
122,highlight_or_dark_patch,0.15654205607476634,-1,220.27803738317758,124.19158878504673,0.7818512210870658,0.7818512210870658,0.7818512210870658,0.0,0.0,0.003066083219949278,False
122,highlight_or_dark_patch,0.15654205607476634,0,220.27803738317758,124.19158878504673,1.6355140186915804,1.6355140186915804,1.6355140186915804,0.0,0.0,0.006413780465457178,False
122,highlight_or_dark_patch,0.15654205607476634,1,220.27803738317758,124.19158878504673,0.9834380887103293,0.9834380887103293,0.9834380887103293,0.0,0.0,0.003856619955726782,False
122,highlight_or_dark_patch,0.15654205607476634,2,220.27803738317758,124.19158878504673,0.8967762546435725,0.8967762546435725,0.8967762546435725,0.0,0.0,0.003516769626053225,False
122,highlight_or_dark_patch,0.1705607476635514,-2,220.12383177570092,124.38785046728972,0.11428157867302835,0.11428157867302835,0.11428157867302835,0.0,0.0,0.00044816305361971903,False
122,highlight_or_dark_patch,0.1705607476635514,-1,220.12383177570092,124.38785046728972,1.174027751731714,1.174027751731714,1.174027751731714,0.0,0.0,0.0046040303989478976,False
122,highlight_or_dark_patch,0.1705607476635514,0,220.12383177570092,124.38785046728972,2.140186915887881,2.140186915887881,2.140186915887881,0.0,0.0,0.008392889866226985,False
122,highlight_or_dark_patch,0.1705607476635514,1,220.12383177570092,124.38785046728972,0.6750268737570195,0.6750268737570195,0.6750268737570195,0.0,0.0,0.002647164210811841,False
122,highlight_or_dark_patch,0.1705607476635514,2,220.12383177570092,124.38785046728972,1.1414804733792536,1.1414804733792536,1.1414804733792536,0.0,0.0,0.004476394013251975,False
122,highlight_or_dark_patch,0.18457943925233644,-2,219.9696261682243,124.58411214953271,0.08250471735731278,0.08250471735731278,0.08250471735731278,0.0,0.0,0.00032354791120514816,False
122,highlight_or_dark_patch,0.18457943925233644,-1,219.9696261682243,124.58411214953271,1.286177284441976,1.286177284441976,1.286177284441976,0.0,0.0,0.0050438324880077495,False
122,highlight_or_dark_patch,0.18457943925233644,0,219.9696261682243,124.58411214953271,2.505622761813252,2.505622761813252,2.505622761813252,0.0,0.0,0.009825971614953929,False
122,highlight_or_dark_patch,0.18457943925233644,1,219.9696261682243,124.58411214953271,0.36661565880376656,0.36661565880376656,0.36661565880376656,0.0,0.0,0.0014377084658971238,False
122,highlight_or_dark_patch,0.18457943925233644,2,219.9696261682243,124.58411214953271,1.1786400380233624,1.1786400380233624,1.1786400380233624,0.0,0.0,0.0046221177961700485,False
122,highlight_or_dark_patch,0.1985981308411215,-2,219.81542056074767,124.7803738317757,0.060481782542099315,0.060481782542099315,0.060481782542099315,0.0,0.0,0.0002371834609494091,False
122,highlight_or_dark_patch,0.1985981308411215,-1,219.81542056074767,124.7803738317757,1.3983268171522383,1.3983268171522383,1.3983268171522383,0.0,0.0,0.005483634577067601,False
122,highlight_or_dark_patch,0.1985981308411215,0,219.81542056074767,124.7803738317757,2.267173988994689,2.267173988994689,2.267173988994689,0.0,0.0,0.008890878388214467,False
122,highlight_or_dark_patch,0.1985981308411215,1,219.81542056074767,124.7803738317757,0.06293507637298457,0.06293507637298457,0.06293507637298457,0.0,0.0,0.0002468042210705277,False
122,highlight_or_dark_patch,0.1985981308411215,2,219.81542056074767,124.7803738317757,1.0342116910594807,1.0342116910594807,1.0342116910594807,0.0,0.0,0.004055732121801886,False
122,highlight_or_dark_patch,0.21261682242990654,-2,219.66121495327104,124.9766355140187,0.7361192556483018,0.7361192556483018,0.7361192556483018,0.0,0.0,0.0028867421790129484,False
122,highlight_or_dark_patch,0.21261682242990654,-1,219.66121495327104,124.9766355140187,1.5104763498625005,1.5104763498625005,1.5104763498625005,0.0,0.0,0.0059234366661274525,False
122,highlight_or_dark_patch,0.21261682242990654,0,219.66121495327104,124.9766355140187,1.9681959123067958,1.9681959123067958,1.9681959123067958,0.0,0.0,0.007718415342379591,False
122,highlight_or_dark_patch,0.21261682242990654,1,219.66121495327104,124.9766355140187,0.13466652432047815,0.13466652432047815,0.13466652432047815,0.0,0.0,0.0005281040169430516,False
122,highlight_or_dark_patch,0.21261682242990654,2,219.66121495327104,124.9766355140187,0.7081954324876089,0.7081954324876089,0.7081954324876089,0.0,0.0,0.002777236990147486,False
122,highlight_or_dark_patch,0.2266355140186916,-2,219.5070093457944,125.17289719626169,1.2906981210158213,1.2906981210158213,1.2906981210158213,0.0,0.0,0.005061561258885574,False
122,highlight_or_dark_patch,0.2266355140186916,-1,219.5070093457944,125.17289719626169,1.6226258825728195,1.6226258825728195,1.6226258825728195,0.0,0.0,0.006363238755187527,False
122,highlight_or_dark_patch,0.2266355140186916,0,219.5070093457944,125.17289719626169,1.5186042449122046,1.5186042449122046,1.5186042449122046,0.0,0.0,0.005955310764361586,False
122,highlight_or_dark_patch,0.2266355140186916,1,219.5070093457944,125.17289719626169,0.46511285781640666,0.46511285781640666,0.46511285781640666,0.0,0.0,0.001823971991436889,False
122,highlight_or_dark_patch,0.2266355140186916,2,219.5070093457944,125.17289719626169,0.17588418330497424,0.17588418330497424,0.17588418330497424,0.0,0.0,0.0006897418953136245,False
122,highlight_or_dark_patch,0.24065420560747663,-2,219.35280373831776,125.36915887850468,1.7831499782587044,1.7831499782587044,1.7831499782587044,0.0,0.0,0.006992745012779232,False
122,highlight_or_dark_patch,0.24065420560747663,-1,219.35280373831776,125.36915887850468,1.7347754152830817,1.7347754152830817,1.7347754152830817,0.0,0.0,0.006803040844247379,False
122,highlight_or_dark_patch,0.24065420560747663,0,219.35280373831776,125.36915887850468,1.1670888287186747,1.1670888287186747,1.1670888287186747,0.0,0.0,0.004576818936151666,False
122,highlight_or_dark_patch,0.24065420560747663,1,219.35280373831776,125.36915887850468,0.9771471029202948,0.9771471029202948,0.9771471029202948,0.0,0.0,0.0038319494232168425,False
122,highlight_or_dark_patch,0.24065420560747663,2,219.35280373831776,125.36915887850468,0.31249382836510153,0.31249382836510153,0.31249382836510153,0.0,0.0,0.0012254659935886335,False
122,highlight_or_dark_patch,0.2546728971962616,-2,219.19859813084113,125.56542056074767,2.127699446263407,2.127699446263407,2.127699446263407,0.0,0.0,0.0083439193971114,False
122,highlight_or_dark_patch,0.2546728971962616,-1,219.19859813084113,125.56542056074767,1.8016743569839804,1.8016743569839804,1.8016743569839804,0.0,0.0,0.0070653896352312956,False
122,highlight_or_dark_patch,0.2546728971962616,0,219.19859813084113,125.56542056074767,0.9366320202638048,0.9366320202638048,0.9366320202638048,0.0,0.0,0.0036730667461325676,False
122,highlight_or_dark_patch,0.2546728971962616,1,219.19859813084113,125.56542056074767,1.670769259632173,1.670769259632173,1.670769259632173,0.0,0.0,0.006552036312283032,False
122,highlight_or_dark_patch,0.2546728971962616,2,219.19859813084113,125.56542056074767,0.6192839284271872,0.6192839284271872,0.6192839284271872,0.0,0.0,0.0024285644252046556,False
122,highlight_or_dark_patch,0.26869158878504673,-2,219.04439252336448,125.76168224299066,2.230131698790733,2.230131698790733,2.230131698790733,0.0,0.0,0.008745614505061698,False
122,highlight_or_dark_patch,0.26869158878504673,-1,219.04439252336448,125.76168224299066,1.4512070672643347,1.4512070672643347,1.4512070672643347,0.0,0.0,0.00569100810691896,False
122,highlight_or_dark_patch,0.26869158878504673,0,219.04439252336448,125.76168224299066,0.827233819547553,0.827233819547553,0.827233819547553,0.0,0.0,0.0032440541943041298,False
122,highlight_or_dark_patch,0.26869158878504673,1,219.04439252336448,125.76168224299066,2.5831060584847876,2.5831060584847876,2.5831060584847876,0.0,0.0,0.0101298276803325,False
122,highlight_or_dark_patch,0.26869158878504673,2,219.04439252336448,125.76168224299066,0.7444861168812377,0.7444861168812377,0.7444861168812377,0.0,0.0,0.0029195533995342656,False
122,highlight_or_dark_patch,0.2827102803738317,-2,218.89018691588785,125.95794392523365,1.7320601579679504,1.7320601579679504,1.7320601579679504,0.0,0.0,0.006792392776344904,False
122,highlight_or_dark_patch,0.2827102803738317,-1,218.89018691588785,125.95794392523365,1.1007397775447174,1.1007397775447174,1.1007397775447174,0.0,0.0,0.004316626578606735,False
122,highlight_or_dark_patch,0.2827102803738317,0,218.89018691588785,125.95794392523365,1.497772731242899,1.497772731242899,1.497772731242899,0.0,0.0,0.005873618553893721,False
122,highlight_or_dark_patch,0.2827102803738317,1,218.89018691588785,125.95794392523365,3.6381053348229884,3.6381053348229884,3.6381053348229884,0.0,0.0,0.014267079744403876,False
122,highlight_or_dark_patch,0.2827102803738317,2,218.89018691588785,125.95794392523365,0.6881003937273262,0.6881003937273262,0.6881003937273262,0.0,0.0,0.00269843291657775,False
122,highlight_or_dark_patch,0.2967289719626168,-2,218.73598130841123,126.15420560747664,1.2273872607717067,1.2273872607717067,1.2273872607717067,0.0,0.0,0.004813283375575321,False
122,highlight_or_dark_patch,0.2967289719626168,-1,218.73598130841123,126.15420560747664,0.7502724878251001,0.7502724878251001,0.7502724878251001,0.0,0.0,0.0029422450502945103,False
122,highlight_or_dark_patch,0.2967289719626168,0,218.73598130841123,126.15420560747664,1.9623220368590553,1.9623220368590553,1.9623220368590553,0.0,0.0,0.007695380536702177,False
122,highlight_or_dark_patch,0.2967289719626168,1,218.73598130841123,126.15420560747664,4.404141114368614,4.404141114368614,4.404141114368614,0.0,0.0,0.017271141624974957,False
122,highlight_or_dark_patch,0.2967289719626168,2,218.73598130841123,126.15420560747664,0.45012675896542453,0.45012675896542453,0.45012675896542453,0.0,0.0,0.001765202976334998,False
122,highlight_or_dark_patch,0.3107476635514018,-2,218.58177570093457,126.35046728971963,0.7227143635754061,0.7227143635754061,0.7227143635754061,0.0,0.0,0.0028341739748055142,False
122,highlight_or_dark_patch,0.3107476635514018,-1,218.58177570093457,126.35046728971963,0.39980519810545445,0.39980519810545445,0.39980519810545445,0.0,0.0,0.0015678635219821744,False
122,highlight_or_dark_patch,0.3107476635514018,0,218.58177570093457,126.35046728971963,2.0077845226657454,2.0077845226657454,2.0077845226657454,0.0,0.0,0.00787366479476763,False
122,highlight_or_dark_patch,0.3107476635514018,1,218.58177570093457,126.35046728971963,4.284594716010911,4.284594716010911,4.284594716010911,0.0,0.0,0.01680233221965063,False
122,highlight_or_dark_patch,0.3107476635514018,2,218.58177570093457,126.35046728971963,0.14434001754250178,0.14434001754250178,0.14434001754250178,0.0,0.0,0.0005660392844803992,False
122,highlight_or_dark_patch,0.3247663551401869,-2,218.42757009345794,126.54672897196262,0.21804146637916233,0.21804146637916233,0.21804146637916233,0.0,0.0,0.0008550645740359307,False
122,highlight_or_dark_patch,0.3247663551401869,-1,218.42757009345794,126.54672897196262,0.43740311930926445,0.43740311930926445,0.43740311930926445,0.0,0.0,0.0017153063502324097,False
122,highlight_or_dark_patch,0.3247663551401869,0,218.42757009345794,126.54672897196262,1.750600489125665,1.750600489125665,1.750600489125665,0.0,0.0,0.006865099957355549,False
122,highlight_or_dark_patch,0.3247663551401869,1,218.42757009345794,126.54672897196262,4.043989709914663,4.043989709914663,4.043989709914663,0.0,0.0,0.015858783176135934,False
122,highlight_or_dark_patch,0.3247663551401869,2,218.42757009345794,126.54672897196262,0.36589612373789393,0.36589612373789393,0.36589612373789393,0.0,0.0,0.0014348867597564468,False
122,highlight_or_dark_patch,0.3387850467289719,-2,218.27336448598132,126.74299065420561,0.31949278549326693,0.31949278549326693,0.31949278549326693,0.0,0.0,0.0012529128842873212,False
122,highlight_or_dark_patch,0.3387850467289719,-1,218.27336448598132,126.74299065420561,0.7167043620208928,0.7167043620208928,0.7167043620208928,0.0,0.0,0.0028106053412584034,False
122,highlight_or_dark_patch,0.3387850467289719,0,218.27336448598132,126.74299065420561,1.1907699362389343,1.1907699362389343,1.1907699362389343,0.0,0.0,0.004669686024466409,False
122,highlight_or_dark_patch,0.3387850467289719,1,218.27336448598132,126.74299065420561,3.0694519617600173,3.0694519617600173,3.0694519617600173,0.0,0.0,0.01203706651670595,False
122,highlight_or_dark_patch,0.3387850467289719,2,218.27336448598132,126.74299065420561,0.5029497153535049,0.5029497153535049,0.5029497153535049,0.0,0.0,0.0019723518249157054,False
122,highlight_or_dark_patch,0.352803738317757,-2,218.11915887850466,126.9392523364486,0.5086017838740252,0.5086017838740252,0.5086017838740252,0.0,0.0,0.0019945167995059814,False
122,highlight_or_dark_patch,0.352803738317757,-1,218.11915887850466,126.9392523364486,1.0088354285926984,1.0088354285926984,1.0088354285926984,0.0,0.0,0.00395621736703019,False
122,highlight_or_dark_patch,0.352803738317757,0,218.11915887850466,126.9392523364486,0.32829286400556207,0.32829286400556207,0.32829286400556207,0.0,0.0,0.0012874229961002434,False
122,highlight_or_dark_patch,0.352803738317757,1,218.11915887850466,126.9392523364486,2.022291523677077,2.022291523677077,2.022291523677077,0.0,0.0,0.007930554994812065,False
122,highlight_or_dark_patch,0.352803738317757,2,218.11915887850466,126.9392523364486,0.5189446992304441,0.5189446992304441,0.5189446992304441,0.0,0.0,0.0020350772518840945,False
122,highlight_or_dark_patch,0.366822429906542,-2,217.96495327102804,127.1355140186916,0.581566534471703,0.581566534471703,0.581566534471703,0.0,0.0,0.0022806530763596197,False
122,highlight_or_dark_patch,0.366822429906542,-1,217.96495327102804,127.1355140186916,1.131919253799833,1.131919253799833,1.131919253799833,0.0,0.0,0.0044388990345091495,False
122,highlight_or_dark_patch,0.366822429906542,0,217.96495327102804,127.1355140186916,0.03504672897196315,0.03504672897196315,0.03504672897196315,0.0,0.0,0.00013743815283122804,False
122,highlight_or_dark_patch,0.366822429906542,1,217.96495327102804,127.1355140186916,1.3383069088102373,1.3383069088102373,1.3383069088102373,0.0,0.0,0.005248262387491127,False
122,highlight_or_dark_patch,0.366822429906542,2,217.96495327102804,127.1355140186916,0.41388107536872354,0.41388107536872354,0.41388107536872354,0.0,0.0,0.001623063040661661,False
122,highlight_or_dark_patch,0.3808411214953271,-2,217.8107476635514,127.33177570093459,0.5334726773306944,0.5334726773306944,0.5334726773306944,0.0,0.0,0.0020920497150223307,False
122,highlight_or_dark_patch,0.3808411214953271,-1,217.8107476635514,127.33177570093459,1.1339444712683078,1.1339444712683078,1.1339444712683078,0.0,0.0,0.004446841063797285,False
122,highlight_or_dark_patch,0.3808411214953271,0,217.8107476635514,127.33177570093459,0.18925233644858963,0.18925233644858963,0.18925233644858963,0.0,0.0,0.0007421660252885868,False
122,highlight_or_dark_patch,0.3808411214953271,1,217.8107476635514,127.33177570093459,1.017498117159378,1.017498117159378,1.017498117159378,0.0,0.0,0.003990188694742659,False
122,highlight_or_dark_patch,0.3808411214953271,2,217.8107476635514,127.33177570093459,0.23811098590655888,0.23811098590655888,0.23811098590655888,0.0,0.0,0.0009337685721825838,False
122,highlight_or_dark_patch,0.3948598130841121,-2,217.65654205607476,127.52803738317758,0.36432021245107415,0.36432021245107415,0.36432021245107415,0.0,0.0,0.0014287067154944084,False
122,highlight_or_dark_patch,0.3948598130841121,-1,217.65654205607476,127.52803738317758,1.0003218671134568,1.0003218671134568,1.0003218671134568,0.0,0.0,0.003922830851425321,False
122,highlight_or_dark_patch,0.3948598130841121,0,217.65654205607476,127.52803738317758,0.34345794392524454,0.34345794392524454,0.34345794392524454,0.0,0.0,0.001346893897746057,False
122,highlight_or_dark_patch,0.3948598130841121,1,217.65654205607476,127.52803738317758,0.8702237172523439,0.8702237172523439,0.8702237172523439,0.0,0.0,0.0034126420284405646,False
122,highlight_or_dark_patch,0.3948598130841121,2,217.65654205607476,127.52803738317758,0.08390537842990398,0.08390537842990398,0.08390537842990398,0.0,0.0,0.00032904069972511363,False
122,highlight_or_dark_patch,0.4088785046728972,-2,217.50233644859813,127.72429906542057,0.07410913983272535,0.07410913983272535,0.07410913983272535,0.0,0.0,0.00029062407777539356,False
122,highlight_or_dark_patch,0.4088785046728972,-1,217.50233644859813,127.72429906542057,1.1098976565281748,1.1098976565281748,1.1098976565281748,0.0,0.0,0.004352539829522255,False
122,highlight_or_dark_patch,0.4088785046728972,0,217.50233644859813,127.72429906542057,0.497663551401871,0.497663551401871,0.497663551401871,0.0,0.0,0.0019516217702034158,False
122,highlight_or_dark_patch,0.4088785046728972,1,217.50233644859813,127.72429906542057,0.7462557953226115,0.7462557953226115,0.7462557953226115,0.0,0.0,0.0029264933149906335,False
122,highlight_or_dark_patch,0.4088785046728972,2,217.50233644859813,127.72429906542057,0.0,0.0,0.0,0.0,0.0,0.0,False
122,highlight_or_dark_patch,0.4228971962616822,-2,217.3481308411215,127.92056074766356,0.2500738624357021,0.2500738624357021,0.2500738624357021,0.0,0.0,0.0009806818134733416,False
122,highlight_or_dark_patch,0.4228971962616822,-1,217.3481308411215,127.92056074766356,1.5221199652895874,1.5221199652895874,1.5221199652895874,0.0,0.0,0.005969097903096421,False
122,highlight_or_dark_patch,0.4228971962616822,0,217.3481308411215,127.92056074766356,0.6518691588784975,0.6518691588784975,0.6518691588784975,0.0,0.0,0.0025563496426607747,False
122,highlight_or_dark_patch,0.4228971962616822,1,217.3481308411215,127.92056074766356,0.6944690329327332,0.6944690329327332,0.6944690329327332,0.0,0.0,0.002723407972285228,False
122,highlight_or_dark_patch,0.4228971962616822,2,217.3481308411215,127.92056074766356,0.0,0.0,0.0,0.0,0.0,0.0,False
122,highlight_or_dark_patch,0.4369158878504673,-2,217.19392523364485,128.11682242990653,0.7825931466705042,0.7825931466705042,0.7825931466705042,0.0,0.0,0.003068992732041193,False
122,highlight_or_dark_patch,0.4369158878504673,-1,217.19392523364485,128.11682242990653,2.165632610689855,2.165632610689855,2.165632610689855,0.0,0.0,0.008492676904666098,False
122,highlight_or_dark_patch,0.4369158878504673,0,217.19392523364485,128.11682242990653,0.779871604506952,0.779871604506952,0.779871604506952,0.0,0.0,0.003058320017674322,False
122,highlight_or_dark_patch,0.4369158878504673,1,217.19392523364485,128.11682242990653,0.7032115744121622,0.7032115744121622,0.7032115744121622,0.0,0.0,0.002757692448675146,False
122,highlight_or_dark_patch,0.4369158878504673,2,217.19392523364485,128.11682242990653,0.0,0.0,0.0,0.0,0.0,0.0,False
122,highlight_or_dark_patch,0.4509345794392523,-2,217.03971962616822,128.31308411214954,1.375641734774553,1.375641734774553,1.375641734774553,0.0,0.0,0.00539467346970413,False
122,highlight_or_dark_patch,0.4509345794392523,-1,217.03971962616822,128.31308411214954,2.3189100523522956,2.3189100523522956,2.3189100523522956,0.0,0.0,0.009093764911185473,False
122,highlight_or_dark_patch,0.4509345794392523,0,217.03971962616822,128.31308411214954,0.6969385972573959,0.6969385972573959,0.6969385972573959,0.0,0.0,0.0027330925382642976,False
122,highlight_or_dark_patch,0.4509345794392523,1,217.03971962616822,128.31308411214954,0.772483419760958,0.772483419760958,0.772483419760958,0.0,0.0,0.00302934674416062,False
122,highlight_or_dark_patch,0.4509345794392523,2,217.03971962616822,128.31308411214954,0.03617137448672218,0.03617137448672218,0.03617137448672218,0.0,0.0,0.00014184852739891051,False
122,highlight_or_dark_patch,0.4649532710280374,-2,216.8855140186916,128.50934579439252,2.029219626747921,2.029219626747921,2.029219626747921,0.0,0.0,0.007957724026462436,False
122,highlight_or_dark_patch,0.4649532710280374,-1,216.8855140186916,128.50934579439252,2.1009322106219583,2.1009322106219583,2.1009322106219583,0.0,0.0,0.008238949845576308,False
122,highlight_or_dark_patch,0.4649532710280374,0,216.8855140186916,128.50934579439252,0.4906542056074841,0.4906542056074841,0.4906542056074841,0.0,0.0,0.0019241341396371925,False
122,highlight_or_dark_patch,0.4649532710280374,1,216.8855140186916,128.50934579439252,0.9022845689790626,0.9022845689790626,0.9022845689790626,0.0,0.0,0.003538370858741422,False
122,highlight_or_dark_patch,0.4649532710280374,2,216.8855140186916,128.50934579439252,0.0856353700499618,0.0856353700499618,0.0856353700499618,0.0,0.0,0.0003358249805880855,False
122,highlight_or_dark_patch,0.4789719626168224,-2,216.73130841121497,128.70560747663552,2.7433268225906344,2.7433268225906344,2.7433268225906344,0.0,0.0,0.010758144402316214,False
122,highlight_or_dark_patch,0.4789719626168224,-1,216.73130841121497,128.70560747663552,1.7202957670372458,1.7202957670372458,1.7202957670372458,0.0,0.0,0.006746257909949984,False
122,highlight_or_dark_patch,0.4789719626168224,0,216.73130841121497,128.70560747663552,0.2943925233644791,0.2943925233644791,0.2943925233644791,0.0,0.0,0.0011544804837822708,False
122,highlight_or_dark_patch,0.4789719626168224,1,216.73130841121497,128.70560747663552,0.8620332450518448,0.8620332450518448,0.8620332450518448,0.0,0.0,0.0033805225296150774,False
122,highlight_or_dark_patch,0.4789719626168224,2,216.73130841121497,128.70560747663552,0.07457006174388024,0.07457006174388024,0.07457006174388024,0.0,0.0,0.0002924316146818833,False
122,highlight_or_dark_patch,0.4929906542056075,-2,216.5771028037383,128.9018691588785,2.933357083125601,2.933357083125601,2.933357083125601,0.0,0.0,0.011503361110296475,False
122,highlight_or_dark_patch,0.4929906542056075,-1,216.5771028037383,128.9018691588785,1.2791300195830884,1.2791300195830884,1.2791300195830884,0.0,0.0,0.005016196155227797,False
122,highlight_or_dark_patch,0.4929906542056075,0,216.5771028037383,128.9018691588785,0.0981308411215025,0.0981308411215025,0.0981308411215025,0.0,0.0,0.0003848268279274608,False
122,highlight_or_dark_patch,0.4929906542056075,1,216.5771028037383,128.9018691588785,0.5661640300460029,0.5661640300460029,0.5661640300460029,0.0,0.0,0.0022202510982196194,False
122,highlight_or_dark_patch,0.4929906542056075,2,216.5771028037383,128.9018691588785,0.002975449568445191,0.002975449568445191,0.002975449568445191,0.0,0.0,1.1668429680177219e-05,False
122,highlight_or_dark_patch,0.5070093457943925,-2,216.4228971962617,129.0981308411215,2.6530024217850343,2.6530024217850343,2.6530024217850343,0.0,0.0,0.010403931065823664,False
122,highlight_or_dark_patch,0.5070093457943925,-1,216.4228971962617,129.0981308411215,0.7774349682597054,0.7774349682597054,0.7774349682597054,0.0,0.0,0.003048764581410609,False
122,highlight_or_dark_patch,0.5070093457943925,0,216.4228971962617,129.0981308411215,0.11326316708883612,0.11326316708883612,0.11326316708883612,0.0,0.0,0.0004441692827013181,False
122,highlight_or_dark_patch,0.5070093457943925,1,216.4228971962617,129.0981308411215,0.33082411890949465,0.33082411890949465,0.33082411890949465,0.0,0.0,0.0012973494859195868,False
122,highlight_or_dark_patch,0.5070093457943925,2,216.4228971962617,129.0981308411215,0.020591014906858284,0.020591014906858284,0.020591014906858284,0.0,0.0,8.074907806611092e-05,False
122,highlight_or_dark_patch,0.5210280373831776,-2,216.26869158878503,129.29439252336448,1.5815772441113793,1.5815772441113793,1.5815772441113793,0.0,0.0,0.006202263702397566,False
122,highlight_or_dark_patch,0.5210280373831776,-1,216.26869158878503,129.29439252336448,0.2152106130668755,0.2152106130668755,0.2152106130668755,0.0,0.0,0.000843963188497551,False
122,highlight_or_dark_patch,0.5210280373831776,0,216.26869158878503,129.29439252336448,0.4305834570704852,0.4305834570704852,0.4305834570704852,0.0,0.0,0.0016885625767470006,False
122,highlight_or_dark_patch,0.5210280373831776,1,216.26869158878503,129.29439252336448,0.15601351164232533,0.15601351164232533,0.15601351164232533,0.0,0.0,0.0006118176927150013,False
122,highlight_or_dark_patch,0.5210280373831776,2,216.26869158878503,129.29439252336448,0.0,0.0,0.0,0.0,0.0,0.0,False
122,highlight_or_dark_patch,0.5350467289719626,-2,216.1144859813084,129.49065420560748,0.7522692819150243,0.7522692819150243,0.7522692819150243,0.0,0.0,0.0029500756153530362,False
122,highlight_or_dark_patch,0.5350467289719626,-1,216.1144859813084,129.49065420560748,0.20915168625681116,0.20915168625681116,0.20915168625681116,0.0,0.0,0.000820202691203181,False
122,highlight_or_dark_patch,0.5350467289719626,0,216.1144859813084,129.49065420560748,0.8689623547908303,0.8689623547908303,0.8689623547908303,0.0,0.0,0.0034076955089836483,False
122,highlight_or_dark_patch,0.5350467289719626,1,216.1144859813084,129.49065420560748,0.041732208244487104,0.041732208244487104,0.041732208244487104,0.0,0.0,0.00016365571860583179,False
122,highlight_or_dark_patch,0.5350467289719626,2,216.1144859813084,129.49065420560748,0.0,0.0,0.0,0.0,0.0,0.0,False
122,highlight_or_dark_patch,0.5490654205607477,-2,215.96028037383178,129.68691588785046,0.1650785351960677,0.1650785351960677,0.1650785351960677,0.0,0.0,0.0006473668046904615,False
122,highlight_or_dark_patch,0.5490654205607477,-1,215.96028037383178,129.68691588785046,0.5840234342349382,0.5840234342349382,0.5840234342349382,0.0,0.0,0.0022902879773919146,False
122,highlight_or_dark_patch,0.5490654205607477,0,215.96028037383178,129.68691588785046,1.3192636911520572,1.3192636911520572,1.3192636911520572,0.0,0.0,0.005173583102557087,False
122,highlight_or_dark_patch,0.5490654205607477,1,215.96028037383178,129.68691588785046,0.024039582568023438,0.024039582568023438,0.024039582568023438,0.0,0.0,9.427287281577818e-05,False
122,highlight_or_dark_patch,0.5490654205607477,2,215.96028037383178,129.68691588785046,0.0,0.0,0.0,0.0,0.0,0.0,False
122,highlight_or_dark_patch,0.5630841121495327,-2,215.80607476635515,129.88317757009347,0.2952876997834078,0.2952876997834078,0.2952876997834078,0.0,0.0,0.0011579909795427757,False
122,highlight_or_dark_patch,0.5630841121495327,-1,215.80607476635515,129.88317757009347,1.0194244860824027,1.0194244860824027,1.0194244860824027,0.0,0.0,0.003997743082676089,False
122,highlight_or_dark_patch,0.5630841121495327,0,215.80607476635515,129.88317757009347,1.423814306926403,1.423814306926403,1.423814306926403,0.0,0.0,0.005583585517358444,False
122,highlight_or_dark_patch,0.5630841121495327,1,215.80607476635515,129.88317757009347,0.01048497388637085,0.01048497388637085,0.01048497388637085,0.0,0.0,4.1117544652434704e-05,False
122,highlight_or_dark_patch,0.5630841121495327,2,215.80607476635515,129.88317757009347,0.0,0.0,0.0,0.0,0.0,0.0,False
122,highlight_or_dark_patch,0.5771028037383178,-2,215.6518691588785,130.07943925233644,0.9773781129910163,0.9773781129910163,0.9773781129910163,0.0,0.0,0.003832855345062809,False
122,highlight_or_dark_patch,0.5771028037383178,-1,215.6518691588785,130.07943925233644,1.5153548417992622,1.5153548417992622,1.5153548417992622,0.0,0.0,0.00594256800705593,False
122,highlight_or_dark_patch,0.5771028037383178,0,215.6518691588785,130.07943925233644,1.3555223163594885,1.3555223163594885,1.3555223163594885,0.0,0.0,0.005315773789645053,False
122,highlight_or_dark_patch,0.5771028037383178,1,215.6518691588785,130.07943925233644,0.0,0.0,0.0,0.0,0.0,0.0,False
122,highlight_or_dark_patch,0.5771028037383178,2,215.6518691588785,130.07943925233644,0.0,0.0,0.0,0.0,0.0,0.0,False
122,highlight_or_dark_patch,0.5911214953271028,-2,215.49766355140187,130.27570093457945,1.9015857416760198,1.9015857416760198,1.9015857416760198,0.0,0.0,0.007457198986964783,False
122,highlight_or_dark_patch,0.5911214953271028,-1,215.49766355140187,130.27570093457945,2.0718145013853966,2.0718145013853966,2.0718145013853966,0.0,0.0,0.008124762750530966,False
122,highlight_or_dark_patch,0.5911214953271028,0,215.49766355140187,130.27570093457945,1.1325334090313648,1.1325334090313648,1.1325334090313648,0.0,0.0,0.004441307486397509,False
122,highlight_or_dark_patch,0.5911214953271028,1,215.49766355140187,130.27570093457945,0.0,0.0,0.0,0.0,0.0,0.0,False
122,highlight_or_dark_patch,0.5911214953271028,2,215.49766355140187,130.27570093457945,0.0,0.0,0.0,0.0,0.0,0.0,False
122,highlight_or_dark_patch,0.6051401869158879,-2,215.34345794392524,130.47196261682242,2.6665355376211872,2.6665355376211872,2.6665355376211872,0.0,0.0,0.010457002108318382,False
122,highlight_or_dark_patch,0.6051401869158879,-1,215.34345794392524,130.47196261682242,2.422881635187708,2.422881635187708,2.422881635187708,0.0,0.0,0.009501496608579248,False
122,highlight_or_dark_patch,0.6051401869158879,0,215.34345794392524,130.47196261682242,0.8490151978338968,0.8490151978338968,0.8490151978338968,0.0,0.0,0.003329471364054497,False
122,highlight_or_dark_patch,0.6051401869158879,1,215.34345794392524,130.47196261682242,0.0,0.0,0.0,0.0,0.0,0.0,False
122,highlight_or_dark_patch,0.6051401869158879,2,215.34345794392524,130.47196261682242,0.0,0.0,0.0,0.0,0.0,0.0,False
122,highlight_or_dark_patch,0.6191588785046729,-2,215.1892523364486,130.66822429906543,2.8232572603546195,2.8232572603546195,2.8232572603546195,0.0,0.0,0.01107159709942988,False
122,highlight_or_dark_patch,0.6191588785046729,-1,215.1892523364486,130.66822429906543,2.0895381937651747,2.0895381937651747,2.0895381937651747,0.0,0.0,0.008194267426530098,False
122,highlight_or_dark_patch,0.6191588785046729,0,215.1892523364486,130.66822429906543,0.5049676827670327,0.5049676827670327,0.5049676827670327,0.0,0.0,0.001980265422615815,False
122,highlight_or_dark_patch,0.6191588785046729,1,215.1892523364486,130.66822429906543,0.0,0.0,0.0,0.0,0.0,0.0,False
122,highlight_or_dark_patch,0.6191588785046729,2,215.1892523364486,130.66822429906543,0.0,0.0,0.0,0.0,0.0,0.0,False
122,highlight_or_dark_patch,0.633177570093458,-2,215.03504672897196,130.8644859813084,2.5524271936249927,2.5524271936249927,2.5524271936249927,0.0,0.0,0.010009518406372521,False
122,highlight_or_dark_patch,0.633177570093458,-1,215.03504672897196,130.8644859813084,1.2756435241701138,1.2756435241701138,1.2756435241701138,0.0,0.0,0.005002523624196525,False
122,highlight_or_dark_patch,0.633177570093458,0,215.03504672897196,130.8644859813084,0.10039086383090358,0.10039086383090358,0.10039086383090358,0.0,0.0,0.0003936896620819748,False
122,highlight_or_dark_patch,0.633177570093458,1,215.03504672897196,130.8644859813084,0.0,0.0,0.0,0.0,0.0,0.0,False
122,highlight_or_dark_patch,0.633177570093458,2,215.03504672897196,130.8644859813084,0.0,0.0,0.0,0.0,0.0,0.0,False
122,highlight_or_dark_patch,0.647196261682243,-2,214.88084112149534,131.0607476635514,2.082724462346589,2.082724462346589,2.082724462346589,0.0,0.0,0.008167546911163094,False
122,highlight_or_dark_patch,0.647196261682243,-1,214.88084112149534,131.0607476635514,0.6433367661829732,0.6433367661829732,0.6433367661829732,0.0,0.0,0.0025228892791489144,False
122,highlight_or_dark_patch,0.647196261682243,0,214.88084112149534,131.0607476635514,0.0,0.0,0.0,0.0,0.0,0.0,False
122,highlight_or_dark_patch,0.647196261682243,1,214.88084112149534,131.0607476635514,0.0,0.0,0.0,0.0,0.0,0.0,False
122,highlight_or_dark_patch,0.647196261682243,2,214.88084112149534,131.0607476635514,0.0,0.0,0.0,0.0,0.0,0.0,False
122,highlight_or_dark_patch,0.661214953271028,-2,214.72663551401868,131.2570093457944,1.4919631233293573,1.4919631233293573,1.4919631233293573,0.0,0.0,0.005850835777762186,False
122,highlight_or_dark_patch,0.661214953271028,-1,214.72663551401868,131.2570093457944,0.19261791980386894,0.19261791980386894,0.19261791980386894,0.0,0.0,0.0007553643913877213,False
122,highlight_or_dark_patch,0.661214953271028,0,214.72663551401868,131.2570093457944,0.0,0.0,0.0,0.0,0.0,0.0,False
122,highlight_or_dark_patch,0.661214953271028,1,214.72663551401868,131.2570093457944,0.0,0.0,0.0,0.0,0.0,0.0,False
122,highlight_or_dark_patch,0.661214953271028,2,214.72663551401868,131.2570093457944,0.0,0.0,0.0,0.0,0.0,0.0,False
122,highlight_or_dark_patch,0.6752336448598131,-2,214.57242990654206,131.4532710280374,0.7801431765736133,0.7801431765736133,0.7801431765736133,0.0,0.0,0.0030593850061710324,False
122,highlight_or_dark_patch,0.6752336448598131,-1,214.57242990654206,131.4532710280374,0.0,0.0,0.0,0.0,0.0,0.0,False
122,highlight_or_dark_patch,0.6752336448598131,0,214.57242990654206,131.4532710280374,0.0,0.0,0.0,0.0,0.0,0.0,False
122,highlight_or_dark_patch,0.6752336448598131,1,214.57242990654206,131.4532710280374,0.0,0.0,0.0,0.0,0.0,0.0,False
122,highlight_or_dark_patch,0.6752336448598131,2,214.57242990654206,131.4532710280374,0.0,0.0,0.0,0.0,0.0,0.0,False
122,highlight_or_dark_patch,0.6892523364485981,-2,214.41822429906543,131.64953271028037,0.0,0.0,0.0,0.0,0.0,0.0,False
122,highlight_or_dark_patch,0.6892523364485981,-1,214.41822429906543,131.64953271028037,0.0,0.0,0.0,0.0,0.0,0.0,False
122,highlight_or_dark_patch,0.6892523364485981,0,214.41822429906543,131.64953271028037,0.0,0.0,0.0,0.0,0.0,0.0,False
122,highlight_or_dark_patch,0.6892523364485981,1,214.41822429906543,131.64953271028037,0.0,0.0,0.0,0.0,0.0,0.0,False
122,highlight_or_dark_patch,0.6892523364485981,2,214.41822429906543,131.64953271028037,0.0,0.0,0.0,0.0,0.0,0.0,False
122,highlight_or_dark_patch,0.7032710280373832,-2,214.26401869158877,131.84579439252337,0.0,0.0,0.0,0.0,0.0,0.0,False
122,highlight_or_dark_patch,0.7032710280373832,-1,214.26401869158877,131.84579439252337,0.0,0.0,0.0,0.0,0.0,0.0,False
122,highlight_or_dark_patch,0.7032710280373832,0,214.26401869158877,131.84579439252337,0.0,0.0,0.0,0.0,0.0,0.0,False
122,highlight_or_dark_patch,0.7032710280373832,1,214.26401869158877,131.84579439252337,0.0,0.0,0.0,0.0,0.0,0.0,False
122,highlight_or_dark_patch,0.7032710280373832,2,214.26401869158877,131.84579439252337,0.0,0.0,0.0,0.0,0.0,0.0,False
122,highlight_or_dark_patch,0.7172897196261682,-2,214.10981308411215,132.04205607476635,0.0,0.0,0.0,0.0,0.0,0.0,False
122,highlight_or_dark_patch,0.7172897196261682,-1,214.10981308411215,132.04205607476635,0.0,0.0,0.0,0.0,0.0,0.0,False
122,highlight_or_dark_patch,0.7172897196261682,0,214.10981308411215,132.04205607476635,0.0,0.0,0.0,0.0,0.0,0.0,False
122,highlight_or_dark_patch,0.7172897196261682,1,214.10981308411215,132.04205607476635,0.0,0.0,0.0,0.0,0.0,0.0,False
122,highlight_or_dark_patch,0.7172897196261682,2,214.10981308411215,132.04205607476635,0.0,0.0,0.0,0.0,0.0,0.0,False
122,highlight_or_dark_patch,0.7313084112149533,-2,213.95560747663552,132.23831775700936,0.0,0.0,0.0,0.0,0.0,0.0,False
122,highlight_or_dark_patch,0.7313084112149533,-1,213.95560747663552,132.23831775700936,0.0,0.0,0.0,0.0,0.0,0.0,False
122,highlight_or_dark_patch,0.7313084112149533,0,213.95560747663552,132.23831775700936,0.0,0.0,0.0,0.0,0.0,0.0,False
122,highlight_or_dark_patch,0.7313084112149533,1,213.95560747663552,132.23831775700936,0.0,0.0,0.0,0.0,0.0,0.0,False
122,highlight_or_dark_patch,0.7313084112149533,2,213.95560747663552,132.23831775700936,0.0,0.0,0.0,0.0,0.0,0.0,False
122,highlight_or_dark_patch,0.7453271028037383,-2,213.80140186915887,132.43457943925233,0.0,0.0,0.0,0.0,0.0,0.0,False
122,highlight_or_dark_patch,0.7453271028037383,-1,213.80140186915887,132.43457943925233,0.0,0.0,0.0,0.0,0.0,0.0,False
122,highlight_or_dark_patch,0.7453271028037383,0,213.80140186915887,132.43457943925233,0.0,0.0,0.0,0.0,0.0,0.0,False
122,highlight_or_dark_patch,0.7453271028037383,1,213.80140186915887,132.43457943925233,0.0,0.0,0.0,0.0,0.0,0.0,False
122,highlight_or_dark_patch,0.7453271028037383,2,213.80140186915887,132.43457943925233,0.0,0.0,0.0,0.0,0.0,0.0,False
122,highlight_or_dark_patch,0.7593457943925233,-2,213.64719626168224,132.63084112149534,0.0,0.0,0.0,0.0,0.0,0.0,False
122,highlight_or_dark_patch,0.7593457943925233,-1,213.64719626168224,132.63084112149534,0.0,0.0,0.0,0.0,0.0,0.0,False
122,highlight_or_dark_patch,0.7593457943925233,0,213.64719626168224,132.63084112149534,0.0,0.0,0.0,0.0,0.0,0.0,False
122,highlight_or_dark_patch,0.7593457943925233,1,213.64719626168224,132.63084112149534,0.0,0.0,0.0,0.0,0.0,0.0,False
122,highlight_or_dark_patch,0.7593457943925233,2,213.64719626168224,132.63084112149534,0.0,0.0,0.0,0.0,0.0,0.0,False
122,highlight_or_dark_patch,0.7733644859813085,-2,213.4929906542056,132.8271028037383,0.024707079002772313,0.024707079002772313,0.024707079002772313,0.0,0.0,9.689050589322476e-05,False
122,highlight_or_dark_patch,0.7733644859813085,-1,213.4929906542056,132.8271028037383,0.0,0.0,0.0,0.0,0.0,0.0,False
122,highlight_or_dark_patch,0.7733644859813085,0,213.4929906542056,132.8271028037383,0.0,0.0,0.0,0.0,0.0,0.0,False
122,highlight_or_dark_patch,0.7733644859813085,1,213.4929906542056,132.8271028037383,0.0,0.0,0.0,0.0,0.0,0.0,False
122,highlight_or_dark_patch,0.7733644859813085,2,213.4929906542056,132.8271028037383,0.0,0.0,0.0,0.0,0.0,0.0,False
122,highlight_or_dark_patch,0.7873831775700935,-2,213.33878504672896,133.02336448598132,0.0,0.0,0.0,0.0,0.0,0.0,False
122,highlight_or_dark_patch,0.7873831775700935,-1,213.33878504672896,133.02336448598132,0.0,0.0,0.0,0.0,0.0,0.0,False
122,highlight_or_dark_patch,0.7873831775700935,0,213.33878504672896,133.02336448598132,0.0,0.0,0.0,0.0,0.0,0.0,False
122,highlight_or_dark_patch,0.7873831775700935,1,213.33878504672896,133.02336448598132,0.0,0.0,0.0,0.0,0.0,0.0,False
122,highlight_or_dark_patch,0.7873831775700935,2,213.33878504672896,133.02336448598132,0.0,0.0,0.0,0.0,0.0,0.0,False
122,highlight_or_dark_patch,0.8014018691588785,-2,213.18457943925233,133.2196261682243,0.0,0.0,0.0,0.0,0.0,0.0,False
122,highlight_or_dark_patch,0.8014018691588785,-1,213.18457943925233,133.2196261682243,0.0,0.0,0.0,0.0,0.0,0.0,False
122,highlight_or_dark_patch,0.8014018691588785,0,213.18457943925233,133.2196261682243,0.0,0.0,0.0,0.0,0.0,0.0,False
122,highlight_or_dark_patch,0.8014018691588785,1,213.18457943925233,133.2196261682243,0.0,0.0,0.0,0.0,0.0,0.0,False
122,highlight_or_dark_patch,0.8014018691588785,2,213.18457943925233,133.2196261682243,0.0,0.0,0.0,0.0,0.0,0.0,False
122,highlight_or_dark_patch,0.8154205607476634,-2,213.0303738317757,133.4158878504673,0.0,0.0,0.0,0.0,0.0,0.0,False
122,highlight_or_dark_patch,0.8154205607476634,-1,213.0303738317757,133.4158878504673,0.0,0.0,0.0,0.0,0.0,0.0,False
122,highlight_or_dark_patch,0.8154205607476634,0,213.0303738317757,133.4158878504673,0.0,0.0,0.0,0.0,0.0,0.0,False
122,highlight_or_dark_patch,0.8154205607476634,1,213.0303738317757,133.4158878504673,0.0,0.0,0.0,0.0,0.0,0.0,False
122,highlight_or_dark_patch,0.8154205607476634,2,213.0303738317757,133.4158878504673,0.0,0.0,0.0,0.0,0.0,0.0,False
122,highlight_or_dark_patch,0.8294392523364487,-2,212.87616822429908,133.61214953271028,0.0,0.0,0.0,0.0,0.0,0.0,False
122,highlight_or_dark_patch,0.8294392523364487,-1,212.87616822429908,133.61214953271028,0.0,0.0,0.0,0.0,0.0,0.0,False
122,highlight_or_dark_patch,0.8294392523364487,0,212.87616822429908,133.61214953271028,0.0,0.0,0.0,0.0,0.0,0.0,False
122,highlight_or_dark_patch,0.8294392523364487,1,212.87616822429908,133.61214953271028,0.0,0.0,0.0,0.0,0.0,0.0,False
122,highlight_or_dark_patch,0.8294392523364487,2,212.87616822429908,133.61214953271028,0.0,0.0,0.0,0.0,0.0,0.0,False
122,highlight_or_dark_patch,0.8434579439252337,-2,212.72196261682242,133.80841121495328,0.031075947575328295,0.031075947575328295,0.031075947575328295,0.0,0.0,0.0001218664610797188,False
122,highlight_or_dark_patch,0.8434579439252337,-1,212.72196261682242,133.80841121495328,0.0,0.0,0.0,0.0,0.0,0.0,False
122,highlight_or_dark_patch,0.8434579439252337,0,212.72196261682242,133.80841121495328,0.0,0.0,0.0,0.0,0.0,0.0,False
122,highlight_or_dark_patch,0.8434579439252337,1,212.72196261682242,133.80841121495328,0.0,0.0,0.0,0.0,0.0,0.0,False
122,highlight_or_dark_patch,0.8434579439252337,2,212.72196261682242,133.80841121495328,0.0,0.0,0.0,0.0,0.0,0.0,False
122,highlight_or_dark_patch,0.8574766355140186,-2,212.5677570093458,134.00467289719626,0.20657715162838228,0.20657715162838228,0.20657715162838228,0.0,0.0,0.0008101064769740481,False
122,highlight_or_dark_patch,0.8574766355140186,-1,212.5677570093458,134.00467289719626,0.0,0.0,0.0,0.0,0.0,0.0,False
122,highlight_or_dark_patch,0.8574766355140186,0,212.5677570093458,134.00467289719626,0.0,0.0,0.0,0.0,0.0,0.0,False
122,highlight_or_dark_patch,0.8574766355140186,1,212.5677570093458,134.00467289719626,0.0,0.0,0.0,0.0,0.0,0.0,False
122,highlight_or_dark_patch,0.8574766355140186,2,212.5677570093458,134.00467289719626,0.0,0.0,0.0,0.0,0.0,0.0,False
122,highlight_or_dark_patch,0.8714953271028036,-2,212.41355140186917,134.20093457943926,0.4486376357985249,0.4486376357985249,0.4486376357985249,0.0,0.0,0.001759363277641274,False
122,highlight_or_dark_patch,0.8714953271028036,-1,212.41355140186917,134.20093457943926,0.0,0.0,0.0,0.0,0.0,0.0,False
122,highlight_or_dark_patch,0.8714953271028036,0,212.41355140186917,134.20093457943926,0.0,0.0,0.0,0.0,0.0,0.0,False
122,highlight_or_dark_patch,0.8714953271028036,1,212.41355140186917,134.20093457943926,0.0,0.0,0.0,0.0,0.0,0.0,False
122,highlight_or_dark_patch,0.8714953271028036,2,212.41355140186917,134.20093457943926,0.0,0.0,0.0,0.0,0.0,0.0,False
122,highlight_or_dark_patch,0.8855140186915889,-2,212.25934579439252,134.39719626168224,0.8454955771390037,0.8454955771390037,0.8454955771390037,0.0,0.0,0.003315668929956877,False
122,highlight_or_dark_patch,0.8855140186915889,-1,212.25934579439252,134.39719626168224,0.04368188995950462,0.04368188995950462,0.04368188995950462,0.0,0.0,0.0001713015292529593,False
122,highlight_or_dark_patch,0.8855140186915889,0,212.25934579439252,134.39719626168224,0.0,0.0,0.0,0.0,0.0,0.0,False
122,highlight_or_dark_patch,0.8855140186915889,1,212.25934579439252,134.39719626168224,0.0,0.0,0.0,0.0,0.0,0.0,False
122,highlight_or_dark_patch,0.8855140186915889,2,212.25934579439252,134.39719626168224,0.0,0.0,0.0,0.0,0.0,0.0,False
122,highlight_or_dark_patch,0.8995327102803738,-2,212.1051401869159,134.59345794392524,1.3634121262181558,1.3634121262181558,1.3634121262181558,0.0,0.0,0.005346714220463356,False
122,highlight_or_dark_patch,0.8995327102803738,-1,212.1051401869159,134.59345794392524,0.6338384875714667,0.6338384875714667,0.6338384875714667,0.0,0.0,0.0024856411277312416,False
122,highlight_or_dark_patch,0.8995327102803738,0,212.1051401869159,134.59345794392524,0.0,0.0,0.0,0.0,0.0,0.0,False
122,highlight_or_dark_patch,0.8995327102803738,1,212.1051401869159,134.59345794392524,0.0,0.0,0.0,0.0,0.0,0.0,False
122,highlight_or_dark_patch,0.8995327102803738,2,212.1051401869159,134.59345794392524,0.0,0.0,0.0,0.0,0.0,0.0,False
122,highlight_or_dark_patch,0.9135514018691588,-2,211.95093457943926,134.78971962616822,1.9033276886276207,1.9033276886276207,1.9033276886276207,0.0,0.0,0.007464030151480865,False
122,highlight_or_dark_patch,0.9135514018691588,-1,211.95093457943926,134.78971962616822,1.2226235343003964,1.2226235343003964,1.2226235343003964,0.0,0.0,0.004794602095295672,False
122,highlight_or_dark_patch,0.9135514018691588,0,211.95093457943926,134.78971962616822,0.0,0.0,0.0,0.0,0.0,0.0,False
122,highlight_or_dark_patch,0.9135514018691588,1,211.95093457943926,134.78971962616822,0.0,0.0,0.0,0.0,0.0,0.0,False
122,highlight_or_dark_patch,0.9135514018691588,2,211.95093457943926,134.78971962616822,0.0,0.0,0.0,0.0,0.0,0.0,False
122,highlight_or_dark_patch,0.9275700934579438,-2,211.7967289719626,134.98598130841123,1.76011635397769,1.76011635397769,1.76011635397769,0.0,0.0,0.006902417074422314,False
122,highlight_or_dark_patch,0.9275700934579438,-1,211.7967289719626,134.98598130841123,1.8114085810294114,1.8114085810294114,1.8114085810294114,0.0,0.0,0.007103563062860437,False
122,highlight_or_dark_patch,0.9275700934579438,0,211.7967289719626,134.98598130841123,0.0,0.0,0.0,0.0,0.0,0.0,False
122,highlight_or_dark_patch,0.9275700934579438,1,211.7967289719626,134.98598130841123,0.0,0.0,0.0,0.0,0.0,0.0,False
122,highlight_or_dark_patch,0.9275700934579438,2,211.7967289719626,134.98598130841123,0.0,0.0,0.0,0.0,0.0,0.0,False
122,highlight_or_dark_patch,0.941588785046729,-2,211.64252336448598,135.1822429906542,1.4958464115891077,1.4958464115891077,1.4958464115891077,0.0,0.0,0.005866064359172972,False
122,highlight_or_dark_patch,0.941588785046729,-1,211.64252336448598,135.1822429906542,2.400193627758341,2.400193627758341,2.400193627758341,0.0,0.0,0.009412524030424868,False
122,highlight_or_dark_patch,0.941588785046729,0,211.64252336448598,135.1822429906542,0.41643374967245395,0.41643374967245395,0.41643374967245395,0.0,0.0,0.0016330735281272703,False
122,highlight_or_dark_patch,0.941588785046729,1,211.64252336448598,135.1822429906542,0.0,0.0,0.0,0.0,0.0,0.0,False
122,highlight_or_dark_patch,0.941588785046729,2,211.64252336448598,135.1822429906542,0.0,0.0,0.0,0.0,0.0,0.0,False
122,highlight_or_dark_patch,0.955607476635514,-2,211.48831775700936,135.3785046728972,1.1105178614617923,1.1105178614617923,1.1105178614617923,0.0,0.0,0.004354972005732519,False
122,highlight_or_dark_patch,0.955607476635514,-1,211.48831775700936,135.3785046728972,2.988978674487356,2.988978674487356,2.988978674487356,0.0,0.0,0.011721484997989631,False
122,highlight_or_dark_patch,0.955607476635514,0,211.48831775700936,135.3785046728972,0.7481657786706558,0.7481657786706558,0.7481657786706558,0.0,0.0,0.0029339834457672775,False
122,highlight_or_dark_patch,0.955607476635514,1,211.48831775700936,135.3785046728972,0.0,0.0,0.0,0.0,0.0,0.0,False
122,highlight_or_dark_patch,0.955607476635514,2,211.48831775700936,135.3785046728972,0.0,0.0,0.0,0.0,0.0,0.0,False
122,highlight_or_dark_patch,0.969626168224299,-2,211.3341121495327,135.57476635514018,0.5687716229880664,0.5687716229880664,0.5687716229880664,0.0,0.0,0.002230476952894378,False
122,highlight_or_dark_patch,0.969626168224299,-1,211.3341121495327,135.57476635514018,2.422236278783714,2.422236278783714,2.422236278783714,0.0,0.0,0.009498965799151821,False
122,highlight_or_dark_patch,0.969626168224299,0,211.3341121495327,135.57476635514018,0.9588391999301088,0.9588391999301088,0.9588391999301088,0.0,0.0,0.003760153725216113,False
122,highlight_or_dark_patch,0.969626168224299,1,211.3341121495327,135.57476635514018,0.0,0.0,0.0,0.0,0.0,0.0,False
122,highlight_or_dark_patch,0.969626168224299,2,211.3341121495327,135.57476635514018,0.0,0.0,0.0,0.0,0.0,0.0,False
122,highlight_or_dark_patch,0.983644859813084,-2,211.17990654205607,135.7710280373832,0.021664242874847348,0.021664242874847348,0.021664242874847348,0.0,0.0,8.49578151954798e-05,False
122,highlight_or_dark_patch,0.983644859813084,-1,211.17990654205607,135.7710280373832,1.7921678762106088,1.7921678762106088,1.7921678762106088,0.0,0.0,0.007028109318472976,False
122,highlight_or_dark_patch,0.983644859813084,0,211.17990654205607,135.7710280373832,1.0484540134509706,1.0484540134509706,1.0484540134509706,0.0,0.0,0.004111584366474394,False
122,highlight_or_dark_patch,0.983644859813084,1,211.17990654205607,135.7710280373832,0.06030026533251281,0.06030026533251281,0.06030026533251281,0.0,0.0,0.0002364716287549522,False
122,highlight_or_dark_patch,0.983644859813084,2,211.17990654205607,135.7710280373832,0.0,0.0,0.0,0.0,0.0,0.0,False
122,highlight_or_dark_patch,0.9976635514018692,-2,211.02570093457945,135.96728971962617,0.6903089529109203,0.6903089529109203,0.6903089529109203,0.0,0.0,0.002707093932984001,False
122,highlight_or_dark_patch,0.9976635514018692,-1,211.02570093457945,135.96728971962617,1.0886840160659863,1.0886840160659863,1.0886840160659863,0.0,0.0,0.004269349082611711,False
122,highlight_or_dark_patch,0.9976635514018692,0,211.02570093457945,135.96728971962617,1.0170102192331338,1.0170102192331338,1.0170102192331338,0.0,0.0,0.003988275369541701,False
122,highlight_or_dark_patch,0.9976635514018692,1,211.02570093457945,135.96728971962617,0.08365659711710575,0.08365659711710575,0.08365659711710575,0.0,0.0,0.00032806508673374806,False
122,highlight_or_dark_patch,0.9976635514018692,2,211.02570093457945,135.96728971962617,0.0,0.0,0.0,0.0,0.0,0.0,False
122,highlight_or_dark_patch,1.0116822429906542,-2,210.8714953271028,136.16355140186917,1.4194829668164315,1.4194829668164315,1.4194829668164315,0.0,0.0,0.005566599869868359,False
122,highlight_or_dark_patch,1.0116822429906542,-1,210.8714953271028,136.16355140186917,0.5062587636599366,0.5062587636599366,0.5062587636599366,0.0,0.0,0.001985328484940928,False
122,highlight_or_dark_patch,1.0116822429906542,0,210.8714953271028,136.16355140186917,0.8130295222290093,0.8130295222290093,0.8130295222290093,0.0,0.0,0.0031883510675647423,False
122,highlight_or_dark_patch,1.0116822429906542,1,210.8714953271028,136.16355140186917,0.04648362503235994,0.04648362503235994,0.04648362503235994,0.0,0.0,0.0001822887256170978,False
122,highlight_or_dark_patch,1.0116822429906542,2,210.8714953271028,136.16355140186917,0.0,0.0,0.0,0.0,0.0,0.0,False
122,highlight_or_dark_patch,1.0257009345794392,-2,210.71728971962617,136.35981308411215,2.2091862845911656,2.2091862845911656,2.2091862845911656,0.0,0.0,0.008663475625847709,False
122,highlight_or_dark_patch,1.0257009345794392,-1,210.71728971962617,136.35981308411215,0.044892118992636634,0.044892118992636634,0.044892118992636634,0.0,0.0,0.00017604752546132013,False
122,highlight_or_dark_patch,1.0257009345794392,0,210.71728971962617,136.35981308411215,0.8660909249716142,0.8660909249716142,0.8660909249716142,0.0,0.0,0.0033964349998886834,False
122,highlight_or_dark_patch,1.0257009345794392,1,210.71728971962617,136.35981308411215,0.0,0.0,0.0,0.0,0.0,0.0,False
122,highlight_or_dark_patch,1.0257009345794392,2,210.71728971962617,136.35981308411215,0.0,0.0,0.0,0.0,0.0,0.0,False
122,highlight_or_dark_patch,1.0397196261682242,-2,210.56308411214954,136.55607476635515,3.059418906235336,3.059418906235336,3.059418906235336,0.0,0.0,0.011997721200922887,False
122,highlight_or_dark_patch,1.0397196261682242,-1,210.56308411214954,136.55607476635515,0.3561757177605588,0.3561757177605588,0.3561757177605588,0.0,0.0,0.0013967675206296422,False
122,highlight_or_dark_patch,1.0397196261682242,0,210.56308411214954,136.55607476635515,1.2217988470608814,1.2217988470608814,1.2217988470608814,0.0,0.0,0.0047913680276897306,False
122,highlight_or_dark_patch,1.0397196261682242,1,210.56308411214954,136.55607476635515,0.0,0.0,0.0,0.0,0.0,0.0,False
122,highlight_or_dark_patch,1.0397196261682242,2,210.56308411214954,136.55607476635515,0.0,0.0,0.0,0.0,0.0,0.0,False
122,highlight_or_dark_patch,1.0537383177570094,-2,210.40887850467288,136.75233644859813,3.8971303441444998,3.8971303441444998,3.8971303441444998,0.0,0.0,0.015282864094684313,False
122,highlight_or_dark_patch,1.0537383177570094,-1,210.40887850467288,136.75233644859813,0.5869190204240217,0.5869190204240217,0.5869190204240217,0.0,0.0,0.0023016432173491048,False
122,highlight_or_dark_patch,1.0537383177570094,0,210.40887850467288,136.75233644859813,1.8801532884968435,1.8801532884968435,1.8801532884968435,0.0,0.0,0.0073731501509680135,False
122,highlight_or_dark_patch,1.0537383177570094,1,210.40887850467288,136.75233644859813,0.5380595866648719,0.5380595866648719,0.5380595866648719,0.0,0.0,0.0021100375947642035,False
122,highlight_or_dark_patch,1.0537383177570094,2,210.40887850467288,136.75233644859813,0.0,0.0,0.0,0.0,0.0,0.0,False
122,highlight_or_dark_patch,1.0677570093457944,-2,210.25467289719626,136.94859813084113,2.8722305743155894,2.8722305743155894,2.8722305743155894,0.0,0.0,0.011263649311041526,False
122,highlight_or_dark_patch,1.0677570093457944,-1,210.25467289719626,136.94859813084113,0.6360744114795543,0.6360744114795543,0.6360744114795543,0.0,0.0,0.002494409456782566,False
122,highlight_or_dark_patch,1.0677570093457944,0,210.25467289719626,136.94859813084113,2.841154249279461,2.841154249279461,2.841154249279461,0.0,0.0,0.011141781369723377,False
122,highlight_or_dark_patch,1.0677570093457944,1,210.25467289719626,136.94859813084113,1.3231063156368918,1.3231063156368918,1.3231063156368918,0.0,0.0,0.0051886522181838896,False
122,highlight_or_dark_patch,1.0677570093457944,2,210.25467289719626,136.94859813084113,0.0,0.0,0.0,0.0,0.0,0.0,False
122,highlight_or_dark_patch,1.0817757009345794,-2,210.10046728971963,137.1448598130841,1.9948398101278784,1.9948398101278784,1.9948398101278784,0.0,0.0,0.007822901216187759,False
122,highlight_or_dark_patch,1.0817757009345794,-1,210.10046728971963,137.1448598130841,0.7838063940329217,0.7838063940329217,0.7838063940329217,0.0,0.0,0.003073750564834987,False
122,highlight_or_dark_patch,1.0817757009345794,0,210.10046728971963,137.1448598130841,3.0914599528342968,3.0914599528342968,3.0914599528342968,0.0,0.0,0.012123372364056065,False
122,highlight_or_dark_patch,1.0817757009345794,1,210.10046728971963,137.1448598130841,2.108153044608798,2.108153044608798,2.108153044608798,0.0,0.0,0.00826726684160313,False
122,highlight_or_dark_patch,1.0817757009345794,2,210.10046728971963,137.1448598130841,0.0,0.0,0.0,0.0,0.0,0.0,False
122,highlight_or_dark_patch,1.0957943925233644,-2,209.946261682243,137.34112149532712,1.3595662614174107,1.3595662614174107,1.3595662614174107,0.0,0.0,0.005331632397715336,False
122,highlight_or_dark_patch,1.0957943925233644,-1,209.946261682243,137.34112149532712,0.7464203155099896,0.7464203155099896,0.7464203155099896,0.0,0.0,0.0029271384921960375,False
122,highlight_or_dark_patch,1.0957943925233644,0,209.946261682243,137.34112149532712,2.635514018691538,2.635514018691538,2.635514018691538,0.0,0.0,0.010335349092907991,False
122,highlight_or_dark_patch,1.0957943925233644,1,209.946261682243,137.34112149532712,2.893199773580818,2.893199773580818,2.893199773580818,0.0,0.0,0.011345881465022816,False
122,highlight_or_dark_patch,1.0957943925233644,2,209.946261682243,137.34112149532712,0.28977551191762285,0.28977551191762285,0.28977551191762285,0.0,0.0,0.0011363745565396975,False
122,highlight_or_dark_patch,1.1098130841121494,-2,209.79205607476635,137.5373831775701,0.966409928184325,0.966409928184325,0.966409928184325,0.0,0.0,0.003789842855624804,False
122,highlight_or_dark_patch,1.1098130841121494,-1,209.79205607476635,137.5373831775701,0.8401275539490805,0.8401275539490805,0.8401275539490805,0.0,0.0,0.003294617858623845,False
122,highlight_or_dark_patch,1.1098130841121494,0,209.79205607476635,137.5373831775701,1.8504672897196315,1.8504672897196315,1.8504672897196315,0.0,0.0,0.007256734469488751,False
122,highlight_or_dark_patch,1.1098130841121494,1,209.79205607476635,137.5373831775701,3.6782465025527245,3.6782465025527245,3.6782465025527245,0.0,0.0,0.014424496088442056,False
122,highlight_or_dark_patch,1.1098130841121494,2,209.79205607476635,137.5373831775701,0.7358953975326621,0.7358953975326621,0.7358953975326621,0.0,0.0,0.0028858643040496554,False
122,highlight_or_dark_patch,1.1238317757009346,-2,209.63785046728972,137.7336448598131,0.8153708104285378,0.8153708104285378,0.8153708104285378,0.0,0.0,0.0031975325899158344,False
122,highlight_or_dark_patch,1.1238317757009346,-1,209.63785046728972,137.7336448598131,1.2337101000585828,1.2337101000585828,1.2337101000585828,0.0,0.0,0.0048380788237591486,False
122,highlight_or_dark_patch,1.1238317757009346,0,209.63785046728972,137.7336448598131,1.0654205607476115,1.0654205607476115,1.0654205607476115,0.0,0.0,0.004178119846069065,False
122,highlight_or_dark_patch,1.1238317757009346,1,209.63785046728972,137.7336448598131,3.2741631053998694,3.2741631053998694,3.2741631053998694,0.0,0.0,0.012839855315293606,False
122,highlight_or_dark_patch,1.1238317757009346,2,209.63785046728972,137.7336448598131,1.0609566754091166,1.0609566754091166,1.0609566754091166,0.0,0.0,0.004160614413369085,False
122,highlight_or_dark_patch,1.1378504672897196,-2,209.4836448598131,137.92990654205607,1.2841351429797752,1.2841351429797752,1.2841351429797752,0.0,0.0,0.005035824090116765,False
122,highlight_or_dark_patch,1.1378504672897196,-1,209.4836448598131,137.92990654205607,1.86940986164534,1.86940986164534,1.86940986164534,0.0,0.0,0.007331019065275843,False
122,highlight_or_dark_patch,1.1378504672897196,0,209.4836448598131,137.92990654205607,0.2803738317757052,0.2803738317757052,0.2803738317757052,0.0,0.0,0.0010995052226498243,False
122,highlight_or_dark_patch,1.1378504672897196,1,209.4836448598131,137.92990654205607,2.335232780899656,2.335232780899656,2.335232780899656,0.0,0.0,0.0091577756113712,False
122,highlight_or_dark_patch,1.1378504672897196,2,209.4836448598131,137.92990654205607,1.2649593455468504,1.3193754503726494,1.6481346692867673,0.642997734346652,0.23249030002247117,0.006463273212889284,False
122,highlight_or_dark_patch,1.1518691588785046,-2,209.32943925233644,138.12616822429908,1.8756747150515347,1.8756747150515347,1.8756747150515347,0.0,0.0,0.007355587117849156,False
122,highlight_or_dark_patch,1.1518691588785046,-1,209.32943925233644,138.12616822429908,2.7472268387095564,2.7472268387095564,2.7472268387095564,0.0,0.0,0.01077343858317473,False
122,highlight_or_dark_patch,1.1518691588785046,0,209.32943925233644,138.12616822429908,0.33546597956156743,0.33546597956156743,0.33546597956156743,0.0,0.0,0.0013155528610257546,False
122,highlight_or_dark_patch,1.1518691588785046,1,209.32943925233644,138.12616822429908,1.5173610641379784,1.5173610641379784,1.5173610641379784,0.0,0.0,0.0059504355456391315,False
122,highlight_or_dark_patch,1.1518691588785046,2,209.32943925233644,138.12616822429908,1.3479034079459253,1.401151425638099,2.347317118025649,0.6577867908696313,0.4257685092503991,0.009205165168728036,False
122,highlight_or_dark_patch,1.1658878504672896,-2,209.17523364485982,138.32242990654206,2.309707980767792,2.309707980767792,2.309707980767792,0.0,0.0,0.009057678355952125,False
122,highlight_or_dark_patch,1.1658878504672896,-1,209.17523364485982,138.32242990654206,3.688704227059432,3.688704227059432,3.688704227059432,0.0,0.0,0.014465506772782086,False
122,highlight_or_dark_patch,1.1658878504672896,0,209.17523364485982,138.32242990654206,0.7578609485544587,0.7578609485544587,0.7578609485544587,0.0,0.0,0.002972003719821407,False
122,highlight_or_dark_patch,1.1658878504672896,1,209.17523364485982,138.32242990654206,0.8205479551150878,0.8205479551150878,0.8205479551150878,0.0,0.0,0.0032178351180983836,False
122,highlight_or_dark_patch,1.1658878504672896,2,209.17523364485982,138.32242990654206,1.2040670220236933,1.1005990062535205,2.621232460213548,0.6780071177465244,0.5801215561919846,0.010279342981229601,False
122,highlight_or_dark_patch,1.1799065420560748,-2,209.0210280373832,138.51869158878503,2.5016240310067452,2.5016240310067452,2.5016240310067452,0.0,0.0,0.00981029031767351,False
122,highlight_or_dark_patch,1.1799065420560748,-1,209.0210280373832,138.51869158878503,3.3416664709773154,3.3416664709773154,3.3416664709773154,0.0,0.0,0.013104574395989473,False
122,highlight_or_dark_patch,1.1799065420560748,0,209.0210280373832,138.51869158878503,1.0591973098086986,1.0591973098086986,1.0591973098086986,0.0,0.0,0.004153714940426269,False
122,highlight_or_dark_patch,1.1799065420560748,1,209.0210280373832,138.51869158878503,0.24479345383084833,0.24479345383084833,0.24479345383084833,0.0,0.0,0.0009599743287484248,False
122,highlight_or_dark_patch,1.1799065420560748,2,209.0210280373832,138.51869158878503,1.1113456991118382,0.6429497294252547,2.537120310680848,0.7078804811563923,0.7465828771625275,0.009949491414434698,False
122,highlight_or_dark_patch,1.1939252336448598,-2,208.86682242990653,138.71495327102804,2.451422865768367,2.451422865768367,2.451422865768367,0.0,0.0,0.009613423003013205,False
122,highlight_or_dark_patch,1.1939252336448598,-1,208.86682242990653,138.71495327102804,2.640731891537996,2.640731891537996,2.640731891537996,0.0,0.0,0.01035581133936469,False
122,highlight_or_dark_patch,1.1939252336448598,0,208.86682242990653,138.71495327102804,1.239475063324296,1.239475063324296,1.239475063324296,0.0,0.0,0.004860686522840376,False
122,highlight_or_dark_patch,1.1939252336448598,1,208.86682242990653,138.71495327102804,0.015639001522543893,0.015639001522543893,0.015639001522543893,0.0,0.0,6.132941773546625e-05,False
122,highlight_or_dark_patch,1.1939252336448598,2,208.86682242990653,138.71495327102804,1.3212708955466663,0.306359060335594,2.453008161148148,0.7454648141939691,0.8751088295636975,0.009619639847639794,False
122,highlight_or_dark_patch,1.2079439252336448,-2,208.7126168224299,138.91121495327104,1.9496456109931977,1.9496456109931977,1.9496456109931977,0.0,0.0,0.007645669062718422,False
122,highlight_or_dark_patch,1.2079439252336448,-1,208.7126168224299,138.91121495327104,1.939797312098733,1.939797312098733,1.939797312098733,0.0,0.0,0.00760704828274013,False
122,highlight_or_dark_patch,1.2079439252336448,0,208.7126168224299,138.91121495327104,1.2986942091012537,1.2986942091012537,1.2986942091012537,0.0,0.0,0.00509291846706374,False
122,highlight_or_dark_patch,1.2079439252336448,1,208.7126168224299,138.91121495327104,0.24272808775575935,0.0,0.14740303278500733,0.8987872711478088,1.0,0.0009518748539441543,False
122,highlight_or_dark_patch,1.2079439252336448,2,208.7126168224299,138.91121495327104,1.833842611328183,0.09082699898464293,2.3688960116153908,0.7941880896115229,0.9616585115854425,0.009289788280844669,False
122,highlight_or_dark_patch,1.2219626168224298,-2,208.55841121495328,139.10747663551402,1.399843295088226,1.399843295088226,1.399843295088226,0.0,0.0,0.005489581549365592,False
122,highlight_or_dark_patch,1.2219626168224298,-1,208.55841121495328,139.10747663551402,1.238862732659527,1.238862732659527,1.238862732659527,0.0,0.0,0.004858285226115792,False
122,highlight_or_dark_patch,1.2219626168224298,0,208.55841121495328,139.10747663551402,0.9967901126736147,0.9967901126736147,0.9967901126736147,0.0,0.0,0.003908980834014176,False
122,highlight_or_dark_patch,1.2219626168224298,1,208.55841121495328,139.10747663551402,0.795317253394487,0.0,0.4558142477382603,0.9044795759610806,1.0,0.003118891189782302,False
122,highlight_or_dark_patch,1.2219626168224298,2,208.55841121495328,139.10747663551402,2.727841424988405,0.0,2.2669119447634802,0.8614953735948248,1.0,0.010697417352895706,False
122,highlight_or_dark_patch,1.235981308411215,-2,208.40420560747663,139.303738317757,0.8999034093467109,0.8999034093467109,0.8999034093467109,0.0,0.0,0.0035290329778302387,False
122,highlight_or_dark_patch,1.235981308411215,-1,208.40420560747663,139.303738317757,0.537928153220264,0.537928153220264,0.537928153220264,0.0,0.0,0.0021095221694912313,False
122,highlight_or_dark_patch,1.235981308411215,0,208.40420560747663,139.303738317757,0.5628657524674634,0.5628657524674634,0.5628657524674634,0.0,0.0,0.0022073166763429937,False
122,highlight_or_dark_patch,1.235981308411215,1,208.40420560747663,139.303738317757,1.4084357229026452,0.0,0.7642254626915701,0.9095656916553521,1.0,0.005523277344716256,False
122,highlight_or_dark_patch,1.235981308411215,2,208.40420560747663,139.303738317757,4.201235306073312,0.03440804924809828,2.1569617204188587,0.9151011252948694,0.9918100161639701,0.01647543257283652,False
122,highlight_or_dark_patch,1.25,-2,208.25,139.5,0.4349393574999878,0.4349393574999878,0.4349393574999878,0.0,0.0,0.0017056445392156384,False
122,highlight_or_dark_patch,1.25,-1,208.25,139.5,0.06407851155753207,0.06407851155753207,0.06407851155753207,0.0,0.0,0.0002512882806177728,False
122,highlight_or_dark_patch,1.25,0,208.25,139.5,0.25,0.25,0.25,0.0,0.0,0.000980392156862745,False
122,highlight_or_dark_patch,1.25,1,208.25,139.5,2.082083496280045,0.0,1.072636677644823,0.9141375550371179,1.0,0.008165033318745274,False
122,highlight_or_dark_patch,1.25,2,208.25,139.5,5.181648716922604,0.2558736920456721,2.237345446962961,0.9329556687387554,0.9506192515115852,0.02032019104675531,False
405,projected_centers,-0.25,-2,531.306657223796,487.46520146520146,5.103930985277279,5.103930985277279,5.103930985277279,0.0,0.0,0.02001541562853835,False
405,projected_centers,-0.25,-1,531.306657223796,487.46520146520146,3.1678199352714875,3.1678199352714875,3.1678199352714875,0.0,0.0,0.01242282327557446,False
405,projected_centers,-0.25,0,531.306657223796,487.46520146520146,3.786388776473794,3.786388776473794,3.786388776473794,0.0,0.0,0.014848583437152132,False
405,projected_centers,-0.25,1,531.306657223796,487.46520146520146,0.0,0.0,0.0,0.0,0.0,0.0,False
405,projected_centers,-0.25,2,531.306657223796,487.46520146520146,1.361921034927273,1.361921034927273,1.361921034927273,0.0,0.0,0.005340866803636365,False
405,projected_centers,-0.23351648351648352,-2,531.5539099710488,487.49816849816847,2.0245822205532233,2.0245822205532233,2.0245822205532233,0.0,0.0,0.007939538119816562,False
405,projected_centers,-0.23351648351648352,-1,531.5539099710488,487.49816849816847,3.0121289591693157,3.0121289591693157,3.0121289591693157,0.0,0.0,0.011812270428114963,False
405,projected_centers,-0.23351648351648352,0,531.5539099710488,487.49816849816847,3.18074359669958,3.18074359669958,3.18074359669958,0.0,0.0,0.012473504300782668,False
405,projected_centers,-0.23351648351648352,1,531.5539099710488,487.49816849816847,0.0,0.0,0.0,0.0,0.0,0.0,False
405,projected_centers,-0.23351648351648352,2,531.5539099710488,487.49816849816847,1.5810532996563553,1.5810532996563553,1.5810532996563553,0.0,0.0,0.006200209018260217,False
405,projected_centers,-0.21703296703296704,-2,531.8011627183015,487.53113553113553,0.07186624491867295,0.07186624491867295,0.07186624491867295,0.0,0.0,0.0002818284114457763,False
405,projected_centers,-0.21703296703296704,-1,531.8011627183015,487.53113553113553,2.8075308462484285,2.8075308462484285,2.8075308462484285,0.0,0.0,0.011009924887248739,False
405,projected_centers,-0.21703296703296704,0,531.8011627183015,487.53113553113553,2.6240055537444036,2.6240055537444036,2.6240055537444036,0.0,0.0,0.01029021785782119,False
405,projected_centers,-0.21703296703296704,1,531.8011627183015,487.53113553113553,0.0,0.0,0.0,0.0,0.0,0.0,False
405,projected_centers,-0.21703296703296704,2,531.8011627183015,487.53113553113553,1.8164879433253123,1.8164879433253123,1.8164879433253123,0.0,0.0,0.0071234821306874994,False
405,projected_centers,-0.20054945054945056,-2,532.0484154655543,487.56410256410254,0.36381179738110364,0.36381179738110364,0.36381179738110364,0.0,0.0,0.0014267129309062888,False
405,projected_centers,-0.20054945054945056,-1,532.0484154655543,487.56410256410254,2.501387007009662,2.501387007009662,2.501387007009662,0.0,0.0,0.009809360811802595,False
405,projected_centers,-0.20054945054945056,0,532.0484154655543,487.56410256410254,2.128588869545604,2.128588869545604,2.128588869545604,0.0,0.0,0.008347407331551388,False
405,projected_centers,-0.20054945054945056,1,532.0484154655543,487.56410256410254,0.0,0.0,0.0,0.0,0.0,0.0,False
405,projected_centers,-0.20054945054945056,2,532.0484154655543,487.56410256410254,2.0682249659338687,2.0682249659338687,2.0682249659338687,0.0,0.0,0.008110686140917133,False
405,projected_centers,-0.18406593406593408,-2,532.2956682128071,487.5970695970696,0.6883621077230617,0.6883621077230617,0.6883621077230617,0.0,0.0,0.002699459245972791,False
405,projected_centers,-0.18406593406593408,-1,532.2956682128071,487.5970695970696,2.0704833797624556,2.0704833797624556,2.0704833797624556,0.0,0.0,0.00811954266573512,False
405,projected_centers,-0.18406593406593408,0,532.2956682128071,487.5970695970696,1.7720524554256738,1.7720524554256738,1.7720524554256738,0.0,0.0,0.0069492253153947995,False
405,projected_centers,-0.18406593406593408,1,532.2956682128071,487.5970695970696,0.13463041755986466,0.13463041755986466,0.13463041755986466,0.0,0.0,0.0005279624218033908,False
405,projected_centers,-0.18406593406593408,2,532.2956682128071,487.5970695970696,2.28177604625398,2.28177604625398,2.28177604625398,0.0,0.0,0.008948141357858746,False
405,projected_centers,-0.1675824175824176,-2,532.5429209600597,487.6300366300366,1.0455171759443007,1.0455171759443007,1.0455171759443007,0.0,0.0,0.004100067356644316,False
405,projected_centers,-0.1675824175824176,-1,532.5429209600597,487.6300366300366,1.5254630999371948,1.5254630999371948,1.5254630999371948,0.0,0.0,0.0059822082350478225,False
405,projected_centers,-0.1675824175824176,0,532.5429209600597,487.6300366300366,1.5296326938841989,1.5296326938841989,1.5296326938841989,0.0,0.0,0.0059985595838596036,False
405,projected_centers,-0.1675824175824176,1,532.5429209600597,487.6300366300366,0.3111366720800067,0.3111366720800067,0.3111366720800067,0.0,0.0,0.0012201438120784578,False
405,projected_centers,-0.1675824175824176,2,532.5429209600597,487.6300366300366,2.1086968808821465,2.1086968808821465,2.1086968808821465,0.0,0.0,0.008269399532871162,False
405,projected_centers,-0.1510989010989011,-2,532.7901737073125,487.6630036630037,1.5094582808137502,1.5094582808137502,1.5094582808137502,0.0,0.0,0.005919444238485295,False
405,projected_centers,-0.1510989010989011,-1,532.7901737073125,487.6630036630037,0.8663261675334737,0.8663261675334737,0.8663261675334737,0.0,0.0,0.0033973575197391126,False
405,projected_centers,-0.1510989010989011,0,532.7901737073125,487.6630036630037,1.4013295849207839,1.4013295849207839,1.4013295849207839,0.0,0.0,0.00549541013694425,False
405,projected_centers,-0.1510989010989011,1,532.7901737073125,487.6630036630037,0.45503816872070385,0.45503816872070385,0.45503816872070385,0.0,0.0,0.0017844634067478583,False
405,projected_centers,-0.1510989010989011,2,532.7901737073125,487.6630036630037,1.9030129576308852,1.9030129576308852,1.9030129576308852,0.0,0.0,0.007462795912277981,False
405,projected_centers,-0.1346153846153846,-2,533.0374264545653,487.6959706959707,2.2882533828404026,2.2882533828404026,2.2882533828404026,0.0,0.0,0.0089735426778055,False
405,projected_centers,-0.1346153846153846,-1,533.0374264545653,487.6959706959707,1.6274274692715966,1.6274274692715966,1.6274274692715966,0.0,0.0,0.0063820685069474374,False
405,projected_centers,-0.1346153846153846,0,533.0374264545653,487.6959706959707,1.445544848846285,1.445544848846285,1.445544848846285,0.0,0.0,0.005668803328808961,False
405,projected_centers,-0.1346153846153846,1,533.0374264545653,487.6959706959707,0.5663349074819839,0.5663349074819839,0.5663349074819839,0.0,0.0,0.0022209212058117017,False
405,projected_centers,-0.1346153846153846,2,533.0374264545653,487.6959706959707,1.6647242764999644,1.6647242764999644,1.6647242764999644,0.0,0.0,0.006528330496078292,False
405,projected_centers,-0.11813186813186813,-2,533.284679201818,487.72893772893775,3.1322580006258818,3.1322580006258818,3.1322580006258818,0.0,0.0,0.012283364708336792,False
405,projected_centers,-0.11813186813186813,-1,533.284679201818,487.72893772893775,3.114479392118641,3.114479392118641,3.114479392118641,0.0,0.0,0.012213644674975063,False
405,projected_centers,-0.11813186813186813,0,533.284679201818,487.72893772893775,1.790522583809298,1.790522583809298,1.790522583809298,0.0,0.0,0.007021657191409012,False
405,projected_centers,-0.11813186813186813,1,533.284679201818,487.72893772893775,0.5169896669570079,0.5169896669570079,0.5169896669570079,0.0,0.0,0.002027410458654933,False
405,projected_centers,-0.11813186813186813,2,533.284679201818,487.72893772893775,1.4227870606060833,1.4227870606060833,1.4227870606060833,0.0,0.0,0.005579557100416013,False
405,projected_centers,-0.10164835164835165,-2,533.5319319490708,487.76190476190476,4.04147213417043,4.04147213417043,4.04147213417043,0.0,0.0,0.015848910330080117,False
405,projected_centers,-0.10164835164835165,-1,533.5319319490708,487.76190476190476,4.650438451785662,4.650438451785662,4.650438451785662,0.0,0.0,0.01823701353641436,False
405,projected_centers,-0.10164835164835165,0,533.5319319490708,487.76190476190476,2.0050812872545225,2.0050812872545225,2.0050812872545225,0.0,0.0,0.007863063871586362,False
405,projected_centers,-0.10164835164835165,1,533.5319319490708,487.76190476190476,0.39504495655481786,0.39504495655481786,0.39504495655481786,0.0,0.0,0.0015491959080581093,False
405,projected_centers,-0.10164835164835165,2,533.5319319490708,487.76190476190476,1.4887211265400992,1.4887211265400992,1.4887211265400992,0.0,0.0,0.005838122064863134,False
405,projected_centers,-0.08516483516483517,-2,533.7791846963235,487.79487179487177,4.695044950973991,4.695044950973991,4.695044950973991,0.0,0.0,0.01841194098421173,False
405,projected_centers,-0.08516483516483517,-1,533.7791846963235,487.79487179487177,6.235304648271148,6.235304648271148,6.235304648271148,0.0,0.0,0.024452175091259402,False
405,projected_centers,-0.08516483516483517,0,533.7791846963235,487.79487179487177,2.089220959181819,2.089220959181819,2.089220959181819,0.0,0.0,0.008193023369340467,False
405,projected_centers,-0.08516483516483517,1,533.7791846963235,487.79487179487177,0.28940262509238407,0.28940262509238407,0.28940262509238407,0.0,0.0,0.0011349122552642512,False
405,projected_centers,-0.08516483516483517,2,533.7791846963235,487.79487179487177,1.5546551924741152,1.5546551924741152,1.5546551924741152,0.0,0.0,0.0060966870293102556,False
405,projected_centers,-0.06868131868131869,-2,534.0264374435762,487.82783882783883,3.7772807196365124,3.7772807196365124,3.7772807196365124,0.0,0.0,0.014812865567202009,False
405,projected_centers,-0.06868131868131869,-1,534.0264374435762,487.82783882783883,5.752316478568642,5.752316478568642,5.752316478568642,0.0,0.0,0.022558103837524088,False
405,projected_centers,-0.06868131868131869,0,534.0264374435762,487.82783882783883,1.9792205817405826,1.9792205817405826,1.9792205817405826,0.0,0.0,0.007761649340159147,False
405,projected_centers,-0.06868131868131869,1,534.0264374435762,487.82783882783883,0.2000626725695912,0.2000626725695912,0.2000626725695912,0.0,0.0,0.0007845595002729066,False
405,projected_centers,-0.06868131868131869,2,534.0264374435762,487.82783882783883,1.6205892584082449,1.6205892584082449,1.6205892584082449,0.0,0.0,0.006355251993757823,False
405,projected_centers,-0.05219780219780218,-2,534.273690190829,487.86080586080584,2.696492698901398,2.696492698901398,2.696492698901398,0.0,0.0,0.010574481172162345,False
405,projected_centers,-0.05219780219780218,-1,534.273690190829,487.86080586080584,4.081532878636766,4.081532878636766,4.081532878636766,0.0,0.0,0.016006011288771632,False
405,projected_centers,-0.05219780219780218,0,534.273690190829,487.86080586080584,1.3328982212259382,1.3328982212259382,1.3328982212259382,0.0,0.0,0.005227051847944856,False
405,projected_centers,-0.05219780219780218,1,534.273690190829,487.86080586080584,0.12702509898660713,0.12702509898660713,0.12702509898660713,0.0,0.0,0.0004981376430847339,False
405,projected_centers,-0.05219780219780218,2,534.273690190829,487.86080586080584,1.6944185730153678,1.6944185730153678,1.6944185730153678,0.0,0.0,0.006644778717707325,False
405,projected_centers,-0.0357142857142857,-2,534.5209429380817,487.8937728937729,1.452680888769442,1.452680888769442,1.452680888769442,0.0,0.0,0.005696787799095851,False
405,projected_centers,-0.0357142857142857,-1,534.5209429380817,487.8937728937729,2.394446899765963,2.394446899765963,2.394446899765963,0.0,0.0,0.009389987842219463,False
405,projected_centers,-0.0357142857142857,0,534.5209429380817,487.8937728937729,0.7843901343497077,0.7843901343497077,0.7843901343497077,0.0,0.0,0.0030760397425478735,False
405,projected_centers,-0.0357142857142857,1,534.5209429380817,487.8937728937729,0.07028990434333321,0.07028990434333321,0.07028990434333321,0.0,0.0,0.00027564668369934594,False
405,projected_centers,-0.0357142857142857,2,534.5209429380817,487.8937728937729,1.9773112531532846,1.9773112531532846,1.9773112531532846,0.0,0.0,0.007754161777071705,False
405,projected_centers,-0.019230769230769218,-2,534.7681956853345,487.9267399267399,0.21561528096670166,0.21561528096670166,0.21561528096670166,0.0,0.0,0.0008455501214380457,False
405,projected_centers,-0.019230769230769218,-1,534.7681956853345,487.9267399267399,0.6910585419546135,0.6910585419546135,0.6910585419546135,0.0,0.0,0.0027100334978612294,False
405,projected_centers,-0.019230769230769218,0,534.7681956853345,487.9267399267399,0.3336963211119074,0.3336963211119074,0.3336963211119074,0.0,0.0,0.0013086130239682644,False
405,projected_centers,-0.019230769230769218,1,534.7681956853345,487.9267399267399,0.029857088639823132,0.029857088639823132,0.029857088639823132,0.0,0.0,0.00011708662211695346,False
405,projected_centers,-0.019230769230769218,2,534.7681956853345,487.9267399267399,2.276506312230915,2.276506312230915,2.276506312230915,0.0,0.0,0.008927475734238882,False
405,projected_centers,-0.0027472527472527375,-2,535.0154484325873,487.959706959707,0.06553705851547294,0.06553705851547294,0.06553705851547294,0.0,0.0,0.0002570080726096978,False
405,projected_centers,-0.0027472527472527375,-1,535.0154484325873,487.959706959707,0.0,0.0,0.0,0.0,0.0,0.0,False
405,projected_centers,-0.0027472527472527375,0,535.0154484325873,487.959706959707,0.0,0.0,0.0,0.0,0.0,0.0,False
405,projected_centers,-0.0027472527472527375,1,535.0154484325873,487.959706959707,0.005726651876038277,0.005726651876038277,0.005726651876038277,0.0,0.0,2.245745833740501e-05,False
405,projected_centers,-0.0027472527472527375,2,535.0154484325873,487.959706959707,2.592003750248433,2.592003750248433,2.592003750248433,0.0,0.0,0.010164720589209543,False
405,projected_centers,0.013736263736263743,-2,535.26270117984,487.992673992674,0.0,0.0,0.0,0.0,0.0,0.0,False
405,projected_centers,0.013736263736263743,-1,535.26270117984,487.992673992674,0.0,0.0,0.0,0.0,0.0,0.0,False
405,projected_centers,0.013736263736263743,0,535.26270117984,487.992673992674,0.0,0.0,0.0,0.0,0.0,0.0,False
405,projected_centers,0.013736263736263743,1,535.26270117984,487.992673992674,1.4127965918099146,1.4127965918099146,1.4127965918099146,0.0,0.0,0.00554037879141143,False
405,projected_centers,0.013736263736263743,2,535.26270117984,487.992673992674,2.9238035672054306,2.9238035672054306,2.9238035672054306,0.0,0.0,0.011465896341982081,False
405,projected_centers,0.030219780219780223,-2,535.5099539270927,488.025641025641,0.0,0.0,0.0,0.0,0.0,0.0,False
405,projected_centers,0.030219780219780223,-1,535.5099539270927,488.025641025641,0.0,0.0,0.0,0.0,0.0,0.0,False
405,projected_centers,0.030219780219780223,0,535.5099539270927,488.025641025641,0.1438331589234129,0.1438331589234129,0.1438331589234129,0.0,0.0,0.000564051603621227,False
405,projected_centers,0.030219780219780223,1,535.5099539270927,488.025641025641,4.117078243641554,4.117078243641554,4.117078243641554,0.0,0.0,0.016145404877025704,False
405,projected_centers,0.030219780219780223,2,535.5099539270927,488.025641025641,2.2507628292850015,2.2507628292850015,2.2507628292850015,0.0,0.0,0.008826520899156868,False
405,projected_centers,0.046703296703296704,-2,535.7572066743455,488.05860805860806,0.0,0.0,0.0,0.0,0.0,0.0,False
405,projected_centers,0.046703296703296704,-1,535.7572066743455,488.05860805860806,0.0,0.0,0.0,0.0,0.0,0.0,False
405,projected_centers,0.046703296703296704,0,535.7572066743455,488.05860805860806,0.4881625446330109,0.4881625446330109,0.4881625446330109,0.0,0.0,0.0019143629201294546,False
405,projected_centers,0.046703296703296704,1,535.7572066743455,488.05860805860806,6.588885761546924,6.588885761546924,6.588885761546924,0.0,0.0,0.025838767692340878,False
405,projected_centers,0.046703296703296704,2,535.7572066743455,488.05860805860806,1.5196078607221546,1.5196078607221546,1.5196078607221546,0.0,0.0,0.0059592465126359,False
405,projected_centers,0.06318681318681318,-2,536.0044594215982,488.09157509157507,0.0,0.0,0.0,0.0,0.0,0.0,False
405,projected_centers,0.06318681318681318,-1,536.0044594215982,488.09157509157507,0.01370974847941408,0.01370974847941408,0.01370974847941408,0.0,0.0,5.376371952711404e-05,False
405,projected_centers,0.06318681318681318,0,536.0044594215982,488.09157509157507,1.0072933375704332,1.0072933375704332,1.0072933375704332,0.0,0.0,0.0039501699512566,False
405,projected_centers,0.06318681318681318,1,536.0044594215982,488.09157509157507,8.832459974295057,8.832459974295057,8.832459974295057,0.0,0.0,0.034637097938411986,False
405,projected_centers,0.06318681318681318,2,536.0044594215982,488.09157509157507,0.8862671657980759,0.8862671657980759,0.8862671657980759,0.0,0.0,0.0034755575129336307,False
405,projected_centers,0.07967032967032966,-2,536.251712168851,488.12454212454213,0.0,0.0,0.0,0.0,0.0,0.0,False
405,projected_centers,0.07967032967032966,-1,536.251712168851,488.12454212454213,0.05117611619267874,0.05117611619267874,0.05117611619267874,0.0,0.0,0.00020069065173599506,False
405,projected_centers,0.07967032967032966,0,536.251712168851,488.12454212454213,1.2768390877145253,1.2768390877145253,1.2768390877145253,0.0,0.0,0.005007212108684413,False
405,projected_centers,0.07967032967032966,1,536.251712168851,488.12454212454213,8.66944650421337,8.66944650421337,8.66944650421337,0.0,0.0,0.033997829428287725,False
405,projected_centers,0.07967032967032966,2,536.251712168851,488.12454212454213,0.3507407445122417,0.3507407445122417,0.3507407445122417,0.0,0.0,0.0013754539000480066,False
405,projected_centers,0.09615384615384615,-2,536.4989649161038,488.15750915750914,0.0,0.0,0.0,0.0,0.0,0.0,False
405,projected_centers,0.09615384615384615,-1,536.4989649161038,488.15750915750914,0.1049448628456675,0.1049448628456675,0.1049448628456675,0.0,0.0,0.00041154848174771564,False
405,projected_centers,0.09615384615384615,0,536.4989649161038,488.15750915750914,1.3670586695209441,1.3670586695209441,1.3670586695209441,0.0,0.0,0.005361014390278212,False
405,projected_centers,0.09615384615384615,1,536.4989649161038,488.15750915750914,6.241449708124807,6.241449708124807,6.241449708124807,0.0,0.0,0.02447627336519532,False
405,projected_centers,0.09615384615384615,2,536.4989649161038,488.15750915750914,0.41989487662328884,0.41989487662328884,0.41989487662328884,0.0,0.0,0.0016466465749932896,False
405,projected_centers,0.11263736263736263,-2,536.7462176633564,488.1904761904762,0.0,0.0,0.0,0.0,0.0,0.0,False
405,projected_centers,0.11263736263736263,-1,536.7462176633564,488.1904761904762,0.17501598843841537,0.17501598843841537,0.17501598843841537,0.0,0.0,0.0006863372095624132,False
405,projected_centers,0.11263736263736263,0,536.7462176633564,488.1904761904762,1.2779520829905961,1.2779520829905961,1.2779520829905961,0.0,0.0,0.005011576796041553,False
405,projected_centers,0.11263736263736263,1,536.7462176633564,488.1904761904762,3.976476701434215,3.976476701434215,3.976476701434215,0.0,0.0,0.015594026280134177,False
405,projected_centers,0.11263736263736263,2,536.7462176633564,488.1904761904762,0.5187959755244833,0.5187959755244833,0.5187959755244833,0.0,0.0,0.0020344940216646405,False
405,projected_centers,0.1291208791208791,-2,536.9934704106092,488.2234432234432,0.0,0.0,0.0,0.0,0.0,0.0,False
405,projected_centers,0.1291208791208791,-1,536.9934704106092,488.2234432234432,0.23221532276056678,0.23221532276056678,0.23221532276056678,0.0,0.0,0.0009106483245512422,False
405,projected_centers,0.1291208791208791,0,536.9934704106092,488.2234432234432,1.009519328122801,1.009519328122801,1.009519328122801,0.0,0.0,0.003958899325971769,False
405,projected_centers,0.1291208791208791,1,536.9934704106092,488.2234432234432,1.8745274841403912,1.8745274841403912,1.8745274841403912,0.0,0.0,0.007351088173099573,False
405,projected_centers,0.1291208791208791,2,536.9934704106092,488.2234432234432,0.6176970744255073,0.6176970744255073,0.6176970744255073,0.0,0.0,0.0024223414683353225,False
405,projected_centers,0.14560439560439564,-2,537.240723157862,488.2564102564103,0.0,0.0,0.0,0.0,0.0,0.0,False
405,projected_centers,0.14560439560439564,-1,537.240723157862,488.2564102564103,0.2651823557276316,0.2651823557276316,0.2651823557276316,0.0,0.0,0.0010399308067750258,False
405,projected_centers,0.14560439560439564,0,537.240723157862,488.2564102564103,0.9382761133687076,0.9382761133687076,0.9382761133687076,0.0,0.0,0.0036795141700733634,False
405,projected_centers,0.14560439560439564,1,537.240723157862,488.2564102564103,0.7513362415546951,0.7513362415546951,0.7513362415546951,0.0,0.0,0.002946416633547824,False
405,projected_centers,0.14560439560439564,2,537.240723157862,488.2564102564103,0.7165981733267017,0.7165981733267017,0.7165981733267017,0.0,0.0,0.0028101889150066737,False
405,projected_centers,0.16208791208791212,-2,537.4879759051147,488.2893772893773,0.0,0.0,0.0,0.0,0.0,0.0,False
405,projected_centers,0.16208791208791212,-1,537.4879759051147,488.2893772893773,0.2981493886946396,0.2981493886946396,0.2981493886946396,0.0,0.0,0.0011692132889985867,False
405,projected_centers,0.16208791208791212,0,537.4879759051147,488.2893772893773,0.8587908552964825,0.8587908552964825,0.8587908552964825,0.0,0.0,0.00336780727567248,False
405,projected_centers,0.16208791208791212,1,537.4879759051147,488.2893772893773,0.7629536081332196,0.7629536081332196,0.7629536081332196,0.0,0.0,0.002991974933855763,False
405,projected_centers,0.16208791208791212,2,537.4879759051147,488.2893772893773,1.1216743462508876,1.1216743462508876,1.1216743462508876,0.0,0.0,0.004398722926474069,False
405,projected_centers,0.1785714285714286,-2,537.7352286523675,488.3223443223443,0.0,0.0,0.0,0.0,0.0,0.0,False
405,projected_centers,0.1785714285714286,-1,537.7352286523675,488.3223443223443,0.33111642166164756,0.33111642166164756,0.33111642166164756,0.0,0.0,0.0012984957712221473,False
405,projected_centers,0.1785714285714286,0,537.7352286523675,488.3223443223443,0.7630032182844964,0.7630032182844964,0.7630032182844964,0.0,0.0,0.002992169483468613,False
405,projected_centers,0.1785714285714286,1,537.7352286523675,488.3223443223443,0.8397804904706705,0.8397804904706705,0.8397804904706705,0.0,0.0,0.0032932568253751784,False
405,projected_centers,0.1785714285714286,2,537.7352286523675,488.3223443223443,1.465919521310429,1.465919521310429,1.465919521310429,0.0,0.0,0.005748704005138937,False
405,projected_centers,0.19505494505494508,-2,537.9824813996203,488.35531135531136,0.0,0.0,0.0,0.0,0.0,0.0,False
405,projected_centers,0.19505494505494508,-1,537.9824813996203,488.35531135531136,0.3223430633878903,0.3223430633878903,0.3223430633878903,0.0,0.0,0.0012640904446583935,False
405,projected_centers,0.19505494505494508,0,537.9824813996203,488.35531135531136,0.6509132023327225,0.6509132023327225,0.6509132023327225,0.0,0.0,0.002552600793461657,False
405,projected_centers,0.19505494505494508,1,537.9824813996203,488.35531135531136,0.9818168885671854,0.9818168885671854,0.9818168885671854,0.0,0.0,0.0038502623081066094,False
405,projected_centers,0.19505494505494508,2,537.9824813996203,488.35531135531136,1.7123504227315047,1.7123504227315047,1.7123504227315047,0.0,0.0,0.006715099696986293,False
405,projected_centers,0.21153846153846156,-2,538.2297341468729,488.38827838827837,0.0,0.0,0.0,0.0,0.0,0.0,False
405,projected_centers,0.21153846153846156,-1,538.2297341468729,488.38827838827837,0.253358763057813,0.253358763057813,0.253358763057813,0.0,0.0,0.000993563776697306,False
405,projected_centers,0.21153846153846156,0,538.2297341468729,488.38827838827837,1.0063930948110125,1.0063930948110125,1.0063930948110125,0.0,0.0,0.003946639587494166,False
405,projected_centers,0.21153846153846156,1,538.2297341468729,488.38827838827837,1.4647412935119977,1.4647412935119977,1.4647412935119977,0.0,0.0,0.005744083503968618,False
405,projected_centers,0.21153846153846156,2,538.2297341468729,488.38827838827837,1.8609670505140916,1.8609670505140916,1.8609670505140916,0.0,0.0,0.007297910002016046,False
405,projected_centers,0.22802197802197804,-2,538.4769868941257,488.42124542124543,0.0,0.0,0.0,0.0,0.0,0.0,False
405,projected_centers,0.22802197802197804,-1,538.4769868941257,488.42124542124543,0.16807208378798463,0.16807208378798463,0.16807208378798463,0.0,0.0,0.000659106210933273,False
405,projected_centers,0.22802197802197804,0,538.4769868941257,488.42124542124543,1.508267500640638,1.508267500640638,1.508267500640638,0.0,0.0,0.005914774512316228,False
405,projected_centers,0.22802197802197804,1,538.4769868941257,488.42124542124543,2.3107464894892122,2.3107464894892122,2.3107464894892122,0.0,0.0,0.009061750939173382,False
405,projected_centers,0.22802197802197804,2,538.4769868941257,488.42124542124543,1.66208775978092,1.66208775978092,1.66208775978092,0.0,0.0,0.006517991214827138,False
405,projected_centers,0.24450549450549453,-2,538.7242396413784,488.45421245421244,0.0,0.0,0.0,0.0,0.0,0.0,False
405,projected_centers,0.24450549450549453,-1,538.7242396413784,488.45421245421244,0.06648302557844077,0.06648302557844077,0.06648302557844077,0.0,0.0,0.0002607177473664344,False
405,projected_centers,0.24450549450549453,0,538.7242396413784,488.45421245421244,2.1242585590481045,2.1242585590481045,2.1242585590481045,0.0,0.0,0.008330425721757273,False
405,projected_centers,0.24450549450549453,1,538.7242396413784,488.45421245421244,3.0426350328878446,3.0426350328878446,3.0426350328878446,0.0,0.0,0.011931902089756254,False
405,projected_centers,0.24450549450549453,2,538.7242396413784,488.45421245421244,1.4309120906857575,1.4309120906857575,1.4309120906857575,0.0,0.0,0.005611419963473559,False
405,projected_centers,0.26098901098901095,-2,538.9714923886312,488.4871794871795,0.0,0.0,0.0,0.0,0.0,0.0,False
405,projected_centers,0.26098901098901095,-1,538.9714923886312,488.4871794871795,0.0,0.0,0.0,0.0,0.0,0.0,False
405,projected_centers,0.26098901098901095,0,538.9714923886312,488.4871794871795,2.8543662700342454,2.8543662700342454,2.8543662700342454,0.0,0.0,0.01119359321582057,False
405,projected_centers,0.26098901098901095,1,538.9714923886312,488.4871794871795,3.660406923708545,3.660406923708545,3.660406923708545,0.0,0.0,0.014354536955719784,False
405,projected_centers,0.26098901098901095,2,538.9714923886312,488.4871794871795,1.2160388005301286,1.2160388005301286,1.2160388005301286,0.0,0.0,0.004768779609922073,False
405,projected_centers,0.2774725274725275,-2,539.218745135884,488.5201465201465,0.0,0.0,0.0,0.0,0.0,0.0,False
405,projected_centers,0.2774725274725275,-1,539.218745135884,488.5201465201465,0.0,0.0,0.0,0.0,0.0,0.0,False
405,projected_centers,0.2774725274725275,0,539.218745135884,488.5201465201465,3.120879120879067,3.120879120879067,3.120879120879067,0.0,0.0,0.012238741650506146,False
405,projected_centers,0.2774725274725275,1,539.218745135884,488.5201465201465,3.865951273972028,3.865951273972028,3.865951273972028,0.0,0.0,0.015160593231262856,False
405,projected_centers,0.2774725274725275,2,539.218745135884,488.5201465201465,1.0174678893143758,1.0174678893143758,1.0174678893143758,0.0,0.0,0.003990070154174023,False
405,projected_centers,0.293956043956044,-2,539.4659978831367,488.5531135531136,0.0,0.0,0.0,0.0,0.0,0.0,False
405,projected_centers,0.293956043956044,-1,539.4659978831367,488.5531135531136,0.0,0.0,0.0,0.0,0.0,0.0,False
405,projected_centers,0.293956043956044,0,539.4659978831367,488.5531135531136,3.318681318681456,3.318681318681456,3.318681318681456,0.0,0.0,0.013014436543848847,False
405,projected_centers,0.293956043956044,1,539.4659978831367,488.5531135531136,3.459194637536948,3.459194637536948,3.459194637536948,0.0,0.0,0.01356546916681156,False
405,projected_centers,0.293956043956044,2,539.4659978831367,488.5531135531136,0.7415374230343443,0.7415374230343443,0.7415374230343443,0.0,0.0,0.0029079898942523308,False
405,projected_centers,0.31043956043956045,-2,539.7132506303894,488.5860805860806,0.0,0.0,0.0,0.0,0.0,0.0,False
405,projected_centers,0.31043956043956045,-1,539.7132506303894,488.5860805860806,0.0,0.0,0.0,0.0,0.0,0.0,False
405,projected_centers,0.31043956043956045,0,539.7132506303894,488.5860805860806,3.516483516483504,3.516483516483504,3.516483516483504,0.0,0.0,0.013790131437190212,False
405,projected_centers,0.31043956043956045,1,539.7132506303894,488.5860805860806,3.019833243222525,3.019833243222525,3.019833243222525,0.0,0.0,0.011842483306755,False
405,projected_centers,0.31043956043956045,2,539.7132506303894,488.5860805860806,0.47553918229580305,0.47553918229580305,0.47553918229580305,0.0,0.0,0.001864859538414914,False
405,projected_centers,0.326923076923077,-2,539.9605033776422,488.6190476190476,0.0,0.0,0.0,0.0,0.0,0.0,False
405,projected_centers,0.326923076923077,-1,539.9605033776422,488.6190476190476,0.17453469360182075,0.17453469360182075,0.17453469360182075,0.0,0.0,0.0006844497788306696,False
405,projected_centers,0.326923076923077,0,539.9605033776422,488.6190476190476,3.714285714285552,3.714285714285552,3.714285714285552,0.0,0.0,0.014565826330531577,False
405,projected_centers,0.326923076923077,1,539.9605033776422,488.6190476190476,2.547867091028639,2.547867091028639,2.547867091028639,0.0,0.0,0.009991635651092701,False
405,projected_centers,0.326923076923077,2,539.9605033776422,488.6190476190476,0.2421456994367255,0.2421456994367255,0.2421456994367255,0.0,0.0,0.0009495909781832373,False
405,projected_centers,0.3434065934065934,-2,540.2077561248949,488.65201465201466,0.0,0.0,0.0,0.0,0.0,0.0,False
405,projected_centers,0.3434065934065934,-1,540.2077561248949,488.65201465201466,0.6738435902446541,0.6738435902446541,0.6738435902446541,0.0,0.0,0.002642523883312369,False
405,projected_centers,0.3434065934065934,0,540.2077561248949,488.65201465201466,3.316215949477286,3.316215949477286,3.316215949477286,0.0,0.0,0.01300476842932269,False
405,projected_centers,0.3434065934065934,1,540.2077561248949,488.65201465201466,1.978735763576442,1.978735763576442,1.978735763576442,0.0,0.0,0.007759748092456636,False
405,projected_centers,0.3434065934065934,2,540.2077561248949,488.65201465201466,0.041356974457188354,0.041356974457188354,0.041356974457188354,0.0,0.0,0.00016218421355760138,False
405,projected_centers,0.35989010989010994,-2,540.4550088721477,488.68498168498166,0.0,0.0,0.0,0.0,0.0,0.0,False
405,projected_centers,0.35989010989010994,-1,540.4550088721477,488.68498168498166,1.2220596237068815,1.2220596237068815,1.2220596237068815,0.0,0.0,0.004792390681203457,False
405,projected_centers,0.35989010989010994,0,540.4550088721477,488.68498168498166,2.669862031005085,2.669862031005085,2.669862031005085,0.0,0.0,0.010470047180412098,False
405,projected_centers,0.35989010989010994,1,540.4550088721477,488.68498168498166,1.3155374927100305,1.3155374927100305,1.3155374927100305,0.0,0.0,0.005158970559647178,False
405,projected_centers,0.35989010989010994,2,540.4550088721477,488.68498168498166,0.6363396782210771,0.6363396782210771,0.6363396782210771,0.0,0.0,0.0024954497185140276,False
405,projected_centers,0.37637362637362637,-2,540.7022616194005,488.71794871794873,0.0,0.0,0.0,0.0,0.0,0.0,False
405,projected_centers,0.37637362637362637,-1,540.7022616194005,488.71794871794873,1.8191827939884466,1.8191827939884466,1.8191827939884466,0.0,0.0,0.007134050172503712,False
405,projected_centers,0.37637362637362637,0,540.7022616194005,488.71794871794873,1.8767867020752784,1.8767867020752784,1.8767867020752784,0.0,0.0,0.007359947851275602,False
405,projected_centers,0.37637362637362637,1,540.7022616194005,488.71794871794873,0.7501534954818635,0.7501534954818635,0.7501534954818635,0.0,0.0,0.0029417784136543668,False
405,projected_centers,0.37637362637362637,2,540.7022616194005,488.71794871794873,1.5336553914334732,1.5336553914334732,1.5336553914334732,0.0,0.0,0.0060143348683665615,False
405,projected_centers,0.3928571428571429,-2,540.9495143666531,488.75091575091574,0.0,0.0,0.0,0.0,0.0,0.0,False
405,projected_centers,0.3928571428571429,-1,540.9495143666531,488.75091575091574,2.341113400829134,2.341113400829134,2.341113400829134,0.0,0.0,0.009180836865996604,False
405,projected_centers,0.3928571428571429,0,540.9495143666531,488.75091575091574,0.9369899626882046,0.9369899626882046,0.9369899626882046,0.0,0.0,0.0036744704419145275,False
405,projected_centers,0.3928571428571429,1,540.9495143666531,488.75091575091574,0.2825837718924945,0.2825837718924945,0.2825837718924945,0.0,0.0,0.0011081716544803705,False
405,projected_centers,0.3928571428571429,2,540.9495143666531,488.75091575091574,2.5124829993440576,2.5124829993440576,2.5124829993440576,0.0,0.0,0.009852874507231598,False
405,projected_centers,0.40934065934065933,-2,541.1967671139059,488.7838827838828,0.0,0.0,0.0,0.0,0.0,0.0,False
405,projected_centers,0.40934065934065933,-1,541.1967671139059,488.7838827838828,2.6386932814032877,2.6386932814032877,2.6386932814032877,0.0,0.0,0.010347816789816815,False
405,projected_centers,0.40934065934065933,0,541.1967671139059,488.7838827838828,0.6908764092323589,0.6908764092323589,0.6908764092323589,0.0,0.0,0.0027093192518916035,False
405,projected_centers,0.40934065934065933,1,541.1967671139059,488.7838827838828,0.05007478080510095,0.05007478080510095,0.05007478080510095,0.0,0.0,0.00019637168943176844,False
405,projected_centers,0.40934065934065933,2,541.1967671139059,488.7838827838828,3.572822501953964,3.572822501953964,3.572822501953964,0.0,0.0,0.014011068635113585,False
405,projected_centers,0.42582417582417587,-2,541.4440198611587,488.8168498168498,0.0,0.0,0.0,0.0,0.0,0.0,False
405,projected_centers,0.42582417582417587,-1,541.4440198611587,488.8168498168498,2.952575540916998,2.952575540916998,2.952575540916998,0.0,0.0,0.011578727611439207,False
405,projected_centers,0.42582417582417587,0,541.4440198611587,488.8168498168498,0.6307728683441105,0.6307728683441105,0.6307728683441105,0.0,0.0,0.0024736190915455314,False
405,projected_centers,0.42582417582417587,1,541.4440198611587,488.8168498168498,0.25200399867243806,0.25200399867243806,0.25200399867243806,0.0,0.0,0.0009882509751860315,False
405,projected_centers,0.42582417582417587,2,541.4440198611587,488.8168498168498,3.6017038655027602,3.6017038655027602,3.6017038655027602,0.0,0.0,0.01412432888432455,False
405,projected_centers,0.4423076923076923,-2,541.6912726084114,488.8498168498168,0.0,0.0,0.0,0.0,0.0,0.0,False
405,projected_centers,0.4423076923076923,-1,541.6912726084114,488.8498168498168,3.2827601793703423,3.2827601793703423,3.2827601793703423,0.0,0.0,0.012873569330864088,False
405,projected_centers,0.4423076923076923,0,541.6912726084114,488.8498168498168,0.5543669485161131,0.5543669485161131,0.5543669485161131,0.0,0.0,0.002173988033396522,False
405,projected_centers,0.4423076923076923,1,541.6912726084114,488.8498168498168,0.4702355954794114,0.4702355954794114,0.4702355954794114,0.0,0.0,0.0018440611587427899,False
405,projected_centers,0.4423076923076923,2,541.6912726084114,488.8498168498168,3.1669692758532597,3.1669692758532597,3.1669692758532597,0.0,0.0,0.012419487356287293,False
405,projected_centers,0.4587912087912088,-2,541.9385253556642,488.8827838827839,0.0,0.0,0.0,0.0,0.0,0.0,False
405,projected_centers,0.4587912087912088,-1,541.9385253556642,488.8827838827839,3.3141308549697843,3.3141308549697843,3.3141308549697843,0.0,0.0,0.012996591588116802,False
405,projected_centers,0.4587912087912088,0,541.9385253556642,488.8827838827839,0.461658649748181,0.461658649748181,0.461658649748181,0.0,0.0,0.001810426077443847,False
405,projected_centers,0.4587912087912088,1,541.9385253556642,488.8827838827839,0.7047695712262543,0.7047695712262543,0.7047695712262543,0.0,0.0,0.002763802240102958,False
405,projected_centers,0.4587912087912088,2,541.9385253556642,488.8827838827839,2.6670251704447123,2.6670251704447123,2.6670251704447123,0.0,0.0,0.010458922237038088,False
405,projected_centers,0.47527472527472525,-2,542.185778102917,488.9157509157509,0.0,0.0,0.0,0.0,0.0,0.0,False
405,projected_centers,0.47527472527472525,-1,542.185778102917,488.9157509157509,2.5223139289782797,2.5223139289782797,2.5223139289782797,0.0,0.0,0.009891427172463841,False
405,projected_centers,0.47527472527472525,0,542.185778102917,488.9157509157509,0.2743897968192696,0.2743897968192696,0.2743897968192696,0.0,0.0,0.0010760384188990965,False
405,projected_centers,0.47527472527472525,1,542.185778102917,488.9157509157509,1.150114363829841,1.150114363829841,1.150114363829841,0.0,0.0,0.004510252407175847,False
405,projected_centers,0.47527472527472525,2,542.185778102917,488.9157509157509,2.101871549277051,2.101871549277051,2.101871549277051,0.0,0.0,0.00824263352657667,False
405,projected_centers,0.4917582417582418,-2,542.4330308501696,488.94871794871796,0.0,0.0,0.0,0.0,0.0,0.0,False
405,projected_centers,0.4917582417582418,-1,542.4330308501696,488.94871794871796,1.665287487228382,1.665287487228382,1.665287487228382,0.0,0.0,0.006530539165601498,False
405,projected_centers,0.4917582417582418,0,542.4330308501696,488.94871794871796,0.1163013640677489,0.1163013640677489,0.1163013640677489,0.0,0.0,0.0004560837806578388,False
405,projected_centers,0.4917582417582418,1,542.4330308501696,488.94871794871796,2.3539399000927914,2.3539399000927914,2.3539399000927914,0.0,0.0,0.009231136863108986,False
405,projected_centers,0.4917582417582418,2,542.4330308501696,488.94871794871796,1.6750454915112873,1.6750454915112873,1.6750454915112873,0.0,0.0,0.006568805849063872,False
405,projected_centers,0.5082417582417582,-2,542.6802835974224,488.98168498168496,0.0,0.0,0.0,0.0,0.0,0.0,False
405,projected_centers,0.5082417582417582,-1,542.6802835974224,488.98168498168496,0.7430515297189813,0.7430515297189813,0.7430515297189813,0.0,0.0,0.0029139275675254166,False
405,projected_centers,0.5082417582417582,0,542.6802835974224,488.98168498168496,0.023422447075302427,0.023422447075302427,0.023422447075302427,0.0,0.0,9.185273362863697e-05,False
405,projected_centers,0.5082417582417582,1,542.6802835974224,488.98168498168496,3.6392773310548443,3.6392773310548443,3.6392773310548443,0.0,0.0,0.014271675808058213,False
405,projected_centers,0.5082417582417582,2,542.6802835974224,488.98168498168496,1.2366395031578639,1.2366395031578639,1.2366395031578639,0.0,0.0,0.0048495666790504465,False
405,projected_centers,0.5247252747252747,-2,542.9275363446751,489.01465201465203,0.5570594925535348,0.5570594925535348,0.5570594925535348,0.0,0.0,0.002184547029621705,False
405,projected_centers,0.5247252747252747,-1,542.9275363446751,489.01465201465203,0.0,0.0,0.0,0.0,0.0,0.0,False
405,projected_centers,0.5247252747252747,0,542.9275363446751,489.01465201465203,0.08260339521437318,0.08260339521437318,0.08260339521437318,0.0,0.0,0.0003239348831936203,False
405,projected_centers,0.5247252747252747,1,542.9275363446751,489.01465201465203,4.950005972410408,4.950005972410408,4.950005972410408,0.0,0.0,0.01941178812709964,False
405,projected_centers,0.5247252747252747,2,542.9275363446751,489.01465201465203,0.6841168622263356,0.6841168622263356,0.6841168622263356,0.0,0.0,0.0026828112244170026,False
405,projected_centers,0.5412087912087913,-2,543.1747890919279,489.04761904761904,1.2315068201817732,1.2315068201817732,1.2315068201817732,0.0,0.0,0.0048294385105167575,False
405,projected_centers,0.5412087912087913,-1,543.1747890919279,489.04761904761904,0.0,0.0,0.0,0.0,0.0,0.0,False
405,projected_centers,0.5412087912087913,0,543.1747890919279,489.04761904761904,0.23577454516340593,0.23577454516340593,0.23577454516340593,0.0,0.0,0.000924606059464337,False
405,projected_centers,0.5412087912087913,1,543.1747890919279,489.04761904761904,5.524413004097585,5.524413004097585,5.524413004097585,0.0,0.0,0.021664364721951317,False
405,projected_centers,0.5412087912087913,2,543.1747890919279,489.04761904761904,0.2832189786332367,0.2832189786332367,0.2832189786332367,0.0,0.0,0.0011106626613068106,False
405,projected_centers,0.5576923076923077,-2,543.4220418391807,489.0805860805861,1.857047010990699,1.857047010990699,1.857047010990699,0.0,0.0,0.007282537298002741,False
405,projected_centers,0.5576923076923077,-1,543.4220418391807,489.0805860805861,0.0,0.0,0.0,0.0,0.0,0.0,False
405,projected_centers,0.5576923076923077,0,543.4220418391807,489.0805860805861,0.27945229753908535,0.27945229753908535,0.27945229753908535,0.0,0.0,0.001095891362898374,False
405,projected_centers,0.5576923076923077,1,543.4220418391807,489.0805860805861,3.996385812365963,3.996385812365963,3.996385812365963,0.0,0.0,0.01567210122496456,False
405,projected_centers,0.5576923076923077,2,543.4220418391807,489.0805860805861,0.5079406506606677,0.5079406506606677,0.5079406506606677,0.0,0.0,0.001991924120237913,False
405,projected_centers,0.5741758241758242,-2,543.6692945864334,489.1135531135531,2.4336800649802073,2.4336800649802073,2.4336800649802073,0.0,0.0,0.009543843392079244,False
405,projected_centers,0.5741758241758242,-1,543.6692945864334,489.1135531135531,0.0,0.0,0.0,0.0,0.0,0.0,False
405,projected_centers,0.5741758241758242,0,543.6692945864334,489.1135531135531,0.22531577627616964,0.22531577627616964,0.22531577627616964,0.0,0.0,0.0008835912795143908,False
405,projected_centers,0.5741758241758242,1,543.6692945864334,489.1135531135531,2.598777652153103,2.598777652153103,2.598777652153103,0.0,0.0,0.010191284910404327,False
405,projected_centers,0.5741758241758242,2,543.6692945864334,489.1135531135531,0.9606872144411436,0.9606872144411436,0.9606872144411436,0.0,0.0,0.003767400840945661,False
405,projected_centers,0.5906593406593407,-2,543.9165473336861,489.1465201465201,2.356607291997082,2.356607291997082,2.356607291997082,0.0,0.0,0.009241597223517969,False
405,projected_centers,0.5906593406593407,-1,543.9165473336861,489.1465201465201,0.0,0.0,0.0,0.0,0.0,0.0,False
405,projected_centers,0.5906593406593407,0,543.9165473336861,489.1465201465201,0.07336498137480783,0.07336498137480783,0.07336498137480783,0.0,0.0,0.0002877058093129719,False
405,projected_centers,0.5906593406593407,1,543.9165473336861,489.1465201465201,1.3315885234574816,1.3315885234574816,1.3315885234574816,0.0,0.0,0.005221915778264634,False
405,projected_centers,0.5906593406593407,2,543.9165473336861,489.1465201465201,1.3156195045834127,1.3156195045834127,1.3156195045834127,0.0,0.0,0.0051592921748369125,False
405,projected_centers,0.6071428571428572,-2,544.1638000809389,489.1794871794872,2.065132900011762,2.065132900011762,2.065132900011762,0.0,0.0,0.008098560392202988,False
405,projected_centers,0.6071428571428572,-1,544.1638000809389,489.1794871794872,0.0,0.0,0.0,0.0,0.0,0.0,False
405,projected_centers,0.6071428571428572,0,544.1638000809389,489.1794871794872,0.0,0.0,0.0,0.0,0.0,0.0,False
405,projected_centers,0.6071428571428572,1,544.1638000809389,489.1794871794872,0.33062855258280394,0.33062855258280394,0.33062855258280394,0.0,0.0,0.0012965825591482508,False
405,projected_centers,0.6071428571428572,2,544.1638000809389,489.1794871794872,1.5727375210872112,1.5727375210872112,1.5727375210872112,0.0,0.0,0.0061675981219106325,False
405,projected_centers,0.6236263736263736,-2,544.4110528281916,489.2124542124542,1.7899608869664219,1.7899608869664219,1.7899608869664219,0.0,0.0,0.007019454458691851,False
405,projected_centers,0.6236263736263736,-1,544.4110528281916,489.2124542124542,0.0,0.0,0.0,0.0,0.0,0.0,False
405,projected_centers,0.6236263736263736,0,544.4110528281916,489.2124542124542,0.0,0.0,0.0,0.0,0.0,0.0,False
405,projected_centers,0.6236263736263736,1,544.4110528281916,489.2124542124542,0.2937547805361392,0.2937547805361392,0.2937547805361392,0.0,0.0,0.0011519795315142712,False
405,projected_centers,0.6236263736263736,2,544.4110528281916,489.2124542124542,1.4025239385556985,1.4025239385556985,1.4025239385556985,0.0,0.0,0.005500093876689013,False
405,projected_centers,0.6401098901098902,-2,544.6583055754444,489.24542124542126,1.5310912528606044,1.5310912528606044,1.5310912528606044,0.0,0.0,0.006004279422982763,False
405,projected_centers,0.6401098901098902,-1,544.6583055754444,489.24542124542126,0.0,0.0,0.0,0.0,0.0,0.0,False
405,projected_centers,0.6401098901098902,0,544.6583055754444,489.24542124542126,0.0,0.0,0.0,0.0,0.0,0.0,False
405,projected_centers,0.6401098901098902,1,544.6583055754444,489.24542124542126,0.22427625061002582,0.22427625061002582,0.22427625061002582,0.0,0.0,0.000879514708274611,False
405,projected_centers,0.6401098901098902,2,544.6583055754444,489.24542124542126,1.0256253577883239,1.0256253577883239,1.0256253577883239,0.0,0.0,0.0040220602266208775,False
405,projected_centers,0.6565934065934066,-2,544.9055583226972,489.27838827838826,1.4081350459540545,1.4081350459540545,1.4081350459540545,0.0,0.0,0.005522098219427665,False
405,projected_centers,0.6565934065934066,-1,544.9055583226972,489.27838827838826,0.0,0.0,0.0,0.0,0.0,0.0,False
405,projected_centers,0.6565934065934066,0,544.9055583226972,489.27838827838826,0.0,0.0,0.0,0.0,0.0,0.0,False
405,projected_centers,0.6565934065934066,1,544.9055583226972,489.27838827838826,0.12219296280436673,0.12219296280436673,0.12219296280436673,0.0,0.0,0.0004791880894288891,False
405,projected_centers,0.6565934065934066,2,544.9055583226972,489.27838827838826,0.6976339138402337,0.6976339138402337,0.6976339138402337,0.0,0.0,0.0027358192699617006,False
405,projected_centers,0.6730769230769231,-2,545.1528110699498,489.3113553113553,1.3422009800199248,1.3422009800199248,1.3422009800199248,0.0,0.0,0.005263533254980098,False
405,projected_centers,0.6730769230769231,-1,545.1528110699498,489.3113553113553,0.0,0.0,0.0,0.0,0.0,0.0,False
405,projected_centers,0.6730769230769231,0,545.1528110699498,489.3113553113553,0.14273561478832755,0.14273561478832755,0.14273561478832755,0.0,0.0,0.0005597475089738335,False
405,projected_centers,0.6730769230769231,1,545.1528110699498,489.3113553113553,0.04319942525533895,0.04319942525533895,0.04319942525533895,0.0,0.0,0.00016940951080525078,False
405,projected_centers,0.6730769230769231,2,545.1528110699498,489.3113553113553,0.4185496067115039,0.4185496067115039,0.4185496067115039,0.0,0.0,0.00164137100671178,False
405,projected_centers,0.6895604395604396,-2,545.4000638172026,489.34432234432234,1.2762669140859089,1.2762669140859089,1.2762669140859089,0.0,0.0,0.0050049682905329755,False
405,projected_centers,0.6895604395604396,-1,545.4000638172026,489.34432234432234,0.0,0.0,0.0,0.0,0.0,0.0,False
405,projected_centers,0.6895604395604396,0,545.4000638172026,489.34432234432234,0.413252734253262,0.413252734253262,0.413252734253262,0.0,0.0,0.0016205989578559293,False
405,projected_centers,0.6895604395604396,1,545.4000638172026,489.34432234432234,0.5340184616667899,0.5340184616667899,0.5340184616667899,0.0,0.0,0.002094190045752117,False
405,projected_centers,0.6895604395604396,2,545.4000638172026,489.34432234432234,0.4154895088579456,0.4154895088579456,0.4154895088579456,0.0,0.0,0.0016293706229723358,False
405,projected_centers,0.7060439560439561,-2,545.6473165644554,489.37728937728934,1.210332848151893,1.210332848151893,1.210332848151893,0.0,0.0,0.004746403326085854,False
405,projected_centers,0.7060439560439561,-1,545.6473165644554,489.37728937728934,0.0,0.0,0.0,0.0,0.0,0.0,False
405,projected_centers,0.7060439560439561,0,545.6473165644554,489.37728937728934,0.7326769905373919,0.7326769905373919,0.7326769905373919,0.0,0.0,0.0028732431001466346,False
405,projected_centers,0.7060439560439561,1,545.6473165644554,489.37728937728934,0.9759303612590454,0.9759303612590454,0.9759303612590454,0.0,0.0,0.003827177887290374,False
405,projected_centers,0.7060439560439561,2,545.6473165644554,489.37728937728934,0.6353021605236827,0.6353021605236827,0.6353021605236827,0.0,0.0,0.0024913810216615007,False
405,projected_centers,0.7225274725274725,-2,545.8945693117081,489.4102564102564,0.9625575328563779,0.9625575328563779,0.9625575328563779,0.0,0.0,0.0037747354229661877,False
405,projected_centers,0.7225274725274725,-1,545.8945693117081,489.4102564102564,0.0,0.0,0.0,0.0,0.0,0.0,False
405,projected_centers,0.7225274725274725,0,545.8945693117081,489.4102564102564,1.10100838364073,1.10100838364073,1.10100838364073,0.0,0.0,0.004317679935846,False
405,projected_centers,0.7225274725274725,1,545.8945693117081,489.4102564102564,1.368935124031771,1.368935124031771,1.368935124031771,0.0,0.0,0.005368373035418711,False
405,projected_centers,0.7225274725274725,2,545.8945693117081,489.4102564102564,0.8877195700689229,0.8877195700689229,0.8877195700689229,0.0,0.0,0.0034812532159565605,False
405,projected_centers,0.739010989010989,-2,546.1418220589609,489.4432234432234,0.6404468119218304,0.6404468119218304,0.6404468119218304,0.0,0.0,0.0025115561251836485,False
405,projected_centers,0.739010989010989,-1,546.1418220589609,489.4432234432234,0.0,0.0,0.0,0.0,0.0,0.0,False
405,projected_centers,0.739010989010989,0,546.1418220589609,489.4432234432234,1.4553880522656049,1.4553880522656049,1.4553880522656049,0.0,0.0,0.0057074041265317834,False
405,projected_centers,0.739010989010989,1,546.1418220589609,489.4432234432234,1.7075704894176744,1.7075704894176744,1.7075704894176744,0.0,0.0,0.006696354860461468,False
405,projected_centers,0.739010989010989,2,546.1418220589609,489.4432234432234,1.172741737493608,1.172741737493608,1.172741737493608,0.0,0.0,0.004598987205857287,False
405,projected_centers,0.7554945054945055,-2,546.3890748062137,489.4761904761905,0.35094084886670707,0.35094084886670707,0.35094084886670707,0.0,0.0,0.0013762386230066943,False
405,projected_centers,0.7554945054945055,-1,546.3890748062137,489.4761904761905,0.0,0.0,0.0,0.0,0.0,0.0,False
405,projected_centers,0.7554945054945055,0,546.3890748062137,489.4761904761905,1.7991188630606594,1.7991188630606594,1.7991188630606594,0.0,0.0,0.007055368090433958,False
405,projected_centers,0.7554945054945055,1,546.3890748062137,489.4761904761905,1.8713971158735585,1.8713971158735585,1.8713971158735585,0.0,0.0,0.007338812219111994,False
405,projected_centers,0.7554945054945055,2,546.3890748062137,489.4761904761905,1.375938832667316,1.375938832667316,1.375938832667316,0.0,0.0,0.005395838559479671,False
405,projected_centers,0.7719780219780219,-2,546.6363275534663,489.5091575091575,0.09403964369122267,0.09403964369122267,0.09403964369122267,0.0,0.0,0.0003687829164361673,False
405,projected_centers,0.7719780219780219,-1,546.6363275534663,489.5091575091575,0.0,0.0,0.0,0.0,0.0,0.0,False
405,projected_centers,0.7719780219780219,0,546.6363275534663,489.5091575091575,2.175454431734875,2.175454431734875,2.175454431734875,0.0,0.0,0.008531193849940687,False
405,projected_centers,0.7719780219780219,1,546.6363275534663,489.5091575091575,2.002618984450037,2.002618984450037,2.002618984450037,0.0,0.0,0.007853407782157007,False
405,projected_centers,0.7719780219780219,2,546.6363275534663,489.5091575091575,1.47483993156834,1.47483993156834,1.47483993156834,0.0,0.0,0.005783686006150353,False
405,projected_centers,0.7884615384615385,-2,546.8835803007191,489.54212454212455,0.08277933909868429,0.08277933909868429,0.08277933909868429,0.0,0.0,0.00032462485921052665,False
405,projected_centers,0.7884615384615385,-1,546.8835803007191,489.54212454212455,0.007070692623064302,0.007070692623064302,0.007070692623064302,0.0,0.0,2.772820636495805e-05,False
405,projected_centers,0.7884615384615385,0,546.8835803007191,489.54212454212455,2.584394758288934,2.584394758288934,2.584394758288934,0.0,0.0,0.010134881405054643,False
405,projected_centers,0.7884615384615385,1,546.8835803007191,489.54212454212455,2.1012360951469167,2.1012360951469167,2.1012360951469167,0.0,0.0,0.008240141549595752,False
405,projected_centers,0.7884615384615385,2,546.8835803007191,489.54212454212455,1.5737410304695345,1.5737410304695345,1.5737410304695345,0.0,0.0,0.006171533452821704,False
405,projected_centers,0.804945054945055,-2,547.1308330479719,489.57509157509156,0.23418624164314952,0.23418624164314952,0.23418624164314952,0.0,0.0,0.0009183774182084295,False
405,projected_centers,0.804945054945055,-1,547.1308330479719,489.57509157509156,0.10944250870405713,0.10944250870405713,0.10944250870405713,0.0,0.0,0.00042918630864336127,False
405,projected_centers,0.804945054945055,0,547.1308330479719,489.57509157509156,2.8002168918256114,2.8002168918256114,2.8002168918256114,0.0,0.0,0.010981242713041614,False
405,projected_centers,0.804945054945055,1,547.1308330479719,489.57509157509156,2.167248447964561,2.167248447964561,2.167248447964561,0.0,0.0,0.008499013521429651,False
405,projected_centers,0.804945054945055,2,547.1308330479719,489.57509157509156,1.6726421293705585,1.6726421293705585,1.6726421293705585,0.0,0.0,0.006559380899492386,False
405,projected_centers,0.8214285714285714,-2,547.3780857952246,489.6080586080586,0.401895523127312,0.401895523127312,0.401895523127312,0.0,0.0,0.0015760608750090667,False
405,projected_centers,0.8214285714285714,-1,547.3780857952246,489.6080586080586,0.1955119458452455,0.1955119458452455,0.1955119458452455,0.0,0.0,0.0007667135131186098,False
405,projected_centers,0.8214285714285714,0,547.3780857952246,489.6080586080586,2.810394717922131,2.810394717922131,2.810394717922131,0.0,0.0,0.011021155756557377,False
405,projected_centers,0.8214285714285714,1,547.3780857952246,489.6080586080586,1.905023162989288,1.905023162989288,1.905023162989288,0.0,0.0,0.007470679070546228,False
405,projected_centers,0.8214285714285714,2,547.3780857952246,489.6080586080586,1.7043672804267407,1.7043672804267407,1.7043672804267407,0.0,0.0,0.006683793256575454,False
405,projected_centers,0.837912087912088,-2,547.6253385424774,489.64102564102564,0.5859071835512513,0.5859071835512513,0.5859071835512513,0.0,0.0,0.00229767522961275,False
405,projected_centers,0.837912087912088,-1,547.6253385424774,489.64102564102564,0.2652790040467643,0.2652790040467643,0.2652790040467643,0.0,0.0,0.0010403098197912326,False
405,projected_centers,0.837912087912088,0,547.6253385424774,489.64102564102564,2.8042701650785773,2.8042701650785773,2.8042701650785773,0.0,0.0,0.01099713790226893,False
405,projected_centers,0.837912087912088,1,547.6253385424774,489.64102564102564,1.6573689972073802,1.6573689972073802,1.6573689972073802,0.0,0.0,0.006499486263558354,False
405,projected_centers,0.837912087912088,2,547.6253385424774,489.64102564102564,1.645360604394516,1.645360604394516,1.645360604394516,0.0,0.0,0.006452394527037318,False
405,projected_centers,0.8543956043956045,-2,547.87259128973,489.67399267399264,0.5968525223398617,0.5968525223398617,0.5968525223398617,0.0,0.0,0.002340598126822987,False
405,projected_centers,0.8543956043956045,-1,547.87259128973,489.67399267399264,0.31572677007148886,0.31572677007148886,0.31572677007148886,0.0,0.0,0.0012381441963587798,False
405,projected_centers,0.8543956043956045,0,547.87259128973,489.67399267399264,2.781843233295368,2.781843233295368,2.781843233295368,0.0,0.0,0.010909189150177915,False
405,projected_centers,0.8543956043956045,1,547.87259128973,489.67399267399264,1.426017210365242,1.426017210365242,1.426017210365242,0.0,0.0,0.005592224354373498,False
405,projected_centers,0.8543956043956045,2,547.87259128973,489.67399267399264,1.5700515494226344,1.5700515494226344,1.5700515494226344,0.0,0.0,0.006157064899696606,False
405,projected_centers,0.8708791208791209,-2,548.1198440369828,489.7069597069597,0.4461701699705135,0.4461701699705135,0.4461701699705135,0.0,0.0,0.0017496869410608372,False
405,projected_centers,0.8708791208791209,-1,548.1198440369828,489.7069597069597,0.21263040381537157,0.21263040381537157,0.21263040381537157,0.0,0.0,0.0008338447208445944,False
405,projected_centers,0.8708791208791209,0,548.1198440369828,489.7069597069597,2.6583890173063174,2.6583890173063174,2.6583890173063174,0.0,0.0,0.010425054969828696,False
405,projected_centers,0.8708791208791209,1,548.1198440369828,489.7069597069597,1.2109678024625663,1.2109678024625663,1.2109678024625663,0.0,0.0,0.004748893342990456,False
405,projected_centers,0.8708791208791209,2,548.1198440369828,489.7069597069597,1.4784401155110716,1.4784401155110716,1.4784401155110716,0.0,0.0,0.005797804374553222,False
405,projected_centers,0.8873626373626373,-2,548.3670967842356,489.7399267399267,0.27918543866138434,0.27918543866138434,0.27918543866138434,0.0,0.0,0.0010948448574956248,False
405,projected_centers,0.8873626373626373,-1,548.3670967842356,489.7399267399267,0.1258364164990427,0.1258364164990427,0.1258364164990427,0.0,0.0,0.0004934761431335008,False
405,projected_centers,0.8873626373626373,0,548.3670967842356,489.7399267399267,2.4164575061127658,2.4164575061127658,2.4164575061127658,0.0,0.0,0.009476303945540257,False
405,projected_centers,0.8873626373626373,1,548.3670967842356,489.7399267399267,0.9490601094371731,0.9490601094371731,0.9490601094371731,0.0,0.0,0.003721804350734012,False
405,projected_centers,0.8873626373626373,2,548.3670967842356,489.7399267399267,1.3705263026596415,1.3705263026596415,1.3705263026596415,0.0,0.0,0.005374612951606437,False
405,projected_centers,0.903846153846154,-2,548.6143495314883,489.7728937728938,0.09589832841262005,0.09589832841262005,0.09589832841262005,0.0,0.0,0.0003760718761279218,False
405,projected_centers,0.903846153846154,-1,548.6143495314883,489.7728937728938,0.055344808122456075,0.055344808122456075,0.055344808122456075,0.0,0.0,0.00021703846322531793,False
405,projected_centers,0.903846153846154,0,548.6143495314883,489.7728937728938,2.141921237040084,2.141921237040084,2.141921237040084,0.0,0.0,0.008399691125647387,False
405,projected_centers,0.903846153846154,1,548.6143495314883,489.7728937728938,0.7160389412591459,0.7160389412591459,0.7160389412591459,0.0,0.0,0.002807995848075082,False
405,projected_centers,0.903846153846154,2,548.6143495314883,489.7728937728938,1.2463101108686587,1.2463101108686587,1.2463101108686587,0.0,0.0,0.004887490630857486,False
405,projected_centers,0.9203296703296704,-2,548.8616022787411,489.8058608058608,0.0444771162942122,0.0444771162942122,0.0444771162942122,0.0,0.0,0.00017442006389887138,False
405,projected_centers,0.9203296703296704,-1,548.8616022787411,489.8058608058608,0.0011555786856012175,0.0011555786856012175,0.0011555786856012175,0.0,0.0,4.531681120004774e-06,False
405,projected_centers,0.9203296703296704,0,548.8616022787411,489.8058608058608,1.834780210087584,1.834780210087584,1.834780210087584,0.0,0.0,0.007195216510147389,False
405,projected_centers,0.9203296703296704,1,548.8616022787411,489.8058608058608,0.5156225309607221,0.5156225309607221,0.5156225309607221,0.0,0.0,0.0020220491410224395,False
405,projected_centers,0.9203296703296704,2,548.8616022787411,489.8058608058608,1.1057915401377543,1.1057915401377543,1.1057915401377543,0.0,0.0,0.004336437412304919,False
405,projected_centers,0.9368131868131868,-2,549.1088550259939,489.83882783882785,0.10719887454307414,0.10719887454307414,0.10719887454307414,0.0,0.0,0.0004203877433061731,False
405,projected_centers,0.9368131868131868,-1,549.1088550259939,489.83882783882785,0.2042874742734248,0.2042874742734248,0.2042874742734248,0.0,0.0,0.000801127350091862,False
405,projected_centers,0.9368131868131868,0,549.1088550259939,489.83882783882785,1.5125788250496053,1.5125788250496053,1.5125788250496053,0.0,0.0,0.005931681666861197,False
405,projected_centers,0.9368131868131868,1,549.1088550259939,489.83882783882785,0.34781087854164544,0.34781087854164544,0.34781087854164544,0.0,0.0,0.0013639642295750801,False
405,projected_centers,0.9368131868131868,2,549.1088550259939,489.83882783882785,0.9489705904671837,0.9489705904671837,0.9489705904671837,0.0,0.0,0.00372145329594974,False
405,projected_centers,0.9532967032967032,-2,549.3561077732465,489.87179487179486,0.1373158749124615,0.1373158749124615,0.1373158749124615,0.0,0.0,0.0005384936271076922,False
405,projected_centers,0.9532967032967032,-1,549.3561077732465,489.87179487179486,0.42995574996873487,0.42995574996873487,0.42995574996873487,0.0,0.0,0.0016861009802695485,False
405,projected_centers,0.9532967032967032,0,549.3561077732465,489.87179487179486,1.1683387252683854,1.1683387252683854,1.1683387252683854,0.0,0.0,0.0045817204912485705,False
405,projected_centers,0.9532967032967032,1,549.3561077732465,489.87179487179486,0.21260398400220815,0.21260398400220815,0.21260398400220815,0.0,0.0,0.0008337411137341496,False
405,projected_centers,0.9532967032967032,2,549.3561077732465,489.87179487179486,0.854250673160152,0.854250673160152,0.854250673160152,0.0,0.0,0.0033500026398437335,False
405,projected_centers,0.9697802197802199,-2,549.6033605204993,489.9047619047619,0.13482811740231918,0.13482811740231918,0.13482811740231918,0.0,0.0,0.0005287377153032124,False
405,projected_centers,0.9697802197802199,-1,549.6033605204993,489.9047619047619,0.671926404603915,0.671926404603915,0.671926404603915,0.0,0.0,0.002635005508250647,False
405,projected_centers,0.9697802197802199,0,549.6033605204993,489.9047619047619,0.7751914886678084,0.7751914886678084,0.7751914886678084,0.0,0.0,0.0030399666222266997,False
405,projected_centers,0.9697802197802199,1,549.6033605204993,489.9047619047619,0.1100018473421358,0.1100018473421358,0.1100018473421358,0.0,0.0,0.00043137979349857177,False
405,projected_centers,0.9697802197802199,2,549.6033605204993,489.9047619047619,0.8872177061272168,0.8872177061272168,0.8872177061272168,0.0,0.0,0.003479285122067517,False
405,projected_centers,0.9862637362637363,-2,549.8506132677521,489.93772893772893,0.07917185253264043,0.07917185253264043,0.07917185253264043,0.0,0.0,0.00031047785306917815,False
405,projected_centers,0.9862637362637363,-1,549.8506132677521,489.93772893772893,0.930199438178799,0.930199438178799,0.930199438178799,0.0,0.0,0.003647840934034506,False
405,projected_centers,0.9862637362637363,0,549.8506132677521,489.93772893772893,0.3331371152479828,0.3331371152479828,0.3331371152479828,0.0,0.0,0.001306420059796011,False
405,projected_centers,0.9862637362637363,1,549.8506132677521,489.93772893772893,0.04000446856161543,0.04000446856161543,0.04000446856161543,0.0,0.0,0.0001568802688690801,False
405,projected_centers,0.9862637362637363,2,549.8506132677521,489.93772893772893,0.9201847390942248,0.9201847390942248,0.9201847390942248,0.0,0.0,0.0036085676042910777,False
405,projected_centers,1.0027472527472527,-2,550.0978660150048,489.97069597069594,0.015000993933610405,0.015000993933610405,0.015000993933610405,0.0,0.0,5.882742719062904e-05,False
405,projected_centers,1.0027472527472527,-1,550.0978660150048,489.97069597069594,1.2047748506933038,1.2047748506933038,1.2047748506933038,0.0,0.0,0.004724607257620799,False
405,projected_centers,1.0027472527472527,0,550.0978660150048,489.97069597069594,0.03217189787562954,0.03217189787562954,0.03217189787562954,0.0,0.0,0.00012616430539462564,False
405,projected_centers,1.0027472527472527,1,550.0978660150048,489.97069597069594,0.0026118476605674176,0.0026118476605674176,0.0026118476605674176,0.0,0.0,1.0242539845362423e-05,False
405,projected_centers,1.0027472527472527,2,550.0978660150048,489.97069597069594,0.9531517720612328,0.9531517720612328,0.9531517720612328,0.0,0.0,0.0037378500865146384,False
405,projected_centers,1.0192307692307692,-2,550.3451187622576,490.003663003663,0.034131851202428315,0.034131851202428315,0.034131851202428315,0.0,0.0,0.0001338503968722679,False
405,projected_centers,1.0192307692307692,-1,550.3451187622576,490.003663003663,1.4589123225495515,1.4589123225495515,1.4589123225495515,0.0,0.0,0.0057212247943119665,False
405,projected_centers,1.0192307692307692,0,550.3451187622576,490.003663003663,0.0025283425806440873,0.0025283425806440873,0.0025283425806440873,0.0,0.0,9.915068943702304e-06,False
405,projected_centers,1.0192307692307692,1,550.3451187622576,490.003663003663,0.4237340689720455,0.4237340689720455,0.4237340689720455,0.0,0.0,0.0016617022312629237,False
405,projected_centers,1.0192307692307692,2,550.3451187622576,490.003663003663,0.9883617652158032,0.9883617652158032,0.9883617652158032,0.0,0.0,0.0038759284910423655,False
405,projected_centers,1.0357142857142858,-2,550.5923715095104,490.03663003663,0.10058524571640194,0.10058524571640194,0.10058524571640194,0.0,0.0,0.00039445194398589,False
405,projected_centers,1.0357142857142858,-1,550.5923715095104,490.03663003663,1.646237646661036,1.646237646661036,1.646237646661036,0.0,0.0,0.006455833908474651,False
405,projected_centers,1.0357142857142858,0,550.5923715095104,490.03663003663,0.0433971801838846,0.0433971801838846,0.0433971801838846,0.0,0.0,0.00017018502032895922,False
405,projected_centers,1.0357142857142858,1,550.5923715095104,490.03663003663,0.9226326366544066,0.9226326366544066,0.9226326366544066,0.0,0.0,0.0036181672025663004,False
405,projected_centers,1.0357142857142858,2,550.5923715095104,490.03663003663,0.9809141620046944,0.9809141620046944,0.9809141620046944,0.0,0.0,0.003846722203939978,False
405,projected_centers,1.0521978021978022,-2,550.839624256763,490.0695970695971,0.34595199952711936,0.34595199952711936,0.34595199952711936,0.0,0.0,0.0013566745079494876,False
405,projected_centers,1.0521978021978022,-1,550.839624256763,490.0695970695971,1.8172605918325715,1.8172605918325715,1.8172605918325715,0.0,0.0,0.007126512124833614,False
405,projected_centers,1.0521978021978022,0,550.839624256763,490.0695970695971,0.11687077566666847,0.11687077566666847,0.11687077566666847,0.0,0.0,0.0004583167673202685,False
405,projected_centers,1.0521978021978022,1,550.839624256763,490.0695970695971,1.3896835113893968,1.3896835113893968,1.3896835113893968,0.0,0.0,0.005449739260350576,False
405,projected_centers,1.0521978021978022,2,550.839624256763,490.0695970695971,0.9479471290376296,0.9479471290376296,0.9479471290376296,0.0,0.0,0.0037174397217161945,False
405,projected_centers,1.0686813186813187,-2,551.0868770040158,490.1025641025641,0.773895214128983,0.773895214128983,0.773895214128983,0.0,0.0,0.0030348831926626783,False
405,projected_centers,1.0686813186813187,-1,551.0868770040158,490.1025641025641,1.5099562839792895,1.5099562839792895,1.5099562839792895,0.0,0.0,0.0059213971920756454,False
405,projected_centers,1.0686813186813187,0,551.0868770040158,490.1025641025641,0.5771399915549544,0.5771399915549544,0.5771399915549544,0.0,0.0,0.002263294084529233,False
405,projected_centers,1.0686813186813187,1,551.0868770040158,490.1025641025641,1.8241296282451398,1.8241296282451398,1.8241296282451398,0.0,0.0,0.00715344952252996,False
405,projected_centers,1.0686813186813187,2,551.0868770040158,490.1025641025641,0.9149800960706216,0.9149800960706216,0.9149800960706216,0.0,0.0,0.003588157239492634,False
405,projected_centers,1.0851648351648353,-2,551.3341297512686,490.13553113553115,1.1366289129718967,1.1366289129718967,1.1366289129718967,0.0,0.0,0.004457368286164301,False
405,projected_centers,1.0851648351648353,-1,551.3341297512686,490.13553113553115,1.2498201817252201,1.2498201817252201,1.2498201817252201,0.0,0.0,0.004901255614608706,False
405,projected_centers,1.0851648351648353,0,551.3341297512686,490.13553113553115,1.6247161351761603,1.6247161351761603,1.6247161351761603,0.0,0.0,0.006371435824220236,False
405,projected_centers,1.0851648351648353,1,551.3341297512686,490.13553113553115,1.7253190960310143,1.7253190960310143,1.7253190960310143,0.0,0.0,0.006765957239337311,False
405,projected_centers,1.0851648351648353,2,551.3341297512686,490.13553113553115,1.3745454648092852,1.3745454648092852,1.3745454648092852,0.0,0.0,0.005390374371801118,False
405,projected_centers,1.1016483516483517,-2,551.5813824985213,490.16849816849816,1.4341530960557067,1.4341530960557067,1.4341530960557067,0.0,0.0,0.005624129788453752,False
405,projected_centers,1.1016483516483517,-1,551.5813824985213,490.16849816849816,1.1038007320493866,1.1038007320493866,1.1038007320493866,0.0,0.0,0.0043286303217623,False
405,projected_centers,1.1016483516483517,0,551.5813824985213,490.16849816849816,2.5581756262187296,2.5581756262187296,2.5581756262187296,0.0,0.0,0.010032061279289135,False
405,projected_centers,1.1016483516483517,1,551.5813824985213,490.16849816849816,1.6593558707673723,1.6593558707673723,1.6593558707673723,0.0,0.0,0.00650727792457793,False
405,projected_centers,1.1016483516483517,2,551.5813824985213,490.16849816849816,3.002600739078053,3.002600739078053,3.002600739078053,0.0,0.0,0.01177490485912962,False
405,projected_centers,1.1181318681318682,-2,551.8286352457741,490.20146520146517,1.6203722528830578,1.6203722528830578,1.6203722528830578,0.0,0.0,0.006354400991698266,False
405,projected_centers,1.1181318681318682,-1,551.8286352457741,490.20146520146517,1.0718979349515634,1.0718979349515634,1.0718979349515634,0.0,0.0,0.004203521313535543,False
405,projected_centers,1.1181318681318682,0,551.8286352457741,490.20146520146517,3.3775184646836363,3.3775184646836363,3.3775184646836363,0.0,0.0,0.01324517044973975,False
405,projected_centers,1.1181318681318682,1,551.8286352457741,490.20146520146517,1.756416434900966,1.756416434900966,1.756416434900966,0.0,0.0,0.006887907587846926,False
405,projected_centers,1.1181318681318682,2,551.8286352457741,490.20146520146517,4.500236981829769,4.500236981829769,4.500236981829769,0.0,0.0,0.017647988164038307,False
405,projected_centers,1.1346153846153846,-2,552.0758879930268,490.23443223443223,1.8443315234598066,1.8443315234598066,1.8443315234598066,0.0,0.0,0.007232672641018849,False
405,projected_centers,1.1346153846153846,-1,552.0758879930268,490.23443223443223,2.5375526258118875,2.5375526258118875,2.5375526258118875,0.0,0.0,0.009951186767889754,False
405,projected_centers,1.1346153846153846,0,552.0758879930268,490.23443223443223,3.5373518215642608,3.5373518215642608,3.5373518215642608,0.0,0.0,0.013871967927702983,False
405,projected_centers,1.1346153846153846,1,552.0758879930268,490.23443223443223,2.016500788432329,2.016500788432329,2.016500788432329,0.0,0.0,0.007907846229146387,False
405,projected_centers,1.1346153846153846,2,552.0758879930268,490.23443223443223,5.867454193062492,5.867454193062492,5.867454193062492,0.0,0.0,0.023009624286519575,False
405,projected_centers,1.1510989010989012,-2,552.3231407402795,490.26739926739924,2.2639193413134597,2.2639193413134597,2.2639193413134597,0.0,0.0,0.008878115063974353,False
405,projected_centers,1.1510989010989012,-1,552.3231407402795,490.26739926739924,4.047770610898308,4.047770610898308,4.047770610898308,0.0,0.0,0.015873610238816893,False
405,projected_centers,1.1510989010989012,0,552.3231407402795,490.26739926739924,2.479337947694076,2.479337947694076,2.479337947694076,0.0,0.0,0.009722893912525787,False
405,projected_centers,1.1510989010989012,1,552.3231407402795,490.26739926739924,1.9819015914365268,1.9819015914365268,1.9819015914365268,0.0,0.0,0.007772163103672654,False
405,projected_centers,1.1510989010989012,2,552.3231407402795,490.26739926739924,7.13313054200399,7.13313054200399,7.13313054200399,0.0,0.0,0.027973060949035254,False
405,projected_centers,1.1675824175824177,-2,552.5703934875323,490.3003663003663,2.8791357064443504,2.8791357064443504,2.8791357064443504,0.0,0.0,0.011290728260566079,False
405,projected_centers,1.1675824175824177,-1,552.5703934875323,490.3003663003663,5.313452911888436,5.313452911888436,5.313452911888436,0.0,0.0,0.02083707024269975,False
405,projected_centers,1.1675824175824177,0,552.5703934875323,490.3003663003663,1.502835968522428,1.502835968522428,1.502835968522428,0.0,0.0,0.005893474386362463,False
405,projected_centers,1.1675824175824177,1,552.5703934875323,490.3003663003663,1.7298509970502272,1.7298509970502272,1.7298509970502272,0.0,0.0,0.006783729400196969,False
405,projected_centers,1.1675824175824177,2,552.5703934875323,490.3003663003663,8.986499863099649,8.986499863099649,8.986499863099649,0.0,0.0,0.03524117593372411,False
405,projected_centers,1.184065934065934,-2,552.817646234785,490.3333333333333,3.2211481120925303,3.2211481120925303,3.2211481120925303,0.0,0.0,0.01263195338075502,False
405,projected_centers,1.184065934065934,-1,552.817646234785,490.3333333333333,6.334599528782136,6.334599528782136,6.334599528782136,0.0,0.0,0.024841566779537787,False
405,projected_centers,1.184065934065934,0,552.817646234785,490.3333333333333,0.6078458840500107,0.6078458840500107,0.6078458840500107,0.0,0.0,0.0023837093492157283,False
405,projected_centers,1.184065934065934,1,552.817646234785,490.3333333333333,1.3636837500856274,1.3636837500856274,1.3636837500856274,0.0,0.0,0.005347779412100499,False
405,projected_centers,1.184065934065934,2,552.817646234785,490.3333333333333,11.720197646940015,11.720197646940015,11.720197646940015,0.0,0.0,0.04596155939976476,False
405,projected_centers,1.2005494505494505,-2,553.0648989820378,490.3663003663004,2.574727921329976,2.574727921329976,2.574727921329976,0.0,0.0,0.01009697224050971,False
405,projected_centers,1.2005494505494505,-1,553.0648989820378,490.3663003663004,5.461253019634348,5.461253019634348,5.461253019634348,0.0,0.0,0.02141667850836999,False
405,projected_centers,1.2005494505494505,0,553.0648989820378,490.3663003663004,0.24675876686895176,0.24675876686895176,0.24675876686895176,0.0,0.0,0.0009676814387017716,False
405,projected_centers,1.2005494505494505,1,553.0648989820378,490.3663003663004,0.883399850542813,0.883399850542813,0.883399850542813,0.0,0.0,0.0034643131393835803,False
405,projected_centers,1.2005494505494505,2,553.0648989820378,490.3663003663004,15.334223893528788,15.334223893528788,15.334223893528788,0.0,0.0,0.06013421134717172,False
405,projected_centers,1.2170329670329672,-2,553.3121517292906,490.3992673992674,1.765283941169582,1.765283941169582,1.765283941169582,0.0,0.0,0.006922682122233655,False
405,projected_centers,1.2170329670329672,-1,553.3121517292906,490.3992673992674,4.377222571202421,4.377222571202421,4.377222571202421,0.0,0.0,0.01716557871059773,False
405,projected_centers,1.2170329670329672,0,553.3121517292906,490.3992673992674,1.125118320959463,1.125118320959463,1.125118320959463,0.0,0.0,0.004412228709644953,False
405,projected_centers,1.2170329670329672,1,553.3121517292906,490.3992673992674,0.640421656620514,0.640421656620514,0.640421656620514,0.0,0.0,0.002511457476943192,False
405,projected_centers,1.2170329670329672,2,553.3121517292906,490.3992673992674,20.049444407698264,20.049444407698264,20.049444407698264,0.0,0.0,0.07862527218705201,False
405,projected_centers,1.2335164835164836,-2,553.5594044765432,490.43223443223445,0.7928161716124805,0.7928161716124805,0.7928161716124805,0.0,0.0,0.003109083025931296,False
405,projected_centers,1.2335164835164836,-1,553.5594044765432,490.43223443223445,3.5540301858065995,3.5540301858065995,3.5540301858065995,0.0,0.0,0.01393737327767294,False
405,projected_centers,1.2335164835164836,0,553.5594044765432,490.43223443223445,1.9056636014110049,1.9056636014110049,1.9056636014110049,0.0,0.0,0.0074731905937686464,False
405,projected_centers,1.2335164835164836,1,553.5594044765432,490.43223443223445,0.48508393094517266,0.48508393094517266,0.48508393094517266,0.0,0.0,0.001902289925275187,False
405,projected_centers,1.2335164835164836,2,553.5594044765432,490.43223443223445,26.556281391609915,26.556281391609915,26.556281391609915,0.0,0.0,0.1041422799670977,False
405,projected_centers,1.25,-2,553.806657223796,490.46520146520146,0.2765898963836305,0.2765898963836305,0.2765898963836305,0.0,0.0,0.0010846662603279627,False
405,projected_centers,1.25,-1,553.806657223796,490.46520146520146,2.9916758634462575,2.9916758634462575,2.9916758634462575,0.0,0.0,0.011732062209593167,False
405,projected_centers,1.25,0,553.806657223796,490.46520146520146,2.588394608224672,2.588394608224672,2.588394608224672,0.0,0.0,0.010150567091077145,False
405,projected_centers,1.25,1,553.806657223796,490.46520146520146,0.29714144739018566,0.29714144739018566,0.29714144739018566,0.0,0.0,0.001165260578000728,False
405,projected_centers,1.25,2,553.806657223796,490.46520146520146,33.927144459326726,33.927144459326726,33.927144459326726,0.0,0.0,0.13304762533069303,False
405,highlight_or_dark_patch,-0.25,-2,526.0,481.5,1.8602526784918902,1.8602526784918902,1.8602526784918902,0.0,0.0,0.007295108543105452,False
405,highlight_or_dark_patch,-0.25,-1,526.0,481.5,1.000029815594222,1.000029815594222,1.000029815594222,0.0,0.0,0.0039216855513498905,False
405,highlight_or_dark_patch,-0.25,0,526.0,481.5,0.5,0.5,0.5,0.0,0.0,0.00196078431372549,False
405,highlight_or_dark_patch,-0.25,1,526.0,481.5,0.1889255364207438,0.1889255364207438,0.1889255364207438,0.0,0.0,0.0007408844565519365,False
405,highlight_or_dark_patch,-0.25,2,526.0,481.5,4.372227178647375,4.372227178647375,4.372227178647375,0.0,0.0,0.017145988935872058,False
405,highlight_or_dark_patch,-0.2345360824742268,-2,526.2474226804123,481.53092783505156,2.310915001158289,2.310915001158289,2.310915001158289,0.0,0.0,0.009062411769248192,False
405,highlight_or_dark_patch,-0.2345360824742268,-1,526.2474226804123,481.53092783505156,1.9670523638878459,1.9670523638878459,1.9670523638878459,0.0,0.0,0.007713930838775866,False
405,highlight_or_dark_patch,-0.2345360824742268,0,526.2474226804123,481.53092783505156,1.0952811138271046,1.0952811138271046,1.0952811138271046,0.0,0.0,0.004295220054223939,False
405,highlight_or_dark_patch,-0.2345360824742268,1,526.2474226804123,481.53092783505156,0.24104928143401794,0.24104928143401794,0.24104928143401794,0.0,0.0,0.0009452912997412468,False
405,highlight_or_dark_patch,-0.2345360824742268,2,526.2474226804123,481.53092783505156,6.181802153817401,6.181802153817401,6.181802153817401,0.0,0.0,0.02424236138751922,False
405,highlight_or_dark_patch,-0.2190721649484536,-2,526.4948453608248,481.5618556701031,2.899317785085463,2.899317785085463,2.899317785085463,0.0,0.0,0.011369873667001814,False
405,highlight_or_dark_patch,-0.2190721649484536,-1,526.4948453608248,481.5618556701031,2.872856929399437,2.872856929399437,2.872856929399437,0.0,0.0,0.011266105605487988,False
405,highlight_or_dark_patch,-0.2190721649484536,0,526.4948453608248,481.5618556701031,1.7058667233501146,1.7058667233501146,1.7058667233501146,0.0,0.0,0.00668967342490241,False
405,highlight_or_dark_patch,-0.2190721649484536,1,526.4948453608248,481.5618556701031,0.7014746636801108,0.7014746636801108,0.7014746636801108,0.0,0.0,0.00275088103403965,False
405,highlight_or_dark_patch,-0.2190721649484536,2,526.4948453608248,481.5618556701031,5.050777812794337,5.050777812794337,5.050777812794337,0.0,0.0,0.019806971814879754,False
405,highlight_or_dark_patch,-0.2036082474226804,-2,526.7422680412371,481.5927835051546,3.6254610302726094,3.6254610302726094,3.6254610302726094,0.0,0.0,0.014217494236363174,False
405,highlight_or_dark_patch,-0.2036082474226804,-1,526.7422680412371,481.5927835051546,3.717443512128275,3.717443512128275,3.717443512128275,0.0,0.0,0.014578209851483432,False
405,highlight_or_dark_patch,-0.2036082474226804,0,526.7422680412371,481.5927835051546,2.3317568285684653,2.3317568285684653,2.3317568285684653,0.0,0.0,0.009144144425758687,False
405,highlight_or_dark_patch,-0.2036082474226804,1,526.7422680412371,481.5927835051546,1.131291054534824,1.131291054534824,1.131291054534824,0.0,0.0,0.004436435507979702,False
405,highlight_or_dark_patch,-0.2036082474226804,2,526.7422680412371,481.5927835051546,3.713106591641746,3.713106591641746,3.713106591641746,0.0,0.0,0.01456120232016371,False
405,highlight_or_dark_patch,-0.18814432989690721,-2,526.9896907216495,481.62371134020617,14.820733262761603,14.820733262761603,14.820733262761603,0.0,0.0,0.05812052259906511,False
405,highlight_or_dark_patch,-0.18814432989690721,-1,526.9896907216495,481.62371134020617,15.99784649177198,15.99784649177198,15.99784649177198,0.0,0.0,0.06273665290890973,False
405,highlight_or_dark_patch,-0.18814432989690721,0,526.9896907216495,481.62371134020617,2.9729514294824013,2.9729514294824013,2.9729514294824013,0.0,0.0,0.011658633056793731,False
405,highlight_or_dark_patch,-0.18814432989690721,1,526.9896907216495,481.62371134020617,1.5304984539982671,1.5304984539982671,1.5304984539982671,0.0,0.0,0.0060019547215618314,False
405,highlight_or_dark_patch,-0.18814432989690721,2,526.9896907216495,481.62371134020617,2.1764769264466746,2.1764769264466746,2.1764769264466746,0.0,0.0,0.008535203633124214,False
405,highlight_or_dark_patch,-0.17268041237113402,-2,527.2371134020618,481.6546391752577,27.053790897326643,27.053790897326643,27.053790897326643,0.0,0.0,0.10609329763657507,False
405,highlight_or_dark_patch,-0.17268041237113402,-1,527.2371134020618,481.6546391752577,42.54848030445319,42.54848030445319,42.54848030445319,0.0,0.0,0.1668567855076596,False
405,highlight_or_dark_patch,-0.17268041237113402,0,527.2371134020618,481.6546391752577,31.030715272607466,31.030715272607466,31.030715272607466,0.0,0.0,0.12168907950042143,False
405,highlight_or_dark_patch,-0.17268041237113402,1,527.2371134020618,481.6546391752577,13.200536361749094,13.200536361749094,13.200536361749094,0.0,0.0,0.05176680926176115,False
405,highlight_or_dark_patch,-0.17268041237113402,2,527.2371134020618,481.6546391752577,0.4408888172086208,0.4408888172086208,0.4408888172086208,0.0,0.0,0.0017289757537592972,False
405,highlight_or_dark_patch,-0.15721649484536082,-2,527.4845360824743,481.6855670103093,39.9143328554174,39.9143328554174,39.9143328554174,0.0,0.0,0.15652679551144077,False
405,highlight_or_dark_patch,-0.15721649484536082,-1,527.4845360824743,481.6855670103093,70.15512432014414,70.15512432014414,70.15512432014414,0.0,0.0,0.2751181345888005,False
405,highlight_or_dark_patch,-0.15721649484536082,0,527.4845360824743,481.6855670103093,60.010415559576636,60.010415559576636,60.010415559576636,0.0,0.0,0.2353349629787319,False
405,highlight_or_dark_patch,-0.15721649484536082,1,527.4845360824743,481.6855670103093,38.11063726221637,38.11063726221637,38.11063726221637,0.0,0.0,0.14945347945967205,False
405,highlight_or_dark_patch,-0.15721649484536082,2,527.4845360824743,481.6855670103093,11.938355882338284,11.938355882338284,11.938355882338284,0.0,0.0,0.04681708189152268,False
405,highlight_or_dark_patch,-0.14175257731958762,-2,527.7319587628866,481.71649484536084,53.40235913702293,53.40235913702293,53.40235913702293,0.0,0.0,0.20942101622361933,False
405,highlight_or_dark_patch,-0.14175257731958762,-1,527.7319587628866,481.71649484536084,98.81777853882032,98.81777853882032,98.81777853882032,0.0,0.0,0.38752070015223655,False
405,highlight_or_dark_patch,-0.14175257731958762,0,527.7319587628866,481.71649484536084,88.7146349240113,88.7146349240113,88.7146349240113,0.0,0.0,0.34790052911376984,False
405,highlight_or_dark_patch,-0.14175257731958762,1,527.7319587628866,481.71649484536084,62.77586623154226,62.77586623154226,62.77586623154226,0.0,0.0,0.24617986757467553,False
405,highlight_or_dark_patch,-0.14175257731958762,2,527.7319587628866,481.71649484536084,23.00616006010698,23.00616006010698,23.00616006010698,0.0,0.0,0.09022023552983129,False
405,highlight_or_dark_patch,-0.12628865979381443,-2,527.979381443299,481.7474226804124,69.16855801516081,69.16855801516081,69.16855801516081,0.0,0.0,0.2712492471182777,False
405,highlight_or_dark_patch,-0.12628865979381443,-1,527.979381443299,481.7474226804124,127.82508236138571,127.82508236138571,127.82508236138571,0.0,0.0,0.5012748327897479,False
405,highlight_or_dark_patch,-0.12628865979381443,0,527.979381443299,481.7474226804124,117.14337336592493,117.14337336592493,117.14337336592493,0.0,0.0,0.45938577790558793,False
405,highlight_or_dark_patch,-0.12628865979381443,1,527.979381443299,481.7474226804124,87.19622326973834,87.19622326973834,87.19622326973834,0.0,0.0,0.341945973606817,False
405,highlight_or_dark_patch,-0.12628865979381443,2,527.979381443299,481.7474226804124,33.00264953918269,33.00264953918269,33.00264953918269,0.0,0.0,0.1294221550556184,False
405,highlight_or_dark_patch,-0.11082474226804123,-2,528.2268041237113,481.7783505154639,86.00091934097966,86.00091934097966,86.00091934097966,0.0,0.0,0.3372585072195281,False
405,highlight_or_dark_patch,-0.11082474226804123,-1,528.2268041237113,481.7783505154639,156.6265632067554,156.6265632067554,156.6265632067554,0.0,0.0,0.6142218164970801,False
405,highlight_or_dark_patch,-0.11082474226804123,0,528.2268041237113,481.7783505154639,149.5860346476731,149.5860346476731,149.5860346476731,0.0,0.0,0.5866119005791102,False
405,highlight_or_dark_patch,-0.11082474226804123,1,528.2268041237113,481.7783505154639,115.9915854725152,115.9915854725152,115.9915854725152,0.0,0.0,0.4548689626373145,False
405,highlight_or_dark_patch,-0.11082474226804123,2,528.2268041237113,481.7783505154639,41.92782431956937,41.92782431956937,41.92782431956937,0.0,0.0,0.1644228404688995,False
405,highlight_or_dark_patch,-0.09536082474226804,-2,528.4742268041238,481.80927835051546,103.76685490424151,103.76685490424151,103.76685490424151,0.0,0.0,0.4069288427617314,False
405,highlight_or_dark_patch,-0.09536082474226804,-1,528.4742268041238,481.80927835051546,186.10144186274852,186.10144186274852,186.10144186274852,0.0,0.0,0.7298095759323471,False
405,highlight_or_dark_patch,-0.09536082474226804,0,528.4742268041238,481.80927835051546,182.74449994686597,182.74449994686597,182.74449994686597,0.0,0.0,0.716645097830847,False
405,highlight_or_dark_patch,-0.09536082474226804,1,528.4742268041238,481.80927835051546,151.28306944907558,151.28306944907558,151.28306944907558,0.0,0.0,0.5932669390159827,False
405,highlight_or_dark_patch,-0.09536082474226804,2,528.4742268041238,481.80927835051546,66.11643049795275,66.11643049795275,66.11643049795275,0.0,0.0,0.2592801195998147,False
405,highlight_or_dark_patch,-0.07989690721649484,-2,528.7216494845361,481.840206185567,122.46636470492895,122.46636470492895,122.46636470492895,0.0,0.0,0.4802602537448194,False
405,highlight_or_dark_patch,-0.07989690721649484,-1,528.7216494845361,481.840206185567,216.24971832933645,216.24971832933645,216.24971832933645,0.0,0.0,0.848038111095437,False
405,highlight_or_dark_patch,-0.07989690721649484,0,528.7216494845361,481.840206185567,216.25496864704263,216.25496864704263,216.25496864704263,0.0,0.0,0.8480587005766378,False
405,highlight_or_dark_patch,-0.07989690721649484,1,528.7216494845361,481.840206185567,186.66638039979324,186.66638039979324,186.66638039979324,0.0,0.0,0.7320250211756598,False
405,highlight_or_dark_patch,-0.07989690721649484,2,528.7216494845361,481.840206185567,91.17977216073805,91.17977216073805,91.17977216073805,0.0,0.0,0.35756773396367864,False
405,highlight_or_dark_patch,-0.06443298969072164,-2,528.9690721649484,481.87113402061857,123.05625382616758,123.05625382616758,123.05625382616758,0.0,0.0,0.4825735444163434,False
405,highlight_or_dark_patch,-0.06443298969072164,-1,528.9690721649484,481.87113402061857,234.60326538203117,234.60326538203117,234.60326538203117,0.0,0.0,0.9200128054197301,False
405,highlight_or_dark_patch,-0.06443298969072164,0,528.9690721649484,481.87113402061857,250.1174407482184,250.1174407482184,250.1174407482184,0.0,0.0,0.9808527088165427,False
405,highlight_or_dark_patch,-0.06443298969072164,1,528.9690721649484,481.87113402061857,222.14151832468457,222.14151832468457,222.14151832468457,0.0,0.0,0.8711432091164101,False
405,highlight_or_dark_patch,-0.06443298969072164,2,528.9690721649484,481.87113402061857,115.60032500430759,115.60032500430759,115.60032500430759,0.0,0.0,0.45333460786002977,False
405,highlight_or_dark_patch,-0.048969072164948446,-2,529.2164948453608,481.9020618556701,120.7459136356502,120.7459136356502,120.7459136356502,0.0,0.0,0.47351338680647137,False
405,highlight_or_dark_patch,-0.048969072164948446,-1,529.2164948453608,481.9020618556701,232.52314447880758,232.52314447880758,232.52314447880758,0.0,0.0,0.9118554685443434,False
405,highlight_or_dark_patch,-0.048969072164948446,0,529.2164948453608,481.9020618556701,254.04384100329503,254.04384100329503,254.04384100329503,0.0,0.0,0.9962503568756668,False
405,highlight_or_dark_patch,-0.048969072164948446,1,529.2164948453608,481.9020618556701,245.17752146935385,245.17752146935385,245.17752146935385,0.0,0.0,0.9614804763504072,False
405,highlight_or_dark_patch,-0.048969072164948446,2,529.2164948453608,481.9020618556701,139.37808902866132,139.37808902866132,139.37808902866132,0.0,0.0,0.5465807412888679,False
405,highlight_or_dark_patch,-0.03350515463917525,-2,529.4639175257732,481.9329896907216,118.11417903551703,118.11417903551703,118.11417903551703,0.0,0.0,0.46319285896281187,False
405,highlight_or_dark_patch,-0.03350515463917525,-1,529.4639175257732,481.9329896907216,230.4736325669664,230.4736325669664,230.4736325669664,0.0,0.0,0.90381816692928,False
405,highlight_or_dark_patch,-0.03350515463917525,0,529.4639175257732,481.9329896907216,253.98102880221023,253.98102880221023,253.98102880221023,0.0,0.0,0.9960040345184715,False
405,highlight_or_dark_patch,-0.03350515463917525,1,529.4639175257732,481.9329896907216,247.35609694830757,247.35609694830757,247.35609694830757,0.0,0.0,0.9700239096012061,False
405,highlight_or_dark_patch,-0.03350515463917525,2,529.4639175257732,481.9329896907216,145.85075185380657,145.85075185380657,145.85075185380657,0.0,0.0,0.5719637327600258,False
405,highlight_or_dark_patch,-0.018041237113402053,-2,529.7113402061856,481.9639175257732,115.16105002578409,115.16105002578409,115.16105002578409,0.0,0.0,0.4516119608854278,False
405,highlight_or_dark_patch,-0.018041237113402053,-1,529.7113402061856,481.9639175257732,228.45472964652527,228.45472964652527,228.45472964652527,0.0,0.0,0.8959009005746089,False
405,highlight_or_dark_patch,-0.018041237113402053,0,529.7113402061856,481.9639175257732,254.25491550642974,254.25491550642974,254.25491550642974,0.0,0.0,0.9970781000252147,False
405,highlight_or_dark_patch,-0.018041237113402053,1,529.7113402061856,481.9639175257732,249.70302187991132,249.70302187991132,249.70302187991132,0.0,0.0,0.9792275367839659,False
405,highlight_or_dark_patch,-0.018041237113402053,2,529.7113402061856,481.9639175257732,150.14589577424306,150.14589577424306,150.14589577424306,0.0,0.0,0.5888074344087963,False
405,highlight_or_dark_patch,-0.002577319587628857,-2,529.9587628865979,481.99484536082474,102.59755506959685,102.59755506959685,102.59755506959685,0.0,0.0,0.4023433532141053,False
405,highlight_or_dark_patch,-0.002577319587628857,-1,529.9587628865979,481.99484536082474,219.2929868067343,219.2929868067343,219.2929868067343,0.0,0.0,0.859972497281311,False
405,highlight_or_dark_patch,-0.002577319587628857,0,529.9587628865979,481.99484536082474,254.86550111595275,254.86550111595275,254.86550111595275,0.0,0.0,0.9994725533958931,False
405,highlight_or_dark_patch,-0.002577319587628857,1,529.9587628865979,481.99484536082474,252.21829626416678,252.21829626416678,252.21829626416678,0.0,0.0,0.9890913578986933,False
405,highlight_or_dark_patch,-0.002577319587628857,2,529.9587628865979,481.99484536082474,154.76243410428748,154.76243410428748,154.76243410428748,0.0,0.0,0.6069115062913234,False
405,highlight_or_dark_patch,0.01288659793814434,-2,530.2061855670103,482.0257731958763,88.14446471187078,88.14446471187078,88.14446471187078,0.0,0.0,0.3456645674975325,False
405,highlight_or_dark_patch,0.01288659793814434,-1,530.2061855670103,482.0257731958763,193.91208248223734,193.91208248223734,193.91208248223734,0.0,0.0,0.7604395391460288,False
405,highlight_or_dark_patch,0.01288659793814434,0,530.2061855670103,482.0257731958763,233.3034860240241,233.3034860240241,233.3034860240241,0.0,0.0,0.9149156314667611,False
405,highlight_or_dark_patch,0.01288659793814434,1,530.2061855670103,482.0257731958763,243.4248991750957,243.4248991750957,243.4248991750957,0.0,0.0,0.9546074477454733,False
405,highlight_or_dark_patch,0.01288659793814434,2,530.2061855670103,482.0257731958763,159.702583778998,159.702583778998,159.702583778998,0.0,0.0,0.6262846422705803,False
405,highlight_or_dark_patch,0.028350515463917536,-2,530.4536082474227,482.05670103092785,73.14041250909435,73.14041250909435,73.14041250909435,0.0,0.0,0.28682514709448764,False
405,highlight_or_dark_patch,0.028350515463917536,-1,530.4536082474227,482.05670103092785,168.54648265342394,168.54648265342394,168.54648265342394,0.0,0.0,0.6609665986408781,False
405,highlight_or_dark_patch,0.028350515463917536,0,530.4536082474227,482.05670103092785,207.2115527686214,207.2115527686214,207.2115527686214,0.0,0.0,0.812594324582829,False
405,highlight_or_dark_patch,0.028350515463917536,1,530.4536082474227,482.05670103092785,214.00626566557855,214.00626566557855,214.00626566557855,0.0,0.0,0.8392402575120728,False
405,highlight_or_dark_patch,0.028350515463917536,2,530.4536082474227,482.05670103092785,141.61421452475614,141.61421452475614,141.61421452475614,0.0,0.0,0.5553498608813966,False
405,highlight_or_dark_patch,0.04381443298969073,-2,530.7010309278351,482.08762886597935,57.58539846127952,57.58539846127952,57.58539846127952,0.0,0.0,0.2258250920050177,False
405,highlight_or_dark_patch,0.04381443298969073,-1,530.7010309278351,482.08762886597935,143.1961873203166,143.1961873203166,143.1961873203166,0.0,0.0,0.5615536757659474,False
405,highlight_or_dark_patch,0.04381443298969073,0,530.7010309278351,482.08762886597935,181.05840153044844,181.05840153044844,181.05840153044844,0.0,0.0,0.7100329471782292,False
405,highlight_or_dark_patch,0.04381443298969073,1,530.7010309278351,482.08762886597935,185.0008535398597,185.0008535398597,185.0008535398597,0.0,0.0,0.7254935432935674,False
405,highlight_or_dark_patch,0.04381443298969073,2,530.7010309278351,482.08762886597935,119.3210774032962,119.3210774032962,119.3210774032962,0.0,0.0,0.4679257937384165,False
405,highlight_or_dark_patch,0.05927835051546393,-2,530.9484536082474,482.1185567010309,46.1676741238821,46.1676741238821,46.1676741238821,0.0,0.0,0.18104970244659646,False
405,highlight_or_dark_patch,0.05927835051546393,-1,530.9484536082474,482.1185567010309,118.44877377062133,118.44877377062133,118.44877377062133,0.0,0.0,0.4645049951789072,False
405,highlight_or_dark_patch,0.05927835051546393,0,530.9484536082474,482.1185567010309,154.84403230949286,154.84403230949286,154.84403230949286,0.0,0.0,0.6072314992529132,False
405,highlight_or_dark_patch,0.05927835051546393,1,530.9484536082474,482.1185567010309,156.40866279791766,156.40866279791766,156.40866279791766,0.0,0.0,0.6133673050898731,False
405,highlight_or_dark_patch,0.05927835051546393,2,530.9484536082474,482.1185567010309,97.57890212687346,97.57890212687346,97.57890212687346,0.0,0.0,0.3826623612818567,False
405,highlight_or_dark_patch,0.07474226804123713,-2,531.1958762886597,482.14948453608247,35.193563599842875,35.193563599842875,35.193563599842875,0.0,0.0,0.13801397490134462,False
405,highlight_or_dark_patch,0.07474226804123713,-1,531.1958762886597,482.14948453608247,94.98623822477855,94.98623822477855,94.98623822477855,0.0,0.0,0.37249505186187665,False
405,highlight_or_dark_patch,0.07474226804123713,0,531.1958762886597,482.14948453608247,127.9989903284141,127.9989903284141,127.9989903284141,0.0,0.0,0.5019568248173102,False
405,highlight_or_dark_patch,0.07474226804123713,1,531.1958762886597,482.14948453608247,128.96792731478808,128.96792731478808,128.96792731478808,0.0,0.0,0.5057565777050513,False
405,highlight_or_dark_patch,0.07474226804123713,2,531.1958762886597,482.14948453608247,76.38768869549286,76.38768869549286,76.38768869549286,0.0,0.0,0.2995595635117367,False
405,highlight_or_dark_patch,0.09020618556701032,-2,531.4432989690722,482.180412371134,23.423619299625567,23.423619299625567,23.423619299625567,0.0,0.0,0.09185733058676693,False
405,highlight_or_dark_patch,0.09020618556701032,-1,531.4432989690722,482.180412371134,71.30943973918596,71.30943973918596,71.30943973918596,0.0,0.0,0.2796448617222979,False
405,highlight_or_dark_patch,0.09020618556701032,0,531.4432989690722,482.180412371134,101.13481772770345,101.13481772770345,101.13481772770345,0.0,0.0,0.3966071283439351,False
405,highlight_or_dark_patch,0.09020618556701032,1,531.4432989690722,482.180412371134,103.83352795374883,103.83352795374883,103.83352795374883,0.0,0.0,0.4071903057009758,False
405,highlight_or_dark_patch,0.09020618556701032,2,531.4432989690722,482.180412371134,59.42260132951673,59.42260132951673,59.42260132951673,0.0,0.0,0.23302980913535973,False
405,highlight_or_dark_patch,0.10567010309278352,-2,531.6907216494845,482.2113402061856,10.857841223242303,10.857841223242303,10.857841223242303,0.0,0.0,0.042579769502910994,False
405,highlight_or_dark_patch,0.10567010309278352,-1,531.6907216494845,482.2113402061856,47.418378313865944,47.418378313865944,47.418378313865944,0.0,0.0,0.1859544247602586,False
405,highlight_or_dark_patch,0.10567010309278352,0,531.6907216494845,482.2113402061856,74.4236900839613,74.4236900839613,74.4236900839613,0.0,0.0,0.29185760817239725,False
405,highlight_or_dark_patch,0.10567010309278352,1,531.6907216494845,482.2113402061856,79.25009043776248,79.25009043776248,79.25009043776248,0.0,0.0,0.31078466838338226,False
405,highlight_or_dark_patch,0.10567010309278352,2,531.6907216494845,482.2113402061856,44.05945548153906,44.05945548153906,44.05945548153906,0.0,0.0,0.17278217835897672,False
405,highlight_or_dark_patch,0.12113402061855671,-2,531.9381443298969,482.24226804123714,7.490262578292851,7.490262578292851,7.490262578292851,0.0,0.0,0.02937357873840334,False
405,highlight_or_dark_patch,0.12113402061855671,-1,531.9381443298969,482.24226804123714,27.665588462837484,27.665588462837484,27.665588462837484,0.0,0.0,0.10849250377583326,False
405,highlight_or_dark_patch,0.12113402061855671,0,531.9381443298969,482.24226804123714,47.8656073971753,47.8656073971753,47.8656073971753,0.0,0.0,0.18770826430264825,False
405,highlight_or_dark_patch,0.12113402061855671,1,531.9381443298969,482.24226804123714,55.217614766818215,55.217614766818215,55.217614766818215,0.0,0.0,0.2165396657522283,False
405,highlight_or_dark_patch,0.12113402061855671,2,531.9381443298969,482.24226804123714,29.323793957081556,29.323793957081556,29.323793957081556,0.0,0.0,0.11499527041992767,False
405,highlight_or_dark_patch,0.1365979381443299,-2,532.1855670103092,482.27319587628864,6.9069622651281275,6.9069622651281275,6.9069622651281275,0.0,0.0,0.027086126529914226,False
405,highlight_or_dark_patch,0.1365979381443299,-1,532.1855670103092,482.27319587628864,20.665588786903655,20.665588786903655,20.665588786903655,0.0,0.0,0.08104152465452413,False
405,highlight_or_dark_patch,0.1365979381443299,0,532.1855670103092,482.27319587628864,33.791210543099,33.791210543099,33.791210543099,0.0,0.0,0.13251455114940783,False
405,highlight_or_dark_patch,0.1365979381443299,1,532.1855670103092,482.27319587628864,35.09642381946043,35.09642381946043,35.09642381946043,0.0,0.0,0.13763303458611933,False
405,highlight_or_dark_patch,0.1365979381443299,2,532.1855670103092,482.27319587628864,15.215616756145284,15.215616756145284,15.215616756145284,0.0,0.0,0.0596690853182168,False
405,highlight_or_dark_patch,0.1520618556701031,-2,532.4329896907217,482.3041237113402,5.864527081095396,5.864527081095396,5.864527081095396,0.0,0.0,0.022998145416060375,False
405,highlight_or_dark_patch,0.1520618556701031,-1,532.4329896907217,482.3041237113402,13.451326171228532,13.451326171228532,13.451326171228532,0.0,0.0,0.052750298710700125,False
405,highlight_or_dark_patch,0.1520618556701031,0,532.4329896907217,482.3041237113402,23.805983632690676,23.805983632690676,23.805983632690676,0.0,0.0,0.09335679855957128,False
405,highlight_or_dark_patch,0.1520618556701031,1,532.4329896907217,482.3041237113402,25.591808802882184,25.591808802882184,25.591808802882184,0.0,0.0,0.1003600345211066,False
405,highlight_or_dark_patch,0.1520618556701031,2,532.4329896907217,482.3041237113402,9.276527748303826,9.276527748303826,9.276527748303826,0.0,0.0,0.03637854018942677,False
405,highlight_or_dark_patch,0.1675257731958763,-2,532.680412371134,482.33505154639175,4.362957026194773,4.362957026194773,4.362957026194773,0.0,0.0,0.017109635396842248,False
405,highlight_or_dark_patch,0.1675257731958763,-1,532.680412371134,482.33505154639175,6.022800615818213,6.022800615818213,6.022800615818213,0.0,0.0,0.023618825944385146,False
405,highlight_or_dark_patch,0.1675257731958763,0,532.680412371134,482.33505154639175,13.774843235200148,13.774843235200148,13.774843235200148,0.0,0.0,0.05401899307921627,False
405,highlight_or_dark_patch,0.1675257731958763,1,532.680412371134,482.33505154639175,16.500415170089585,16.500415170089585,16.500415170089585,0.0,0.0,0.06470751047093955,False
405,highlight_or_dark_patch,0.1675257731958763,2,532.680412371134,482.33505154639175,6.179675931444323,6.179675931444323,6.179675931444323,0.0,0.0,0.024234023260565972,False
405,highlight_or_dark_patch,0.1829896907216495,-2,532.9278350515464,482.3659793814433,3.0585959504310885,3.0585959504310885,3.0585959504310885,0.0,0.0,0.01199449392325917,False
405,highlight_or_dark_patch,0.1829896907216495,-1,532.9278350515464,482.3659793814433,0.1550705370311033,0.1550705370311033,0.1550705370311033,0.0,0.0,0.0006081197530631502,False
405,highlight_or_dark_patch,0.1829896907216495,0,532.9278350515464,482.3659793814433,3.6977893506227812,3.6977893506227812,3.6977893506227812,0.0,0.0,0.014501134708324632,False
405,highlight_or_dark_patch,0.1829896907216495,1,532.9278350515464,482.3659793814433,7.822242921078563,7.822242921078563,7.822242921078563,0.0,0.0,0.030675462435602208,False
405,highlight_or_dark_patch,0.1829896907216495,2,532.9278350515464,482.3659793814433,3.3276960457146454,3.3276960457146454,3.3276960457146454,0.0,0.0,0.013049788414567236,False
405,highlight_or_dark_patch,0.1984536082474227,-2,533.1752577319587,482.39690721649487,2.0332855592431933,2.0332855592431933,2.0332855592431933,0.0,0.0,0.007973668859777228,False
405,highlight_or_dark_patch,0.1984536082474227,-1,533.1752577319587,482.39690721649487,0.9688201051263167,0.9688201051263167,0.9688201051263167,0.0,0.0,0.003799294529907124,False
405,highlight_or_dark_patch,0.1984536082474227,0,533.1752577319587,482.39690721649487,1.5698267616109938,1.5698267616109938,1.5698267616109938,0.0,0.0,0.006156183378866642,False
405,highlight_or_dark_patch,0.1984536082474227,1,533.1752577319587,482.39690721649487,1.1903420432191218,1.1903420432191218,1.1903420432191218,0.0,0.0,0.004668008012624007,False
405,highlight_or_dark_patch,0.1984536082474227,2,533.1752577319587,482.39690721649487,0.720588091114791,0.720588091114791,0.720588091114791,0.0,0.0,0.0028258356514305532,False
405,highlight_or_dark_patch,0.2139175257731959,-2,533.4226804123712,482.42783505154637,1.0998021422287145,1.0998021422287145,1.0998021422287145,0.0,0.0,0.004312949577367508,False
405,highlight_or_dark_patch,0.2139175257731959,-1,533.4226804123712,482.42783505154637,1.9050056387865897,1.9050056387865897,1.9050056387865897,0.0,0.0,0.007470610348182705,False
405,highlight_or_dark_patch,0.2139175257731959,0,533.4226804123712,482.42783505154637,2.6095759379319383,2.6095759379319383,2.6095759379319383,0.0,0.0,0.010233631129144856,False
405,highlight_or_dark_patch,0.2139175257731959,1,533.4226804123712,482.42783505154637,0.9865933759031766,0.9865933759031766,0.9865933759031766,0.0,0.0,0.0038689936309928494,False
405,highlight_or_dark_patch,0.2139175257731959,2,533.4226804123712,482.42783505154637,0.0,0.0,0.0,0.0,0.0,0.0,False
405,highlight_or_dark_patch,0.2293814432989691,-2,533.6701030927835,482.4587628865979,0.25814569938812404,0.25814569938812404,0.25814569938812404,0.0,0.0,0.001012336076031859,False
405,highlight_or_dark_patch,0.2293814432989691,-1,533.6701030927835,482.4587628865979,2.9636271380115424,2.9636271380115424,2.9636271380115424,0.0,0.0,0.011622067207888402,False
405,highlight_or_dark_patch,0.2293814432989691,0,533.6701030927835,482.4587628865979,3.511584652991877,3.511584652991877,3.511584652991877,0.0,0.0,0.013770920207811283,False
405,highlight_or_dark_patch,0.2293814432989691,1,533.6701030927835,482.4587628865979,0.7981492042828038,0.7981492042828038,0.7981492042828038,0.0,0.0,0.003129996879540407,False
405,highlight_or_dark_patch,0.2293814432989691,2,533.6701030927835,482.4587628865979,0.0,0.0,0.0,0.0,0.0,0.0,False
405,highlight_or_dark_patch,0.2448453608247423,-2,533.9175257731958,482.4896907216495,0.1638945897595942,0.1638945897595942,0.1638945897595942,0.0,0.0,0.0006427238814101734,False
405,highlight_or_dark_patch,0.2448453608247423,-1,533.9175257731958,482.4896907216495,3.8552663770002713,3.8552663770002713,3.8552663770002713,0.0,0.0,0.015118691674510867,False
405,highlight_or_dark_patch,0.2448453608247423,0,533.9175257731958,482.4896907216495,4.275852906791291,4.275852906791291,4.275852906791291,0.0,0.0,0.01676805061486781,False
405,highlight_or_dark_patch,0.2448453608247423,1,533.9175257731958,482.4896907216495,0.625009528358045,0.625009528358045,0.625009528358045,0.0,0.0,0.002451017758266843,False
405,highlight_or_dark_patch,0.2448453608247423,2,533.9175257731958,482.4896907216495,0.0,0.0,0.0,0.0,0.0,0.0,False
405,highlight_or_dark_patch,0.2603092783505154,-2,534.1649484536083,482.52061855670104,0.3832287545907739,0.3832287545907739,0.3832287545907739,0.0,0.0,0.0015028578611402897,False
405,highlight_or_dark_patch,0.2603092783505154,-1,534.1649484536083,482.52061855670104,3.310635994955626,3.310635994955626,3.310635994955626,0.0,0.0,0.012982886254727944,False
405,highlight_or_dark_patch,0.2603092783505154,0,534.1649484536083,482.52061855670104,3.795355510681028,3.795355510681028,3.795355510681028,0.0,0.0,0.014883747100709914,False
405,highlight_or_dark_patch,0.2603092783505154,1,534.1649484536083,482.52061855670104,0.5720968509418436,0.5720968509418436,0.5720968509418436,0.0,0.0,0.0022435170625170336,False
405,highlight_or_dark_patch,0.2603092783505154,2,534.1649484536083,482.52061855670104,0.0,0.0,0.0,0.0,0.0,0.0,False
405,highlight_or_dark_patch,0.2757731958762887,-2,534.4123711340206,482.5515463917526,0.5719539280306131,0.5719539280306131,0.5719539280306131,0.0,0.0,0.002242956580512208,False
405,highlight_or_dark_patch,0.2757731958762887,-1,534.4123711340206,482.5515463917526,2.674178638737635,2.674178638737635,2.674178638737635,0.0,0.0,0.010486975053873079,False
405,highlight_or_dark_patch,0.2757731958762887,0,534.4123711340206,482.5515463917526,2.802157508768026,2.802157508768026,2.802157508768026,0.0,0.0,0.010988852975560888,False
405,highlight_or_dark_patch,0.2757731958762887,1,534.4123711340206,482.5515463917526,1.1086653210601738,1.1086653210601738,1.1086653210601738,0.0,0.0,0.004347707141412446,False
405,highlight_or_dark_patch,0.2757731958762887,2,534.4123711340206,482.5515463917526,0.7334258492326475,0.7334258492326475,0.7334258492326475,0.0,0.0,0.0028761798009123434,False
405,highlight_or_dark_patch,0.29123711340206193,-2,534.659793814433,482.58247422680415,0.7300701100792243,0.7300701100792243,0.7300701100792243,0.0,0.0,0.0028630200395263696,False
405,highlight_or_dark_patch,0.29123711340206193,-1,534.659793814433,482.58247422680415,1.9458943083459606,1.9458943083459606,1.9458943083459606,0.0,0.0,0.007630958071944943,False
405,highlight_or_dark_patch,0.29123711340206193,0,534.659793814433,482.58247422680415,1.8854819853330946,1.8854819853330946,1.8854819853330946,0.0,0.0,0.007394047001306254,False
405,highlight_or_dark_patch,0.29123711340206193,1,534.659793814433,482.58247422680415,1.737060765352188,1.737060765352188,1.737060765352188,0.0,0.0,0.006812003001381129,False
405,highlight_or_dark_patch,0.29123711340206193,2,534.659793814433,482.58247422680415,1.825161678922386,1.825161678922386,1.825161678922386,0.0,0.0,0.007157496780087788,False
405,highlight_or_dark_patch,0.30670103092783507,-2,534.9072164948453,482.61340206185565,0.627037465550029,0.627037465550029,0.627037465550029,0.0,0.0,0.0024589704531373688,False
405,highlight_or_dark_patch,0.30670103092783507,-1,534.9072164948453,482.61340206185565,1.203426581449473,1.203426581449473,1.203426581449473,0.0,0.0,0.004719319927252835,False
405,highlight_or_dark_patch,0.30670103092783507,0,534.9072164948453,482.61340206185565,1.045328940376373,1.045328940376373,1.045328940376373,0.0,0.0,0.004099329177946561,False
405,highlight_or_dark_patch,0.30670103092783507,1,534.9072164948453,482.61340206185565,2.457283183817676,2.457283183817676,2.457283183817676,0.0,0.0,0.009636404642422259,False
405,highlight_or_dark_patch,0.30670103092783507,2,534.9072164948453,482.61340206185565,2.901593012916548,2.901593012916548,2.901593012916548,0.0,0.0,0.011378796129084502,False
405,highlight_or_dark_patch,0.3221649484536082,-2,535.1546391752578,482.6443298969072,0.4064279260775406,0.4064279260775406,0.4064279260775406,0.0,0.0,0.0015938350042256494,False
405,highlight_or_dark_patch,0.3221649484536082,-1,535.1546391752578,482.6443298969072,0.9406842686050814,0.9406842686050814,0.9406842686050814,0.0,0.0,0.0036889579160983583,False
405,highlight_or_dark_patch,0.3221649484536082,0,535.1546391752578,482.6443298969072,0.6013391433733413,0.6013391433733413,0.6013391433733413,0.0,0.0,0.0023581927191111424,False
405,highlight_or_dark_patch,0.3221649484536082,1,535.1546391752578,482.6443298969072,3.085623743919891,3.085623743919891,3.085623743919891,0.0,0.0,0.012100485270274082,False
405,highlight_or_dark_patch,0.3221649484536082,2,535.1546391752578,482.6443298969072,3.9627198512155686,3.9627198512155686,3.9627198512155686,0.0,0.0,0.01554007784790419,False
405,highlight_or_dark_patch,0.33762886597938147,-2,535.4020618556701,482.67525773195877,0.2164273779963645,0.2164273779963645,0.2164273779963645,0.0,0.0,0.0008487348156720176,False
405,highlight_or_dark_patch,0.33762886597938147,-1,535.4020618556701,482.67525773195877,0.6473329643696029,0.6473329643696029,0.6473329643696029,0.0,0.0,0.002538560644586678,False
405,highlight_or_dark_patch,0.33762886597938147,0,535.4020618556701,482.67525773195877,0.3883515782760999,0.3883515782760999,0.3883515782760999,0.0,0.0,0.001522947365788627,False
405,highlight_or_dark_patch,0.33762886597938147,1,535.4020618556701,482.67525773195877,2.4097130258713757,2.4097130258713757,2.4097130258713757,0.0,0.0,0.009449855003417159,False
405,highlight_or_dark_patch,0.33762886597938147,2,535.4020618556701,482.67525773195877,3.6718308354093048,3.6718308354093048,3.6718308354093048,0.0,0.0,0.014399336609448254,False
405,highlight_or_dark_patch,0.3530927835051547,-2,535.6494845360825,482.7061855670103,0.05703582130641638,0.05703582130641638,0.05703582130641638,0.0,0.0,0.00022366988747614267,False
405,highlight_or_dark_patch,0.3530927835051547,-1,535.6494845360825,482.7061855670103,0.3233726687428965,0.3233726687428965,0.3233726687428965,0.0,0.0,0.0012681281127172412,False
405,highlight_or_dark_patch,0.3530927835051547,0,535.6494845360825,482.7061855670103,0.20597300457008647,0.20597300457008647,0.20597300457008647,0.0,0.0,0.0008077372728238685,False
405,highlight_or_dark_patch,0.3530927835051547,1,535.6494845360825,482.7061855670103,1.6572798293447906,1.6572798293447906,1.6572798293447906,0.0,0.0,0.006499136585665846,False
405,highlight_or_dark_patch,0.3530927835051547,2,535.6494845360825,482.7061855670103,2.5794573183988985,2.5794573183988985,2.5794573183988985,0.0,0.0,0.010115518895681954,False
405,highlight_or_dark_patch,0.36855670103092786,-2,535.8969072164948,482.7371134020619,0.0,0.0,0.0,0.0,0.0,0.0,False
405,highlight_or_dark_patch,0.36855670103092786,-1,535.8969072164948,482.7371134020619,0.0,0.0,0.0,0.0,0.0,0.0,False
405,highlight_or_dark_patch,0.36855670103092786,0,535.8969072164948,482.7371134020619,0.054203422255301024,0.054203422255301024,0.054203422255301024,0.0,0.0,0.00021256244021686677,False
405,highlight_or_dark_patch,0.36855670103092786,1,535.8969072164948,482.7371134020619,0.8283241543401353,0.8283241543401353,0.8283241543401353,0.0,0.0,0.0032483300170201386,False
405,highlight_or_dark_patch,0.36855670103092786,2,535.8969072164948,482.7371134020619,1.5023882970841056,1.5023882970841056,1.5023882970841056,0.0,0.0,0.005891718812094532,False
405,highlight_or_dark_patch,0.384020618556701,-2,536.1443298969073,482.7680412371134,0.0,0.0,0.0,0.0,0.0,0.0,False
405,highlight_or_dark_patch,0.384020618556701,-1,536.1443298969073,482.7680412371134,0.0,0.0,0.0,0.0,0.0,0.0,False
405,highlight_or_dark_patch,0.384020618556701,0,536.1443298969073,482.7680412371134,0.0,0.0,0.0,0.0,0.0,0.0,False
405,highlight_or_dark_patch,0.384020618556701,1,536.1443298969073,482.7680412371134,0.0,0.0,0.0,0.0,0.0,0.0,False
405,highlight_or_dark_patch,0.384020618556701,2,536.1443298969073,482.7680412371134,0.44062377146444986,0.44062377146444986,0.44062377146444986,0.0,0.0,0.0017279363586841171,False
405,highlight_or_dark_patch,0.39948453608247425,-2,536.3917525773196,482.79896907216494,0.0,0.0,0.0,0.0,0.0,0.0,False
405,highlight_or_dark_patch,0.39948453608247425,-1,536.3917525773196,482.79896907216494,0.0,0.0,0.0,0.0,0.0,0.0,False
405,highlight_or_dark_patch,0.39948453608247425,0,536.3917525773196,482.79896907216494,0.0,0.0,0.0,0.0,0.0,0.0,False
405,highlight_or_dark_patch,0.39948453608247425,1,536.3917525773196,482.79896907216494,0.0,0.0,0.0,0.0,0.0,0.0,False
405,highlight_or_dark_patch,0.39948453608247425,2,536.3917525773196,482.79896907216494,0.0,0.0,0.0,0.0,0.0,0.0,False
405,highlight_or_dark_patch,0.4149484536082475,-2,536.639175257732,482.8298969072165,0.0,0.0,0.0,0.0,0.0,0.0,False
405,highlight_or_dark_patch,0.4149484536082475,-1,536.639175257732,482.8298969072165,0.0,0.0,0.0,0.0,0.0,0.0,False
405,highlight_or_dark_patch,0.4149484536082475,0,536.639175257732,482.8298969072165,0.0,0.0,0.0,0.0,0.0,0.0,False
405,highlight_or_dark_patch,0.4149484536082475,1,536.639175257732,482.8298969072165,0.0,0.0,0.0,0.0,0.0,0.0,False
405,highlight_or_dark_patch,0.4149484536082475,2,536.639175257732,482.8298969072165,0.0,0.0,0.0,0.0,0.0,0.0,False
405,highlight_or_dark_patch,0.43041237113402064,-2,536.8865979381443,482.86082474226805,0.0,0.0,0.0,0.0,0.0,0.0,False
405,highlight_or_dark_patch,0.43041237113402064,-1,536.8865979381443,482.86082474226805,0.0,0.0,0.0,0.0,0.0,0.0,False
405,highlight_or_dark_patch,0.43041237113402064,0,536.8865979381443,482.86082474226805,0.0,0.0,0.0,0.0,0.0,0.0,False
405,highlight_or_dark_patch,0.43041237113402064,1,536.8865979381443,482.86082474226805,0.0,0.0,0.0,0.0,0.0,0.0,False
405,highlight_or_dark_patch,0.43041237113402064,2,536.8865979381443,482.86082474226805,0.0,0.0,0.0,0.0,0.0,0.0,False
405,highlight_or_dark_patch,0.4458762886597938,-2,537.1340206185567,482.8917525773196,0.0,0.0,0.0,0.0,0.0,0.0,False
405,highlight_or_dark_patch,0.4458762886597938,-1,537.1340206185567,482.8917525773196,0.0,0.0,0.0,0.0,0.0,0.0,False
405,highlight_or_dark_patch,0.4458762886597938,0,537.1340206185567,482.8917525773196,0.0,0.0,0.0,0.0,0.0,0.0,False
405,highlight_or_dark_patch,0.4458762886597938,1,537.1340206185567,482.8917525773196,0.0,0.0,0.0,0.0,0.0,0.0,False
405,highlight_or_dark_patch,0.4458762886597938,2,537.1340206185567,482.8917525773196,0.0,0.0,0.0,0.0,0.0,0.0,False
405,highlight_or_dark_patch,0.46134020618556704,-2,537.3814432989691,482.9226804123711,0.0,0.0,0.0,0.0,0.0,0.0,False
405,highlight_or_dark_patch,0.46134020618556704,-1,537.3814432989691,482.9226804123711,0.0,0.0,0.0,0.0,0.0,0.0,False
405,highlight_or_dark_patch,0.46134020618556704,0,537.3814432989691,482.9226804123711,0.0,0.0,0.0,0.0,0.0,0.0,False
405,highlight_or_dark_patch,0.46134020618556704,1,537.3814432989691,482.9226804123711,0.0,0.0,0.0,0.0,0.0,0.0,False
405,highlight_or_dark_patch,0.46134020618556704,2,537.3814432989691,482.9226804123711,0.0,0.0,0.0,0.0,0.0,0.0,False
405,highlight_or_dark_patch,0.4768041237113403,-2,537.6288659793814,482.95360824742266,0.0,0.0,0.0,0.0,0.0,0.0,False
405,highlight_or_dark_patch,0.4768041237113403,-1,537.6288659793814,482.95360824742266,0.0,0.0,0.0,0.0,0.0,0.0,False
405,highlight_or_dark_patch,0.4768041237113403,0,537.6288659793814,482.95360824742266,0.0,0.0,0.0,0.0,0.0,0.0,False
405,highlight_or_dark_patch,0.4768041237113403,1,537.6288659793814,482.95360824742266,0.0,0.0,0.0,0.0,0.0,0.0,False
405,highlight_or_dark_patch,0.4768041237113403,2,537.6288659793814,482.95360824742266,0.0,0.0,0.0,0.0,0.0,0.0,False
405,highlight_or_dark_patch,0.49226804123711343,-2,537.8762886597938,482.9845360824742,0.0,0.0,0.0,0.0,0.0,0.0,False
405,highlight_or_dark_patch,0.49226804123711343,-1,537.8762886597938,482.9845360824742,0.0,0.0,0.0,0.0,0.0,0.0,False
405,highlight_or_dark_patch,0.49226804123711343,0,537.8762886597938,482.9845360824742,0.0,0.0,0.0,0.0,0.0,0.0,False
405,highlight_or_dark_patch,0.49226804123711343,1,537.8762886597938,482.9845360824742,0.0,0.0,0.0,0.0,0.0,0.0,False
405,highlight_or_dark_patch,0.49226804123711343,2,537.8762886597938,482.9845360824742,0.0,0.0,0.0,0.0,0.0,0.0,False
405,highlight_or_dark_patch,0.5077319587628866,-2,538.1237113402062,483.0154639175258,0.0,0.0,0.0,0.0,0.0,0.0,False
405,highlight_or_dark_patch,0.5077319587628866,-1,538.1237113402062,483.0154639175258,0.0,0.0,0.0,0.0,0.0,0.0,False
405,highlight_or_dark_patch,0.5077319587628866,0,538.1237113402062,483.0154639175258,0.0,0.0,0.0,0.0,0.0,0.0,False
405,highlight_or_dark_patch,0.5077319587628866,1,538.1237113402062,483.0154639175258,0.0,0.0,0.0,0.0,0.0,0.0,False
405,highlight_or_dark_patch,0.5077319587628866,2,538.1237113402062,483.0154639175258,0.0,0.0,0.0,0.0,0.0,0.0,False
405,highlight_or_dark_patch,0.5231958762886598,-2,538.3711340206186,483.04639175257734,0.0,0.0,0.0,0.0,0.0,0.0,False
405,highlight_or_dark_patch,0.5231958762886598,-1,538.3711340206186,483.04639175257734,0.0,0.0,0.0,0.0,0.0,0.0,False
405,highlight_or_dark_patch,0.5231958762886598,0,538.3711340206186,483.04639175257734,0.0,0.0,0.0,0.0,0.0,0.0,False
405,highlight_or_dark_patch,0.5231958762886598,1,538.3711340206186,483.04639175257734,0.0,0.0,0.0,0.0,0.0,0.0,False
405,highlight_or_dark_patch,0.5231958762886598,2,538.3711340206186,483.04639175257734,0.0,0.0,0.0,0.0,0.0,0.0,False
405,highlight_or_dark_patch,0.5386597938144331,-2,538.6185567010309,483.0773195876289,0.0,0.0,0.0,0.0,0.0,0.0,False
405,highlight_or_dark_patch,0.5386597938144331,-1,538.6185567010309,483.0773195876289,0.0,0.0,0.0,0.0,0.0,0.0,False
405,highlight_or_dark_patch,0.5386597938144331,0,538.6185567010309,483.0773195876289,0.0,0.0,0.0,0.0,0.0,0.0,False
405,highlight_or_dark_patch,0.5386597938144331,1,538.6185567010309,483.0773195876289,0.0,0.0,0.0,0.0,0.0,0.0,False
405,highlight_or_dark_patch,0.5386597938144331,2,538.6185567010309,483.0773195876289,0.0,0.0,0.0,0.0,0.0,0.0,False
405,highlight_or_dark_patch,0.5541237113402062,-2,538.8659793814433,483.1082474226804,0.0,0.0,0.0,0.0,0.0,0.0,False
405,highlight_or_dark_patch,0.5541237113402062,-1,538.8659793814433,483.1082474226804,0.0,0.0,0.0,0.0,0.0,0.0,False
405,highlight_or_dark_patch,0.5541237113402062,0,538.8659793814433,483.1082474226804,0.0,0.0,0.0,0.0,0.0,0.0,False
405,highlight_or_dark_patch,0.5541237113402062,1,538.8659793814433,483.1082474226804,0.0,0.0,0.0,0.0,0.0,0.0,False
405,highlight_or_dark_patch,0.5541237113402062,2,538.8659793814433,483.1082474226804,0.0,0.0,0.0,0.0,0.0,0.0,False
405,highlight_or_dark_patch,0.5695876288659794,-2,539.1134020618557,483.13917525773195,0.0,0.0,0.0,0.0,0.0,0.0,False
405,highlight_or_dark_patch,0.5695876288659794,-1,539.1134020618557,483.13917525773195,0.0,0.0,0.0,0.0,0.0,0.0,False
405,highlight_or_dark_patch,0.5695876288659794,0,539.1134020618557,483.13917525773195,0.0,0.0,0.0,0.0,0.0,0.0,False
405,highlight_or_dark_patch,0.5695876288659794,1,539.1134020618557,483.13917525773195,0.0,0.0,0.0,0.0,0.0,0.0,False
405,highlight_or_dark_patch,0.5695876288659794,2,539.1134020618557,483.13917525773195,0.0,0.0,0.0,0.0,0.0,0.0,False
405,highlight_or_dark_patch,0.5850515463917526,-2,539.360824742268,483.1701030927835,0.0,0.0,0.0,0.0,0.0,0.0,False
405,highlight_or_dark_patch,0.5850515463917526,-1,539.360824742268,483.1701030927835,0.0,0.0,0.0,0.0,0.0,0.0,False
405,highlight_or_dark_patch,0.5850515463917526,0,539.360824742268,483.1701030927835,0.0,0.0,0.0,0.0,0.0,0.0,False
405,highlight_or_dark_patch,0.5850515463917526,1,539.360824742268,483.1701030927835,0.0,0.0,0.0,0.0,0.0,0.0,False
405,highlight_or_dark_patch,0.5850515463917526,2,539.360824742268,483.1701030927835,0.0,0.0,0.0,0.0,0.0,0.0,False
405,highlight_or_dark_patch,0.6005154639175259,-2,539.6082474226804,483.20103092783506,0.0,0.0,0.0,0.0,0.0,0.0,False
405,highlight_or_dark_patch,0.6005154639175259,-1,539.6082474226804,483.20103092783506,0.0,0.0,0.0,0.0,0.0,0.0,False
405,highlight_or_dark_patch,0.6005154639175259,0,539.6082474226804,483.20103092783506,0.0,0.0,0.0,0.0,0.0,0.0,False
405,highlight_or_dark_patch,0.6005154639175259,1,539.6082474226804,483.20103092783506,0.0,0.0,0.0,0.0,0.0,0.0,False
405,highlight_or_dark_patch,0.6005154639175259,2,539.6082474226804,483.20103092783506,0.0,0.0,0.0,0.0,0.0,0.0,False
405,highlight_or_dark_patch,0.615979381443299,-2,539.8556701030927,483.2319587628866,0.0,0.0,0.0,0.0,0.0,0.0,False
405,highlight_or_dark_patch,0.615979381443299,-1,539.8556701030927,483.2319587628866,0.0,0.0,0.0,0.0,0.0,0.0,False
405,highlight_or_dark_patch,0.615979381443299,0,539.8556701030927,483.2319587628866,0.0,0.0,0.0,0.0,0.0,0.0,False
405,highlight_or_dark_patch,0.615979381443299,1,539.8556701030927,483.2319587628866,0.0,0.0,0.0,0.0,0.0,0.0,False
405,highlight_or_dark_patch,0.615979381443299,2,539.8556701030927,483.2319587628866,0.0,0.0,0.0,0.0,0.0,0.0,False
405,highlight_or_dark_patch,0.6314432989690721,-2,540.1030927835052,483.2628865979381,0.0,0.0,0.0,0.0,0.0,0.0,False
405,highlight_or_dark_patch,0.6314432989690721,-1,540.1030927835052,483.2628865979381,0.0,0.0,0.0,0.0,0.0,0.0,False
405,highlight_or_dark_patch,0.6314432989690721,0,540.1030927835052,483.2628865979381,0.0,0.0,0.0,0.0,0.0,0.0,False
405,highlight_or_dark_patch,0.6314432989690721,1,540.1030927835052,483.2628865979381,0.0,0.0,0.0,0.0,0.0,0.0,False
405,highlight_or_dark_patch,0.6314432989690721,2,540.1030927835052,483.2628865979381,0.0,0.0,0.0,0.0,0.0,0.0,False
405,highlight_or_dark_patch,0.6469072164948454,-2,540.3505154639175,483.2938144329897,0.0,0.0,0.0,0.0,0.0,0.0,False
405,highlight_or_dark_patch,0.6469072164948454,-1,540.3505154639175,483.2938144329897,0.0,0.0,0.0,0.0,0.0,0.0,False
405,highlight_or_dark_patch,0.6469072164948454,0,540.3505154639175,483.2938144329897,0.0,0.0,0.0,0.0,0.0,0.0,False
405,highlight_or_dark_patch,0.6469072164948454,1,540.3505154639175,483.2938144329897,0.0,0.0,0.0,0.0,0.0,0.0,False
405,highlight_or_dark_patch,0.6469072164948454,2,540.3505154639175,483.2938144329897,0.0,0.0,0.0,0.0,0.0,0.0,False
405,highlight_or_dark_patch,0.6623711340206186,-2,540.5979381443299,483.32474226804123,0.0,0.0,0.0,0.0,0.0,0.0,False
405,highlight_or_dark_patch,0.6623711340206186,-1,540.5979381443299,483.32474226804123,0.0,0.0,0.0,0.0,0.0,0.0,False
405,highlight_or_dark_patch,0.6623711340206186,0,540.5979381443299,483.32474226804123,0.0,0.0,0.0,0.0,0.0,0.0,False
405,highlight_or_dark_patch,0.6623711340206186,1,540.5979381443299,483.32474226804123,0.0,0.0,0.0,0.0,0.0,0.0,False
405,highlight_or_dark_patch,0.6623711340206186,2,540.5979381443299,483.32474226804123,0.0,0.0,0.0,0.0,0.0,0.0,False
405,highlight_or_dark_patch,0.6778350515463918,-2,540.8453608247422,483.3556701030928,0.0,0.0,0.0,0.0,0.0,0.0,False
405,highlight_or_dark_patch,0.6778350515463918,-1,540.8453608247422,483.3556701030928,0.0,0.0,0.0,0.0,0.0,0.0,False
405,highlight_or_dark_patch,0.6778350515463918,0,540.8453608247422,483.3556701030928,0.0,0.0,0.0,0.0,0.0,0.0,False
405,highlight_or_dark_patch,0.6778350515463918,1,540.8453608247422,483.3556701030928,0.0,0.0,0.0,0.0,0.0,0.0,False
405,highlight_or_dark_patch,0.6778350515463918,2,540.8453608247422,483.3556701030928,0.0,0.0,0.0,0.0,0.0,0.0,False
405,highlight_or_dark_patch,0.6932989690721649,-2,541.0927835051547,483.38659793814435,0.0,0.0,0.0,0.0,0.0,0.0,False
405,highlight_or_dark_patch,0.6932989690721649,-1,541.0927835051547,483.38659793814435,0.0,0.0,0.0,0.0,0.0,0.0,False
405,highlight_or_dark_patch,0.6932989690721649,0,541.0927835051547,483.38659793814435,0.0,0.0,0.0,0.0,0.0,0.0,False
405,highlight_or_dark_patch,0.6932989690721649,1,541.0927835051547,483.38659793814435,0.0,0.0,0.0,0.0,0.0,0.0,False
405,highlight_or_dark_patch,0.6932989690721649,2,541.0927835051547,483.38659793814435,0.0,0.0,0.0,0.0,0.0,0.0,False
405,highlight_or_dark_patch,0.7087628865979382,-2,541.340206185567,483.41752577319585,0.0,0.0,0.0,0.0,0.0,0.0,False
405,highlight_or_dark_patch,0.7087628865979382,-1,541.340206185567,483.41752577319585,0.0,0.0,0.0,0.0,0.0,0.0,False
405,highlight_or_dark_patch,0.7087628865979382,0,541.340206185567,483.41752577319585,0.0,0.0,0.0,0.0,0.0,0.0,False
405,highlight_or_dark_patch,0.7087628865979382,1,541.340206185567,483.41752577319585,0.0,0.0,0.0,0.0,0.0,0.0,False
405,highlight_or_dark_patch,0.7087628865979382,2,541.340206185567,483.41752577319585,0.0,0.0,0.0,0.0,0.0,0.0,False
405,highlight_or_dark_patch,0.7242268041237114,-2,541.5876288659794,483.4484536082474,0.0,0.0,0.0,0.0,0.0,0.0,False
405,highlight_or_dark_patch,0.7242268041237114,-1,541.5876288659794,483.4484536082474,0.0,0.0,0.0,0.0,0.0,0.0,False
405,highlight_or_dark_patch,0.7242268041237114,0,541.5876288659794,483.4484536082474,0.0,0.0,0.0,0.0,0.0,0.0,False
405,highlight_or_dark_patch,0.7242268041237114,1,541.5876288659794,483.4484536082474,0.0,0.0,0.0,0.0,0.0,0.0,False
405,highlight_or_dark_patch,0.7242268041237114,2,541.5876288659794,483.4484536082474,0.0,0.0,0.0,0.0,0.0,0.0,False
405,highlight_or_dark_patch,0.7396907216494846,-2,541.8350515463917,483.47938144329896,0.0,0.0,0.0,0.0,0.0,0.0,False
405,highlight_or_dark_patch,0.7396907216494846,-1,541.8350515463917,483.47938144329896,0.0,0.0,0.0,0.0,0.0,0.0,False
405,highlight_or_dark_patch,0.7396907216494846,0,541.8350515463917,483.47938144329896,0.0,0.0,0.0,0.0,0.0,0.0,False
405,highlight_or_dark_patch,0.7396907216494846,1,541.8350515463917,483.47938144329896,0.0,0.0,0.0,0.0,0.0,0.0,False
405,highlight_or_dark_patch,0.7396907216494846,2,541.8350515463917,483.47938144329896,0.0,0.0,0.0,0.0,0.0,0.0,False
405,highlight_or_dark_patch,0.7551546391752577,-2,542.0824742268042,483.5103092783505,0.0,0.0,0.0,0.0,0.0,0.0,False
405,highlight_or_dark_patch,0.7551546391752577,-1,542.0824742268042,483.5103092783505,0.0,0.0,0.0,0.0,0.0,0.0,False
405,highlight_or_dark_patch,0.7551546391752577,0,542.0824742268042,483.5103092783505,0.0,0.0,0.0,0.0,0.0,0.0,False
405,highlight_or_dark_patch,0.7551546391752577,1,542.0824742268042,483.5103092783505,0.0,0.0,0.0,0.0,0.0,0.0,False
405,highlight_or_dark_patch,0.7551546391752577,2,542.0824742268042,483.5103092783505,0.0,0.0,0.0,0.0,0.0,0.0,False
405,highlight_or_dark_patch,0.7706185567010309,-2,542.3298969072165,483.5412371134021,0.0,0.0,0.0,0.0,0.0,0.0,False
405,highlight_or_dark_patch,0.7706185567010309,-1,542.3298969072165,483.5412371134021,0.0,0.0,0.0,0.0,0.0,0.0,False
405,highlight_or_dark_patch,0.7706185567010309,0,542.3298969072165,483.5412371134021,0.0,0.0,0.0,0.0,0.0,0.0,False
405,highlight_or_dark_patch,0.7706185567010309,1,542.3298969072165,483.5412371134021,0.0,0.0,0.0,0.0,0.0,0.0,False
405,highlight_or_dark_patch,0.7706185567010309,2,542.3298969072165,483.5412371134021,0.0,0.0,0.0,0.0,0.0,0.0,False
405,highlight_or_dark_patch,0.7860824742268042,-2,542.5773195876288,483.57216494845363,0.0,0.0,0.0,0.0,0.0,0.0,False
405,highlight_or_dark_patch,0.7860824742268042,-1,542.5773195876288,483.57216494845363,0.0,0.0,0.0,0.0,0.0,0.0,False
405,highlight_or_dark_patch,0.7860824742268042,0,542.5773195876288,483.57216494845363,0.0,0.0,0.0,0.0,0.0,0.0,False
405,highlight_or_dark_patch,0.7860824742268042,1,542.5773195876288,483.57216494845363,0.0,0.0,0.0,0.0,0.0,0.0,False
405,highlight_or_dark_patch,0.7860824742268042,2,542.5773195876288,483.57216494845363,0.0,0.0,0.0,0.0,0.0,0.0,False
405,highlight_or_dark_patch,0.8015463917525774,-2,542.8247422680413,483.60309278350513,0.0,0.0,0.0,0.0,0.0,0.0,False
405,highlight_or_dark_patch,0.8015463917525774,-1,542.8247422680413,483.60309278350513,0.0,0.0,0.0,0.0,0.0,0.0,False
405,highlight_or_dark_patch,0.8015463917525774,0,542.8247422680413,483.60309278350513,0.0,0.0,0.0,0.0,0.0,0.0,False
405,highlight_or_dark_patch,0.8015463917525774,1,542.8247422680413,483.60309278350513,0.0,0.0,0.0,0.0,0.0,0.0,False
405,highlight_or_dark_patch,0.8015463917525774,2,542.8247422680413,483.60309278350513,0.0,0.0,0.0,0.0,0.0,0.0,False
405,highlight_or_dark_patch,0.8170103092783505,-2,543.0721649484536,483.6340206185567,0.0,0.0,0.0,0.0,0.0,0.0,False
405,highlight_or_dark_patch,0.8170103092783505,-1,543.0721649484536,483.6340206185567,0.12590972254467633,0.12590972254467633,0.12590972254467633,0.0,0.0,0.0004937636178222602,False
405,highlight_or_dark_patch,0.8170103092783505,0,543.0721649484536,483.6340206185567,3.229195451164825,3.229195451164825,3.229195451164825,0.0,0.0,0.012663511573195391,False
405,highlight_or_dark_patch,0.8170103092783505,1,543.0721649484536,483.6340206185567,0.0,0.0,0.0,0.0,0.0,0.0,False
405,highlight_or_dark_patch,0.8170103092783505,2,543.0721649484536,483.6340206185567,0.0,0.0,0.0,0.0,0.0,0.0,False
405,highlight_or_dark_patch,0.8324742268041239,-2,543.319587628866,483.66494845360825,0.0,0.0,0.0,0.0,0.0,0.0,False
405,highlight_or_dark_patch,0.8324742268041239,-1,543.319587628866,483.66494845360825,0.29841171114876663,0.29841171114876663,0.29841171114876663,0.0,0.0,0.001170242004504967,False
405,highlight_or_dark_patch,0.8324742268041239,0,543.319587628866,483.66494845360825,14.982729301732151,14.982729301732151,14.982729301732151,0.0,0.0,0.05875580118326334,False
405,highlight_or_dark_patch,0.8324742268041239,1,543.319587628866,483.66494845360825,7.648144578172257,7.648144578172257,7.648144578172257,0.0,0.0,0.029992723835969636,False
405,highlight_or_dark_patch,0.8324742268041239,2,543.319587628866,483.66494845360825,0.5765367240941596,0.5765367240941596,0.5765367240941596,0.0,0.0,0.0022609283297810178,False
405,highlight_or_dark_patch,0.847938144329897,-2,543.5670103092783,483.6958762886598,0.0,0.0,0.0,0.0,0.0,0.0,False
405,highlight_or_dark_patch,0.847938144329897,-1,543.5670103092783,483.6958762886598,0.48621819544847095,0.48621819544847095,0.48621819544847095,0.0,0.0,0.0019067380213665527,False
405,highlight_or_dark_patch,0.847938144329897,0,543.5670103092783,483.6958762886598,27.792273355296842,27.792273355296842,27.792273355296842,0.0,0.0,0.1089893072756739,False
405,highlight_or_dark_patch,0.847938144329897,1,543.5670103092783,483.6958762886598,16.68102234482778,16.68102234482778,16.68102234482778,0.0,0.0,0.06541577390128542,False
405,highlight_or_dark_patch,0.847938144329897,2,543.5670103092783,483.6958762886598,2.3442352782119893,2.3442352782119893,2.3442352782119893,0.0,0.0,0.009193079522399958,False
405,highlight_or_dark_patch,0.8634020618556701,-2,543.8144329896908,483.72680412371136,0.0644404425391451,0.0644404425391451,0.0644404425391451,0.0,0.0,0.000252707617800569,False
405,highlight_or_dark_patch,0.8634020618556701,-1,543.8144329896908,483.72680412371136,0.6893291754438727,0.6893291754438727,0.6893291754438727,0.0,0.0,0.002703251668407344,False
405,highlight_or_dark_patch,0.8634020618556701,0,543.8144329896908,483.72680412371136,41.65782761186471,41.65782761186471,41.65782761186471,0.0,0.0,0.16336402985044984,False
405,highlight_or_dark_patch,0.8634020618556701,1,543.8144329896908,483.72680412371136,24.994588813793566,24.994588813793566,24.994588813793566,0.0,0.0,0.09801799534821007,False
405,highlight_or_dark_patch,0.8634020618556701,2,543.8144329896908,483.72680412371136,3.7599304313314525,3.7599304313314525,3.7599304313314525,0.0,0.0,0.014744825220907656,False
405,highlight_or_dark_patch,0.8788659793814433,-2,544.0618556701031,483.75773195876286,0.28119358461500915,0.28119358461500915,0.28119358461500915,0.0,0.0,0.0011027199396667026,False
405,highlight_or_dark_patch,0.8788659793814433,-1,544.0618556701031,483.75773195876286,1.761488065648055,1.761488065648055,1.761488065648055,0.0,0.0,0.0069077963358747255,False
405,highlight_or_dark_patch,0.8788659793814433,0,544.0618556701031,483.75773195876286,54.185195026037405,54.185195026037405,54.185195026037405,0.0,0.0,0.2124909608864212,False
405,highlight_or_dark_patch,0.8788659793814433,1,544.0618556701031,483.75773195876286,32.58884398506372,32.58884398506372,32.58884398506372,0.0,0.0,0.12779938817672046,False
405,highlight_or_dark_patch,0.8788659793814433,2,544.0618556701031,483.75773195876286,4.823622183452022,4.823622183452022,4.823622183452022,0.0,0.0,0.018916165425302046,False
405,highlight_or_dark_patch,0.8943298969072164,-2,544.3092783505155,483.7886597938144,0.436728743908403,0.436728743908403,0.436728743908403,0.0,0.0,0.0017126617408172666,False
405,highlight_or_dark_patch,0.8943298969072164,-1,544.3092783505155,483.7886597938144,3.2119608550444636,3.2119608550444636,3.2119608550444636,0.0,0.0,0.012595924921742994,False
405,highlight_or_dark_patch,0.8943298969072164,0,544.3092783505155,483.7886597938144,60.02162822829084,60.02162822829084,60.02162822829084,0.0,0.0,0.23537893422859152,False
405,highlight_or_dark_patch,0.8943298969072164,1,544.3092783505155,483.7886597938144,36.44507095592513,36.44507095592513,36.44507095592513,0.0,0.0,0.14292184688598092,False
405,highlight_or_dark_patch,0.8943298969072164,2,544.3092783505155,483.7886597938144,5.452023198624925,5.452023198624925,5.452023198624925,0.0,0.0,0.02138048313186245,False
405,highlight_or_dark_patch,0.9097938144329898,-2,544.5567010309278,483.819587628866,0.5310459204193408,0.5310459204193408,0.5310459204193408,0.0,0.0,0.002082533021252317,False
405,highlight_or_dark_patch,0.9097938144329898,-1,544.5567010309278,483.819587628866,4.76956511431017,4.76956511431017,4.76956511431017,0.0,0.0,0.018704176918863412,False
405,highlight_or_dark_patch,0.9097938144329898,0,544.5567010309278,483.819587628866,66.0111063875004,66.0111063875004,66.0111063875004,0.0,0.0,0.2588670838725506,False
405,highlight_or_dark_patch,0.9097938144329898,1,544.5567010309278,483.819587628866,39.19764827551177,39.19764827551177,39.19764827551177,0.0,0.0,0.15371626774710498,False
405,highlight_or_dark_patch,0.9097938144329898,2,544.5567010309278,483.819587628866,5.532310281883712,5.532310281883712,5.532310281883712,0.0,0.0,0.021695334438759654,False
405,highlight_or_dark_patch,0.9252577319587629,-2,544.8041237113403,483.85051546391753,0.5221691799849318,0.5221691799849318,0.5221691799849318,0.0,0.0,0.002047722274450713,False
405,highlight_or_dark_patch,0.9252577319587629,-1,544.8041237113403,483.85051546391753,6.4343008434458575,6.4343008434458575,6.4343008434458575,0.0,0.0,0.025232552327238658,False
405,highlight_or_dark_patch,0.9252577319587629,0,544.8041237113403,483.85051546391753,72.15362950366787,72.15362950366787,72.15362950366787,0.0,0.0,0.28295540981830536,False
405,highlight_or_dark_patch,0.9252577319587629,1,544.8041237113403,483.85051546391753,41.950225595100335,41.950225595100335,41.950225595100335,0.0,0.0,0.16451068860823662,False
405,highlight_or_dark_patch,0.9252577319587629,2,544.8041237113403,483.85051546391753,5.35242093831738,5.35242093831738,5.35242093831738,0.0,0.0,0.020989886032617176,False
405,highlight_or_dark_patch,0.9407216494845361,-2,545.0515463917526,483.8814432989691,0.3506615642025842,0.3506615642025842,0.3506615642025842,0.0,0.0,0.001375143389029742,False
405,highlight_or_dark_patch,0.9407216494845361,-1,545.0515463917526,483.8814432989691,5.8643580472926455,5.8643580472926455,5.8643580472926455,0.0,0.0,0.02299748253840253,False
405,highlight_or_dark_patch,0.9407216494845361,0,545.0515463917526,483.8814432989691,76.3583802742064,76.3583802742064,76.3583802742064,0.0,0.0,0.2994446285262996,False
405,highlight_or_dark_patch,0.9407216494845361,1,545.0515463917526,483.8814432989691,44.70280291468697,44.70280291468697,44.70280291468697,0.0,0.0,0.17530510946936068,False
405,highlight_or_dark_patch,0.9407216494845361,2,545.0515463917526,483.8814432989691,4.91235516792523,4.91235516792523,4.91235516792523,0.0,0.0,0.019264137913432275,False
405,highlight_or_dark_patch,0.9561855670103094,-2,545.2989690721649,483.91237113402065,0.20976293981146465,0.20976293981146465,0.20976293981146465,0.0,0.0,0.0008225997639665281,False
405,highlight_or_dark_patch,0.9561855670103094,-1,545.2989690721649,483.91237113402065,4.24712245517805,4.24712245517805,4.24712245517805,0.0,0.0,0.016655382177168825,False
405,highlight_or_dark_patch,0.9561855670103094,0,545.2989690721649,483.91237113402065,72.50292273355525,72.50292273355525,72.50292273355525,0.0,0.0,0.2843251871904128,False
405,highlight_or_dark_patch,0.9561855670103094,1,545.2989690721649,483.91237113402065,42.29033618784458,42.29033618784458,42.29033618784458,0.0,0.0,0.1658444556386062,False
405,highlight_or_dark_patch,0.9561855670103094,2,545.2989690721649,483.91237113402065,4.1108675389771525,4.1108675389771525,4.1108675389771525,0.0,0.0,0.01612104917245942,False
405,highlight_or_dark_patch,0.9716494845360826,-2,545.5463917525773,483.94329896907215,0.0994733068117101,0.0994733068117101,0.0994733068117101,0.0,0.0,0.0003900913992616082,False
405,highlight_or_dark_patch,0.9716494845360826,-1,545.5463917525773,483.94329896907215,2.507450897498393,2.507450897498393,2.507450897498393,0.0,0.0,0.009833140774503502,False
405,highlight_or_dark_patch,0.9716494845360826,0,545.5463917525773,483.94329896907215,68.35667977468356,68.35667977468356,68.35667977468356,0.0,0.0,0.26806541088111197,False
405,highlight_or_dark_patch,0.9716494845360826,1,545.5463917525773,483.94329896907215,37.94660790934581,37.94660790934581,37.94660790934581,0.0,0.0,0.14881022709547376,False
405,highlight_or_dark_patch,0.9716494845360826,2,545.5463917525773,483.94329896907215,2.925862856374521,2.925862856374521,2.925862856374521,0.0,0.0,0.011473971985782436,False
405,highlight_or_dark_patch,0.9871134020618557,-2,545.7938144329897,483.9742268041237,0.01979266520301599,0.01979266520301599,0.01979266520301599,0.0,0.0,7.76182949137882e-05,False
405,highlight_or_dark_patch,0.9871134020618557,-1,545.7938144329897,483.9742268041237,0.6453433742531933,0.6453433742531933,0.6453433742531933,0.0,0.0,0.00253075833040468,False
405,highlight_or_dark_patch,0.9871134020618557,0,545.7938144329897,483.9742268041237,63.91965139759633,63.91965139759633,63.91965139759633,0.0,0.0,0.250665299598417,False
405,highlight_or_dark_patch,0.9871134020618557,1,545.7938144329897,483.9742268041237,33.847751561973034,33.847751561973034,33.847751561973034,0.0,0.0,0.13273628063518836,False
405,highlight_or_dark_patch,0.9871134020618557,2,545.7938144329897,483.9742268041237,1.9245121221170747,1.9245121221170747,1.9245121221170747,0.0,0.0,0.00754710636124343,False
405,highlight_or_dark_patch,1.0025773195876289,-2,546.0412371134021,484.00515463917526,0.0,0.0,0.0,0.0,0.0,0.0,False
405,highlight_or_dark_patch,1.0025773195876289,-1,546.0412371134021,484.00515463917526,0.668325597614823,0.668325597614823,0.668325597614823,0.0,0.0,0.002620884696528718,False
405,highlight_or_dark_patch,1.0025773195876289,0,546.0412371134021,484.00515463917526,57.82383887766957,57.82383887766957,57.82383887766957,0.0,0.0,0.22676015246144932,False
405,highlight_or_dark_patch,1.0025773195876289,1,546.0412371134021,484.00515463917526,29.993767145731454,29.993767145731454,29.993767145731454,0.0,0.0,0.1176226162577704,False
405,highlight_or_dark_patch,1.0025773195876289,2,546.0412371134021,484.00515463917526,1.1068153362069815,1.1068153362069815,1.1068153362069815,0.0,0.0,0.004340452298850907,False
405,highlight_or_dark_patch,1.018041237113402,-2,546.2886597938144,484.0360824742268,0.0,0.0,0.0,0.0,0.0,0.0,False
405,highlight_or_dark_patch,1.018041237113402,-1,546.2886597938144,484.0360824742268,1.7424578828712673,1.7424578828712673,1.7424578828712673,0.0,0.0,0.006833168168122617,False
405,highlight_or_dark_patch,1.018041237113402,0,546.2886597938144,484.0360824742268,44.945424593474755,44.945424593474755,44.945424593474755,0.0,0.0,0.17625656703323433,False
405,highlight_or_dark_patch,1.018041237113402,1,546.2886597938144,484.0360824742268,23.58118583863989,23.58118583863989,23.58118583863989,0.0,0.0,0.09247523858290153,False
405,highlight_or_dark_patch,1.018041237113402,2,546.2886597938144,484.0360824742268,1.1382206397602306,1.1382206397602306,1.1382206397602306,0.0,0.0,0.004463610352000904,False
405,highlight_or_dark_patch,1.0335051546391754,-2,546.5360824742268,484.0670103092784,0.0,0.0,0.0,0.0,0.0,0.0,False
405,highlight_or_dark_patch,1.0335051546391754,-1,546.5360824742268,484.0670103092784,2.0666698790426263,2.0666698790426263,2.0666698790426263,0.0,0.0,0.008104587760951475,False
405,highlight_or_dark_patch,1.0335051546391754,0,546.5360824742268,484.0670103092784,32.37310022319222,32.37310022319222,32.37310022319222,0.0,0.0,0.12695333420859692,False
405,highlight_or_dark_patch,1.0335051546391754,1,546.5360824742268,484.0670103092784,16.172292359542567,16.172292359542567,16.172292359542567,0.0,0.0,0.06342075435114732,False
405,highlight_or_dark_patch,1.0335051546391754,2,546.5360824742268,484.0670103092784,1.8413465944588567,1.8413465944588567,1.8413465944588567,0.0,0.0,0.007220967037093556,False
405,highlight_or_dark_patch,1.0489690721649485,-2,546.7835051546392,484.0979381443299,0.21028234770246346,0.21028234770246346,0.21028234770246346,0.0,0.0,0.0008246366576567195,False
405,highlight_or_dark_patch,1.0489690721649485,-1,546.7835051546392,484.0979381443299,1.6409615861274278,1.6409615861274278,1.6409615861274278,0.0,0.0,0.006435143475009521,False
405,highlight_or_dark_patch,1.0489690721649485,0,546.7835051546392,484.0979381443299,20.10686576681749,20.10686576681749,20.10686576681749,0.0,0.0,0.07885045398751957,False
405,highlight_or_dark_patch,1.0489690721649485,1,546.7835051546392,484.0979381443299,9.253142742702318,9.253142742702318,9.253142742702318,0.0,0.0,0.03628683428510713,False
405,highlight_or_dark_patch,1.0489690721649485,2,546.7835051546392,484.0979381443299,2.4679500706798025,2.4679500706798025,2.4679500706798025,0.0,0.0,0.009678235571293343,False
405,highlight_or_dark_patch,1.0644329896907216,-2,547.0309278350516,484.12886597938143,1.832194637567705,1.832194637567705,1.832194637567705,0.0,0.0,0.007185077010069431,False
405,highlight_or_dark_patch,1.0644329896907216,-1,547.0309278350516,484.12886597938143,1.8048287573322148,1.8048287573322148,1.8048287573322148,0.0,0.0,0.007077759832675353,False
405,highlight_or_dark_patch,1.0644329896907216,0,547.0309278350516,484.12886597938143,9.286109044531868,9.286109044531868,9.286109044531868,0.0,0.0,0.036416113900124975,False
405,highlight_or_dark_patch,1.0644329896907216,1,547.0309278350516,484.12886597938143,2.8237369881239536,2.8237369881239536,2.8237369881239536,0.0,0.0,0.011073478384799818,False
405,highlight_or_dark_patch,1.0644329896907216,2,547.0309278350516,484.12886597938143,3.0180310684223417,3.0180310684223417,3.0180310684223417,0.0,0.0,0.011835415954597419,False
405,highlight_or_dark_patch,1.079896907216495,-2,547.2783505154639,484.159793814433,3.4081934403461047,3.4081934403461047,3.4081934403461047,0.0,0.0,0.01336546447194551,False
405,highlight_or_dark_patch,1.079896907216495,-1,547.2783505154639,484.159793814433,2.441127177818961,2.441127177818961,2.441127177818961,0.0,0.0,0.00957304775615279,False
405,highlight_or_dark_patch,1.079896907216495,0,547.2783505154639,484.159793814433,6.669677967903263,6.669677967903263,6.669677967903263,0.0,0.0,0.026155599874130443,False
405,highlight_or_dark_patch,1.079896907216495,1,547.2783505154639,484.159793814433,0.5848197028184134,0.5848197028184134,0.5848197028184134,0.0,0.0,0.002293410599287896,False
405,highlight_or_dark_patch,1.079896907216495,2,547.2783505154639,484.159793814433,3.3966917382188497,3.3966917382188497,3.3966917382188497,0.0,0.0,0.01332035975772098,False
405,highlight_or_dark_patch,1.0953608247422681,-2,547.5257731958762,484.19072164948454,4.938278756037663,4.938278756037663,4.938278756037663,0.0,0.0,0.019365799043284955,False
405,highlight_or_dark_patch,1.0953608247422681,-1,547.5257731958762,484.19072164948454,2.847858162871498,2.847858162871498,2.847858162871498,0.0,0.0,0.011168071226947051,False
405,highlight_or_dark_patch,1.0953608247422681,0,547.5257731958762,484.19072164948454,4.2215963439264135,4.2215963439264135,4.2215963439264135,0.0,0.0,0.01655527978010358,False
405,highlight_or_dark_patch,1.0953608247422681,1,547.5257731958762,484.19072164948454,0.6584801567217469,0.6584801567217469,0.6584801567217469,0.0,0.0,0.0025822751243990073,False
405,highlight_or_dark_patch,1.0953608247422681,2,547.5257731958762,484.19072164948454,3.06986184964916,3.06986184964916,3.06986184964916,0.0,0.0,0.012038673920192785,False
405,highlight_or_dark_patch,1.1108247422680413,-2,547.7731958762887,484.2216494845361,6.1549870287043635,6.1549870287043635,6.1549870287043635,0.0,0.0,0.02413720403413476,False
405,highlight_or_dark_patch,1.1108247422680413,-1,547.7731958762887,484.2216494845361,3.0250217124898877,3.0250217124898877,3.0250217124898877,0.0,0.0,0.011862830245058383,False
405,highlight_or_dark_patch,1.1108247422680413,0,547.7731958762887,484.2216494845361,1.9418641726003436,1.9418641726003436,1.9418641726003436,0.0,0.0,0.0076151536180405635,False
405,highlight_or_dark_patch,1.1108247422680413,1,547.7731958762887,484.2216494845361,0.716836114929442,0.716836114929442,0.716836114929442,0.0,0.0,0.002811122019331145,False
405,highlight_or_dark_patch,1.1108247422680413,2,547.7731958762887,484.2216494845361,2.7583364567749937,2.7583364567749937,2.7583364567749937,0.0,0.0,0.010817005712843112,False
405,highlight_or_dark_patch,1.1262886597938144,-2,548.020618556701,484.2525773195876,4.531161676877283,4.531161676877283,4.531161676877283,0.0,0.0,0.01776926147795013,False
405,highlight_or_dark_patch,1.1262886597938144,-1,548.020618556701,484.2525773195876,2.6061080901395623,2.6061080901395623,2.6061080901395623,0.0,0.0,0.0102200317260375,False
405,highlight_or_dark_patch,1.1262886597938144,0,548.020618556701,484.2525773195876,0.030821553831449633,0.030821553831449633,0.030821553831449633,0.0,0.0,0.00012086883855470444,False
405,highlight_or_dark_patch,1.1262886597938144,1,548.020618556701,484.2525773195876,0.7598875774413675,0.7598875774413675,0.7598875774413675,0.0,0.0,0.002979951284083794,False
405,highlight_or_dark_patch,1.1262886597938144,2,548.020618556701,484.2525773195876,2.462115559596719,2.462115559596719,2.462115559596719,0.0,0.0,0.009655355135673407,False
405,highlight_or_dark_patch,1.1417525773195876,-2,548.2680412371134,484.28350515463916,2.953249812136878,2.953249812136878,2.953249812136878,0.0,0.0,0.011581371812301483,False
405,highlight_or_dark_patch,1.1417525773195876,-1,548.2680412371134,484.28350515463916,1.9518863093611971,1.9518863093611971,1.9518863093611971,0.0,0.0,0.007654456115141949,False
405,highlight_or_dark_patch,1.1417525773195876,0,548.2680412371134,484.28350515463916,0.38410032947175954,0.38410032947175954,0.38410032947175954,0.0,0.0,0.0015062758018500374,False
405,highlight_or_dark_patch,1.1417525773195876,1,548.2680412371134,484.28350515463916,0.7082054446566274,0.7082054446566274,0.7082054446566274,0.0,0.0,0.0027772762535554015,False
405,highlight_or_dark_patch,1.1417525773195876,2,548.2680412371134,484.28350515463916,2.1519629227405948,2.1519629227405948,2.1519629227405948,0.0,0.0,0.008439070285257234,False
405,highlight_or_dark_patch,1.157216494845361,-2,548.5154639175257,484.3144329896907,1.421251434483315,1.421251434483315,1.421251434483315,0.0,0.0,0.00557353503718947,False
405,highlight_or_dark_patch,1.157216494845361,-1,548.5154639175257,484.3144329896907,1.3894915027565158,1.3894915027565158,1.3894915027565158,0.0,0.0,0.00544898628531967,False
405,highlight_or_dark_patch,1.157216494845361,0,548.5154639175257,484.3144329896907,0.7067701137208414,0.7067701137208414,0.7067701137208414,0.0,0.0,0.0027716475047876135,False
405,highlight_or_dark_patch,1.157216494845361,1,548.5154639175257,484.3144329896907,0.5599658477099498,0.5599658477099498,0.5599658477099498,0.0,0.0,0.002195944500823333,False
405,highlight_or_dark_patch,1.157216494845361,2,548.5154639175257,484.3144329896907,1.540694215688203,1.540694215688203,1.540694215688203,0.0,0.0,0.006041938100738051,False
405,highlight_or_dark_patch,1.172680412371134,-2,548.7628865979382,484.3453608247423,0.0,0.0,0.0,0.0,0.0,0.0,False
405,highlight_or_dark_patch,1.172680412371134,-1,548.7628865979382,484.3453608247423,0.9189236703253045,0.9189236703253045,0.9189236703253045,0.0,0.0,0.003603622236569822,False
405,highlight_or_dark_patch,1.172680412371134,0,548.7628865979382,484.3453608247423,0.9988309065788442,0.9988309065788442,0.9988309065788442,0.0,0.0,0.003916983947368016,False
405,highlight_or_dark_patch,1.172680412371134,1,548.7628865979382,484.3453608247423,0.3658127636763151,0.3658127636763151,0.3658127636763151,0.0,0.0,0.001434559857554177,False
405,highlight_or_dark_patch,1.172680412371134,2,548.7628865979382,484.3453608247423,0.9753389957224249,0.9753389957224249,0.9753389957224249,0.0,0.0,0.0038248588067546076,False
405,highlight_or_dark_patch,1.1881443298969072,-2,549.0103092783505,484.37628865979383,0.0,0.0,0.0,0.0,0.0,0.0,False
405,highlight_or_dark_patch,1.1881443298969072,-1,549.0103092783505,484.37628865979383,0.6648424669380446,0.6648424669380446,0.6648424669380446,0.0,0.0,0.0026072253605413515,False
405,highlight_or_dark_patch,1.1881443298969072,0,549.0103092783505,484.37628865979383,1.2384419173131789,1.2384419173131789,1.2384419173131789,0.0,0.0,0.004856634969855603,False
405,highlight_or_dark_patch,1.1881443298969072,1,549.0103092783505,484.37628865979383,0.12574619255594305,0.12574619255594305,0.12574619255594305,0.0,0.0,0.0004931223237487962,False
405,highlight_or_dark_patch,1.1881443298969072,2,549.0103092783505,484.37628865979383,0.4558972628437278,0.4558972628437278,0.4558972628437278,0.0,0.0,0.0017878324033087363,False
405,highlight_or_dark_patch,1.2036082474226806,-2,549.2577319587629,484.4072164948454,0.0,0.0,0.0,0.0,0.0,0.0,False
405,highlight_or_dark_patch,1.2036082474226806,-1,549.2577319587629,484.4072164948454,0.5130577478869435,0.5130577478869435,0.5130577478869435,0.0,0.0,0.002011991168184092,False
405,highlight_or_dark_patch,1.2036082474226806,0,549.2577319587629,484.4072164948454,0.9849612073546496,0.9849612073546496,0.9849612073546496,0.0,0.0,0.003862592970018234,False
405,highlight_or_dark_patch,1.2036082474226806,1,549.2577319587629,484.4072164948454,0.08028593562317843,0.08028593562317843,0.08028593562317843,0.0,0.0,0.00031484680636540563,False
405,highlight_or_dark_patch,1.2036082474226806,2,549.2577319587629,484.4072164948454,0.007570990536829137,0.007570990536829137,0.007570990536829137,0.0,0.0,2.96901589679574e-05,False
405,highlight_or_dark_patch,1.2190721649484537,-2,549.5051546391753,484.4381443298969,0.0,0.0,0.0,0.0,0.0,0.0,False
405,highlight_or_dark_patch,1.2190721649484537,-1,549.5051546391753,484.4381443298969,0.3306640374444708,0.3306640374444708,0.3306640374444708,0.0,0.0,0.001296721715468513,False
405,highlight_or_dark_patch,1.2190721649484537,0,549.5051546391753,484.4381443298969,0.7773939844829119,0.7773939844829119,0.7773939844829119,0.0,0.0,0.0030486038607173012,False
405,highlight_or_dark_patch,1.2190721649484537,1,549.5051546391753,484.4381443298969,0.21707743427092133,0.21707743427092133,0.21707743427092133,0.0,0.0,0.0008512840559643974,False
405,highlight_or_dark_patch,1.2190721649484537,2,549.5051546391753,484.4381443298969,0.21733984555823757,0.21733984555823757,0.21733984555823757,0.0,0.0,0.0008523131198362257,False
405,highlight_or_dark_patch,1.2345360824742269,-2,549.7525773195877,484.46907216494844,0.003447177491389428,0.003447177491389428,0.003447177491389428,0.0,0.0,1.3518343103487953e-05,False
405,highlight_or_dark_patch,1.2345360824742269,-1,549.7525773195877,484.46907216494844,0.11766133561093481,0.11766133561093481,0.11766133561093481,0.0,0.0,0.0004614170023958228,False
405,highlight_or_dark_patch,1.2345360824742269,0,549.7525773195877,484.46907216494844,0.615740248698035,0.615740248698035,0.615740248698035,0.0,0.0,0.0024146676419530785,False
405,highlight_or_dark_patch,1.2345360824742269,1,549.7525773195877,484.46907216494844,0.3385644372229744,0.3385644372229744,0.3385644372229744,0.0,0.0,0.0013277036753842134,False
405,highlight_or_dark_patch,1.2345360824742269,2,549.7525773195877,484.46907216494844,0.457717691970786,0.457717691970786,0.457717691970786,0.0,0.0,0.0017949713410619057,False
405,highlight_or_dark_patch,1.25,-2,550.0,484.5,1.4065257870217518,1.4065257870217518,1.4065257870217518,0.0,0.0,0.005515787400085301,False
405,highlight_or_dark_patch,1.25,-1,550.0,484.5,0.6716551136057854,0.6716551136057854,0.6716551136057854,0.0,0.0,0.0026339416219834724,False
405,highlight_or_dark_patch,1.25,0,550.0,484.5,0.5,0.5,0.5,0.0,0.0,0.00196078431372549,False
405,highlight_or_dark_patch,1.25,1,550.0,484.5,0.44474694447941343,0.44474694447941343,0.44474694447941343,0.0,0.0,0.0017441056646251506,False
405,highlight_or_dark_patch,1.25,2,550.0,484.5,0.7287045297745625,0.7287045297745625,0.7287045297745625,0.0,0.0,0.002857664822645343,False
