target_id,profile,sigma_px,parallel_offset_px,distance_px,red,green,blue,value
144,side-upper,0,-2,-7.0,73.0,124.0,141.0,141.0
144,side-upper,0,-2,-6.75,70.75,122.25,139.0,139.0
144,side-upper,0,-2,-6.5,68.5,120.5,137.0,137.0
144,side-upper,0,-2,-6.25,66.25,118.75,135.0,135.0
144,side-upper,0,-2,-6.0,64.0,117.0,133.0,133.0
144,side-upper,0,-2,-5.75,67.75,120.75,137.25,137.25
144,side-upper,0,-2,-5.5,71.5,124.5,141.5,141.5
144,side-upper,0,-2,-5.25,75.25,128.25,145.75,145.75
144,side-upper,0,-2,-5.0,79.0,132.0,150.0,150.0
144,side-upper,0,-2,-4.75,81.25,134.75,153.25,153.25
144,side-upper,0,-2,-4.5,83.5,137.5,156.5,156.5
144,side-upper,0,-2,-4.25,85.75,140.25,159.75,159.75
144,side-upper,0,-2,-4.0,88.0,143.0,163.0,163.0
144,side-upper,0,-2,-3.75,87.5,143.0,162.75,162.75
144,side-upper,0,-2,-3.5,87.0,143.0,162.5,162.5
144,side-upper,0,-2,-3.25,86.5,143.0,162.25,162.25
144,side-upper,0,-2,-3.0,86.0,143.0,162.0,162.0
144,side-upper,0,-2,-2.75,87.25,144.5,163.75,163.75
144,side-upper,0,-2,-2.5,88.5,146.0,165.5,165.5
144,side-upper,0,-2,-2.25,89.75,147.5,167.25,167.25
144,side-upper,0,-2,-2.0,91.0,149.0,169.0,169.0
144,side-upper,0,-2,-1.75,87.75,146.5,166.25,166.25
144,side-upper,0,-2,-1.5,84.5,144.0,163.5,163.5
144,side-upper,0,-2,-1.25,81.25,141.5,160.75,160.75
144,side-upper,0,-2,-1.0,78.0,139.0,158.0,158.0
144,side-upper,0,-2,-0.75,81.75,142.75,162.25,162.25
144,side-upper,0,-2,-0.5,85.5,146.5,166.5,166.5
144,side-upper,0,-2,-0.25,89.25,150.25,170.75,170.75
144,side-upper,0,-2,0.0,93.0,154.0,175.0,175.0
144,side-upper,0,-2,0.25,90.0,151.25,172.25,172.25
144,side-upper,0,-2,0.5,87.0,148.5,169.5,169.5
144,side-upper,0,-2,0.75,84.0,145.75,166.75,166.75
144,side-upper,0,-2,1.0,81.0,143.0,164.0,164.0
144,side-upper,0,-2,1.25,82.25,144.25,165.25,165.25
144,side-upper,0,-2,1.5,83.5,145.5,166.5,166.5
144,side-upper,0,-2,1.75,84.75,146.75,167.75,167.75
144,side-upper,0,-2,2.0,86.0,148.0,169.0,169.0
144,side-upper,0,-2,2.25,85.0,146.75,167.25,167.25
144,side-upper,0,-2,2.5,84.0,145.5,165.5,165.5
144,side-upper,0,-2,2.75,83.0,144.25,163.75,163.75
144,side-upper,0,-2,3.0,82.0,143.0,162.0,162.0
144,side-upper,0,-2,3.25,83.75,144.0,163.25,163.25
144,side-upper,0,-2,3.5,85.5,145.0,164.5,164.5
144,side-upper,0,-2,3.75,87.25,146.0,165.75,165.75
144,side-upper,0,-2,4.0,89.0,147.0,167.0,167.0
144,side-upper,0,-2,4.25,89.0,146.75,166.5,166.5
144,side-upper,0,-2,4.5,89.0,146.5,166.0,166.0
144,side-upper,0,-2,4.75,89.0,146.25,165.5,165.5
144,side-upper,0,-2,5.0,89.0,146.0,165.0,165.0
144,side-upper,0,-2,5.25,88.75,145.75,164.75,164.75
144,side-upper,0,-2,5.5,88.5,145.5,164.5,164.5
144,side-upper,0,-2,5.75,88.25,145.25,164.25,164.25
144,side-upper,0,-2,6.0,88.0,145.0,164.0,164.0
144,side-upper,0,-2,6.25,86.25,143.0,161.5,161.5
144,side-upper,0,-2,6.5,84.5,141.0,159.0,159.0
144,side-upper,0,-2,6.75,82.75,139.0,156.5,156.5
144,side-upper,0,-2,7.0,81.0,137.0,154.0,154.0
144,side-upper,0,-1,-7.0,87.0,140.0,156.0,156.0
144,side-upper,0,-1,-6.75,86.25,139.25,155.75,155.75
144,side-upper,0,-1,-6.5,85.5,138.5,155.5,155.5
144,side-upper,0,-1,-6.25,84.75,137.75,155.25,155.25
144,side-upper,0,-1,-6.0,84.0,137.0,155.0,155.0
144,side-upper,0,-1,-5.75,81.5,135.25,153.0,153.0
144,side-upper,0,-1,-5.5,79.0,133.5,151.0,151.0
144,side-upper,0,-1,-5.25,76.5,131.75,149.0,149.0
144,side-upper,0,-1,-5.0,74.0,130.0,147.0,147.0
144,side-upper,0,-1,-4.75,72.25,128.0,145.75,145.75
144,side-upper,0,-1,-4.5,70.5,126.0,144.5,144.5
144,side-upper,0,-1,-4.25,68.75,124.0,143.25,143.25
144,side-upper,0,-1,-4.0,67.0,122.0,142.0,142.0
144,side-upper,0,-1,-3.75,67.5,123.0,142.75,142.75
144,side-upper,0,-1,-3.5,68.0,124.0,143.5,143.5
144,side-upper,0,-1,-3.25,68.5,125.0,144.25,144.25
144,side-upper,0,-1,-3.0,69.0,126.0,145.0,145.0
144,side-upper,0,-1,-2.75,76.75,134.0,153.25,153.25
144,side-upper,0,-1,-2.5,84.5,142.0,161.5,161.5
144,side-upper,0,-1,-2.25,92.25,150.0,169.75,169.75
144,side-upper,0,-1,-2.0,100.0,158.0,178.0,178.0
144,side-upper,0,-1,-1.75,96.75,155.5,175.25,175.25
144,side-upper,0,-1,-1.5,93.5,153.0,172.5,172.5
144,side-upper,0,-1,-1.25,90.25,150.5,169.75,169.75
144,side-upper,0,-1,-1.0,87.0,148.0,167.0,167.0
144,side-upper,0,-1,-0.75,89.25,150.25,169.75,169.75
144,side-upper,0,-1,-0.5,91.5,152.5,172.5,172.5
144,side-upper,0,-1,-0.25,93.75,154.75,175.25,175.25
144,side-upper,0,-1,0.0,96.0,157.0,178.0,178.0
144,side-upper,0,-1,0.25,94.0,156.0,177.25,177.25
144,side-upper,0,-1,0.5,92.0,155.0,176.5,176.5
144,side-upper,0,-1,0.75,90.0,154.0,175.75,175.75
144,side-upper,0,-1,1.0,88.0,153.0,175.0,175.0
144,side-upper,0,-1,1.25,89.25,154.25,175.75,175.75
144,side-upper,0,-1,1.5,90.5,155.5,176.5,176.5
144,side-upper,0,-1,1.75,91.75,156.75,177.25,177.25
144,side-upper,0,-1,2.0,93.0,158.0,178.0,178.0
144,side-upper,0,-1,2.25,90.75,155.0,175.25,175.25
144,side-upper,0,-1,2.5,88.5,152.0,172.5,172.5
144,side-upper,0,-1,2.75,86.25,149.0,169.75,169.75
144,side-upper,0,-1,3.0,84.0,146.0,167.0,167.0
144,side-upper,0,-1,3.25,84.25,146.0,166.5,166.5
144,side-upper,0,-1,3.5,84.5,146.0,166.0,166.0
144,side-upper,0,-1,3.75,84.75,146.0,165.5,165.5
144,side-upper,0,-1,4.0,85.0,146.0,165.0,165.0
144,side-upper,0,-1,4.25,84.5,144.5,163.5,163.5
144,side-upper,0,-1,4.5,84.0,143.0,162.0,162.0
144,side-upper,0,-1,4.75,83.5,141.5,160.5,160.5
144,side-upper,0,-1,5.0,83.0,140.0,159.0,159.0
144,side-upper,0,-1,5.25,85.25,142.0,160.5,160.5
144,side-upper,0,-1,5.5,87.5,144.0,162.0,162.0
144,side-upper,0,-1,5.75,89.75,146.0,163.5,163.5
144,side-upper,0,-1,6.0,92.0,148.0,165.0,165.0
144,side-upper,0,-1,6.25,89.25,145.25,162.25,162.25
144,side-upper,0,-1,6.5,86.5,142.5,159.5,159.5
144,side-upper,0,-1,6.75,83.75,139.75,156.75,156.75
144,side-upper,0,-1,7.0,81.0,137.0,154.0,154.0
144,side-upper,0,0,-7.0,89.0,147.0,167.0,167.0
144,side-upper,0,0,-6.75,88.75,146.5,166.5,166.5
144,side-upper,0,0,-6.5,88.5,146.0,166.0,166.0
144,side-upper,0,0,-6.25,88.25,145.5,165.5,165.5
144,side-upper,0,0,-6.0,88.0,145.0,165.0,165.0
144,side-upper,0,0,-5.75,87.75,144.25,164.5,164.5
144,side-upper,0,0,-5.5,87.5,143.5,164.0,164.0
144,side-upper,0,0,-5.25,87.25,142.75,163.5,163.5
144,side-upper,0,0,-5.0,87.0,142.0,163.0,163.0
144,side-upper,0,0,-4.75,86.5,140.75,161.75,161.75
144,side-upper,0,0,-4.5,86.0,139.5,160.5,160.5
144,side-upper,0,0,-4.25,85.5,138.25,159.25,159.25
144,side-upper,0,0,-4.0,85.0,137.0,158.0,158.0
144,side-upper,0,0,-3.75,82.5,134.5,155.5,155.5
144,side-upper,0,0,-3.5,80.0,132.0,153.0,153.0
144,side-upper,0,0,-3.25,77.5,129.5,150.5,150.5
144,side-upper,0,0,-3.0,75.0,127.0,148.0,148.0
144,side-upper,0,0,-2.75,73.5,126.25,147.0,147.0
144,side-upper,0,0,-2.5,72.0,125.5,146.0,146.0
144,side-upper,0,0,-2.25,70.5,124.75,145.0,145.0
144,side-upper,0,0,-2.0,69.0,124.0,144.0,144.0
144,side-upper,0,0,-1.75,72.5,128.0,147.25,147.25
144,side-upper,0,0,-1.5,76.0,132.0,150.5,150.5
144,side-upper,0,0,-1.25,79.5,136.0,153.75,153.75
144,side-upper,0,0,-1.0,83.0,140.0,157.0,157.0
144,side-upper,0,0,-0.75,88.0,145.5,162.25,162.25
144,side-upper,0,0,-0.5,93.0,151.0,167.5,167.5
144,side-upper,0,0,-0.25,98.0,156.5,172.75,172.75
144,side-upper,0,0,0.0,103.0,162.0,178.0,178.0
144,side-upper,0,0,0.25,101.5,161.25,179.0,179.0
144,side-upper,0,0,0.5,100.0,160.5,180.0,180.0
144,side-upper,0,0,0.75,98.5,159.75,181.0,181.0
144,side-upper,0,0,1.0,97.0,159.0,182.0,182.0
144,side-upper,0,0,1.25,93.0,155.75,178.5,178.5
144,side-upper,0,0,1.5,89.0,152.5,175.0,175.0
144,side-upper,0,0,1.75,85.0,149.25,171.5,171.5
144,side-upper,0,0,2.0,81.0,146.0,168.0,168.0
144,side-upper,0,0,2.25,84.75,149.5,172.25,172.25
144,side-upper,0,0,2.5,88.5,153.0,176.5,176.5
144,side-upper,0,0,2.75,92.25,156.5,180.75,180.75
144,side-upper,0,0,3.0,96.0,160.0,185.0,185.0
144,side-upper,0,0,3.25,93.25,156.75,181.25,181.25
144,side-upper,0,0,3.5,90.5,153.5,177.5,177.5
144,side-upper,0,0,3.75,87.75,150.25,173.75,173.75
144,side-upper,0,0,4.0,85.0,147.0,170.0,170.0
144,side-upper,0,0,4.25,85.25,147.25,170.25,170.25
144,side-upper,0,0,4.5,85.5,147.5,170.5,170.5
144,side-upper,0,0,4.75,85.75,147.75,170.75,170.75
144,side-upper,0,0,5.0,86.0,148.0,171.0,171.0
144,side-upper,0,0,5.25,85.5,147.25,169.25,169.25
144,side-upper,0,0,5.5,85.0,146.5,167.5,167.5
144,side-upper,0,0,5.75,84.5,145.75,165.75,165.75
144,side-upper,0,0,6.0,84.0,145.0,164.0,164.0
144,side-upper,0,0,6.25,82.5,143.5,162.25,162.25
144,side-upper,0,0,6.5,81.0,142.0,160.5,160.5
144,side-upper,0,0,6.75,79.5,140.5,158.75,158.75
144,side-upper,0,0,7.0,78.0,139.0,157.0,157.0
144,side-upper,0,1,-7.0,85.0,146.0,165.0,165.0
144,side-upper,0,1,-6.75,85.25,145.5,164.75,164.75
144,side-upper,0,1,-6.5,85.5,145.0,164.5,164.5
144,side-upper,0,1,-6.25,85.75,144.5,164.25,164.25
144,side-upper,0,1,-6.0,86.0,144.0,164.0,164.0
144,side-upper,0,1,-5.75,86.5,144.25,164.25,164.25
144,side-upper,0,1,-5.5,87.0,144.5,164.5,164.5
144,side-upper,0,1,-5.25,87.5,144.75,164.75,164.75
144,side-upper,0,1,-5.0,88.0,145.0,165.0,165.0
144,side-upper,0,1,-4.75,88.75,144.5,164.75,164.75
144,side-upper,0,1,-4.5,89.5,144.0,164.5,164.5
144,side-upper,0,1,-4.25,90.25,143.5,164.25,164.25
144,side-upper,0,1,-4.0,91.0,143.0,164.0,164.0
144,side-upper,0,1,-3.75,89.25,141.25,162.25,162.25
144,side-upper,0,1,-3.5,87.5,139.5,160.5,160.5
144,side-upper,0,1,-3.25,85.75,137.75,158.75,158.75
144,side-upper,0,1,-3.0,84.0,136.0,157.0,157.0
144,side-upper,0,1,-2.75,81.5,134.25,155.0,155.0
144,side-upper,0,1,-2.5,79.0,132.5,153.0,153.0
144,side-upper,0,1,-2.25,76.5,130.75,151.0,151.0
144,side-upper,0,1,-2.0,74.0,129.0,149.0,149.0
144,side-upper,0,1,-1.75,73.5,129.0,148.75,148.75
144,side-upper,0,1,-1.5,73.0,129.0,148.5,148.5
144,side-upper,0,1,-1.25,72.5,129.0,148.25,148.25
144,side-upper,0,1,-1.0,72.0,129.0,148.0,148.0
144,side-upper,0,1,-0.75,73.0,130.0,148.5,148.5
144,side-upper,0,1,-0.5,74.0,131.0,149.0,149.0
144,side-upper,0,1,-0.25,75.0,132.0,149.5,149.5
144,side-upper,0,1,0.0,76.0,133.0,150.0,150.0
144,side-upper,0,1,0.25,81.25,139.5,157.5,157.5
144,side-upper,0,1,0.5,86.5,146.0,165.0,165.0
144,side-upper,0,1,0.75,91.75,152.5,172.5,172.5
144,side-upper,0,1,1.0,97.0,159.0,180.0,180.0
144,side-upper,0,1,1.25,98.25,160.25,181.75,181.75
144,side-upper,0,1,1.5,99.5,161.5,183.5,183.5
144,side-upper,0,1,1.75,100.75,162.75,185.25,185.25
144,side-upper,0,1,2.0,102.0,164.0,187.0,187.0
144,side-upper,0,1,2.25,101.25,163.25,186.25,186.25
144,side-upper,0,1,2.5,100.5,162.5,185.5,185.5
144,side-upper,0,1,2.75,99.75,161.75,184.75,184.75
144,side-upper,0,1,3.0,99.0,161.0,184.0,184.0
144,side-upper,0,1,3.25,98.25,160.25,183.25,183.25
144,side-upper,0,1,3.5,97.5,159.5,182.5,182.5
144,side-upper,0,1,3.75,96.75,158.75,181.75,181.75
144,side-upper,0,1,4.0,96.0,158.0,181.0,181.0
144,side-upper,0,1,4.25,94.0,156.0,179.0,179.0
144,side-upper,0,1,4.5,92.0,154.0,177.0,177.0
144,side-upper,0,1,4.75,90.0,152.0,175.0,175.0
144,side-upper,0,1,5.0,88.0,150.0,173.0,173.0
144,side-upper,0,1,5.25,87.0,149.25,171.0,171.0
144,side-upper,0,1,5.5,86.0,148.5,169.0,169.0
144,side-upper,0,1,5.75,85.0,147.75,167.0,167.0
144,side-upper,0,1,6.0,84.0,147.0,165.0,165.0
144,side-upper,0,1,6.25,83.25,145.75,163.75,163.75
144,side-upper,0,1,6.5,82.5,144.5,162.5,162.5
144,side-upper,0,1,6.75,81.75,143.25,161.25,161.25
144,side-upper,0,1,7.0,81.0,142.0,160.0,160.0
144,side-upper,0,2,-7.0,82.0,147.0,165.0,165.0
144,side-upper,0,2,-6.75,82.0,146.5,164.5,164.5
144,side-upper,0,2,-6.5,82.0,146.0,164.0,164.0
144,side-upper,0,2,-6.25,82.0,145.5,163.5,163.5
144,side-upper,0,2,-6.0,82.0,145.0,163.0,163.0
144,side-upper,0,2,-5.75,82.75,144.5,163.0,163.0
144,side-upper,0,2,-5.5,83.5,144.0,163.0,163.0
144,side-upper,0,2,-5.25,84.25,143.5,163.0,163.0
144,side-upper,0,2,-5.0,85.0,143.0,163.0,163.0
144,side-upper,0,2,-4.75,85.5,143.25,163.25,163.25
144,side-upper,0,2,-4.5,86.0,143.5,163.5,163.5
144,side-upper,0,2,-4.25,86.5,143.75,163.75,163.75
144,side-upper,0,2,-4.0,87.0,144.0,164.0,164.0
144,side-upper,0,2,-3.75,87.5,144.0,164.0,164.0
144,side-upper,0,2,-3.5,88.0,144.0,164.0,164.0
144,side-upper,0,2,-3.25,88.5,144.0,164.0,164.0
144,side-upper,0,2,-3.0,89.0,144.0,164.0,164.0
144,side-upper,0,2,-2.75,88.0,142.25,162.5,162.5
144,side-upper,0,2,-2.5,87.0,140.5,161.0,161.0
144,side-upper,0,2,-2.25,86.0,138.75,159.5,159.5
144,side-upper,0,2,-2.0,85.0,137.0,158.0,158.0
144,side-upper,0,2,-1.75,82.25,135.0,155.75,155.75
144,side-upper,0,2,-1.5,79.5,133.0,153.5,153.5
144,side-upper,0,2,-1.25,76.75,131.0,151.25,151.25
144,side-upper,0,2,-1.0,74.0,129.0,149.0,149.0
144,side-upper,0,2,-0.75,72.0,127.0,147.0,147.0
144,side-upper,0,2,-0.5,70.0,125.0,145.0,145.0
144,side-upper,0,2,-0.25,68.0,123.0,143.0,143.0
144,side-upper,0,2,0.0,66.0,121.0,141.0,141.0
144,side-upper,0,2,0.25,69.75,125.5,145.5,145.5
144,side-upper,0,2,0.5,73.5,130.0,150.0,150.0
144,side-upper,0,2,0.75,77.25,134.5,154.5,154.5
144,side-upper,0,2,1.0,81.0,139.0,159.0,159.0
144,side-upper,0,2,1.25,87.75,146.5,166.75,166.75
144,side-upper,0,2,1.5,94.5,154.0,174.5,174.5
144,side-upper,0,2,1.75,101.25,161.5,182.25,182.25
144,side-upper,0,2,2.0,108.0,169.0,190.0,190.0
144,side-upper,0,2,2.25,104.75,166.0,187.0,187.0
144,side-upper,0,2,2.5,101.5,163.0,184.0,184.0
144,side-upper,0,2,2.75,98.25,160.0,181.0,181.0
144,side-upper,0,2,3.0,95.0,157.0,178.0,178.0
144,side-upper,0,2,3.25,96.0,158.75,180.0,180.0
144,side-upper,0,2,3.5,97.0,160.5,182.0,182.0
144,side-upper,0,2,3.75,98.0,162.25,184.0,184.0
144,side-upper,0,2,4.0,99.0,164.0,186.0,186.0
144,side-upper,0,2,4.25,95.75,160.75,182.25,182.25
144,side-upper,0,2,4.5,92.5,157.5,178.5,178.5
144,side-upper,0,2,4.75,89.25,154.25,174.75,174.75
144,side-upper,0,2,5.0,86.0,151.0,171.0,171.0
144,side-upper,0,2,5.25,86.5,150.75,171.0,171.0
144,side-upper,0,2,5.5,87.0,150.5,171.0,171.0
144,side-upper,0,2,5.75,87.5,150.25,171.0,171.0
144,side-upper,0,2,6.0,88.0,150.0,171.0,171.0
144,side-upper,0,2,6.25,87.75,149.5,169.75,169.75
144,side-upper,0,2,6.5,87.5,149.0,168.5,168.5
144,side-upper,0,2,6.75,87.25,148.5,167.25,167.25
144,side-upper,0,2,7.0,87.0,148.0,166.0,166.0
144,side-upper,0.8,-2,-7.0,73.53360813640492,125.9177421415701,142.5481373822213,142.5481373822213
144,side-upper,0.8,-2,-6.75,72.8580907890435,125.28897993001205,142.03124482374363,142.03124482374363
144,side-upper,0.8,-2,-6.5,72.1825734416821,124.66021771845399,141.51435226526596,141.51435226526596
144,side-upper,0.8,-2,-6.25,71.50705609432069,124.03145550689592,140.99745970678828,140.99745970678828
144,side-upper,0.8,-2,-6.0,70.83153874695927,123.40269329533787,140.4805671483106,140.4805671483106
144,side-upper,0.8,-2,-5.75,72.109833946734,124.97944520034666,142.26957779244205,142.26957779244205
144,side-upper,0.8,-2,-5.5,73.38812914650875,126.55619710535547,144.05858843657347,144.05858843657347
144,side-upper,0.8,-2,-5.25,74.66642434628349,128.13294901036426,145.84759908070492,145.84759908070492
144,side-upper,0.8,-2,-5.0,75.94471954605822,129.70970091537305,147.63660972483638,147.63660972483638
144,side-upper,0.8,-2,-4.75,77.2017536563128,131.32271938201438,149.48368844822164,149.48368844822164
144,side-upper,0.8,-2,-4.5,78.45878776656737,132.93573784865572,151.3307671716069,151.3307671716069
144,side-upper,0.8,-2,-4.25,79.71582187682193,134.54875631529706,153.17784589499217,153.17784589499217
144,side-upper,0.8,-2,-4.0,80.97285598707651,136.1617747819384,155.02492461837744,155.02492461837744
144,side-upper,0.8,-2,-3.75,81.78901752916397,137.35476792388584,156.3274120860859,156.3274120860859
144,side-upper,0.8,-2,-3.5,82.60517907125141,138.5477610658333,157.62989955379436,157.62989955379436
144,side-upper,0.8,-2,-3.25,83.42134061333886,139.74075420778075,158.93238702150282,158.93238702150282
144,side-upper,0.8,-2,-3.0,84.23750215542631,140.9337473497282,160.23487448921128,160.23487448921128
144,side-upper,0.8,-2,-2.75,84.95447438782973,142.0231001161095,161.3955802392861,161.3955802392861
144,side-upper,0.8,-2,-2.5,85.67144662023316,143.1124528824908,162.5562859893609,162.5562859893609
144,side-upper,0.8,-2,-2.25,86.38841885263659,144.2018056488721,163.71699173943568,163.71699173943568
144,side-upper,0.8,-2,-2.0,87.10539108504,145.2911584152534,164.8776974895105,164.8776974895105
144,side-upper,0.8,-2,-1.75,87.0119947760891,145.59909936986864,165.20862864212336,165.20862864212336
144,side-upper,0.8,-2,-1.5,86.91859846713818,145.9070403244839,165.53955979473625,165.53955979473625
144,side-upper,0.8,-2,-1.25,86.82520215818727,146.21498127909916,165.87049094734914,165.87049094734914
144,side-upper,0.8,-2,-1.0,86.73180584923637,146.5229222337144,166.20142209996203,166.20142209996203
144,side-upper,0.8,-2,-0.75,87.1209740873189,147.19914542043375,166.99201436095535,166.99201436095535
144,side-upper,0.8,-2,-0.5,87.51014232540143,147.87536860715306,167.7826066219487,167.7826066219487
144,side-upper,0.8,-2,-0.25,87.89931056348395,148.5515917938724,168.57319888294205,168.57319888294205
144,side-upper,0.8,-2,0.0,88.28847880156648,149.22781498059175,169.36379114393537,169.36379114393537
144,side-upper,0.8,-2,0.25,88.03056756039771,149.1411080255585,169.32861418666943,169.32861418666943
144,side-upper,0.8,-2,0.5,87.77265631922896,149.05440107052527,169.29343722940348,169.29343722940348
144,side-upper,0.8,-2,0.75,87.51474507806019,148.96769411549207,169.2582602721375,169.2582602721375
144,side-upper,0.8,-2,1.0,87.25683383689142,148.88098716045883,169.22308331487156,169.22308331487156
144,side-upper,0.8,-2,1.25,87.0529156898952,148.66446463187674,168.92207308089075,168.92207308089075
144,side-upper,0.8,-2,1.5,86.84899754289899,148.44794210329462,168.62106284690998,168.62106284690998
144,side-upper,0.8,-2,1.75,86.64507939590278,148.23141957471253,168.3200526129292,168.3200526129292
144,side-upper,0.8,-2,2.0,86.44116124890657,148.01489704613044,168.01904237894843,168.01904237894843
144,side-upper,0.8,-2,2.25,86.26620239211033,147.58736139215554,167.47592784089142,167.47592784089142
144,side-upper,0.8,-2,2.5,86.09124353531408,147.15982573818064,166.9328133028344,166.9328133028344
144,side-upper,0.8,-2,2.75,85.91628467851784,146.73229008420577,166.3896987647774,166.3896987647774
144,side-upper,0.8,-2,3.0,85.7413258217216,146.30475443023087,165.84658422672035,165.84658422672035
144,side-upper,0.8,-2,3.25,86.00619191949991,146.17235994955337,165.65288480343565,165.65288480343565
144,side-upper,0.8,-2,3.5,86.27105801727821,146.0399654688759,165.45918538015093,165.45918538015093
144,side-upper,0.8,-2,3.75,86.5359241150565,145.90757098819842,165.26548595686623,165.26548595686623
144,side-upper,0.8,-2,4.0,86.80079021283481,145.77517650752094,165.07178653358153,165.07178653358153
144,side-upper,0.8,-2,4.25,86.80621478540256,145.41795654279684,164.64257658835749,164.64257658835749
144,side-upper,0.8,-2,4.5,86.81163935797034,145.06073657807275,164.21336664313344,164.21336664313344
144,side-upper,0.8,-2,4.75,86.8170639305381,144.70351661334865,163.7841566979094,163.7841566979094
144,side-upper,0.8,-2,5.0,86.82248850310584,144.34629664862456,163.35494675268535,163.35494675268535
144,side-upper,0.8,-2,5.25,86.27516838538236,143.587544492553,162.47107923488375,162.47107923488375
144,side-upper,0.8,-2,5.5,85.72784826765886,142.82879233648146,161.58721171708217,161.58721171708217
144,side-upper,0.8,-2,5.75,85.18052814993537,142.0700401804099,160.7033441992806,160.7033441992806
144,side-upper,0.8,-2,6.0,84.63320803221188,141.31128802433835,159.819476681479,159.819476681479
144,side-upper,0.8,-2,6.25,83.54387906410304,140.0499268147635,158.4405690122734,158.4405690122734
144,side-upper,0.8,-2,6.5,82.4545500959942,138.78856560518864,157.0616613430678,157.0616613430678
144,side-upper,0.8,-2,6.75,81.36522112788535,137.52720439561375,155.68275367386224,155.68275367386224
144,side-upper,0.8,-2,7.0,80.2758921597765,136.2658431860389,154.30384600465663,154.30384600465663
144,side-upper,0.8,-1,-7.0,81.71115500597868,137.35855440794177,153.49109511831722,153.49109511831722
144,side-upper,0.8,-1,-6.75,81.33937867739859,136.6608264935441,153.2098232104214,153.2098232104214
144,side-upper,0.8,-1,-6.5,80.96760234881849,135.96309857914645,152.9285513025256,152.9285513025256
144,side-upper,0.8,-1,-6.25,80.59582602023839,135.2653706647488,152.64727939462978,152.64727939462978
144,side-upper,0.8,-1,-6.0,80.2240496916583,134.56764275035113,152.36600748673396,152.36600748673396
144,side-upper,0.8,-1,-5.75,79.77200832945972,134.1834821630061,152.19040033897502,152.19040033897502
144,side-upper,0.8,-1,-5.5,79.31996696726117,133.79932157566108,152.01479319121609,152.01479319121609
144,side-upper,0.8,-1,-5.25,78.8679256050626,133.41516098831607,151.83918604345715,151.83918604345715
144,side-upper,0.8,-1,-5.0,78.41588424286402,133.03100040097104,151.6635788956982,151.6635788956982
144,side-upper,0.8,-1,-4.75,78.0978168558543,132.77045476430675,151.62701703059184,151.62701703059184
144,side-upper,0.8,-1,-4.5,77.77974946884459,132.50990912764243,151.59045516548548,151.59045516548548
144,side-upper,0.8,-1,-4.25,77.46168208183487,132.2493634909781,151.55389330037912,151.55389330037912
144,side-upper,0.8,-1,-4.0,77.14361469482515,131.98881785431382,151.51733143527275,151.51733143527275
144,side-upper,0.8,-1,-3.75,77.63637302924074,132.72775284705608,152.30465380432963,152.30465380432963
144,side-upper,0.8,-1,-3.5,78.12913136365634,133.46668783979837,153.09197617338648,153.09197617338648
144,side-upper,0.8,-1,-3.25,78.62188969807194,134.20562283254066,153.87929854244334,153.87929854244334
144,side-upper,0.8,-1,-3.0,79.11464803248754,134.9445578252829,154.66662091150022,154.66662091150022
144,side-upper,0.8,-1,-2.75,80.5783970588717,136.83168290873553,156.51244337136504,156.51244337136504
144,side-upper,0.8,-1,-2.5,82.04214608525587,138.71880799218815,158.35826583122986,158.35826583122986
144,side-upper,0.8,-1,-2.25,83.50589511164002,140.60593307564076,160.2040882910947,160.2040882910947
144,side-upper,0.8,-1,-2.0,84.96964413802418,142.49305815909338,162.04991075095953,162.04991075095953
144,side-upper,0.8,-1,-1.75,85.7039188431408,143.70165842409926,163.18259462490465,163.18259462490465
144,side-upper,0.8,-1,-1.5,86.43819354825743,144.91025868910515,164.31527849884975,164.31527849884975
144,side-upper,0.8,-1,-1.25,87.17246825337408,146.118858954111,165.44796237279485,165.44796237279485
144,side-upper,0.8,-1,-1.0,87.9067429584907,147.3274592191169,166.58064624673995,166.58064624673995
144,side-upper,0.8,-1,-0.75,88.76554118460194,148.58631606148373,168.02191667869042,168.02191667869042
144,side-upper,0.8,-1,-0.5,89.62433941071316,149.8451729038506,169.4631871106409,169.4631871106409
144,side-upper,0.8,-1,-0.25,90.48313763682438,151.10402974621744,170.90445754259133,170.90445754259133
144,side-upper,0.8,-1,0.0,91.34193586293563,152.36288658858427,172.3457279745418,172.3457279745418
144,side-upper,0.8,-1,0.25,91.07351249367481,152.53818267967577,172.78542886632476,172.78542886632476
144,side-upper,0.8,-1,0.5,90.80508912441402,152.71347877076727,173.2251297581077,173.2251297581077
144,side-upper,0.8,-1,0.75,90.53666575515322,152.88877486185876,173.6648306498906,173.6648306498906
144,side-upper,0.8,-1,1.0,90.2682423858924,153.06407095295026,174.10453154167357,174.10453154167357
144,side-upper,0.8,-1,1.25,89.79252477697102,152.7261231207556,173.78368839053658,173.78368839053658
144,side-upper,0.8,-1,1.5,89.31680716804965,152.38817528856094,173.4628452393996,173.4628452393996
144,side-upper,0.8,-1,1.75,88.84108955912826,152.0502274563663,173.14200208826264,173.14200208826264
144,side-upper,0.8,-1,2.0,88.36537195020688,151.71227962417163,172.82115893712566,172.82115893712566
144,side-upper,0.8,-1,2.25,88.03953534787854,151.0925366207128,172.1652997797036,172.1652997797036
144,side-upper,0.8,-1,2.5,87.71369874555019,150.47279361725396,171.50944062228152,171.50944062228152
144,side-upper,0.8,-1,2.75,87.38786214322184,149.85305061379515,170.85358146485945,170.85358146485945
144,side-upper,0.8,-1,3.0,87.0620255408935,149.2333076103363,170.19772230743737,170.19772230743737
144,side-upper,0.8,-1,3.25,86.85600438789086,148.58232942714727,169.4062934198355,169.4062934198355
144,side-upper,0.8,-1,3.5,86.64998323488823,147.9313512439582,168.61486453223364,168.61486453223364
144,side-upper,0.8,-1,3.75,86.44396208188559,147.28037306076914,167.82343564463176,167.82343564463176
144,side-upper,0.8,-1,4.0,86.23794092888295,146.6293948775801,167.03200675702988,167.03200675702988
144,side-upper,0.8,-1,4.25,86.23297262252645,146.19533609252588,166.38713120021828,166.38713120021828
144,side-upper,0.8,-1,4.5,86.22800431616994,145.7612773074717,165.74225564340665,165.74225564340665
144,side-upper,0.8,-1,4.75,86.22303600981344,145.3272185224175,165.09738008659502,165.09738008659502
144,side-upper,0.8,-1,5.0,86.21806770345694,144.89315973736328,164.45250452978343,164.45250452978343
144,side-upper,0.8,-1,5.25,86.10258117485898,144.52216143674244,163.77324288436634,163.77324288436634
144,side-upper,0.8,-1,5.5,85.98709464626104,144.15116313612157,163.09398123894925,163.09398123894925
144,side-upper,0.8,-1,5.75,85.87160811766309,143.78016483550073,162.41471959353217,162.41471959353217
144,side-upper,0.8,-1,6.0,85.75612158906515,143.4091665348799,161.73545794811508,161.73545794811508
144,side-upper,0.8,-1,6.25,84.82138069168316,142.27961182870885,160.39969341386546,160.39969341386546
144,side-upper,0.8,-1,6.5,83.8866397943012,141.15005712253782,159.06392887961584,159.06392887961584
144,side-upper,0.8,-1,6.75,82.95189889691923,140.02050241636678,157.72816434536622,157.72816434536622
144,side-upper,0.8,-1,7.0,82.01715799953725,138.89094771019575,156.39239981111663,156.39239981111663
144,side-upper,0.8,0,-7.0,84.66520820588408,144.70629461252602,161.5468946578718,161.5468946578718
144,side-upper,0.8,0,-6.75,84.8796245854636,144.0847140256017,161.50473271456002,161.50473271456002
144,side-upper,0.8,0,-6.5,85.09404096504312,143.46313343867735,161.4625707712482,161.4625707712482
144,side-upper,0.8,0,-6.25,85.30845734462264,142.84155285175302,161.4204088279364,161.4204088279364
144,side-upper,0.8,0,-6.0,85.52287372420216,142.2199722648287,161.37824688462462,161.37824688462462
144,side-upper,0.8,0,-5.75,85.13829218937524,141.4617281483588,160.80393274034594,160.80393274034594
144,side-upper,0.8,0,-5.5,84.75371065454831,140.70348403188888,160.2296185960673,160.2296185960673
144,side-upper,0.8,0,-5.25,84.36912911972139,139.94523991541894,159.65530445178865,159.65530445178865
144,side-upper,0.8,0,-5.0,83.98454758489447,139.18699579894903,159.08099030750998,159.08099030750998
144,side-upper,0.8,0,-4.75,83.32248484707551,138.16459481791367,158.18604933427264,158.18604933427264
144,side-upper,0.8,0,-4.5,82.66042210925654,137.14219383687833,157.2911083610353,157.2911083610353
144,side-upper,0.8,0,-4.25,81.99835937143757,136.11979285584297,156.39616738779796,156.39616738779796
144,side-upper,0.8,0,-4.0,81.33629663361862,135.0973918748076,155.50122641456062,155.50122641456062
144,side-upper,0.8,0,-3.75,80.58896033890083,134.38843974274604,154.78095262357806,154.78095262357806
144,side-upper,0.8,0,-3.5,79.84162404418305,133.67948761068448,154.06067883259547,154.06067883259547
144,side-upper,0.8,0,-3.25,79.09428774946528,132.97053547862293,153.34040504161288,153.34040504161288
144,side-upper,0.8,0,-3.0,78.3469514547475,132.26158334656137,152.62013125063032,152.62013125063032
144,side-upper,0.8,0,-2.75,78.46003816793973,132.8153052989361,152.99234175342977,152.99234175342977
144,side-upper,0.8,0,-2.5,78.57312488113195,133.3690272513108,153.36455225622922,153.36455225622922
144,side-upper,0.8,0,-2.25,78.68621159432418,133.92274920368553,153.73676275902866,153.73676275902866
144,side-upper,0.8,0,-2.0,78.79929830751641,134.47647115606026,154.1089732618281,154.1089732618281
144,side-upper,0.8,0,-1.75,79.99426373519842,136.1686002430269,155.52439078772244,155.52439078772244
144,side-upper,0.8,0,-1.5,81.18922916288042,137.86072932999352,156.93980831361677,156.93980831361677
144,side-upper,0.8,0,-1.25,82.38419459056243,139.55285841696013,158.3552258395111,158.3552258395111
144,side-upper,0.8,0,-1.0,83.57916001824444,141.24498750392678,159.77064336540542,159.77064336540542
144,side-upper,0.8,0,-0.75,85.36893127535255,143.51790912006393,162.1322794047781,162.1322794047781
144,side-upper,0.8,0,-0.5,87.15870253246067,145.7908307362011,164.49391544415076,164.49391544415076
144,side-upper,0.8,0,-0.25,88.9484737895688,148.06375235233824,166.8555514835234,166.8555514835234
144,side-upper,0.8,0,0.0,90.7382450466769,150.3366739684754,169.2171875228961,169.2171875228961
144,side-upper,0.8,0,0.25,91.2460770759629,151.45044039163247,170.8531886104057,170.8531886104057
144,side-upper,0.8,0,0.5,91.75390910524891,152.56420681478954,172.4891896979153,172.4891896979153
144,side-upper,0.8,0,0.75,92.2617411345349,153.67797323794662,174.1251907854249,174.1251907854249
144,side-upper,0.8,0,1.0,92.76957316382091,154.7917396611037,175.7611918729345,175.7611918729345
144,side-upper,0.8,0,1.25,92.44087968806821,154.79701594567678,176.05680246132934,176.05680246132934
144,side-upper,0.8,0,1.5,92.11218621231552,154.8022922302499,176.35241304972416,176.35241304972416
144,side-upper,0.8,0,1.75,91.78349273656282,154.807568514823,176.648023638119,176.648023638119
144,side-upper,0.8,0,2.0,91.45479926081012,154.8128447993961,176.94363422651384,176.94363422651384
144,side-upper,0.8,0,2.25,91.38003490532111,154.6249284058211,176.8820933231197,176.8820933231197
144,side-upper,0.8,0,2.5,91.3052705498321,154.43701201224613,176.82055241972554,176.82055241972554
144,side-upper,0.8,0,2.75,91.23050619434309,154.24909561867116,176.7590115163314,176.7590115163314
144,side-upper,0.8,0,3.0,91.15574183885408,154.06117922509617,176.69747061293725,176.69747061293725
144,side-upper,0.8,0,3.25,90.54900578919518,153.18679030589885,175.71779665310115,175.71779665310115
144,side-upper,0.8,0,3.5,89.94226973953627,152.31240138670157,174.73812269326504,174.73812269326504
144,side-upper,0.8,0,3.75,89.33553368987737,151.43801246750428,173.7584487334289,173.7584487334289
144,side-upper,0.8,0,4.0,88.72879764021846,150.56362354830696,172.7787747735928,172.7787747735928
144,side-upper,0.8,0,4.25,88.14258878033131,149.74934983428759,171.67776141493897,171.67776141493897
144,side-upper,0.8,0,4.5,87.55637992044414,148.9350761202682,170.5767480562851,170.5767480562851
144,side-upper,0.8,0,4.75,86.97017106055699,148.1208024062488,169.47573469763125,169.47573469763125
144,side-upper,0.8,0,5.0,86.38396220066983,147.30652869222942,168.37472133897742,168.37472133897742
144,side-upper,0.8,0,5.25,85.88855003979359,146.6394858114494,167.20985292353572,167.20985292353572
144,side-upper,0.8,0,5.5,85.39313787891733,145.9724429306694,166.04498450809405,166.04498450809405
144,side-upper,0.8,0,5.75,84.89772571804107,145.30540004988939,164.88011609265237,164.88011609265237
144,side-upper,0.8,0,6.0,84.40231355716483,144.63835716910938,163.7152476772107,163.7152476772107
144,side-upper,0.8,0,6.25,83.56828787429,143.56285986428253,162.29224062591913,162.29224062591913
144,side-upper,0.8,0,6.5,82.73426219141516,142.48736255945565,160.86923357462757,160.86923357462757
144,side-upper,0.8,0,6.75,81.90023650854033,141.41186525462876,159.446226523336,159.446226523336
144,side-upper,0.8,0,7.0,81.0662108256655,140.3363679498019,158.02321947204447,158.02321947204447
144,side-upper,0.8,1,-7.0,86.29965204893357,145.53600243732745,166.06625431973058,166.06625431973058
144,side-upper,0.8,1,-6.75,86.19168456603697,145.31816627840348,165.62843908706193,165.62843908706193
144,side-upper,0.8,1,-6.5,86.08371708314039,145.1003301194795,165.1906238543933,165.1906238543933
144,side-upper,0.8,1,-6.25,85.9757496002438,144.88249396055556,164.75280862172465,164.75280862172465
144,side-upper,0.8,1,-6.0,85.86778211734722,144.6646578016316,164.314993389056,164.314993389056
144,side-upper,0.8,1,-5.75,86.0491900237018,144.2854784041937,164.04924177369284,164.04924177369284
144,side-upper,0.8,1,-5.5,86.2305979300564,143.90629900675583,163.78349015832967,163.78349015832967
144,side-upper,0.8,1,-5.25,86.412005836411,143.52711960931794,163.5177385429665,163.5177385429665
144,side-upper,0.8,1,-5.0,86.59341374276558,143.14794021188004,163.25198692760333,163.25198692760333
144,side-upper,0.8,1,-4.75,86.49263285323745,142.4594605095388,162.67321745449868,162.67321745449868
144,side-upper,0.8,1,-4.5,86.39185196370931,141.77098080719753,162.094447981394,162.094447981394
144,side-upper,0.8,1,-4.25,86.29107107418119,141.08250110485625,161.51567850828937,161.51567850828937
144,side-upper,0.8,1,-4.0,86.19029018465307,140.394021402515,160.93690903518473,160.93690903518473
144,side-upper,0.8,1,-3.75,85.24325149564253,139.27496704167356,159.81830149505643,159.81830149505643
144,side-upper,0.8,1,-3.5,84.29621280663198,138.15591268083216,158.69969395492814,158.69969395492814
144,side-upper,0.8,1,-3.25,83.34917411762143,137.03685831999076,157.5810864147998,157.5810864147998
144,side-upper,0.8,1,-3.0,82.40213542861089,135.91780395914932,156.46247887467152,156.46247887467152
144,side-upper,0.8,1,-2.75,81.28157863265466,135.06150498554578,155.46230914764882,155.46230914764882
144,side-upper,0.8,1,-2.5,80.16102183669844,134.2052060119422,154.46213942062616,154.46213942062616
144,side-upper,0.8,1,-2.25,79.0404650407422,133.34890703833867,153.4619696936035,153.4619696936035
144,side-upper,0.8,1,-2.0,77.91990824478597,132.49260806473512,152.4617999665808,152.4617999665808
144,side-upper,0.8,1,-1.75,77.77184647017489,132.74067325726264,152.45897103873708,152.45897103873708
144,side-upper,0.8,1,-1.5,77.6237846955638,132.98873844979013,152.45614211089332,152.45614211089332
144,side-upper,0.8,1,-1.25,77.4757229209527,133.23680364231762,152.4533131830496,152.4533131830496
144,side-upper,0.8,1,-1.0,77.32766114634163,133.48486883484514,152.45048425520588,152.45048425520588
144,side-upper,0.8,1,-0.75,78.5694559523396,135.1506677220413,154.0960067060994,154.0960067060994
144,side-upper,0.8,1,-0.5,79.81125075833756,136.81646660923747,155.7415291569929,155.7415291569929
144,side-upper,0.8,1,-0.25,81.05304556433553,138.48226549643363,157.3870516078864,157.3870516078864
144,side-upper,0.8,1,0.0,82.2948403703335,140.1480643836298,159.03257405877991,159.03257405877991
144,side-upper,0.8,1,0.25,84.40148745416505,142.87436931029723,162.18840430249216,162.18840430249216
144,side-upper,0.8,1,0.5,86.5081345379966,145.60067423696466,165.3442345462044,165.3442345462044
144,side-upper,0.8,1,0.75,88.61478162182814,148.32697916363213,168.50006478991665,168.50006478991665
144,side-upper,0.8,1,1.0,90.72142870565969,151.05328409029957,171.6558950336289,171.6558950336289
144,side-upper,0.8,1,1.25,92.08905663234069,152.83233480850708,173.78834452243777,173.78834452243777
144,side-upper,0.8,1,1.5,93.45668455902171,154.61138552671463,175.92079401124664,175.92079401124664
144,side-upper,0.8,1,1.75,94.8243124857027,156.39043624492214,178.05324350005552,178.05324350005552
144,side-upper,0.8,1,2.0,96.19194041238372,158.16948696312966,180.1856929888644,180.1856929888644
144,side-upper,0.8,1,2.25,96.231057666543,158.33064579345097,180.49056606013687,180.49056606013687
144,side-upper,0.8,1,2.5,96.27017492070227,158.49180462377228,180.79543913140935,180.79543913140935
144,side-upper,0.8,1,2.75,96.30929217486155,158.6529634540936,181.1003122026818,181.1003122026818
144,side-upper,0.8,1,3.0,96.34840942902083,158.8141222844149,181.4051852739543,181.4051852739543
144,side-upper,0.8,1,3.25,95.51904946538124,158.02356642496267,180.58555453774846,180.58555453774846
144,side-upper,0.8,1,3.5,94.68968950174164,157.23301056551045,179.7659238015426,179.7659238015426
144,side-upper,0.8,1,3.75,93.86032953810205,156.44245470605824,178.9462930653368,178.9462930653368
144,side-upper,0.8,1,4.0,93.03096957446246,155.651898846606,178.12666232913097,178.12666232913097
144,side-upper,0.8,1,4.25,91.8575265272915,154.45233456366105,176.6706551412944,176.6706551412944
144,side-upper,0.8,1,4.5,90.68408348012053,153.25277028071608,175.21464795345787,175.21464795345787
144,side-upper,0.8,1,4.75,89.51064043294959,152.0532059977711,173.75864076562135,173.75864076562135
144,side-upper,0.8,1,5.0,88.33719738577862,150.85364171482615,172.30263357778477,172.30263357778477
144,side-upper,0.8,1,5.25,87.48172098470701,149.8536009090016,170.8123079239604,170.8123079239604
144,side-upper,0.8,1,5.5,86.62624458363538,148.85356010317707,169.32198227013598,169.32198227013598
144,side-upper,0.8,1,5.75,85.77076818256376,147.85351929735256,167.8316566163116,167.8316566163116
144,side-upper,0.8,1,6.0,84.91529178149213,146.85347849152802,166.34133096248718,166.34133096248718
144,side-upper,0.8,1,6.25,84.09751141974215,145.70356564880848,164.81129853511644,164.81129853511644
144,side-upper,0.8,1,6.5,83.27973105799217,144.5536528060889,163.2812661077457,163.2812661077457
144,side-upper,0.8,1,6.75,82.46195069624218,143.40373996336933,161.75123368037495,161.75123368037495
144,side-upper,0.8,1,7.0,81.6441703344922,142.25382712064976,160.2212012530042,160.2212012530042
144,side-upper,0.8,2,-7.0,87.39822666941959,147.49917851581392,169.62868055002303,169.62868055002303
144,side-upper,0.8,2,-6.75,86.80815094071085,147.2706957142311,168.7074364550707,168.7074364550707
144,side-upper,0.8,2,-6.5,86.21807521200212,147.04221291264827,167.7861923601184,167.7861923601184
144,side-upper,0.8,2,-6.25,85.6279994832934,146.81373011106547,166.8649482651661,166.8649482651661
144,side-upper,0.8,2,-6.0,85.03792375458465,146.58524730948264,165.94370417021378,165.94370417021378
144,side-upper,0.8,2,-5.75,85.15708453583612,146.09189656013876,165.50594622778647,165.50594622778647
144,side-upper,0.8,2,-5.5,85.27624531708759,145.5985458107949,165.06818828535916,165.06818828535916
144,side-upper,0.8,2,-5.25,85.39540609833905,145.105195061451,164.63043034293185,164.63043034293185
144,side-upper,0.8,2,-5.0,85.51456687959052,144.61184431210714,164.19267240050453,164.19267240050453
144,side-upper,0.8,2,-4.75,85.7079041598371,144.1677566777152,163.8655242327195,163.8655242327195
144,side-upper,0.8,2,-4.5,85.90124144008368,143.72366904332324,163.53837606493445,163.53837606493445
144,side-upper,0.8,2,-4.25,86.09457872033026,143.2795814089313,163.2112278971494,163.2112278971494
144,side-upper,0.8,2,-4.0,86.28791600057684,142.83549377453937,162.88407972936437,162.88407972936437
144,side-upper,0.8,2,-3.75,86.0572755884537,142.1920878925693,162.29700319975674,162.29700319975674
144,side-upper,0.8,2,-3.5,85.82663517633058,141.54868201059926,161.70992667014912,161.70992667014912
144,side-upper,0.8,2,-3.25,85.59599476420746,140.90527612862923,161.1228501405415,161.1228501405415
144,side-upper,0.8,2,-3.0,85.36535435208432,140.26187024665916,160.53577361093386,160.53577361093386
144,side-upper,0.8,2,-2.75,84.44289757143748,139.16346850830075,159.44099700339393,159.44099700339393
144,side-upper,0.8,2,-2.5,83.52044079079064,138.06506676994235,158.34622039585398,158.34622039585398
144,side-upper,0.8,2,-2.25,82.59798401014379,136.96666503158394,157.25144378831402,157.25144378831402
144,side-upper,0.8,2,-2.0,81.67552722949695,135.86826329322554,156.1566671807741,156.1566671807741
144,side-upper,0.8,2,-1.75,80.43702123331504,134.72324290839168,154.93546131156282,154.93546131156282
144,side-upper,0.8,2,-1.5,79.19851523713311,133.5782225235578,153.71425544235154,153.71425544235154
144,side-upper,0.8,2,-1.25,77.9600092409512,132.4332021387239,152.4930495731403,152.4930495731403
144,side-upper,0.8,2,-1.0,76.72150324476928,131.28818175389006,151.27184370392902,151.27184370392902
144,side-upper,0.8,2,-0.75,76.4308390896636,131.26853521538067,151.20970204100848,151.20970204100848
144,side-upper,0.8,2,-0.5,76.14017493455793,131.24888867687127,151.14756037808797,151.14756037808797
144,side-upper,0.8,2,-0.25,75.84951077945226,131.22924213836185,151.08541871516744,151.08541871516744
144,side-upper,0.8,2,0.0,75.55884662434659,131.20959559985246,151.0232770522469,151.0232770522469
144,side-upper,0.8,2,0.25,77.71344469560843,133.92237608594607,153.84002166821506,153.84002166821506
144,side-upper,0.8,2,0.5,79.86804276687027,136.63515657203968,156.65676628418322,156.65676628418322
144,side-upper,0.8,2,0.75,82.02264083813212,139.34793705813328,159.47351090015138,159.47351090015138
144,side-upper,0.8,2,1.0,84.17723890939396,142.0607175442269,162.29025551611954,162.29025551611954
144,side-upper,0.8,2,1.25,87.20936454455142,145.64767015265582,166.01404390129636,166.01404390129636
144,side-upper,0.8,2,1.5,90.24149017970886,149.23462276108478,169.73783228647318,169.73783228647318
144,side-upper,0.8,2,1.75,93.2736158148663,152.82157536951374,173.46162067165,173.46162067165
144,side-upper,0.8,2,2.0,96.30574145002376,156.40852797794267,177.18540905682678,177.18540905682678
144,side-upper,0.8,2,2.25,96.89331726483059,157.46058893545026,178.32856020882986,178.32856020882986
144,side-upper,0.8,2,2.5,97.48089307963741,158.51264989295782,179.47171136083296,179.47171136083296
144,side-upper,0.8,2,2.75,98.06846889444424,159.56471085046542,180.614862512836,180.614862512836
144,side-upper,0.8,2,3.0,98.65604470925106,160.616771807973,181.7580136648391,181.7580136648391
144,side-upper,0.8,2,3.25,97.90839434893171,160.27086752450356,181.4493990154163,181.4493990154163
144,side-upper,0.8,2,3.5,97.16074398861238,159.92496324103408,181.14078436599357,181.14078436599357
144,side-upper,0.8,2,3.75,96.41309362829304,159.5790589575646,180.83216971657083,180.83216971657083
144,side-upper,0.8,2,4.0,95.66544326797369,159.23315467409515,180.52355506714804,180.52355506714804
144,side-upper,0.8,2,4.25,94.35404342930048,157.99100458685658,179.1463772314757,179.1463772314757
144,side-upper,0.8,2,4.5,93.04264359062728,156.748854499618,177.7691993958033,177.7691993958033
144,side-upper,0.8,2,4.75,91.73124375195407,155.50670441237946,176.3920215601309,176.3920215601309
144,side-upper,0.8,2,5.0,90.41984391328086,154.2645543251409,175.01484372445856,175.01484372445856
144,side-upper,0.8,2,5.25,89.70209658988979,153.2746980451626,173.77991809898688,173.77991809898688
144,side-upper,0.8,2,5.5,88.9843492664987,152.28484176518435,172.54499247351524,172.54499247351524
144,side-upper,0.8,2,5.75,88.26660194310762,151.2949854852061,171.31006684804356,171.31006684804356
144,side-upper,0.8,2,6.0,87.54885461971655,150.30512920522784,170.07514122257192,170.07514122257192
144,side-upper,0.8,2,6.25,86.91236693994857,149.21543260158575,168.68270056800523,168.68270056800523
144,side-upper,0.8,2,6.5,86.2758792601806,148.12573599794365,167.29025991343855,167.29025991343855
144,side-upper,0.8,2,6.75,85.63939158041262,147.03603939430155,165.89781925887186,165.89781925887186
144,side-upper,0.8,2,7.0,85.00290390064464,145.94634279065943,164.50537860430518,164.50537860430518
144,side-upper,1.2,-2,-7.0,74.81788568200201,128.597043833814,145.31924615259192,145.31924615259192
144,side-upper,1.2,-2,-6.75,74.5591374059999,128.19580647702077,145.07627825991585,145.07627825991585
144,side-upper,1.2,-2,-6.5,74.3003891299978,127.79456912022754,144.8333103672398,144.8333103672398
144,side-upper,1.2,-2,-6.25,74.04164085399569,127.3933317634343,144.59034247456373,144.59034247456373
144,side-upper,1.2,-2,-6.0,73.78289257799356,126.99209440664106,144.34737458188764,144.34737458188764
144,side-upper,1.2,-2,-5.75,74.40025076412122,127.75734282248959,145.2954753525508,145.2954753525508
144,side-upper,1.2,-2,-5.5,75.01760895024888,128.52259123833812,146.24357612321393,146.24357612321393
144,side-upper,1.2,-2,-5.25,75.63496713637655,129.28783965418666,147.19167689387706,147.19167689387706
144,side-upper,1.2,-2,-5.0,76.2523253225042,130.0530880700352,148.1397776645402,148.1397776645402
144,side-upper,1.2,-2,-4.75,77.19497227041239,131.28187635714525,149.54057609801959,149.54057609801959
144,side-upper,1.2,-2,-4.5,78.13761921832057,132.51066464425531,150.94137453149898,150.94137453149898
144,side-upper,1.2,-2,-4.25,79.08026616622874,133.73945293136535,152.34217296497837,152.34217296497837
144,side-upper,1.2,-2,-4.0,80.02291311413693,134.9682412184754,153.74297139845777,153.74297139845777
144,side-upper,1.2,-2,-3.75,80.8260920010897,136.11285528305874,155.0071632337577,155.0071632337577
144,side-upper,1.2,-2,-3.5,81.6292708880425,137.2574693476421,156.2713550690576,156.2713550690576
144,side-upper,1.2,-2,-3.25,82.43244977499528,138.4020834122254,157.5355469043575,157.5355469043575
144,side-upper,1.2,-2,-3.0,83.23562866194806,139.54669747680873,158.7997387396574,158.7997387396574
144,side-upper,1.2,-2,-2.75,83.82111947863947,140.5034047796255,159.8142807751016,159.8142807751016
144,side-upper,1.2,-2,-2.5,84.40661029533089,141.46011208244227,160.82882281054577,160.82882281054577
144,side-upper,1.2,-2,-2.25,84.99210111202233,142.416819385259,161.84336484598995,161.84336484598995
144,side-upper,1.2,-2,-2.0,85.57759192871374,143.37352668807577,162.85790688143413,162.85790688143413
144,side-upper,1.2,-2,-1.75,85.95072581440472,144.10990817403584,163.62837362763068,163.62837362763068
144,side-upper,1.2,-2,-1.5,86.32385970009568,144.8462896599959,164.39884037382723,164.39884037382723
144,side-upper,1.2,-2,-1.25,86.69699358578666,145.58267114595597,165.16930712002377,165.16930712002377
144,side-upper,1.2,-2,-1.0,87.07012747147763,146.31905263191604,165.93977386622032,165.93977386622032
144,side-upper,1.2,-2,-0.75,87.2946706308458,146.83405894301922,166.50985277010196,166.50985277010196
144,side-upper,1.2,-2,-0.5,87.51921379021397,147.34906525412242,167.0799316739836,167.0799316739836
144,side-upper,1.2,-2,-0.25,87.74375694958214,147.86407156522563,167.65001057786523,167.65001057786523
144,side-upper,1.2,-2,0.0,87.9683001089503,148.37907787632884,168.22008948174687,168.22008948174687
144,side-upper,1.2,-2,0.25,87.95562473631816,148.52791899781548,168.41551196310786,168.41551196310786
144,side-upper,1.2,-2,0.5,87.942949363686,148.67676011930212,168.61093444446885,168.61093444446885
144,side-upper,1.2,-2,0.75,87.93027399105384,148.82560124078876,168.80635692582985,168.80635692582985
144,side-upper,1.2,-2,1.0,87.91759861842169,148.9744423622754,169.00177940719084,169.00177940719084
144,side-upper,1.2,-2,1.25,87.73311517638238,148.7839483657967,168.80057055993836,168.80057055993836
144,side-upper,1.2,-2,1.5,87.54863173434309,148.593454369318,168.5993617126859,168.5993617126859
144,side-upper,1.2,-2,1.75,87.36414829230378,148.40296037283935,168.39815286543342,168.39815286543342
144,side-upper,1.2,-2,2.0,87.17966485026449,148.21246637636065,168.19694401818094,168.19694401818094
144,side-upper,1.2,-2,2.25,87.01290115520395,147.86554364763785,167.79775594551347,167.79775594551347
144,side-upper,1.2,-2,2.5,86.84613746014341,147.51862091891508,167.398567872846,167.398567872846
144,side-upper,1.2,-2,2.75,86.67937376508287,147.17169819019227,166.99937980017853,166.99937980017853
144,side-upper,1.2,-2,3.0,86.51261007002233,146.82477546146947,166.60019172751106,166.60019172751106
144,side-upper,1.2,-2,3.25,86.38259962768348,146.40253957667775,166.1102830292349,166.1102830292349
144,side-upper,1.2,-2,3.5,86.2525891853446,145.98030369188604,165.62037433095873,165.62037433095873
144,side-upper,1.2,-2,3.75,86.12257874300573,145.55806780709432,165.13046563268253,165.13046563268253
144,side-upper,1.2,-2,4.0,85.99256830066687,145.1358319223026,164.64055693440636,164.64055693440636
144,side-upper,1.2,-2,4.25,85.71129378156975,144.55417112396339,163.9695102069083,163.9695102069083
144,side-upper,1.2,-2,4.5,85.43001926247263,143.97251032562417,163.29846347941026,163.29846347941026
144,side-upper,1.2,-2,4.75,85.14874474337552,143.39084952728496,162.62741675191222,162.62741675191222
144,side-upper,1.2,-2,5.0,84.86747022427839,142.80918872894574,161.95637002441418,161.95637002441418
144,side-upper,1.2,-2,5.25,84.32991099219336,142.03326706628644,161.0718780110688,161.0718780110688
144,side-upper,1.2,-2,5.5,83.79235176010835,141.2573454036271,160.18738599772345,160.18738599772345
144,side-upper,1.2,-2,5.75,83.25479252802332,140.48142374096778,159.3028939843781,159.3028939843781
144,side-upper,1.2,-2,6.0,82.71723329593829,139.70550207830848,158.41840197103272,158.41840197103272
144,side-upper,1.2,-2,6.25,82.02705910017048,138.85935248567174,157.4864735210047,157.4864735210047
144,side-upper,1.2,-2,6.5,81.33688490440265,138.013202893035,156.55454507097673,156.55454507097673
144,side-upper,1.2,-2,6.75,80.64671070863483,137.16705330039824,155.62261662094875,155.62261662094875
144,side-upper,1.2,-2,7.0,79.95653651286702,136.3209037077615,154.69068817092074,154.69068817092074
144,side-upper,1.2,-1,-7.0,80.04126784904403,136.27540947365222,152.9418617067018,152.9418617067018
144,side-upper,1.2,-1,-6.75,79.8654414595409,135.79588122749283,152.74744083746043,152.74744083746043
144,side-upper,1.2,-1,-6.5,79.68961507003777,135.3163529813334,152.55301996821905,152.55301996821905
144,side-upper,1.2,-1,-6.25,79.51378868053465,134.836824735174,152.35859909897766,152.35859909897766
144,side-upper,1.2,-1,-6.0,79.3379622910315,134.3572964890146,152.1641782297363,152.1641782297363
144,side-upper,1.2,-1,-5.75,79.337398411272,134.26779780181994,152.30663391815733,152.30663391815733
144,side-upper,1.2,-1,-5.5,79.3368345315125,134.1782991146253,152.44908960657833,152.44908960657833
144,side-upper,1.2,-1,-5.25,79.33627065175298,134.08880042743067,152.59154529499932,152.59154529499932
144,side-upper,1.2,-1,-5.0,79.33570677199347,133.99930174023604,152.73400098342034,152.73400098342034
144,side-upper,1.2,-1,-4.75,79.47763203008918,134.20651431051687,153.09947727944964,153.09947727944964
144,side-upper,1.2,-1,-4.5,79.6195572881849,134.41372688079767,153.46495357547894,153.46495357547894
144,side-upper,1.2,-1,-4.25,79.7614825462806,134.62093945107847,153.83042987150827,153.83042987150827
144,side-upper,1.2,-1,-4.0,79.90340780437631,134.8281520213593,154.19590616753757,154.19590616753757
144,side-upper,1.2,-1,-3.75,80.2514249695619,135.39193294025466,154.8237681876941,154.8237681876941
144,side-upper,1.2,-1,-3.5,80.59944213474749,135.95571385915002,155.45163020785066,155.45163020785066
144,side-upper,1.2,-1,-3.25,80.94745929993309,136.51949477804538,156.0794922280072,156.0794922280072
144,side-upper,1.2,-1,-3.0,81.29547646511867,137.08327569694075,156.70735424816377,156.70735424816377
144,side-upper,1.2,-1,-2.75,81.88896704910059,138.03347216493773,157.63772485066647,157.63772485066647
144,side-upper,1.2,-1,-2.5,82.4824576330825,138.98366863293472,158.56809545316918,158.56809545316918
144,side-upper,1.2,-1,-2.25,83.07594821706442,139.9338651009317,159.49846605567188,159.49846605567188
144,side-upper,1.2,-1,-2.0,83.66943880104634,140.8840615689287,160.4288366581746,160.4288366581746
144,side-upper,1.2,-1,-1.75,84.36140453996578,141.99025984202282,161.5210105127033,161.5210105127033
144,side-upper,1.2,-1,-1.5,85.05337027888521,143.09645811511695,162.61318436723204,162.61318436723204
144,side-upper,1.2,-1,-1.25,85.74533601780463,144.20265638821107,163.70535822176078,163.70535822176078
144,side-upper,1.2,-1,-1.0,86.43730175672407,145.3088546613052,164.79753207628949,164.79753207628949
144,side-upper,1.2,-1,-0.75,87.02206493780922,146.29174873075402,165.87739531334205,165.87739531334205
144,side-upper,1.2,-1,-0.5,87.60682811889438,147.27464280020288,166.95725855039464,166.95725855039464
144,side-upper,1.2,-1,-0.25,88.19159129997954,148.25753686965174,168.03712178744723,168.03712178744723
144,side-upper,1.2,-1,0.0,88.77635448106469,149.24043093910058,169.1169850244998,169.1169850244998
144,side-upper,1.2,-1,0.25,88.96037221355866,149.7413948018278,169.77943460388076,169.77943460388076
144,side-upper,1.2,-1,0.5,89.14438994605264,150.242358664555,170.44188418326172,170.44188418326172
144,side-upper,1.2,-1,0.75,89.32840767854663,150.7433225272822,171.10433376264268,171.10433376264268
144,side-upper,1.2,-1,1.0,89.5124254110406,151.24428639000942,171.76678334202364,171.76678334202364
144,side-upper,1.2,-1,1.25,89.36456110360815,151.20918176287364,171.82450584174046,171.82450584174046
144,side-upper,1.2,-1,1.5,89.2166967961757,151.17407713573783,171.88222834145733,171.88222834145733
144,side-upper,1.2,-1,1.75,89.06883248874325,151.13897250860202,171.9399508411742,171.9399508411742
144,side-upper,1.2,-1,2.0,88.9209681813108,151.10386788146621,171.99767334089103,171.99767334089103
144,side-upper,1.2,-1,2.25,88.70324392779432,150.74152751325838,171.62507124944437,171.62507124944437
144,side-upper,1.2,-1,2.5,88.48551967427784,150.37918714505054,171.25246915799772,171.25246915799772
144,side-upper,1.2,-1,2.75,88.26779542076136,150.0168467768427,170.87986706655107,170.87986706655107
144,side-upper,1.2,-1,3.0,88.05007116724488,149.65450640863486,170.50726497510442,170.50726497510442
144,side-upper,1.2,-1,3.25,87.83206622268227,149.13918756662605,169.8908121751686,169.8908121751686
144,side-upper,1.2,-1,3.5,87.61406127811968,148.62386872461727,169.27435937523282,169.27435937523282
144,side-upper,1.2,-1,3.75,87.39605633355707,148.1085498826085,168.65790657529703,168.65790657529703
144,side-upper,1.2,-1,4.0,87.17805138899448,147.59323104059968,168.04145377536122,168.04145377536122
144,side-upper,1.2,-1,4.25,86.90189963734124,147.01012338211854,167.26925355259658,167.26925355259658
144,side-upper,1.2,-1,4.5,86.62574788568801,146.42701572363742,166.49705332983197,166.49705332983197
144,side-upper,1.2,-1,4.75,86.34959613403478,145.8439080651563,165.72485310706736,165.72485310706736
144,side-upper,1.2,-1,5.0,86.07344438238155,145.26080040667517,164.95265288430272,164.95265288430272
144,side-upper,1.2,-1,5.25,85.59435852275183,144.5313952701702,163.98380460222867,163.98380460222867
144,side-upper,1.2,-1,5.5,85.11527266312214,143.80199013366524,163.01495632015462,163.01495632015462
144,side-upper,1.2,-1,5.75,84.63618680349244,143.07258499716028,162.04610803808058,162.04610803808058
144,side-upper,1.2,-1,6.0,84.15710094386273,142.34317986065528,161.07725975600653,161.07725975600653
144,side-upper,1.2,-1,6.25,83.4199906441963,141.39106545651737,159.91654271462895,159.91654271462895
144,side-upper,1.2,-1,6.5,82.68288034452986,140.43895105237942,158.75582567325137,158.75582567325137
144,side-upper,1.2,-1,6.75,81.94577004486342,139.48683664824148,157.5951086318738,157.5951086318738
144,side-upper,1.2,-1,7.0,81.208659745197,138.53472224410353,156.43439159049623,156.43439159049623
144,side-upper,1.2,0,-7.0,83.91129746295607,142.28357214781317,160.2312545880696,160.2312545880696
144,side-upper,1.2,0,-6.75,83.82413033133776,141.8204665078373,159.96810831598273,159.96810831598273
144,side-upper,1.2,0,-6.5,83.73696319971945,141.35736086786144,159.70496204389588,159.70496204389588
144,side-upper,1.2,0,-6.25,83.64979606810115,140.8942552278856,159.441815771809,159.441815771809
144,side-upper,1.2,0,-6.0,83.56262893648284,140.43114958790972,159.17866949972213,159.17866949972213
144,side-upper,1.2,0,-5.75,83.37088407112083,139.91235367473413,158.8454229445876,158.8454229445876
144,side-upper,1.2,0,-5.5,83.17913920575883,139.39355776155855,158.51217638945303,158.51217638945303
144,side-upper,1.2,0,-5.25,82.98739434039683,138.87476184838297,158.1789298343185,158.1789298343185
144,side-upper,1.2,0,-5.0,82.79564947503482,138.3559659352074,157.84568327918396,157.84568327918396
144,side-upper,1.2,0,-4.75,82.5041134818593,137.86587035602338,157.47158793992162,157.47158793992162
144,side-upper,1.2,0,-4.5,82.21257748868379,137.37577477683936,157.09749260065928,157.09749260065928
144,side-upper,1.2,0,-4.25,81.92104149550828,136.88567919765535,156.72339726139694,156.72339726139694
144,side-upper,1.2,0,-4.0,81.62950550233276,136.39558361847133,156.3493019221346,156.3493019221346
144,side-upper,1.2,0,-3.75,81.41125038629349,136.21420748762506,156.17999390033413,156.17999390033413
144,side-upper,1.2,0,-3.5,81.19299527025423,136.03283135677881,156.01068587853365,156.01068587853365
144,side-upper,1.2,0,-3.25,80.97474015421497,135.85145522593257,155.84137785673317,155.84137785673317
144,side-upper,1.2,0,-3.0,80.7564850381757,135.6700790950863,155.6720698349327,155.6720698349327
144,side-upper,1.2,0,-2.75,80.89591376018544,136.0937305914136,156.00519702906925,156.00519702906925
144,side-upper,1.2,0,-2.5,81.03534248219516,136.51738208774086,156.3383242232058,156.3383242232058
144,side-upper,1.2,0,-2.25,81.17477120420489,136.94103358406812,156.67145141734233,156.67145141734233
144,side-upper,1.2,0,-2.0,81.31419992621463,137.36468508039542,157.00457861147888,157.00457861147888
144,side-upper,1.2,0,-1.75,81.94475132875425,138.40721749751765,157.96267149785695,157.96267149785695
144,side-upper,1.2,0,-1.5,82.57530273129387,139.4497499146399,158.92076438423499,158.92076438423499
144,side-upper,1.2,0,-1.25,83.2058541338335,140.49228233176217,159.87885727061305,159.87885727061305
144,side-upper,1.2,0,-1.0,83.83640553637314,141.5348147488844,160.83695015699112,160.83695015699112
144,side-upper,1.2,0,-0.75,84.74950007047899,142.90427675241105,162.2942514714079,162.2942514714079
144,side-upper,1.2,0,-0.5,85.66259460458485,144.2737387559377,163.75155278582466,163.75155278582466
144,side-upper,1.2,0,-0.25,86.5756891386907,145.64320075946435,165.2088541002414,165.2088541002414
144,side-upper,1.2,0,0.0,87.48878367279656,147.012662762991,166.6661554146582,166.6661554146582
144,side-upper,1.2,0,0.25,88.19011356407447,148.1483083074309,168.04815761452915,168.04815761452915
144,side-upper,1.2,0,0.5,88.89144345535237,149.2839538518708,169.4301598144001,169.4301598144001
144,side-upper,1.2,0,0.75,89.59277334663028,150.41959939631067,170.81216201427105,170.81216201427105
144,side-upper,1.2,0,1.0,90.29410323790819,151.55524494075058,172.194164214142,172.194164214142
144,side-upper,1.2,0,1.25,90.55667166195907,152.0721865037891,172.92424668056742,172.92424668056742
144,side-upper,1.2,0,1.5,90.81924008600996,152.58912806682767,173.65432914699284,173.65432914699284
144,side-upper,1.2,0,1.75,91.08180851006082,153.10606962986623,174.38441161341825,174.38441161341825
144,side-upper,1.2,0,2.0,91.34437693411171,153.62301119290476,175.11449407984367,175.11449407984367
144,side-upper,1.2,0,2.25,91.22706814979304,153.5017783096037,175.06559252623742,175.06559252623742
144,side-upper,1.2,0,2.5,91.10975936547436,153.38054542630266,175.01669097263118,175.01669097263118
144,side-upper,1.2,0,2.75,90.9924505811557,153.25931254300158,174.96778941902494,174.96778941902494
144,side-upper,1.2,0,3.0,90.87514179683703,153.13807965970054,174.9188878654187,174.9188878654187
144,side-upper,1.2,0,3.25,90.462085028634,152.5608357041055,174.25565916312314,174.25565916312314
144,side-upper,1.2,0,3.5,90.04902826043096,151.9835917485105,173.59243046082761,173.59243046082761
144,side-upper,1.2,0,3.75,89.63597149222792,151.40634779291545,172.92920175853206,172.92920175853206
144,side-upper,1.2,0,4.0,89.2229147240249,150.82910383732042,172.26597305623653,172.26597305623653
144,side-upper,1.2,0,4.25,88.67523794723402,150.07323516229974,171.2685024023797,171.2685024023797
144,side-upper,1.2,0,4.5,88.12756117044313,149.31736648727906,170.27103174852294,170.27103174852294
144,side-upper,1.2,0,4.75,87.57988439365226,148.56149781225835,169.27356109466615,169.27356109466615
144,side-upper,1.2,0,5.0,87.03220761686137,147.80562913723767,168.27609044080933,168.27609044080933
144,side-upper,1.2,0,5.25,86.41453783323011,146.9640203035263,167.10197056828926,167.10197056828926
144,side-upper,1.2,0,5.5,85.79686804959886,146.12241146981495,165.92785069576917,165.92785069576917
144,side-upper,1.2,0,5.75,85.17919826596759,145.2808026361036,164.7537308232491,164.7537308232491
144,side-upper,1.2,0,6.0,84.56152848233633,144.43919380239225,163.57961095072903,163.57961095072903
144,side-upper,1.2,0,6.25,83.8430160080736,143.42900392845104,162.2712865471308,162.2712865471308
144,side-upper,1.2,0,6.5,83.12450353381087,142.41881405450982,160.9629621435326,160.9629621435326
144,side-upper,1.2,0,6.75,82.40599105954814,141.4086241805686,159.6546377399344,159.6546377399344
144,side-upper,1.2,0,7.0,81.68747858528542,140.3984343066274,158.34631333633618,158.34631333633618
144,side-upper,1.2,1,-7.0,86.25575837569512,145.45174924439505,165.79118195825947,165.79118195825947
144,side-upper,1.2,1,-6.75,86.09255050564312,145.11811677982115,165.30631129310171,165.30631129310171
144,side-upper,1.2,1,-6.5,85.92934263559113,144.78448431524728,164.82144062794399,164.82144062794399
144,side-upper,1.2,1,-6.25,85.7661347655391,144.45085185067342,164.33656996278626,164.33656996278626
144,side-upper,1.2,1,-6.0,85.60292689548712,144.11721938609952,163.8516992976285,163.8516992976285
144,side-upper,1.2,1,-5.75,85.48028727138333,143.60339138420466,163.37114122533706,163.37114122533706
144,side-upper,1.2,1,-5.5,85.35764764727958,143.08956338230976,162.89058315304558,162.89058315304558
144,side-upper,1.2,1,-5.25,85.23500802317581,142.57573538041487,162.4100250807541,162.4100250807541
144,side-upper,1.2,1,-5.0,85.11236839907204,142.06190737852,161.92946700846267,161.92946700846267
144,side-upper,1.2,1,-4.75,84.84868919140874,141.40303308527868,161.34531298303148,161.34531298303148
144,side-upper,1.2,1,-4.5,84.58500998374544,140.74415879203735,160.7611589576003,160.7611589576003
144,side-upper,1.2,1,-4.25,84.32133077608214,140.08528449879603,160.17700493216907,160.17700493216907
144,side-upper,1.2,1,-4.0,84.05765156841883,139.4264102055547,159.59285090673788,159.59285090673788
144,side-upper,1.2,1,-3.75,83.57409392021556,138.7739918803035,158.94794840383162,158.94794840383162
144,side-upper,1.2,1,-3.5,83.09053627201229,138.1215735550523,158.30304590092538,158.30304590092538
144,side-upper,1.2,1,-3.25,82.60697862380901,137.4691552298011,157.65814339801912,157.65814339801912
144,side-upper,1.2,1,-3.0,82.12342097560574,136.81673690454988,157.01324089511286,157.01324089511286
144,side-upper,1.2,1,-2.75,81.68853743149451,136.49027204230552,156.602364157727,156.602364157727
144,side-upper,1.2,1,-2.5,81.25365388738328,136.16380718006116,156.19148742034116,156.19148742034116
144,side-upper,1.2,1,-2.25,80.81877034327205,135.83734231781682,155.7806106829553,155.7806106829553
144,side-upper,1.2,1,-2.0,80.38388679916082,135.51087745557246,155.36973394556946,155.36973394556946
144,side-upper,1.2,1,-1.75,80.4414075384425,135.86041579965467,155.62208122186766,155.62208122186766
144,side-upper,1.2,1,-1.5,80.49892827772419,136.20995414373687,155.87442849816586,155.87442849816586
144,side-upper,1.2,1,-1.25,80.55644901700586,136.55949248781909,156.12677577446402,156.12677577446402
144,side-upper,1.2,1,-1.0,80.61396975628755,136.9090308319013,156.37912305076222,156.37912305076222
144,side-upper,1.2,1,-0.75,81.40032508205259,138.10560729811428,157.61978574734653,157.61978574734653
144,side-upper,1.2,1,-0.5,82.18668040781762,139.30218376432725,158.86044844393086,158.86044844393086
144,side-upper,1.2,1,-0.25,82.97303573358266,140.49876023054023,160.10111114051517,160.10111114051517
144,side-upper,1.2,1,0.0,83.7593910593477,141.6953366967532,161.34177383709948,161.34177383709948
144,side-upper,1.2,1,0.25,85.0152941347893,143.42345279179392,163.2823337571472,163.2823337571472
144,side-upper,1.2,1,0.5,86.2711972102309,145.15156888683467,165.22289367719492,165.22289367719492
144,side-upper,1.2,1,0.75,87.52710028567249,146.8796849818754,167.1634535972426,167.1634535972426
144,side-upper,1.2,1,1.0,88.78300336111408,148.60780107691613,169.10401351729033,169.10401351729033
144,side-upper,1.2,1,1.25,89.8300911393589,150.03959441624087,170.75913356688045,170.75913356688045
144,side-upper,1.2,1,1.5,90.87717891760373,151.47138775556562,172.4142536164706,172.4142536164706
144,side-upper,1.2,1,1.75,91.92426669584856,152.90318109489036,174.06937366606073,174.06937366606073
144,side-upper,1.2,1,2.0,92.97135447409337,154.3349744342151,175.72449371565085,175.72449371565085
144,side-upper,1.2,1,2.25,93.24212410941027,154.8126212011631,176.3123843854367,176.3123843854367
144,side-upper,1.2,1,2.5,93.51289374472717,155.29026796811112,176.90027505522255,176.90027505522255
144,side-upper,1.2,1,2.75,93.78366338004406,155.76791473505915,177.4881657250084,177.4881657250084
144,side-upper,1.2,1,3.0,94.05443301536096,156.24556150200715,178.07605639479425,178.07605639479425
144,side-upper,1.2,1,3.25,93.5644106899446,155.8160220752617,177.60278609731978,177.60278609731978
144,side-upper,1.2,1,3.5,93.0743883645282,155.38648264851628,177.1295157998453,177.1295157998453
144,side-upper,1.2,1,3.75,92.58436603911181,154.95694322177087,176.65624550237084,176.65624550237084
144,side-upper,1.2,1,4.0,92.09434371369545,154.52740379502544,176.18297520489637,176.18297520489637
144,side-upper,1.2,1,4.25,91.27901906945992,153.64893316848003,175.0923276637608,175.0923276637608
144,side-upper,1.2,1,4.5,90.46369442522442,152.7704625419346,174.00168012262526,174.00168012262526
144,side-upper,1.2,1,4.75,89.6483697809889,151.89199191538918,172.9110325814897,172.9110325814897
144,side-upper,1.2,1,5.0,88.83304513675337,151.01352128884378,171.82038504035415,171.82038504035415
144,side-upper,1.2,1,5.25,88.0330871635204,150.01326234051635,170.49593263706694,170.49593263706694
144,side-upper,1.2,1,5.5,87.23312919028746,149.0130033921889,169.17148023377973,169.17148023377973
144,side-upper,1.2,1,5.75,86.4331712170545,148.01274444386144,167.84702783049252,167.84702783049252
144,side-upper,1.2,1,6.0,85.63321324382153,147.012485495534,166.5225754272053,166.5225754272053
144,side-upper,1.2,1,6.25,84.86833037466837,145.8826353580572,165.0826539895611,165.0826539895611
144,side-upper,1.2,1,6.5,84.10344750551519,144.75278522058042,163.64273255191688,163.64273255191688
144,side-upper,1.2,1,6.75,83.33856463636204,143.62293508310364,162.20281111427266,162.20281111427266
144,side-upper,1.2,1,7.0,82.57368176720887,142.49308494562683,160.76288967662845,160.76288967662845
144,side-upper,1.2,2,-7.0,87.70838333183801,148.38765822572373,169.85697726215125,169.85697726215125
144,side-upper,1.2,2,-6.75,87.4017545038611,148.0541622527769,169.17464896270064,169.17464896270064
144,side-upper,1.2,2,-6.5,87.09512567588419,147.72066627983008,168.49232066325004,168.49232066325004
144,side-upper,1.2,2,-6.25,86.78849684790728,147.3871703068833,167.80999236379944,167.80999236379944
144,side-upper,1.2,2,-6.0,86.48186801993039,147.05367433393647,167.12766406434883,167.12766406434883
144,side-upper,1.2,2,-5.75,86.33074041691125,146.52591510931262,166.52301297455568,166.52301297455568
144,side-upper,1.2,2,-5.5,86.1796128138921,145.99815588468874,165.9183618847625,165.9183618847625
144,side-upper,1.2,2,-5.25,86.02848521087299,145.4703966600649,165.31371079496932,165.31371079496932
144,side-upper,1.2,2,-5.0,85.87735760785384,144.94263743544104,164.70905970517617,164.70905970517617
144,side-upper,1.2,2,-4.75,85.72200934703608,144.2832665096706,164.1006200610796,164.1006200610796
144,side-upper,1.2,2,-4.5,85.56666108621832,143.62389558390015,163.49218041698305,163.49218041698305
144,side-upper,1.2,2,-4.25,85.41131282540056,142.96452465812973,162.8837407728865,162.8837407728865
144,side-upper,1.2,2,-4.0,85.2559645645828,142.3051537323593,162.27530112878995,162.27530112878995
144,side-upper,1.2,2,-3.75,84.86613260137995,141.54173046262792,161.55224440339077,161.55224440339077
144,side-upper,1.2,2,-3.5,84.4763006381771,140.7783071928966,160.82918767799157,160.82918767799157
144,side-upper,1.2,2,-3.25,84.08646867497424,140.01488392316523,160.10613095259237,160.10613095259237
144,side-upper,1.2,2,-3.0,83.6966367117714,139.25146065343387,159.38307422719316,159.38307422719316
144,side-upper,1.2,2,-2.75,83.0664422490388,138.46174126498696,158.5812217101323,158.5812217101323
144,side-upper,1.2,2,-2.5,82.4362477863062,137.67202187654004,157.7793691930714,157.7793691930714
144,side-upper,1.2,2,-2.25,81.8060533235736,136.88230248809313,156.9775166760105,156.9775166760105
144,side-upper,1.2,2,-2.0,81.17585886084099,136.09258309964622,156.17566415894964,156.17566415894964
144,side-upper,1.2,2,-1.75,80.66021588550706,135.62188862209612,155.6610772654572,155.6610772654572
144,side-upper,1.2,2,-1.5,80.14457291017314,135.15119414454603,155.14649037196475,155.14649037196475
144,side-upper,1.2,2,-1.25,79.62892993483922,134.68049966699593,154.63190347847228,154.63190347847228
144,side-upper,1.2,2,-1.0,79.1132869595053,134.20980518944583,154.11731658497985,154.11731658497985
144,side-upper,1.2,2,-0.75,79.34981163556057,134.69593307023018,154.59656956909456,154.59656956909456
144,side-upper,1.2,2,-0.5,79.58633631161584,135.18206095101453,155.07582255320926,155.07582255320926
144,side-upper,1.2,2,-0.25,79.8228609876711,135.6681888317989,155.55507553732397,155.55507553732397
144,side-upper,1.2,2,0.0,80.05938566372637,136.15431671258324,156.03432852143868,156.03432852143868
144,side-upper,1.2,2,0.25,81.41711065878503,137.94401377646344,157.89459393613834,157.89459393613834
144,side-upper,1.2,2,0.5,82.7748356538437,139.73371084034363,159.754859350838,159.754859350838
144,side-upper,1.2,2,0.75,84.13256064890237,141.52340790422383,161.61512476553764,161.61512476553764
144,side-upper,1.2,2,1.0,85.49028564396102,143.31310496810403,163.47539018023733,163.47539018023733
144,side-upper,1.2,2,1.25,87.24677951728069,145.56908322984657,165.83956436197485,165.83956436197485
144,side-upper,1.2,2,1.5,89.00327339060034,147.8250614915891,168.2037385437124,168.2037385437124
144,side-upper,1.2,2,1.75,90.75976726392,150.08103975333165,170.56791272544993,170.56791272544993
144,side-upper,1.2,2,2.0,92.51626113723967,152.3370180150742,172.93208690718745,172.93208690718745
144,side-upper,1.2,2,2.25,93.3965210335885,153.67118348001213,174.35228649862273,174.35228649862273
144,side-upper,1.2,2,2.5,94.27678092993733,155.00534894495007,175.77248609005804,175.77248609005804
144,side-upper,1.2,2,2.75,95.15704082628616,156.339514409888,177.19268568149332,177.19268568149332
144,side-upper,1.2,2,3.0,96.037300722635,157.67367987482595,178.61288527292862,178.61288527292862
144,side-upper,1.2,2,3.25,95.72436864813322,157.68020202191246,178.62747514937428,178.62747514937428
144,side-upper,1.2,2,3.5,95.41143657363145,157.68672416899898,178.64206502582,178.64206502582
144,side-upper,1.2,2,3.75,95.09850449912966,157.6932463160855,178.65665490226564,178.65665490226564
144,side-upper,1.2,2,4.0,94.78557242462789,157.699768463172,178.67124477871133,178.67124477871133
144,side-upper,1.2,2,4.25,93.90984677813753,156.90152447476487,177.75952630404427,177.75952630404427
144,side-upper,1.2,2,4.5,93.0341211316472,156.1032804863577,176.8478078293772,176.8478078293772
144,side-upper,1.2,2,4.75,92.15839548515687,155.30503649795054,175.93608935471013,175.93608935471013
144,side-upper,1.2,2,5.0,91.28266983866652,154.5067925095434,175.02437088004308,175.02437088004308
144,side-upper,1.2,2,5.25,90.43152509929631,153.45245456242546,173.75763943170026,173.75763943170026
144,side-upper,1.2,2,5.5,89.58038035992607,152.39811661530752,172.49090798335743,172.49090798335743
144,side-upper,1.2,2,5.75,88.72923562055584,151.34377866818957,171.2241765350146,171.2241765350146
144,side-upper,1.2,2,6.0,87.87809088118563,150.28944072107163,169.95744508667178,169.95744508667178
144,side-upper,1.2,2,6.25,87.08150920257663,149.05905092625852,168.49180944588346,168.49180944588346
144,side-upper,1.2,2,6.5,86.28492752396762,147.8286611314454,167.0261738050951,167.0261738050951
144,side-upper,1.2,2,6.75,85.48834584535862,146.59827133663225,165.56053816430676,165.56053816430676
144,side-upper,1.2,2,7.0,84.69176416674962,145.36788154181914,164.09490252351844,164.09490252351844
144,side-middle,0,-2,-7.0,96.0,161.0,181.0,181.0
144,side-middle,0,-2,-6.75,95.5,161.0,180.75,180.75
144,side-middle,0,-2,-6.5,95.0,161.0,180.5,180.5
144,side-middle,0,-2,-6.25,94.5,161.0,180.25,180.25
144,side-middle,0,-2,-6.0,94.0,161.0,180.0,180.0
144,side-middle,0,-2,-5.75,94.0,161.0,180.0,180.0
144,side-middle,0,-2,-5.5,94.0,161.0,180.0,180.0
144,side-middle,0,-2,-5.25,94.0,161.0,180.0,180.0
144,side-middle,0,-2,-5.0,94.0,161.0,180.0,180.0
144,side-middle,0,-2,-4.75,92.25,158.75,177.5,177.5
144,side-middle,0,-2,-4.5,90.5,156.5,175.0,175.0
144,side-middle,0,-2,-4.25,88.75,154.25,172.5,172.5
144,side-middle,0,-2,-4.0,87.0,152.0,170.0,170.0
144,side-middle,0,-2,-3.75,85.5,149.5,167.75,167.75
144,side-middle,0,-2,-3.5,84.0,147.0,165.5,165.5
144,side-middle,0,-2,-3.25,82.5,144.5,163.25,163.25
144,side-middle,0,-2,-3.0,81.0,142.0,161.0,161.0
144,side-middle,0,-2,-2.75,80.75,141.0,160.25,160.25
144,side-middle,0,-2,-2.5,80.5,140.0,159.5,159.5
144,side-middle,0,-2,-2.25,80.25,139.0,158.75,158.75
144,side-middle,0,-2,-2.0,80.0,138.0,158.0,158.0
144,side-middle,0,-2,-1.75,80.5,134.5,153.0,153.0
144,side-middle,0,-2,-1.5,81.0,131.0,148.0,148.0
144,side-middle,0,-2,-1.25,81.5,127.5,143.0,143.0
144,side-middle,0,-2,-1.0,82.0,124.0,138.0,138.0
144,side-middle,0,-2,-0.75,77.0,120.5,134.5,134.5
144,side-middle,0,-2,-0.5,72.0,117.0,131.0,131.0
144,side-middle,0,-2,-0.25,67.0,113.5,127.5,127.5
144,side-middle,0,-2,0.0,62.0,110.0,124.0,124.0
144,side-middle,0,-2,0.25,61.5,112.0,126.0,126.0
144,side-middle,0,-2,0.5,61.0,114.0,128.0,128.0
144,side-middle,0,-2,0.75,60.5,116.0,130.0,130.0
144,side-middle,0,-2,1.0,60.0,118.0,132.0,132.0
144,side-middle,0,-2,1.25,70.5,130.25,145.25,145.25
144,side-middle,0,-2,1.5,81.0,142.5,158.5,158.5
144,side-middle,0,-2,1.75,91.5,154.75,171.75,171.75
144,side-middle,0,-2,2.0,102.0,167.0,185.0,185.0
144,side-middle,0,-2,2.25,99.25,165.0,183.25,183.25
144,side-middle,0,-2,2.5,96.5,163.0,181.5,181.5
144,side-middle,0,-2,2.75,93.75,161.0,179.75,179.75
144,side-middle,0,-2,3.0,91.0,159.0,178.0,178.0
144,side-middle,0,-2,3.25,91.25,158.75,178.5,178.5
144,side-middle,0,-2,3.5,91.5,158.5,179.0,179.0
144,side-middle,0,-2,3.75,91.75,158.25,179.5,179.5
144,side-middle,0,-2,4.0,92.0,158.0,180.0,180.0
144,side-middle,0,-2,4.25,94.5,159.5,181.75,181.75
144,side-middle,0,-2,4.5,97.0,161.0,183.5,183.5
144,side-middle,0,-2,4.75,99.5,162.5,185.25,185.25
144,side-middle,0,-2,5.0,102.0,164.0,187.0,187.0
144,side-middle,0,-2,5.25,98.0,159.5,182.75,182.75
144,side-middle,0,-2,5.5,94.0,155.0,178.5,178.5
144,side-middle,0,-2,5.75,90.0,150.5,174.25,174.25
144,side-middle,0,-2,6.0,86.0,146.0,170.0,170.0
144,side-middle,0,-2,6.25,85.25,145.5,168.75,168.75
144,side-middle,0,-2,6.5,84.5,145.0,167.5,167.5
144,side-middle,0,-2,6.75,83.75,144.5,166.25,166.25
144,side-middle,0,-2,7.0,83.0,144.0,165.0,165.0
144,side-middle,0,-1,-7.0,100.0,161.0,182.0,182.0
144,side-middle,0,-1,-6.75,99.75,161.75,183.0,183.0
144,side-middle,0,-1,-6.5,99.5,162.5,184.0,184.0
144,side-middle,0,-1,-6.25,99.25,163.25,185.0,185.0
144,side-middle,0,-1,-6.0,99.0,164.0,186.0,186.0
144,side-middle,0,-1,-5.75,99.25,164.25,186.25,186.25
144,side-middle,0,-1,-5.5,99.5,164.5,186.5,186.5
144,side-middle,0,-1,-5.25,99.75,164.75,186.75,186.75
144,side-middle,0,-1,-5.0,100.0,165.0,187.0,187.0
144,side-middle,0,-1,-4.75,98.0,161.25,183.25,183.25
144,side-middle,0,-1,-4.5,96.0,157.5,179.5,179.5
144,side-middle,0,-1,-4.25,94.0,153.75,175.75,175.75
144,side-middle,0,-1,-4.0,92.0,150.0,172.0,172.0
144,side-middle,0,-1,-3.75,91.0,147.5,169.25,169.25
144,side-middle,0,-1,-3.5,90.0,145.0,166.5,166.5
144,side-middle,0,-1,-3.25,89.0,142.5,163.75,163.75
144,side-middle,0,-1,-3.0,88.0,140.0,161.0,161.0
144,side-middle,0,-1,-2.75,90.0,140.75,161.5,161.5
144,side-middle,0,-1,-2.5,92.0,141.5,162.0,162.0
144,side-middle,0,-1,-2.25,94.0,142.25,162.5,162.5
144,side-middle,0,-1,-2.0,96.0,143.0,163.0,163.0
144,side-middle,0,-1,-1.75,91.5,138.75,158.75,158.75
144,side-middle,0,-1,-1.5,87.0,134.5,154.5,154.5
144,side-middle,0,-1,-1.25,82.5,130.25,150.25,150.25
144,side-middle,0,-1,-1.0,78.0,126.0,146.0,146.0
144,side-middle,0,-1,-0.75,73.25,122.25,142.5,142.5
144,side-middle,0,-1,-0.5,68.5,118.5,139.0,139.0
144,side-middle,0,-1,-0.25,63.75,114.75,135.5,135.5
144,side-middle,0,-1,0.0,59.0,111.0,132.0,132.0
144,side-middle,0,-1,0.25,55.75,109.0,129.75,129.75
144,side-middle,0,-1,0.5,52.5,107.0,127.5,127.5
144,side-middle,0,-1,0.75,49.25,105.0,125.25,125.25
144,side-middle,0,-1,1.0,46.0,103.0,123.0,123.0
144,side-middle,0,-1,1.25,56.75,113.0,134.0,134.0
144,side-middle,0,-1,1.5,67.5,123.0,145.0,145.0
144,side-middle,0,-1,1.75,78.25,133.0,156.0,156.0
144,side-middle,0,-1,2.0,89.0,143.0,167.0,167.0
144,side-middle,0,-1,2.25,93.0,146.5,170.5,170.5
144,side-middle,0,-1,2.5,97.0,150.0,174.0,174.0
144,side-middle,0,-1,2.75,101.0,153.5,177.5,177.5
144,side-middle,0,-1,3.0,105.0,157.0,181.0,181.0
144,side-middle,0,-1,3.25,103.25,156.25,180.0,180.0
144,side-middle,0,-1,3.5,101.5,155.5,179.0,179.0
144,side-middle,0,-1,3.75,99.75,154.75,178.0,178.0
144,side-middle,0,-1,4.0,98.0,154.0,177.0,177.0
144,side-middle,0,-1,4.25,97.25,155.0,176.75,176.75
144,side-middle,0,-1,4.5,96.5,156.0,176.5,176.5
144,side-middle,0,-1,4.75,95.75,157.0,176.25,176.25
144,side-middle,0,-1,5.0,95.0,158.0,176.0,176.0
144,side-middle,0,-1,5.25,91.75,157.0,174.25,174.25
144,side-middle,0,-1,5.5,88.5,156.0,172.5,172.5
144,side-middle,0,-1,5.75,85.25,155.0,170.75,170.75
144,side-middle,0,-1,6.0,82.0,154.0,169.0,169.0
144,side-middle,0,-1,6.25,80.5,151.0,168.25,168.25
144,side-middle,0,-1,6.5,79.0,148.0,167.5,167.5
144,side-middle,0,-1,6.75,77.5,145.0,166.75,166.75
144,side-middle,0,-1,7.0,76.0,142.0,166.0,166.0
144,side-middle,0,0,-7.0,96.0,162.0,184.0,184.0
144,side-middle,0,0,-6.75,95.0,162.25,184.25,184.25
144,side-middle,0,0,-6.5,94.0,162.5,184.5,184.5
144,side-middle,0,0,-6.25,93.0,162.75,184.75,184.75
144,side-middle,0,0,-6.0,92.0,163.0,185.0,185.0
144,side-middle,0,0,-5.75,92.25,162.5,184.75,184.75
144,side-middle,0,0,-5.5,92.5,162.0,184.5,184.5
144,side-middle,0,0,-5.25,92.75,161.5,184.25,184.25
144,side-middle,0,0,-5.0,93.0,161.0,184.0,184.0
144,side-middle,0,0,-4.75,92.75,160.0,182.75,182.75
144,side-middle,0,0,-4.5,92.5,159.0,181.5,181.5
144,side-middle,0,0,-4.25,92.25,158.0,180.25,180.25
144,side-middle,0,0,-4.0,92.0,157.0,179.0,179.0
144,side-middle,0,0,-3.75,91.25,155.25,177.0,177.0
144,side-middle,0,0,-3.5,90.5,153.5,175.0,175.0
144,side-middle,0,0,-3.25,89.75,151.75,173.0,173.0
144,side-middle,0,0,-3.0,89.0,150.0,171.0,171.0
144,side-middle,0,0,-2.75,88.25,148.25,169.0,169.0
144,side-middle,0,0,-2.5,87.5,146.5,167.0,167.0
144,side-middle,0,0,-2.25,86.75,144.75,165.0,165.0
144,side-middle,0,0,-2.0,86.0,143.0,163.0,163.0
144,side-middle,0,0,-1.75,87.25,141.0,159.25,159.25
144,side-middle,0,0,-1.5,88.5,139.0,155.5,155.5
144,side-middle,0,0,-1.25,89.75,137.0,151.75,151.75
144,side-middle,0,0,-1.0,91.0,135.0,148.0,148.0
144,side-middle,0,0,-0.75,86.25,130.75,144.25,144.25
144,side-middle,0,0,-0.5,81.5,126.5,140.5,140.5
144,side-middle,0,0,-0.25,76.75,122.25,136.75,136.75
144,side-middle,0,0,0.0,72.0,118.0,133.0,133.0
144,side-middle,0,0,0.25,65.5,112.25,127.25,127.25
144,side-middle,0,0,0.5,59.0,106.5,121.5,121.5
144,side-middle,0,0,0.75,52.5,100.75,115.75,115.75
144,side-middle,0,0,1.0,46.0,95.0,110.0,110.0
144,side-middle,0,0,1.25,56.0,106.75,121.75,121.75
144,side-middle,0,0,1.5,66.0,118.5,133.5,133.5
144,side-middle,0,0,1.75,76.0,130.25,145.25,145.25
144,side-middle,0,0,2.0,86.0,142.0,157.0,157.0
144,side-middle,0,0,2.25,87.25,144.0,159.75,159.75
144,side-middle,0,0,2.5,88.5,146.0,162.5,162.5
144,side-middle,0,0,2.75,89.75,148.0,165.25,165.25
144,side-middle,0,0,3.0,91.0,150.0,168.0,168.0
144,side-middle,0,0,3.25,90.75,149.0,168.25,168.25
144,side-middle,0,0,3.5,90.5,148.0,168.5,168.5
144,side-middle,0,0,3.75,90.25,147.0,168.75,168.75
144,side-middle,0,0,4.0,90.0,146.0,169.0,169.0
144,side-middle,0,0,4.25,92.75,146.5,170.75,170.75
144,side-middle,0,0,4.5,95.5,147.0,172.5,172.5
144,side-middle,0,0,4.75,98.25,147.5,174.25,174.25
144,side-middle,0,0,5.0,101.0,148.0,176.0,176.0
144,side-middle,0,0,5.25,101.25,146.75,175.75,175.75
144,side-middle,0,0,5.5,101.5,145.5,175.5,175.5
144,side-middle,0,0,5.75,101.75,144.25,175.25,175.25
144,side-middle,0,0,6.0,102.0,143.0,175.0,175.0
144,side-middle,0,0,6.25,97.0,144.25,173.75,173.75
144,side-middle,0,0,6.5,92.0,145.5,172.5,172.5
144,side-middle,0,0,6.75,87.0,146.75,171.25,171.25
144,side-middle,0,0,7.0,82.0,148.0,170.0,170.0
144,side-middle,0,1,-7.0,88.0,165.0,173.0,173.0
144,side-middle,0,1,-6.75,87.75,165.25,173.0,173.0
144,side-middle,0,1,-6.5,87.5,165.5,173.0,173.0
144,side-middle,0,1,-6.25,87.25,165.75,173.0,173.0
144,side-middle,0,1,-6.0,87.0,166.0,173.0,173.0
144,side-middle,0,1,-5.75,87.0,166.25,173.25,173.25
144,side-middle,0,1,-5.5,87.0,166.5,173.5,173.5
144,side-middle,0,1,-5.25,87.0,166.75,173.75,173.75
144,side-middle,0,1,-5.0,87.0,167.0,174.0,174.0
144,side-middle,0,1,-4.75,87.5,167.25,174.25,174.25
144,side-middle,0,1,-4.5,88.0,167.5,174.5,174.5
144,side-middle,0,1,-4.25,88.5,167.75,174.75,174.75
144,side-middle,0,1,-4.0,89.0,168.0,175.0,175.0
144,side-middle,0,1,-3.75,88.25,166.25,173.0,173.0
144,side-middle,0,1,-3.5,87.5,164.5,171.0,171.0
144,side-middle,0,1,-3.25,86.75,162.75,169.0,169.0
144,side-middle,0,1,-3.0,86.0,161.0,167.0,167.0
144,side-middle,0,1,-2.75,84.0,158.5,164.5,164.5
144,side-middle,0,1,-2.5,82.0,156.0,162.0,162.0
144,side-middle,0,1,-2.25,80.0,153.5,159.5,159.5
144,side-middle,0,1,-2.0,78.0,151.0,157.0,157.0
144,side-middle,0,1,-1.75,76.75,146.5,153.0,153.0
144,side-middle,0,1,-1.5,75.5,142.0,149.0,149.0
144,side-middle,0,1,-1.25,74.25,137.5,145.0,145.0
144,side-middle,0,1,-1.0,73.0,133.0,141.0,141.0
144,side-middle,0,1,-0.75,72.25,129.0,137.5,137.5
144,side-middle,0,1,-0.5,71.5,125.0,134.0,134.0
144,side-middle,0,1,-0.25,70.75,121.0,130.5,130.5
144,side-middle,0,1,0.0,70.0,117.0,127.0,127.0
144,side-middle,0,1,0.25,63.25,108.0,118.75,118.75
144,side-middle,0,1,0.5,56.5,99.0,110.5,110.5
144,side-middle,0,1,0.75,49.75,90.0,102.25,102.25
144,side-middle,0,1,1.0,43.0,81.0,94.0,94.0
144,side-middle,0,1,1.25,55.75,95.75,108.75,108.75
144,side-middle,0,1,1.5,68.5,110.5,123.5,123.5
144,side-middle,0,1,1.75,81.25,125.25,138.25,138.25
144,side-middle,0,1,2.0,94.0,140.0,153.0,153.0
144,side-middle,0,1,2.25,91.5,142.75,154.75,154.75
144,side-middle,0,1,2.5,89.0,145.5,156.5,156.5
144,side-middle,0,1,2.75,86.5,148.25,158.25,158.25
144,side-middle,0,1,3.0,84.0,151.0,160.0,160.0
144,side-middle,0,1,3.25,81.75,151.75,161.75,161.75
144,side-middle,0,1,3.5,79.5,152.5,163.5,163.5
144,side-middle,0,1,3.75,77.25,153.25,165.25,165.25
144,side-middle,0,1,4.0,75.0,154.0,167.0,167.0
144,side-middle,0,1,4.25,76.5,156.0,170.5,170.5
144,side-middle,0,1,4.5,78.0,158.0,174.0,174.0
144,side-middle,0,1,4.75,79.5,160.0,177.5,177.5
144,side-middle,0,1,5.0,81.0,162.0,181.0,181.0
144,side-middle,0,1,5.25,81.5,160.75,181.75,181.75
144,side-middle,0,1,5.5,82.0,159.5,182.5,182.5
144,side-middle,0,1,5.75,82.5,158.25,183.25,183.25
144,side-middle,0,1,6.0,83.0,157.0,184.0,184.0
144,side-middle,0,1,6.25,82.5,153.75,178.5,178.5
144,side-middle,0,1,6.5,82.0,150.5,173.0,173.0
144,side-middle,0,1,6.75,81.5,147.25,167.5,167.5
144,side-middle,0,1,7.0,81.0,144.0,162.0,162.0
144,side-middle,0,2,-7.0,94.0,143.0,176.0,176.0
144,side-middle,0,2,-6.75,95.0,143.75,177.5,177.5
144,side-middle,0,2,-6.5,96.0,144.5,179.0,179.0
144,side-middle,0,2,-6.25,97.0,145.25,180.5,180.5
144,side-middle,0,2,-6.0,98.0,146.0,182.0,182.0
144,side-middle,0,2,-5.75,98.75,147.25,183.0,183.0
144,side-middle,0,2,-5.5,99.5,148.5,184.0,184.0
144,side-middle,0,2,-5.25,100.25,149.75,185.0,185.0
144,side-middle,0,2,-5.0,101.0,151.0,186.0,186.0
144,side-middle,0,2,-4.75,100.75,150.75,185.25,185.25
144,side-middle,0,2,-4.5,100.5,150.5,184.5,184.5
144,side-middle,0,2,-4.25,100.25,150.25,183.75,183.75
144,side-middle,0,2,-4.0,100.0,150.0,183.0,183.0
144,side-middle,0,2,-3.75,98.75,148.75,181.75,181.75
144,side-middle,0,2,-3.5,97.5,147.5,180.5,180.5
144,side-middle,0,2,-3.25,96.25,146.25,179.25,179.25
144,side-middle,0,2,-3.0,95.0,145.0,178.0,178.0
144,side-middle,0,2,-2.75,94.0,143.75,176.75,176.75
144,side-middle,0,2,-2.5,93.0,142.5,175.5,175.5
144,side-middle,0,2,-2.25,92.0,141.25,174.25,174.25
144,side-middle,0,2,-2.0,91.0,140.0,173.0,173.0
144,side-middle,0,2,-1.75,84.0,140.25,168.0,168.0
144,side-middle,0,2,-1.5,77.0,140.5,163.0,163.0
144,side-middle,0,2,-1.25,70.0,140.75,158.0,158.0
144,side-middle,0,2,-1.0,63.0,141.0,153.0,153.0
144,side-middle,0,2,-0.75,63.5,136.75,149.25,149.25
144,side-middle,0,2,-0.5,64.0,132.5,145.5,145.5
144,side-middle,0,2,-0.25,64.5,128.25,141.75,141.75
144,side-middle,0,2,0.0,65.0,124.0,138.0,138.0
144,side-middle,0,2,0.25,58.25,112.75,127.75,127.75
144,side-middle,0,2,0.5,51.5,101.5,117.5,117.5
144,side-middle,0,2,0.75,44.75,90.25,107.25,107.25
144,side-middle,0,2,1.0,38.0,79.0,97.0,97.0
144,side-middle,0,2,1.25,53.25,95.5,112.75,112.75
144,side-middle,0,2,1.5,68.5,112.0,128.5,128.5
144,side-middle,0,2,1.75,83.75,128.5,144.25,144.25
144,side-middle,0,2,2.0,99.0,145.0,160.0,160.0
144,side-middle,0,2,2.25,95.5,146.0,159.75,159.75
144,side-middle,0,2,2.5,92.0,147.0,159.5,159.5
144,side-middle,0,2,2.75,88.5,148.0,159.25,159.25
144,side-middle,0,2,3.0,85.0,149.0,159.0,159.0
144,side-middle,0,2,3.25,83.5,149.5,160.5,160.5
144,side-middle,0,2,3.5,82.0,150.0,162.0,162.0
144,side-middle,0,2,3.75,80.5,150.5,163.5,163.5
144,side-middle,0,2,4.0,79.0,151.0,165.0,165.0
144,side-middle,0,2,4.25,81.0,150.5,166.75,166.75
144,side-middle,0,2,4.5,83.0,150.0,168.5,168.5
144,side-middle,0,2,4.75,85.0,149.5,170.25,170.25
144,side-middle,0,2,5.0,87.0,149.0,172.0,172.0
144,side-middle,0,2,5.25,88.25,146.25,172.0,172.0
144,side-middle,0,2,5.5,89.5,143.5,172.0,172.0
144,side-middle,0,2,5.75,90.75,140.75,172.0,172.0
144,side-middle,0,2,6.0,92.0,138.0,172.0,172.0
144,side-middle,0,2,6.25,88.25,137.5,167.5,167.5
144,side-middle,0,2,6.5,84.5,137.0,163.0,163.0
144,side-middle,0,2,6.75,80.75,136.5,158.5,158.5
144,side-middle,0,2,7.0,77.0,136.0,154.0,154.0
144,side-middle,0.8,-2,-7.0,100.62938238484512,164.12646639344825,184.76564051555286,184.76564051555286
144,side-middle,0.8,-2,-6.75,99.43326657534521,163.41373569741745,183.91226781842983,183.91226781842983
144,side-middle,0.8,-2,-6.5,98.23715076584533,162.70100500138668,183.05889512130682,183.05889512130682
144,side-middle,0.8,-2,-6.25,97.04103495634544,161.9882743053559,182.20552242418375,182.20552242418375
144,side-middle,0.8,-2,-6.0,95.84491914684554,161.2755436093251,181.35214972706075,181.35214972706075
144,side-middle,0.8,-2,-5.75,95.23761556757376,160.58305805466807,180.5825505766266,180.5825505766266
144,side-middle,0.8,-2,-5.5,94.63031198830195,159.89057250001107,179.81295142619248,179.81295142619248
144,side-middle,0.8,-2,-5.25,94.02300840903015,159.19808694535408,179.04335227575837,179.04335227575837
144,side-middle,0.8,-2,-5.0,93.41570482975837,158.50560139069705,178.27375312532422,178.27375312532422
144,side-middle,0.8,-2,-4.75,92.2048814428878,156.61612299141265,176.3062952111583,176.3062952111583
144,side-middle,0.8,-2,-4.5,90.99405805601724,154.72664459212825,174.33883729699238,174.33883729699238
144,side-middle,0.8,-2,-4.25,89.78323466914668,152.83716619284382,172.3713793828265,172.3713793828265
144,side-middle,0.8,-2,-4.0,88.57241128227611,150.94768779355942,170.40392146866057,170.40392146866057
144,side-middle,0.8,-2,-3.75,87.49261305690297,148.87425763906685,168.3575744790201,168.3575744790201
144,side-middle,0.8,-2,-3.5,86.41281483152981,146.8008274845743,166.3112274893796,166.3112274893796
144,side-middle,0.8,-2,-3.25,85.33301660615666,144.72739733008174,164.26488049973912,164.26488049973912
144,side-middle,0.8,-2,-3.0,84.25321838078352,142.65396717558917,162.21853351009864,162.21853351009864
144,side-middle,0.8,-2,-2.75,83.65398320011681,140.77863299662408,160.17446441498137,160.17446441498137
144,side-middle,0.8,-2,-2.5,83.0547480194501,138.90329881765896,158.1303953198641,158.1303953198641
144,side-middle,0.8,-2,-2.25,82.45551283878339,137.02796463869385,156.08632622474684,156.08632622474684
144,side-middle,0.8,-2,-2.0,81.85627765811667,135.15263045972875,154.04225712962958,154.04225712962958
144,side-middle,0.8,-2,-1.75,80.37689929552027,132.4074100256264,150.80199697443481,150.80199697443481
144,side-middle,0.8,-2,-1.5,78.89752093292387,129.66218959152405,147.56173681924002,147.56173681924002
144,side-middle,0.8,-2,-1.25,77.41814257032746,126.91696915742169,144.32147666404524,144.32147666404524
144,side-middle,0.8,-2,-1.0,75.93876420773105,124.17174872331933,141.08121650885045,141.08121650885045
144,side-middle,0.8,-2,-0.75,73.75213189638123,122.4851663379429,139.19819044826048,139.19819044826048
144,side-middle,0.8,-2,-0.5,71.56549958503142,120.79858395256647,137.3151643876705,137.3151643876705
144,side-middle,0.8,-2,-0.25,69.3788672736816,119.11200156719005,135.43213832708057,135.43213832708057
144,side-middle,0.8,-2,0.0,67.19223496233178,117.42541918181362,133.5491122664906,133.5491122664906
144,side-middle,0.8,-2,0.25,68.2865671824994,120.07778134251458,136.39762262145933,136.39762262145933
144,side-middle,0.8,-2,0.5,69.38089940266701,122.73014350321553,139.24613297642807,139.24613297642807
144,side-middle,0.8,-2,0.75,70.47523162283463,125.38250566391648,142.0946433313968,142.0946433313968
144,side-middle,0.8,-2,1.0,71.56956384300224,128.03486782461744,144.94315368636555,144.94315368636555
144,side-middle,0.8,-2,1.25,75.77523014842285,133.45207927914677,150.8234086950697,150.8234086950697
144,side-middle,0.8,-2,1.5,79.98089645384344,138.8692907336761,156.70366370377388,156.70366370377388
144,side-middle,0.8,-2,1.75,84.18656275926404,144.28650218820545,162.58391871247804,162.58391871247804
144,side-middle,0.8,-2,2.0,88.39222906468464,149.70371364273478,168.4641737211822,168.4641737211822
144,side-middle,0.8,-2,2.25,90.02465148901732,151.84928403197355,171.00786112727747,171.00786112727747
144,side-middle,0.8,-2,2.5,91.65707391335,153.99485442121232,173.5515485333727,173.5515485333727
144,side-middle,0.8,-2,2.75,93.28949633768269,156.14042481045107,176.09523593946798,176.09523593946798
144,side-middle,0.8,-2,3.0,94.92191876201537,158.28599519968984,178.63892334556323,178.63892334556323
144,side-middle,0.8,-2,3.25,95.01774454618851,158.3471213852044,179.00464627700404,179.00464627700404
144,side-middle,0.8,-2,3.5,95.11357033036165,158.40824757071897,179.37036920844486,179.37036920844486
144,side-middle,0.8,-2,3.75,95.20939611453481,158.46937375623352,179.73609213988567,179.73609213988567
144,side-middle,0.8,-2,4.0,95.30522189870796,158.53049994174808,180.10181507132648,180.10181507132648
144,side-middle,0.8,-2,4.25,95.14016240814868,158.1328207673242,179.77858976325405,179.77858976325405
144,side-middle,0.8,-2,4.5,94.9751029175894,157.73514159290033,179.45536445518155,179.45536445518155
144,side-middle,0.8,-2,4.75,94.81004342703011,157.3374624184765,179.13213914710906,179.13213914710906
144,side-middle,0.8,-2,5.0,94.64498393647082,156.93978324405262,178.80891383903662,178.80891383903662
144,side-middle,0.8,-2,5.25,93.08581841932707,155.20802690728792,177.0343518411057,177.0343518411057
144,side-middle,0.8,-2,5.5,91.52665290218329,153.47627057052318,175.2597898431748,175.2597898431748
144,side-middle,0.8,-2,5.75,89.9674873850395,151.74451423375848,173.48522784524386,173.48522784524386
144,side-middle,0.8,-2,6.0,88.40832186789575,150.01275789699378,171.71066584731295,171.71066584731295
144,side-middle,0.8,-2,6.25,86.86166546842631,147.87913816031852,169.3801812207164,169.3801812207164
144,side-middle,0.8,-2,6.5,85.31500906895687,145.74551842364326,167.04969659411984,167.04969659411984
144,side-middle,0.8,-2,6.75,83.76835266948743,143.61189868696798,164.71921196752325,164.71921196752325
144,side-middle,0.8,-2,7.0,82.221696270018,141.47827895029272,162.3887273409267,162.3887273409267
144,side-middle,0.8,-1,-7.0,102.36005433470584,165.55324884031205,186.2220321061046,186.2220321061046
144,side-middle,0.8,-1,-6.75,100.97979274421745,164.8347669642467,185.56722929526364,185.56722929526364
144,side-middle,0.8,-1,-6.5,99.59953115372906,164.11628508818137,184.91242648442267,184.91242648442267
144,side-middle,0.8,-1,-6.25,98.21926956324069,163.39780321211603,184.25762367358172,184.25762367358172
144,side-middle,0.8,-1,-6.0,96.8390079727523,162.6793213360507,183.60282086274077,183.60282086274077
144,side-middle,0.8,-1,-5.75,96.3565115689072,162.0501380703905,182.98674640683396,182.98674640683396
144,side-middle,0.8,-1,-5.5,95.87401516506208,161.4209548047303,182.3706719509272,182.3706719509272
144,side-middle,0.8,-1,-5.25,95.39151876121697,160.79177153907008,181.75459749502045,181.75459749502045
144,side-middle,0.8,-1,-5.0,94.90902235737187,160.16258827340988,181.13852303911364,181.13852303911364
144,side-middle,0.8,-1,-4.75,93.96888653526977,158.30921265129217,179.2068413207478,179.2068413207478
144,side-middle,0.8,-1,-4.5,93.02875071316771,156.45583702917446,177.27515960238196,177.27515960238196
144,side-middle,0.8,-1,-4.25,92.08861489106565,154.60246140705675,175.34347788401612,175.34347788401612
144,side-middle,0.8,-1,-4.0,91.14847906896355,152.74908578493904,173.4117961656503,173.4117961656503
144,side-middle,0.8,-1,-3.75,90.40175571226398,150.83180532565143,171.36289370622185,171.36289370622185
144,side-middle,0.8,-1,-3.5,89.65503235556439,148.91452486636382,169.31399124679336,169.31399124679336
144,side-middle,0.8,-1,-3.25,88.90830899886481,146.9972444070762,167.2650887873649,167.2650887873649
144,side-middle,0.8,-1,-3.0,88.16158564216522,145.0799639477886,165.21618632793647,165.21618632793647
144,side-middle,0.8,-1,-2.75,87.70357624365124,143.429340730665,163.30627289944687,163.30627289944687
144,side-middle,0.8,-1,-2.5,87.24556684513726,141.77871751354138,161.3963594709573,161.3963594709573
144,side-middle,0.8,-1,-2.25,86.78755744662328,140.12809429641777,159.4864460424677,159.4864460424677
144,side-middle,0.8,-1,-2.0,86.3295480481093,138.47747107929413,157.5765326139781,157.5765326139781
144,side-middle,0.8,-1,-1.75,84.38710365278418,135.6727757654793,154.4178735030355,154.4178735030355
144,side-middle,0.8,-1,-1.5,82.44465925745905,132.8680804516644,151.25921439209293,151.25921439209293
144,side-middle,0.8,-1,-1.25,80.50221486213393,130.06338513784954,148.10055528115035,148.10055528115035
144,side-middle,0.8,-1,-1.0,78.5597704668088,127.25868982403466,144.94189617020777,144.94189617020777
144,side-middle,0.8,-1,-0.75,75.29222494746767,124.36314929665755,141.98705237584096,141.98705237584096
144,side-middle,0.8,-1,-0.5,72.02467942812655,121.46760876928045,139.03220858147415,139.03220858147415
144,side-middle,0.8,-1,-0.25,68.75713390878543,118.57206824190334,136.07736478710737,136.07736478710737
144,side-middle,0.8,-1,0.0,65.48958838944431,115.67652771452623,133.12252099274056,133.12252099274056
144,side-middle,0.8,-1,0.25,65.1701554298472,116.32889825812083,133.93784143366597,133.93784143366597
144,side-middle,0.8,-1,0.5,64.8507224702501,116.98126880171543,134.75316187459134,134.75316187459134
144,side-middle,0.8,-1,0.75,64.531289510653,117.63363934531004,135.56848231551675,135.56848231551675
144,side-middle,0.8,-1,1.0,64.21185655105589,118.28600988890464,136.38380275644215,136.38380275644215
144,side-middle,0.8,-1,1.25,68.90136182016224,123.6190646750812,142.12118788062355,142.12118788062355
144,side-middle,0.8,-1,1.5,73.5908670892686,128.95211946125775,147.85857300480495,147.85857300480495
144,side-middle,0.8,-1,1.75,78.28037235837496,134.28517424743433,153.59595812898633,153.59595812898633
144,side-middle,0.8,-1,2.0,82.96987762748131,139.61822903361087,159.33334325316773,159.33334325316773
144,side-middle,0.8,-1,2.25,85.86643762900455,142.83965243599013,162.90468189567616,162.90468189567616
144,side-middle,0.8,-1,2.5,88.76299763052779,146.0610758383694,166.47602053818463,166.47602053818463
144,side-middle,0.8,-1,2.75,91.65955763205103,149.28249924074865,170.04735918069312,170.04735918069312
144,side-middle,0.8,-1,3.0,94.55611763357427,152.5039226431279,173.61869782320156,173.61869782320156
144,side-middle,0.8,-1,3.25,94.8242899105046,153.01031519582952,174.3182151393402,174.3182151393402
144,side-middle,0.8,-1,3.5,95.09246218743492,153.51670774853113,175.0177324554788,175.0177324554788
144,side-middle,0.8,-1,3.75,95.36063446436525,154.02310030123274,175.71724977161745,175.71724977161745
144,side-middle,0.8,-1,4.0,95.62880674129556,154.52949285393436,176.41676708775606,176.41676708775606
144,side-middle,0.8,-1,4.25,95.27703942302735,154.4543622962875,176.30656228641362,176.30656228641362
144,side-middle,0.8,-1,4.5,94.9252721047591,154.37923173864064,176.1963574850712,176.1963574850712
144,side-middle,0.8,-1,4.75,94.57350478649087,154.30410118099377,176.08615268372873,176.08615268372873
144,side-middle,0.8,-1,5.0,94.22173746822266,154.22897062334692,175.9759478823863,175.9759478823863
144,side-middle,0.8,-1,5.25,92.68131936671853,153.10945388301644,174.84201958501797,174.84201958501797
144,side-middle,0.8,-1,5.5,91.14090126521438,151.98993714268593,173.70809128764967,173.70809128764967
144,side-middle,0.8,-1,5.75,89.60048316371025,150.87042040235542,172.5741629902814,172.5741629902814
144,side-middle,0.8,-1,6.0,88.06006506220612,149.75090366202494,171.44023469291307,171.44023469291307
144,side-middle,0.8,-1,6.25,86.49362977076075,147.92213122744704,169.55059763294432,169.55059763294432
144,side-middle,0.8,-1,6.5,84.9271944793154,146.09335879286917,167.66096057297554,167.66096057297554
144,side-middle,0.8,-1,6.75,83.36075918787004,144.2645863582913,165.7713235130068,165.7713235130068
144,side-middle,0.8,-1,7.0,81.79432389642469,142.4358139237134,163.88168645303801,163.88168645303801
144,side-middle,0.8,0,-7.0,96.70744423049413,163.42641972433643,181.9321064740763,181.9321064740763
144,side-middle,0.8,0,-6.75,95.92419190604882,163.31301793609677,181.913813049294,181.913813049294
144,side-middle,0.8,0,-6.5,95.14093958160352,163.1996161478571,181.89551962451173,181.89551962451173
144,side-middle,0.8,0,-6.25,94.3576872571582,163.08621435961746,181.87722619972948,181.87722619972948
144,side-middle,0.8,0,-6.0,93.5744349327129,162.9728125713778,181.85893277494716,181.85893277494716
144,side-middle,0.8,0,-5.75,93.35476149091448,162.63077516742857,181.54736472383485,181.54736472383485
144,side-middle,0.8,0,-5.5,93.13508804911606,162.28873776347933,181.23579667272247,181.23579667272247
144,side-middle,0.8,0,-5.25,92.91541460731764,161.9467003595301,180.9242286216101,180.9242286216101
144,side-middle,0.8,0,-5.0,92.69574116551922,161.6046629555809,180.61266057049778,180.61266057049778
144,side-middle,0.8,0,-4.75,92.27197877280236,160.44271685706735,179.3503500411661,179.3503500411661
144,side-middle,0.8,0,-4.5,91.84821638008547,159.28077075855379,178.08803951183444,178.08803951183444
144,side-middle,0.8,0,-4.25,91.42445398736861,158.11882466004025,176.82572898250277,176.82572898250277
144,side-middle,0.8,0,-4.0,91.00069159465173,156.9568785615267,175.5634184531711,175.5634184531711
144,side-middle,0.8,0,-3.75,90.35988768261628,155.31396960694588,173.71476837314404,173.71476837314404
144,side-middle,0.8,0,-3.5,89.7190837705808,153.67106065236504,171.866118293117,171.866118293117
144,side-middle,0.8,0,-3.25,89.07827985854533,152.0281516977842,170.01746821308996,170.01746821308996
144,side-middle,0.8,0,-3.0,88.43747594650988,150.38524274320338,168.16881813306293,168.16881813306293
144,side-middle,0.8,0,-2.75,87.76125205942299,148.4637427165377,165.9059629806935,165.9059629806935
144,side-middle,0.8,0,-2.5,87.08502817233611,146.542242689872,163.64310782832405,163.64310782832405
144,side-middle,0.8,0,-2.25,86.40880428524925,144.62074266320633,161.3802526759546,161.3802526759546
144,side-middle,0.8,0,-2.0,85.73258039816236,142.69924263654067,159.11739752358517,159.11739752358517
144,side-middle,0.8,0,-1.75,84.23738021267965,139.7791580486774,155.8019321729402,155.8019321729402
144,side-middle,0.8,0,-1.5,82.74218002719695,136.85907346081416,152.48646682229526,152.48646682229526
144,side-middle,0.8,0,-1.25,81.24697984171425,133.93898887295092,149.17100147165033,149.17100147165033
144,side-middle,0.8,0,-1.0,79.75177965623153,131.01890428508764,145.85553612100537,145.85553612100537
144,side-middle,0.8,0,-0.75,76.63660272385249,127.25563033745965,142.1328070483827,142.1328070483827
144,side-middle,0.8,0,-0.5,73.52142579147345,123.49235638983164,138.41007797575998,138.41007797575998
144,side-middle,0.8,0,-0.25,70.4062488590944,119.72908244220363,134.6873489031373,134.6873489031373
144,side-middle,0.8,0,0.0,67.29107192671536,115.96580849457564,130.9646198305146,130.9646198305146
144,side-middle,0.8,0,0.25,66.09849162318784,115.01327642018481,130.21457629272496,130.21457629272496
144,side-middle,0.8,0,0.5,64.90591131966033,114.06074434579399,129.4645327549353,129.4645327549353
144,side-middle,0.8,0,0.75,63.71333101613281,113.10821227140318,128.71448921714568,128.71448921714568
144,side-middle,0.8,0,1.0,62.52075071260529,112.15568019701234,127.96444567935603,127.96444567935603
144,side-middle,0.8,0,1.25,66.7541556064966,117.38780380701967,133.3994927744138,133.3994927744138
144,side-middle,0.8,0,1.5,70.98756050038791,122.61992741702697,138.83453986947154,138.83453986947154
144,side-middle,0.8,0,1.75,75.22096539427923,127.85205102703429,144.26958696452928,144.26958696452928
144,side-middle,0.8,0,2.0,79.45437028817054,133.0841746370416,149.70463405958705,149.70463405958705
144,side-middle,0.8,0,2.25,82.0271344709632,136.84008494602338,153.78508821043096,153.78508821043096
144,side-middle,0.8,0,2.5,84.59989865375587,140.59599525500516,157.8655423612749,157.8655423612749
144,side-middle,0.8,0,2.75,87.17266283654854,144.35190556398695,161.9459965121188,161.9459965121188
144,side-middle,0.8,0,3.0,89.74542701934121,148.10781587296873,166.0264506629627,166.0264506629627
144,side-middle,0.8,0,3.25,90.0014330856267,148.86390860914827,167.41739884163502,167.41739884163502
144,side-middle,0.8,0,3.5,90.25743915191218,149.6200013453278,168.80834702030734,168.80834702030734
144,side-middle,0.8,0,3.75,90.51344521819767,150.37609408150735,170.19929519897968,170.19929519897968
144,side-middle,0.8,0,4.0,90.76945128448315,151.13218681768686,171.590243377652,171.590243377652
144,side-middle,0.8,0,4.25,91.17291399649412,151.23834189196856,172.4206981258975,172.4206981258975
144,side-middle,0.8,0,4.5,91.57637670850505,151.34449696625023,173.25115287414297,173.25115287414297
144,side-middle,0.8,0,4.75,91.97983942051599,151.4506520405319,174.08160762238847,174.08160762238847
144,side-middle,0.8,0,5.0,92.38330213252695,151.55680711481358,174.91206237063398,174.91206237063398
144,side-middle,0.8,0,5.25,91.74923893359545,150.85183584390336,174.4907229487436,174.4907229487436
144,side-middle,0.8,0,5.5,91.11517573466398,150.14686457299314,174.06938352685324,174.06938352685324
144,side-middle,0.8,0,5.75,90.48111253573248,149.44189330208292,173.64804410496288,173.64804410496288
144,side-middle,0.8,0,6.0,89.84704933680099,148.7369220311727,173.2267046830725,173.2267046830725
144,side-middle,0.8,0,6.25,88.10232539487528,147.15745846843868,170.98461902571376,170.98461902571376
144,side-middle,0.8,0,6.5,86.35760145294955,145.57799490570468,168.74253336835503,168.74253336835503
144,side-middle,0.8,0,6.75,84.61287751102384,143.9985313429707,166.5004477109963,166.5004477109963
144,side-middle,0.8,0,7.0,82.86815356909813,142.41906778023667,164.25836205363754,164.25836205363754
144,side-middle,0.8,1,-7.0,91.3551116157636,158.2150564644694,175.61776852033262,175.61776852033262
144,side-middle,0.8,1,-6.75,91.35152188166634,158.70377683063447,176.15810822257305,176.15810822257305
144,side-middle,0.8,1,-6.5,91.34793214756907,159.19249719679954,176.69844792481348,176.69844792481348
144,side-middle,0.8,1,-6.25,91.3443424134718,159.6812175629646,177.2387876270539,177.2387876270539
144,side-middle,0.8,1,-6.0,91.34075267937453,160.16993792912967,177.77912732929434,177.77912732929434
144,side-middle,0.8,1,-5.75,91.44032401850448,160.34710140492137,177.92782968138357,177.92782968138357
144,side-middle,0.8,1,-5.5,91.53989535763444,160.5242648807131,178.07653203347283,178.07653203347283
144,side-middle,0.8,1,-5.25,91.6394666967644,160.70142835650483,178.2252343855621,178.2252343855621
144,side-middle,0.8,1,-5.0,91.73903803589435,160.87859183229654,178.37393673765132,178.37393673765132
144,side-middle,0.8,1,-4.75,91.60982575318937,160.42975188919476,177.79744342466955,177.79744342466955
144,side-middle,0.8,1,-4.5,91.48061347048437,159.980911946093,177.22095011168776,177.22095011168776
144,side-middle,0.8,1,-4.25,91.35140118777939,159.5320720029912,176.64445679870596,176.64445679870596
144,side-middle,0.8,1,-4.0,91.2221889050744,159.08323205988944,176.0679634857242,176.0679634857242
144,side-middle,0.8,1,-3.75,90.45200637420743,157.72031031200459,174.5333910370767,174.5333910370767
144,side-middle,0.8,1,-3.5,89.68182384334045,156.35738856411973,172.9988185884293,172.9988185884293
144,side-middle,0.8,1,-3.25,88.91164131247348,154.99446681623488,171.46424613978184,171.46424613978184
144,side-middle,0.8,1,-3.0,88.1414587816065,153.63154506835002,169.92967369113435,169.92967369113435
144,side-middle,0.8,1,-2.75,86.76683798777589,151.5425364884018,167.4832629842478,167.4832629842478
144,side-middle,0.8,1,-2.5,85.39221719394526,149.45352790845357,165.03685227736122,165.03685227736122
144,side-middle,0.8,1,-2.25,84.01759640011463,147.3645193285053,162.59044157047464,162.59044157047464
144,side-middle,0.8,1,-2.0,82.64297560628401,145.27551074855708,160.14403086358806,160.14403086358806
144,side-middle,0.8,1,-1.75,80.8343880816997,142.2530240584447,156.58727678518045,156.58727678518045
144,side-middle,0.8,1,-1.5,79.02580055711539,139.2305373683323,153.03052270677284,153.03052270677284
144,side-middle,0.8,1,-1.25,77.21721303253108,136.20805067821993,149.47376862836524,149.47376862836524
144,side-middle,0.8,1,-1.0,75.40862550794677,133.18556398810756,145.91701454995766,145.91701454995766
144,side-middle,0.8,1,-0.75,72.92440362788543,128.7932337525806,141.59527632567972,141.59527632567972
144,side-middle,0.8,1,-0.5,70.4401817478241,124.4009035170536,137.2735381014018,137.2735381014018
144,side-middle,0.8,1,-0.25,67.95595986776277,120.00857328152662,132.95179987712388,132.95179987712388
144,side-middle,0.8,1,0.0,65.47173798770143,115.61624304599965,128.63006165284594,128.63006165284594
144,side-middle,0.8,1,0.25,64.59681872535769,113.64694382846523,126.96736304084283,126.96736304084283
144,side-middle,0.8,1,0.5,63.72189946301395,111.67764461093081,125.3046644288397,125.3046644288397
144,side-middle,0.8,1,0.75,62.8469802006702,109.7083453933964,123.64196581683657,123.64196581683657
144,side-middle,0.8,1,1.0,61.972060938326464,107.73904617586197,121.97926720483346,121.97926720483346
144,side-middle,0.8,1,1.25,66.27909202469618,113.34819066262938,127.50613455347289,127.50613455347289
144,side-middle,0.8,1,1.5,70.58612311106592,118.95733514939678,133.03300190211232,133.03300190211232
144,side-middle,0.8,1,1.75,74.89315419743563,124.56647963616419,138.55986925075175,138.55986925075175
144,side-middle,0.8,1,2.0,79.20018528380535,130.1756241229316,144.08673659939117,144.08673659939117
144,side-middle,0.8,1,2.25,80.75836692349355,134.43023610847743,148.2520132988498,148.2520132988498
144,side-middle,0.8,1,2.5,82.31654856318177,138.68484809402327,152.41728999830843,152.41728999830843
144,side-middle,0.8,1,2.75,83.87473020286998,142.9394600795691,156.58256669776705,156.58256669776705
144,side-middle,0.8,1,3.0,85.43291184255818,147.19407206511494,160.74784339722567,160.74784339722567
144,side-middle,0.8,1,3.25,84.98371650452879,148.336021892808,162.6327804697338,162.6327804697338
144,side-middle,0.8,1,3.5,84.53452116649936,149.47797172050105,164.51771754224197,164.51771754224197
144,side-middle,0.8,1,3.75,84.08532582846995,150.6199215481941,166.40265461475013,166.40265461475013
144,side-middle,0.8,1,4.0,83.63613049044054,151.76187137588715,168.28759168725827,168.28759168725827
144,side-middle,0.8,1,4.25,84.26666475330244,151.97796867314435,169.8665086398974,169.8665086398974
144,side-middle,0.8,1,4.5,84.89719901616434,152.19406597040157,171.4454255925365,171.4454255925365
144,side-middle,0.8,1,4.75,85.52773327902625,152.4101632676588,173.0243425451756,173.0243425451756
144,side-middle,0.8,1,5.0,86.15826754188814,152.62626056491598,174.60325949781475,174.60325949781475
144,side-middle,0.8,1,5.25,86.26787490820635,151.6300097182671,174.30693317880772,174.30693317880772
144,side-middle,0.8,1,5.5,86.37748227452457,150.63375887161826,174.0106068598007,174.0106068598007
144,side-middle,0.8,1,5.75,86.48708964084278,149.6375080249694,173.71428054079368,173.71428054079368
144,side-middle,0.8,1,6.0,86.59669700716098,148.64125717832053,173.41795422178666,173.41795422178666
144,side-middle,0.8,1,6.25,85.33203304578124,146.63260707132446,170.40862697212606,170.40862697212606
144,side-middle,0.8,1,6.5,84.0673690844015,144.62395696432839,167.39929972246543,167.39929972246543
144,side-middle,0.8,1,6.75,82.80270512302177,142.6153068573323,164.3899724728048,164.3899724728048
144,side-middle,0.8,1,7.0,81.53804116164203,140.60665675033624,161.3806452231442,161.3806452231442
144,side-middle,0.8,2,-7.0,91.07372716367519,149.29617071909286,173.60839891479569,173.60839891479569
144,side-middle,0.8,2,-6.75,91.55628637744991,149.97958615368813,174.3752058812625,174.3752058812625
144,side-middle,0.8,2,-6.5,92.03884559122461,150.6630015882834,175.1420128477293,175.1420128477293
144,side-middle,0.8,2,-6.25,92.52140480499934,151.3464170228787,175.9088198141961,175.9088198141961
144,side-middle,0.8,2,-6.0,93.00396401877404,152.029832457474,176.67562678066292,176.67562678066292
144,side-middle,0.8,2,-5.75,93.41444482343758,152.5900894302065,177.18821336179226,177.18821336179226
144,side-middle,0.8,2,-5.5,93.82492562810108,153.15034640293902,177.7007999429216,177.7007999429216
144,side-middle,0.8,2,-5.25,94.23540643276459,153.71060337567152,178.21338652405092,178.21338652405092
144,side-middle,0.8,2,-5.0,94.64588723742813,154.27086034840403,178.72597310518026,178.72597310518026
144,side-middle,0.8,2,-4.75,94.54349423613915,154.2112982195051,178.516940742155,178.516940742155
144,side-middle,0.8,2,-4.5,94.4411012348502,154.15173609060616,178.3079083791297,178.3079083791297
144,side-middle,0.8,2,-4.25,94.33870823356122,154.0921739617072,178.09887601610444,178.09887601610444
144,side-middle,0.8,2,-4.0,94.23631523227226,154.03261183280827,177.88984365307917,177.88984365307917
144,side-middle,0.8,2,-3.75,93.35008096656834,153.08640385072843,176.84348620824306,176.84348620824306
144,side-middle,0.8,2,-3.5,92.46384670086442,152.14019586864856,175.79712876340693,175.79712876340693
144,side-middle,0.8,2,-3.25,91.57761243516049,151.1939878865687,174.75077131857086,174.75077131857086
144,side-middle,0.8,2,-3.0,90.69137816945657,150.24777990448885,173.70441387373472,173.70441387373472
144,side-middle,0.8,2,-2.75,89.04300000352436,148.6210777886888,171.66790919430176,171.66790919430176
144,side-middle,0.8,2,-2.5,87.39462183759213,146.99437567288874,169.63140451486873,169.63140451486873
144,side-middle,0.8,2,-2.25,85.74624367165991,145.3676735570887,167.59489983543574,167.59489983543574
144,side-middle,0.8,2,-2.0,84.0978655057277,143.74097144128865,165.55839515600277,165.55839515600277
144,side-middle,0.8,2,-1.75,81.84338605500443,141.11509344282013,162.11483633501012,162.11483633501012
144,side-middle,0.8,2,-1.5,79.58890660428116,138.4892154443516,158.6712775140175,158.6712775140175
144,side-middle,0.8,2,-1.25,77.3344271535579,135.86333744588308,155.22771869302485,155.22771869302485
144,side-middle,0.8,2,-1.0,75.07994770283463,133.23745944741455,151.7841598720322,151.7841598720322
144,side-middle,0.8,2,-0.75,72.58235661455458,128.71948058206445,147.09623900570548,147.09623900570548
144,side-middle,0.8,2,-0.5,70.08476552627452,124.20150171671438,142.40831813937876,142.40831813937876
144,side-middle,0.8,2,-0.25,67.58717443799446,119.68352285136427,137.72039727305201,137.72039727305201
144,side-middle,0.8,2,0.0,65.08958334971442,115.16554398601419,133.0324764067253,133.0324764067253
144,side-middle,0.8,2,0.25,64.2284102766359,112.7557589801658,130.64370504960755,130.64370504960755
144,side-middle,0.8,2,0.5,63.36723720355738,110.34597397431742,128.25493369248977,128.25493369248977
144,side-middle,0.8,2,0.75,62.50606413047886,107.93618896846903,125.86616233537202,125.86616233537202
144,side-middle,0.8,2,1.0,61.64489105740034,105.52640396262063,123.47739097825428,123.47739097825428
144,side-middle,0.8,2,1.25,66.04359242964094,111.27426090080976,128.6502185015189,128.6502185015189
144,side-middle,0.8,2,1.5,70.44229380188153,117.0221178389989,133.82304602478357,133.82304602478357
144,side-middle,0.8,2,1.75,74.84099517412213,122.76997477718803,138.99587354804822,138.99587354804822
144,side-middle,0.8,2,2.0,79.23969654636272,128.51783171537716,144.16870107131285,144.16870107131285
144,side-middle,0.8,2,2.25,80.5154441585558,132.79315176758868,147.8763252405605,147.8763252405605
144,side-middle,0.8,2,2.5,81.79119177074887,137.0684718198002,151.58394940980818,151.58394940980818
144,side-middle,0.8,2,2.75,83.06693938294194,141.3437918720117,155.29157357905586,155.29157357905586
144,side-middle,0.8,2,3.0,84.34268699513501,145.61911192422323,158.99919774830352,158.99919774830352
144,side-middle,0.8,2,3.25,83.94617393751555,146.73566692350155,160.62610422299454,160.62610422299454
144,side-middle,0.8,2,3.5,83.5496608798961,147.8522219227799,162.25301069768557,162.25301069768557
144,side-middle,0.8,2,3.75,83.15314782227664,148.96877692205823,163.87991717237657,163.87991717237657
144,side-middle,0.8,2,4.0,82.75663476465718,150.08533192133655,165.5068236470676,165.5068236470676
144,side-middle,0.8,2,4.25,83.68897989951961,149.8404761832694,166.76000029927928,166.76000029927928
144,side-middle,0.8,2,4.5,84.62132503438204,149.5956204452023,168.01317695149095,168.01317695149095
144,side-middle,0.8,2,4.75,85.55367016924447,149.35076470713517,169.26635360370264,169.26635360370264
144,side-middle,0.8,2,5.0,86.4860153041069,149.10590896906803,170.51953025591433,170.51953025591433
144,side-middle,0.8,2,5.25,86.74704744877295,147.68176909226833,169.90814175353728,169.90814175353728
144,side-middle,0.8,2,5.5,87.00807959343898,146.25762921546863,169.2967532511602,169.2967532511602
144,side-middle,0.8,2,5.75,87.26911173810501,144.83348933866893,168.68536474878312,168.68536474878312
144,side-middle,0.8,2,6.0,87.53014388277106,143.40934946186923,168.07397624640606,168.07397624640606
144,side-middle,0.8,2,6.25,86.00648910550365,141.5232031810306,165.0114003481791,165.0114003481791
144,side-middle,0.8,2,6.5,84.48283432823624,139.63705690019196,161.94882444995216,161.94882444995216
144,side-middle,0.8,2,6.75,82.95917955096883,137.75091061935336,158.8862485517252,158.8862485517252
144,side-middle,0.8,2,7.0,81.43552477370143,135.86476433851473,155.82367265349825,155.82367265349825
144,side-middle,1.2,-2,-7.0,102.4285182035808,165.43955812528813,185.86147441478835,185.86147441478835
144,side-middle,1.2,-2,-6.75,100.85593429874987,164.26843541234814,184.62538640161216,184.62538640161216
144,side-middle,1.2,-2,-6.5,99.28335039391894,163.09731269940818,183.38929838843598,183.38929838843598
144,side-middle,1.2,-2,-6.25,97.71076648908802,161.9261899864682,182.1532103752598,182.1532103752598
144,side-middle,1.2,-2,-6.0,96.1381825842571,160.7550672735282,180.91712236208357,180.91712236208357
144,side-middle,1.2,-2,-5.75,95.2068855645708,159.68631301059108,179.78303816309997,179.78303816309997
144,side-middle,1.2,-2,-5.5,94.2755885448845,158.61755874765396,178.64895396411634,178.64895396411634
144,side-middle,1.2,-2,-5.25,93.3442915251982,157.54880448471687,177.51486976513272,177.51486976513272
144,side-middle,1.2,-2,-5.0,92.4129945055119,156.48005022177975,176.38078556614911,176.38078556614911
144,side-middle,1.2,-2,-4.75,91.46548886415553,154.9137449157273,174.76087903930403,174.76087903930403
144,side-middle,1.2,-2,-4.5,90.51798322279916,153.34743960967484,173.14097251245892,173.14097251245892
144,side-middle,1.2,-2,-4.25,89.5704775814428,151.7811343036224,171.52106598561383,171.52106598561383
144,side-middle,1.2,-2,-4.0,88.62297194008643,150.21482899756995,169.90115945876875,169.90115945876875
144,side-middle,1.2,-2,-3.75,87.66977038857539,148.31956947607898,167.9262139527389,167.9262139527389
144,side-middle,1.2,-2,-3.5,86.71656883706433,146.42430995458804,165.95126844670904,165.95126844670904
144,side-middle,1.2,-2,-3.25,85.76336728555329,144.5290504330971,163.97632294067918,163.97632294067918
144,side-middle,1.2,-2,-3.0,84.81016573404224,142.63379091160613,162.00137743464933,162.00137743464933
144,side-middle,1.2,-2,-2.75,83.82987589007463,140.59596129906532,159.7588640979595,159.7588640979595
144,side-middle,1.2,-2,-2.5,82.84958604610702,138.55813168652455,157.51635076126968,157.51635076126968
144,side-middle,1.2,-2,-2.25,81.86929620213941,136.52030207398377,155.27383742457988,155.27383742457988
144,side-middle,1.2,-2,-2.0,80.8890063581718,134.48247246144297,153.03132408789006,153.03132408789006
144,side-middle,1.2,-2,-1.75,79.65513524760466,132.55984579669695,150.82437927427299,150.82437927427299
144,side-middle,1.2,-2,-1.5,78.42126413703753,130.63721913195096,148.6174344606559,148.6174344606559
144,side-middle,1.2,-2,-1.25,77.18739302647039,128.71459246720497,146.41048964703882,146.41048964703882
144,side-middle,1.2,-2,-1.0,75.95352191590325,126.79196580245895,144.20354483342174,144.20354483342174
144,side-middle,1.2,-2,-0.75,75.1588697902783,126.23480958077607,143.51750489396395,143.51750489396395
144,side-middle,1.2,-2,-0.5,74.36421766465335,125.67765335909321,142.83146495450615,142.83146495450615
144,side-middle,1.2,-2,-0.25,73.5695655390284,125.12049713741034,142.14542501504835,142.14542501504835
144,side-middle,1.2,-2,0.0,72.77491341340345,124.56334091572748,141.45938507559055,141.45938507559055
144,side-middle,1.2,-2,0.25,73.75602029276115,126.51423659536763,143.54903679102944,143.54903679102944
144,side-middle,1.2,-2,0.5,74.73712717211883,128.46513227500782,145.6386885064683,145.6386885064683
144,side-middle,1.2,-2,0.75,75.71823405147651,130.41602795464797,147.72834022190716,147.72834022190716
144,side-middle,1.2,-2,1.0,76.69934093083421,132.36692363428813,149.81799193734605,149.81799193734605
144,side-middle,1.2,-2,1.25,78.99725427601608,135.6495137011743,153.41357595279734,153.41357595279734
144,side-middle,1.2,-2,1.5,81.29516762119795,138.93210376806047,157.00915996824864,157.00915996824864
144,side-middle,1.2,-2,1.75,83.5930809663798,142.21469383494664,160.6047439836999,160.6047439836999
144,side-middle,1.2,-2,2.0,85.89099431156168,145.49728390183282,164.2003279991512,164.2003279991512
144,side-middle,1.2,-2,2.25,87.56166105759996,147.72291492179056,166.76684894787806,166.76684894787806
144,side-middle,1.2,-2,2.5,89.23232780363827,149.94854594174828,169.33336989660495,169.33336989660495
144,side-middle,1.2,-2,2.75,90.90299454967658,152.174176961706,171.8998908453318,171.8998908453318
144,side-middle,1.2,-2,3.0,92.57366129571486,154.39980798166374,174.46641179405867,174.46641179405867
144,side-middle,1.2,-2,3.25,93.00858516004715,154.9385503257746,175.27219843811355,175.27219843811355
144,side-middle,1.2,-2,3.5,93.44350902437941,155.4772926698855,176.07798508216842,176.07798508216842
144,side-middle,1.2,-2,3.75,93.87843288871167,156.01603501399637,176.88377172622333,176.88377172622333
144,side-middle,1.2,-2,4.0,94.31335675304396,156.55477735810723,177.6895583702782,177.6895583702782
144,side-middle,1.2,-2,4.25,93.90278876209719,155.9908788042411,177.25525014659848,177.25525014659848
144,side-middle,1.2,-2,4.5,93.49222077115041,155.42698025037495,176.82094192291873,176.82094192291873
144,side-middle,1.2,-2,4.75,93.08165278020365,154.8630816965088,176.386633699239,176.386633699239
144,side-middle,1.2,-2,5.0,92.67108478925688,154.29918314264268,175.9523254755593,175.9523254755593
144,side-middle,1.2,-2,5.25,91.58081704322512,152.90471950543065,174.51254040783422,174.51254040783422
144,side-middle,1.2,-2,5.5,90.49054929719338,151.51025586821862,173.07275534010915,173.07275534010915
144,side-middle,1.2,-2,5.75,89.40028155116165,150.1157922310066,171.63297027238409,171.63297027238409
144,side-middle,1.2,-2,6.0,88.3100138051299,148.72132859379457,170.19318520465902,170.19318520465902
144,side-middle,1.2,-2,6.25,86.84158732099799,146.60048693489426,167.78432984678946,167.78432984678946
144,side-middle,1.2,-2,6.5,85.37316083686608,144.47964527599393,165.3754744889199,165.3754744889199
144,side-middle,1.2,-2,6.75,83.90473435273415,142.3588036170936,162.96661913105035,162.96661913105035
144,side-middle,1.2,-2,7.0,82.43630786860224,140.2379619581933,160.5577637731808,160.5577637731808
144,side-middle,1.2,-1,-7.0,102.75881984429506,166.3352544430632,186.2634451749419,186.2634451749419
144,side-middle,1.2,-1,-6.75,101.21868649730803,165.29578436297663,185.24840244437047,185.24840244437047
144,side-middle,1.2,-1,-6.5,99.67855315032101,164.25631428289006,184.23335971379908,184.23335971379908
144,side-middle,1.2,-1,-6.25,98.13841980333399,163.2168442028035,183.2183169832277,183.2183169832277
144,side-middle,1.2,-1,-6.0,96.59828645634695,162.17737412271688,182.20327425265629,182.20327425265629
144,side-middle,1.2,-1,-5.75,95.78422675346684,161.2633516060788,181.2656131650478,181.2656131650478
144,side-middle,1.2,-1,-5.5,94.97016705058672,160.3493290894407,180.3279520774393,180.3279520774393
144,side-middle,1.2,-1,-5.25,94.1561073477066,159.43530657280257,179.39029098983082,179.39029098983082
144,side-middle,1.2,-1,-5.0,93.34204764482648,158.52128405616446,178.4526299022223,178.4526299022223
144,side-middle,1.2,-1,-4.75,92.58850835906739,157.11767116205857,176.9748104451411,176.9748104451411
144,side-middle,1.2,-1,-4.5,91.83496907330832,155.71405826795268,175.49699098805985,175.49699098805985
144,side-middle,1.2,-1,-4.25,91.08142978754923,154.3104453738468,174.0191715309786,174.0191715309786
144,side-middle,1.2,-1,-4.0,90.32789050179014,152.90683247974087,172.54135207389737,172.54135207389737
144,side-middle,1.2,-1,-3.75,89.53067479866225,151.12316312367977,170.61447889264775,170.61447889264775
144,side-middle,1.2,-1,-3.5,88.73345909553436,149.33949376761865,168.68760571139813,168.68760571139813
144,side-middle,1.2,-1,-3.25,87.93624339240645,147.55582441155755,166.76073253014852,166.76073253014852
144,side-middle,1.2,-1,-3.0,87.13902768927856,145.77215505549646,164.8338593488989,164.8338593488989
144,side-middle,1.2,-1,-2.75,86.14035108456417,143.69268725827388,162.51081801251195,162.51081801251195
144,side-middle,1.2,-1,-2.5,85.14167447984977,141.6132194610513,160.18777667612497,160.18777667612497
144,side-middle,1.2,-1,-2.25,84.14299787513538,139.53375166382872,157.864735339738,157.864735339738
144,side-middle,1.2,-1,-2.0,83.14432127042099,137.45428386660615,155.54169400335104,155.54169400335104
144,side-middle,1.2,-1,-1.75,81.54923497348716,135.0846269657968,152.9140128899012,152.9140128899012
144,side-middle,1.2,-1,-1.5,79.95414867655334,132.71497006498743,150.2863317764513,150.2863317764513
144,side-middle,1.2,-1,-1.25,78.35906237961953,130.34531316417807,147.65865066300142,147.65865066300142
144,side-middle,1.2,-1,-1.0,76.7639760826857,127.9756562633687,145.03096954955157,145.03096954955157
144,side-middle,1.2,-1,-0.75,75.21824155875265,126.3952919170384,143.36877099989277,143.36877099989277
144,side-middle,1.2,-1,-0.5,73.6725070348196,124.81492757070811,141.706572450234,141.706572450234
144,side-middle,1.2,-1,-0.25,72.12677251088654,123.23456322437781,140.04437390057524,140.04437390057524
144,side-middle,1.2,-1,0.0,70.58103798695349,121.65419887804751,138.38217535091644,138.38217535091644
144,side-middle,1.2,-1,0.25,70.93489283452473,122.62360761412103,139.4991252215996,139.4991252215996
144,side-middle,1.2,-1,0.5,71.28874768209599,123.59301635019455,140.61607509228276,140.61607509228276
144,side-middle,1.2,-1,0.75,71.64260252966723,124.56242508626806,141.73302496296589,141.73302496296589
144,side-middle,1.2,-1,1.0,71.99645737723847,125.53183382234158,142.84997483364904,142.84997483364904
144,side-middle,1.2,-1,1.25,74.38334844379185,128.71472934366,146.32293120615986,146.32293120615986
144,side-middle,1.2,-1,1.5,76.77023951034523,131.8976248649784,149.79588757867066,149.79588757867066
144,side-middle,1.2,-1,1.75,79.15713057689862,135.08052038629683,153.26884395118148,153.26884395118148
144,side-middle,1.2,-1,2.0,81.544021643452,138.26341590761524,156.7418003236923,156.7418003236923
144,side-middle,1.2,-1,2.25,83.67714319010338,141.01462848491218,159.8270229643138,159.8270229643138
144,side-middle,1.2,-1,2.5,85.81026473675475,143.76584106220915,162.91224560493532,162.91224560493532
144,side-middle,1.2,-1,2.75,87.94338628340611,146.51705363950612,165.99746824555683,165.99746824555683
144,side-middle,1.2,-1,3.0,90.0765078300575,149.26826621680306,169.08269088617834,169.08269088617834
144,side-middle,1.2,-1,3.25,90.81363452829439,150.31197582520826,170.43682862739237,170.43682862739237
144,side-middle,1.2,-1,3.5,91.55076122653126,151.35568543361347,171.7909663686064,171.7909663686064
144,side-middle,1.2,-1,3.75,92.28788792476814,152.39939504201868,173.14510410982047,173.14510410982047
144,side-middle,1.2,-1,4.0,93.02501462300503,153.44310465042386,174.4992418510345,174.4992418510345
144,side-middle,1.2,-1,4.25,92.7651159496994,153.25296900526868,174.51988906832008,174.51988906832008
144,side-middle,1.2,-1,4.5,92.50521727639378,153.06283336011347,174.5405362856057,174.5405362856057
144,side-middle,1.2,-1,4.75,92.24531860308815,152.8726977149583,174.56118350289128,174.56118350289128
144,side-middle,1.2,-1,5.0,91.98541992978254,152.6825620698031,174.58183072017687,174.58183072017687
144,side-middle,1.2,-1,5.25,90.9887746779955,151.58515669130242,173.4948526250187,173.4948526250187
144,side-middle,1.2,-1,5.5,89.99212942620846,150.48775131280175,172.40787452986052,172.40787452986052
144,side-middle,1.2,-1,5.75,88.99548417442142,149.39034593430108,171.32089643470235,171.32089643470235
144,side-middle,1.2,-1,6.0,87.99883892263438,148.29294055580039,170.23391833954418,170.23391833954418
144,side-middle,1.2,-1,6.25,86.5848030221062,146.31685832092762,167.9701835310275,167.9701835310275
144,side-middle,1.2,-1,6.5,85.17076712157801,144.34077608605483,165.70644872251077,165.70644872251077
144,side-middle,1.2,-1,6.75,83.75673122104982,142.36469385118204,163.44271391399406,163.44271391399406
144,side-middle,1.2,-1,7.0,82.34269532052164,140.38861161630928,161.17897910547737,161.17897910547737
144,side-middle,1.2,0,-7.0,98.28723125790071,163.14513669768178,182.1649901623549,182.1649901623549
144,side-middle,1.2,0,-6.75,97.37866144263236,162.73879029899777,181.80860009055738,181.80860009055738
144,side-middle,1.2,0,-6.5,96.47009162736403,162.33244390031376,181.45221001875984,181.45221001875984
144,side-middle,1.2,0,-6.25,95.56152181209568,161.92609750162976,181.09581994696228,181.09581994696228
144,side-middle,1.2,0,-6.0,94.65295199682734,161.51975110294575,180.73942987516475,180.73942987516475
144,side-middle,1.2,0,-5.75,94.18083689778675,161.0070892064942,180.217665243211,180.217665243211
144,side-middle,1.2,0,-5.5,93.70872179874618,160.49442731004265,179.6959006112573,179.6959006112573
144,side-middle,1.2,0,-5.25,93.23660669970562,159.98176541359112,179.17413597930354,179.17413597930354
144,side-middle,1.2,0,-5.0,92.76449160066502,159.46910351713956,178.6523713473498,178.6523713473498
144,side-middle,1.2,0,-4.75,92.26267735663815,158.42810492337784,177.5174716553766,177.5174716553766
144,side-middle,1.2,0,-4.5,91.76086311261125,157.38710632961613,176.3825719634034,176.3825719634034
144,side-middle,1.2,0,-4.25,91.25904886858436,156.34610773585442,175.24767227143022,175.24767227143022
144,side-middle,1.2,0,-4.0,90.75723462455748,155.3051091420927,174.11277257945702,174.11277257945702
144,side-middle,1.2,0,-3.75,90.04438698968049,153.73372759543474,172.3507092713279,172.3507092713279
144,side-middle,1.2,0,-3.5,89.33153935480351,152.16234604877678,170.58864596319876,170.58864596319876
144,side-middle,1.2,0,-3.25,88.61869171992652,150.59096450211882,168.82658265506961,168.82658265506961
144,side-middle,1.2,0,-3.0,87.90584408504952,149.01958295546083,167.06451934694047,167.06451934694047
144,side-middle,1.2,0,-2.75,86.83078235458832,146.91974172966178,164.6744508597517,164.6744508597517
144,side-middle,1.2,0,-2.5,85.75572062412712,144.8199005038627,162.2843823725629,162.2843823725629
144,side-middle,1.2,0,-2.25,84.68065889366592,142.72005927806364,159.89431388537412,159.89431388537412
144,side-middle,1.2,0,-2.0,83.60559716320472,140.6202180522646,157.50424539818533,157.50424539818533
144,side-middle,1.2,0,-1.75,81.89743903754675,137.9262097891554,154.54349686951718,154.54349686951718
144,side-middle,1.2,0,-1.5,80.18928091188877,135.2322015260462,151.58274834084907,151.58274834084907
144,side-middle,1.2,0,-1.25,78.48112278623078,132.53819326293697,148.62199981218095,148.62199981218095
144,side-middle,1.2,0,-1.0,76.77296466057281,129.84418499982777,145.6612512835128,145.6612512835128
144,side-middle,1.2,0,-0.75,74.99297850451907,127.47770444885418,143.2380726178675,143.2380726178675
144,side-middle,1.2,0,-0.5,73.21299234846532,125.11122389788059,140.81489395222218,140.81489395222218
144,side-middle,1.2,0,-0.25,71.43300619241158,122.744743346907,138.3917152865769,138.3917152865769
144,side-middle,1.2,0,0.0,69.65302003635784,120.37826279593342,135.9685366209316,135.9685366209316
144,side-middle,1.2,0,0.25,69.66084919834896,120.49825733076665,136.21505676402828,136.21505676402828
144,side-middle,1.2,0,0.5,69.66867836034007,120.61825186559989,136.46157690712494,136.46157690712494
144,side-middle,1.2,0,0.75,69.67650752233118,120.73824640043311,136.70809705022162,136.70809705022162
144,side-middle,1.2,0,1.0,69.68433668432228,120.85824093526634,136.9546171933183,136.9546171933183
144,side-middle,1.2,0,1.25,71.87565700518928,123.84617534658125,140.13314513990872,140.13314513990872
144,side-middle,1.2,0,1.5,74.0669773260563,126.83410975789617,143.3116730864991,143.3116730864991
144,side-middle,1.2,0,1.75,76.25829764692331,129.8220441692111,146.49020103308948,146.49020103308948
144,side-middle,1.2,0,2.0,78.44961796779032,132.809978580526,149.66872897967988,149.66872897967988
144,side-middle,1.2,0,2.25,80.519177689763,135.90156939534518,153.05036036129948,153.05036036129948
144,side-middle,1.2,0,2.5,82.58873741173568,138.99316021016432,156.43199174291908,156.43199174291908
144,side-middle,1.2,0,2.75,84.65829713370837,142.0847510249835,159.81362312453865,159.81362312453865
144,side-middle,1.2,0,3.0,86.72785685568104,145.17634183980266,163.19525450615825,163.19525450615825
144,side-middle,1.2,0,3.25,87.50503653645076,146.5785584154228,165.06770827784618,165.06770827784618
144,side-middle,1.2,0,3.5,88.28221621722047,147.98077499104295,166.94016204953408,166.94016204953408
144,side-middle,1.2,0,3.75,89.05939589799019,149.38299156666312,168.812615821222,168.812615821222
144,side-middle,1.2,0,4.0,89.83657557875989,150.78520814228327,170.68506959290994,170.68506959290994
144,side-middle,1.2,0,4.25,89.84308944112465,150.8440912977996,171.24433703135415,171.24433703135415
144,side-middle,1.2,0,4.5,89.84960330348942,150.90297445331595,171.80360446979836,171.80360446979836
144,side-middle,1.2,0,4.75,89.85611716585417,150.9618576088323,172.36287190824257,172.36287190824257
144,side-middle,1.2,0,5.0,89.86263102821894,151.02074076434866,172.92213934668678,172.92213934668678
144,side-middle,1.2,0,5.25,89.20019518862112,150.10417765068547,172.16093881615714,172.16093881615714
144,side-middle,1.2,0,5.5,88.53775934902333,149.18761453702228,171.3997382856275,171.3997382856275
144,side-middle,1.2,0,5.75,87.87532350942553,148.2710514233591,170.63853775509784,170.63853775509784
144,side-middle,1.2,0,6.0,87.21288766982771,147.3544883096959,169.8773372245682,169.8773372245682
144,side-middle,1.2,0,6.25,85.91142113627218,145.43073942429936,167.5832518997139,167.5832518997139
144,side-middle,1.2,0,6.5,84.60995460271664,143.5069905389028,165.28916657485962,165.28916657485962
144,side-middle,1.2,0,6.75,83.30848806916111,141.58324165350626,162.9950812500053,162.9950812500053
144,side-middle,1.2,0,7.0,82.00702153560559,139.65949276810974,160.700995925151,160.700995925151
144,side-middle,1.2,1,-7.0,93.34688173661297,157.0589547807743,176.73067215569603,176.73067215569603
144,side-middle,1.2,1,-6.75,93.18954117982837,157.32254654259947,177.0153654241581,177.0153654241581
144,side-middle,1.2,1,-6.5,93.03220062304378,157.58613830442465,177.30005869262018,177.30005869262018
144,side-middle,1.2,1,-6.25,92.87486006625917,157.84973006624983,177.58475196108225,177.58475196108225
144,side-middle,1.2,1,-6.0,92.71751950947458,158.11332182807502,177.86944522954434,177.86944522954434
144,side-middle,1.2,1,-5.75,92.63902643971295,158.08540393426549,177.81647207103788,177.81647207103788
144,side-middle,1.2,1,-5.5,92.5605333699513,158.05748604045596,177.76349891253145,177.76349891253145
144,side-middle,1.2,1,-5.25,92.48204030018967,158.02956814664643,177.71052575402499,177.71052575402499
144,side-middle,1.2,1,-5.0,92.40354723042802,158.0016502528369,177.65755259551855,177.65755259551855
144,side-middle,1.2,1,-4.75,92.09448530290176,157.41251422838855,176.96362011622293,176.96362011622293
144,side-middle,1.2,1,-4.5,91.78542337537549,156.82337820394017,176.26968763692733,176.26968763692733
144,side-middle,1.2,1,-4.25,91.47636144784923,156.2342421794918,175.5757551576317,175.5757551576317
144,side-middle,1.2,1,-4.0,91.16729952032296,155.64510615504344,174.8818226783361,174.8818226783361
144,side-middle,1.2,1,-3.75,90.41071598973613,154.36513590387437,173.40317710027824,173.40317710027824
144,side-middle,1.2,1,-3.5,89.6541324591493,153.08516565270534,171.9245315222204,171.9245315222204
144,side-middle,1.2,1,-3.25,88.89754892856247,151.8051954015363,170.44588594416257,170.44588594416257
144,side-middle,1.2,1,-3.0,88.14096539797563,150.52522515036725,168.9672403661047,168.9672403661047
144,side-middle,1.2,1,-2.75,86.86077056208244,148.49374794259361,166.6127452286803,166.6127452286803
144,side-middle,1.2,1,-2.5,85.58057572618922,146.46227073481998,164.25825009125586,164.25825009125586
144,side-middle,1.2,1,-2.25,84.30038089029603,144.43079352704632,161.90375495383142,161.90375495383142
144,side-middle,1.2,1,-2.0,83.02018605440281,142.39931631927269,159.54925981640702,159.54925981640702
144,side-middle,1.2,1,-1.75,81.21196338246517,139.54594134409894,156.37585923863554,156.37585923863554
144,side-middle,1.2,1,-1.5,79.40374071052754,136.6925663689252,153.20245866086407,153.20245866086407
144,side-middle,1.2,1,-1.25,77.59551803858992,133.83919139375146,150.0290580830926,150.0290580830926
144,side-middle,1.2,1,-1.0,75.78729536665227,130.9858164185777,146.85565750532112,146.85565750532112
144,side-middle,1.2,1,-0.75,74.03762606105737,128.13517733430552,143.9043758911682,143.9043758911682
144,side-middle,1.2,1,-0.5,72.28795675546246,125.28453825003332,140.95309427701528,140.95309427701528
144,side-middle,1.2,1,-0.25,70.53828744986754,122.43389916576113,138.00181266286233,138.00181266286233
144,side-middle,1.2,1,0.0,68.78861814427263,119.58326008148893,135.05053104870942,135.05053104870942
144,side-middle,1.2,1,0.25,68.75464008192208,119.17079877552588,134.66767560190362,134.66767560190362
144,side-middle,1.2,1,0.5,68.72066201957152,118.75833746956282,134.28482015509786,134.28482015509786
144,side-middle,1.2,1,0.75,68.68668395722096,118.34587616359977,133.90196470829207,133.90196470829207
144,side-middle,1.2,1,1.0,68.65270589487041,117.9334148576367,133.51910926148628,133.51910926148628
144,side-middle,1.2,1,1.25,70.64971233783582,120.82281070740984,136.39004546900938,136.39004546900938
144,side-middle,1.2,1,1.5,72.64671878080122,123.71220655718298,139.26098167653248,139.26098167653248
144,side-middle,1.2,1,1.75,74.64372522376662,126.60160240695612,142.13191788405558,142.13191788405558
144,side-middle,1.2,1,2.0,76.64073166673204,129.49099825672926,145.00285409157868,145.00285409157868
144,side-middle,1.2,1,2.25,78.39948513918054,132.81048448689455,148.4360905864073,148.4360905864073
144,side-middle,1.2,1,2.5,80.15823861162906,136.12997071705985,151.8693270812359,151.8693270812359
144,side-middle,1.2,1,2.75,81.91699208407758,139.44945694722514,155.3025635760645,155.3025635760645
144,side-middle,1.2,1,3.0,83.6757455565261,142.76894317739047,158.7358000708931,158.7358000708931
144,side-middle,1.2,1,3.25,84.30485756094231,144.37548825189558,160.87852019818118,160.87852019818118
144,side-middle,1.2,1,3.5,84.93396956535851,145.9820333264007,163.02124032546925,163.02124032546925
144,side-middle,1.2,1,3.75,85.56308156977471,147.58857840090582,165.16396045275732,165.16396045275732
144,side-middle,1.2,1,4.0,86.19219357419092,149.19512347541092,167.3066805800454,167.3066805800454
144,side-middle,1.2,1,4.25,86.411987391124,149.30234593756552,168.17762334965533,168.17762334965533
144,side-middle,1.2,1,4.5,86.63178120805709,149.40956839972011,169.04856611926527,169.04856611926527
144,side-middle,1.2,1,4.75,86.85157502499018,149.5167908618747,169.9195088888752,169.9195088888752
144,side-middle,1.2,1,5.0,87.07136884192326,149.6240133240293,170.79045165848515,170.79045165848515
144,side-middle,1.2,1,5.25,86.74793786742342,148.63782686869172,170.11360151183555,170.11360151183555
144,side-middle,1.2,1,5.5,86.42450689292356,147.6516404133541,169.43675136518598,169.43675136518598
144,side-middle,1.2,1,5.75,86.1010759184237,146.66545395801649,168.7599012185364,168.7599012185364
144,side-middle,1.2,1,6.0,85.77764494392386,145.6792675026789,168.0830510718868,168.0830510718868
144,side-middle,1.2,1,6.25,84.57859275568333,143.63992389894747,165.6039278994632,165.6039278994632
144,side-middle,1.2,1,6.5,83.3795405674428,141.60058029521605,163.1248047270396,163.1248047270396
144,side-middle,1.2,1,6.75,82.18048837920227,139.56123669148462,160.64568155461598,160.64568155461598
144,side-middle,1.2,1,7.0,80.98143619096174,137.5218930877532,158.16655838219236,158.16655838219236
144,side-middle,1.2,2,-7.0,90.60094771421339,149.98267027586104,171.47123840024918,171.47123840024918
144,side-middle,1.2,2,-6.75,90.9933771668227,150.62851935447617,172.12395614692554,172.12395614692554
144,side-middle,1.2,2,-6.5,91.38580661943199,151.2743684330913,172.77667389360187,172.77667389360187
144,side-middle,1.2,2,-6.25,91.7782360720413,151.92021751170643,173.42939164027823,173.42939164027823
144,side-middle,1.2,2,-6.0,92.17066552465059,152.56606659032158,174.08210938695458,174.08210938695458
144,side-middle,1.2,2,-5.75,92.40631825121771,152.88560937119325,174.37433926761912,174.37433926761912
144,side-middle,1.2,2,-5.5,92.64197097778484,153.20515215206495,174.66656914828368,174.66656914828368
144,side-middle,1.2,2,-5.25,92.87762370435196,153.52469493293663,174.95879902894822,174.95879902894822
144,side-middle,1.2,2,-5.0,93.11327643091909,153.8442377138083,175.25102890961278,175.25102890961278
144,side-middle,1.2,2,-4.75,92.94150869015164,153.65357169935675,174.98311400309763,174.98311400309763
144,side-middle,1.2,2,-4.5,92.76974094938417,153.46290568490517,174.71519909658247,174.71519909658247
144,side-middle,1.2,2,-4.25,92.59797320861671,153.2722396704536,174.4472841900673,174.4472841900673
144,side-middle,1.2,2,-4.0,92.42620546784926,153.08157365600204,174.17936928355215,174.17936928355215
144,side-middle,1.2,2,-3.75,91.63666324400018,152.14244929697236,173.10527539369474,173.10527539369474
144,side-middle,1.2,2,-3.5,90.8471210201511,151.20332493794265,172.03118150383736,172.03118150383736
144,side-middle,1.2,2,-3.25,90.05757879630204,150.26420057891295,170.95708761397998,170.95708761397998
144,side-middle,1.2,2,-3.0,89.26803657245296,149.32507621988327,169.88299372412257,169.88299372412257
144,side-middle,1.2,2,-2.75,87.85209582345152,147.4858811027891,167.7930595457497,167.7930595457497
144,side-middle,1.2,2,-2.5,86.43615507445007,145.64668598569497,165.70312536737683,165.70312536737683
144,side-middle,1.2,2,-2.25,85.02021432544862,143.80749086860084,163.61319118900394,163.61319118900394
144,side-middle,1.2,2,-2.0,83.60427357644718,141.96829575150667,161.52325701063108,161.52325701063108
144,side-middle,1.2,2,-1.75,81.69831562444512,139.14593724243076,158.4191515970884,158.4191515970884
144,side-middle,1.2,2,-1.5,79.79235767244306,136.32357873335488,155.31504618354572,155.31504618354572
144,side-middle,1.2,2,-1.25,77.886399720441,133.501220224279,152.21094077000305,152.21094077000305
144,side-middle,1.2,2,-1.0,75.98044176843894,130.67886171520308,149.10683535646035,149.10683535646035
144,side-middle,1.2,2,-0.75,74.18565578829603,127.67347845601496,145.9683487545518,145.9683487545518
144,side-middle,1.2,2,-0.5,72.39086980815313,124.66809519682684,142.82986215264327,142.82986215264327
144,side-middle,1.2,2,-0.25,70.59608382801022,121.66271193763873,139.6913755507347,139.6913755507347
144,side-middle,1.2,2,0.0,68.80129784786732,118.65732867845061,136.55288894882617,136.55288894882617
144,side-middle,1.2,2,0.25,68.67023807562413,118.00232770803697,135.7910130562017,135.7910130562017
144,side-middle,1.2,2,0.5,68.53917830338094,117.34732673762332,135.02913716357727,135.02913716357727
144,side-middle,1.2,2,0.75,68.40811853113775,116.69232576720965,134.26726127095282,134.26726127095282
144,side-middle,1.2,2,1.0,68.27705875889455,116.03732479679601,133.50538537832836,133.50538537832836
144,side-middle,1.2,2,1.25,70.09637059866937,118.7926159816009,136.00149319782946,136.00149319782946
144,side-middle,1.2,2,1.5,71.91568243844418,121.54790716640579,138.49760101733057,138.49760101733057
144,side-middle,1.2,2,1.75,73.73499427821899,124.30319835121068,140.9937088368317,140.9937088368317
144,side-middle,1.2,2,2.0,75.5543061179938,127.05848953601557,143.4898166563328,143.4898166563328
144,side-middle,1.2,2,2.25,77.14125986607729,130.38710806570833,146.66138888284883,146.66138888284883
144,side-middle,1.2,2,2.5,78.72821361416078,133.71572659540112,149.83296110936487,149.83296110936487
144,side-middle,1.2,2,2.75,80.31516736224427,137.0443451250939,153.0045333358809,153.0045333358809
144,side-middle,1.2,2,3.0,81.90212111032776,140.3729636547867,156.1761055623969,156.1761055623969
144,side-middle,1.2,2,3.25,82.51436509570581,142.03259547205153,158.17838774251697,158.17838774251697
144,side-middle,1.2,2,3.5,83.12660908108388,143.69222728931635,160.18066992263707,160.18066992263707
144,side-middle,1.2,2,3.75,83.73885306646196,145.35185910658117,162.18295210275716,162.18295210275716
144,side-middle,1.2,2,4.0,84.35109705184001,147.011490923846,164.18523428287722,164.18523428287722
144,side-middle,1.2,2,4.25,84.70152007583751,147.07493357484248,164.94269497074959,164.94269497074959
144,side-middle,1.2,2,4.5,85.051943099835,147.13837622583895,165.70015565862198,165.70015565862198
144,side-middle,1.2,2,4.75,85.40236612383248,147.20181887683543,166.45761634649438,166.45761634649438
144,side-middle,1.2,2,5.0,85.75278914782997,147.2652615278319,167.21507703436674,167.21507703436674
144,side-middle,1.2,2,5.25,85.53127529766755,146.11513446207007,166.37317232050646,166.37317232050646
144,side-middle,1.2,2,5.5,85.30976144750511,144.96500739630824,165.53126760664614,165.53126760664614
144,side-middle,1.2,2,5.75,85.08824759734267,143.8148803305464,164.68936289278582,164.68936289278582
144,side-middle,1.2,2,6.0,84.86673374718023,142.66475326478457,163.84745817892554,163.84745817892554
144,side-middle,1.2,2,6.25,83.5544695374681,140.4230972887722,161.19018785589282,161.19018785589282
144,side-middle,1.2,2,6.5,82.24220532775597,138.18144131275983,158.53291753286007,158.53291753286007
144,side-middle,1.2,2,6.75,80.92994111804384,135.93978533674743,155.87564720982732,155.87564720982732
144,side-middle,1.2,2,7.0,79.6176769083317,133.69812936073507,153.2183768867946,153.2183768867946
144,lower-neck,0,-2,-7.0,39.0,86.0,102.0,102.0
144,lower-neck,0,-2,-6.75,41.5,89.0,104.75,104.75
144,lower-neck,0,-2,-6.5,44.0,92.0,107.5,107.5
144,lower-neck,0,-2,-6.25,46.5,95.0,110.25,110.25
144,lower-neck,0,-2,-6.0,49.0,98.0,113.0,113.0
144,lower-neck,0,-2,-5.75,55.25,103.75,119.0,119.0
144,lower-neck,0,-2,-5.5,61.5,109.5,125.0,125.0
144,lower-neck,0,-2,-5.25,67.75,115.25,131.0,131.0
144,lower-neck,0,-2,-5.0,74.0,121.0,137.0,137.0
144,lower-neck,0,-2,-4.75,78.25,125.0,141.0,141.0
144,lower-neck,0,-2,-4.5,82.5,129.0,145.0,145.0
144,lower-neck,0,-2,-4.25,86.75,133.0,149.0,149.0
144,lower-neck,0,-2,-4.0,91.0,137.0,153.0,153.0
144,lower-neck,0,-2,-3.75,90.25,135.25,151.25,151.25
144,lower-neck,0,-2,-3.5,89.5,133.5,149.5,149.5
144,lower-neck,0,-2,-3.25,88.75,131.75,147.75,147.75
144,lower-neck,0,-2,-3.0,88.0,130.0,146.0,146.0
144,lower-neck,0,-2,-2.75,85.25,126.5,142.75,142.75
144,lower-neck,0,-2,-2.5,82.5,123.0,139.5,139.5
144,lower-neck,0,-2,-2.25,79.75,119.5,136.25,136.25
144,lower-neck,0,-2,-2.0,77.0,116.0,133.0,133.0
144,lower-neck,0,-2,-1.75,75.25,107.5,123.25,123.25
144,lower-neck,0,-2,-1.5,73.5,99.0,113.5,113.5
144,lower-neck,0,-2,-1.25,71.75,90.5,103.75,103.75
144,lower-neck,0,-2,-1.0,70.0,82.0,94.0,94.0
144,lower-neck,0,-2,-0.75,65.5,81.25,92.0,92.0
144,lower-neck,0,-2,-0.5,61.0,80.5,90.0,90.0
144,lower-neck,0,-2,-0.25,56.5,79.75,88.0,88.0
144,lower-neck,0,-2,0.0,52.0,79.0,86.0,86.0
144,lower-neck,0,-2,0.25,53.25,83.75,90.0,90.0
144,lower-neck,0,-2,0.5,54.5,88.5,94.0,94.0
144,lower-neck,0,-2,0.75,55.75,93.25,98.0,98.0
144,lower-neck,0,-2,1.0,57.0,98.0,102.0,102.0
144,lower-neck,0,-2,1.25,59.5,102.25,106.25,106.25
144,lower-neck,0,-2,1.5,62.0,106.5,110.5,110.5
144,lower-neck,0,-2,1.75,64.5,110.75,114.75,114.75
144,lower-neck,0,-2,2.0,67.0,115.0,119.0,119.0
144,lower-neck,0,-2,2.25,69.25,115.25,121.25,121.25
144,lower-neck,0,-2,2.5,71.5,115.5,123.5,123.5
144,lower-neck,0,-2,2.75,73.75,115.75,125.75,125.75
144,lower-neck,0,-2,3.0,76.0,116.0,128.0,128.0
144,lower-neck,0,-2,3.25,73.0,111.0,125.25,125.25
144,lower-neck,0,-2,3.5,70.0,106.0,122.5,122.5
144,lower-neck,0,-2,3.75,67.0,101.0,119.75,119.75
144,lower-neck,0,-2,4.0,64.0,96.0,117.0,117.0
144,lower-neck,0,-2,4.25,68.5,100.25,123.25,123.25
144,lower-neck,0,-2,4.5,73.0,104.5,129.5,129.5
144,lower-neck,0,-2,4.75,77.5,108.75,135.75,135.75
144,lower-neck,0,-2,5.0,82.0,113.0,142.0,142.0
144,lower-neck,0,-2,5.25,78.5,110.5,140.25,140.25
144,lower-neck,0,-2,5.5,75.0,108.0,138.5,138.5
144,lower-neck,0,-2,5.75,71.5,105.5,136.75,136.75
144,lower-neck,0,-2,6.0,68.0,103.0,135.0,135.0
144,lower-neck,0,-2,6.25,69.25,106.0,133.0,133.0
144,lower-neck,0,-2,6.5,70.5,109.0,131.0,131.0
144,lower-neck,0,-2,6.75,71.75,112.0,129.0,129.0
144,lower-neck,0,-2,7.0,73.0,115.0,127.0,127.0
144,lower-neck,0,-1,-7.0,67.0,110.0,126.0,126.0
144,lower-neck,0,-1,-6.75,63.75,106.75,122.75,122.75
144,lower-neck,0,-1,-6.5,60.5,103.5,119.5,119.5
144,lower-neck,0,-1,-6.25,57.25,100.25,116.25,116.25
144,lower-neck,0,-1,-6.0,54.0,97.0,113.0,113.0
144,lower-neck,0,-1,-5.75,49.5,92.5,108.5,108.5
144,lower-neck,0,-1,-5.5,45.0,88.0,104.0,104.0
144,lower-neck,0,-1,-5.25,40.5,83.5,99.5,99.5
144,lower-neck,0,-1,-5.0,36.0,79.0,95.0,95.0
144,lower-neck,0,-1,-4.75,34.0,76.0,91.75,91.75
144,lower-neck,0,-1,-4.5,32.0,73.0,88.5,88.5
144,lower-neck,0,-1,-4.25,30.0,70.0,85.25,85.25
144,lower-neck,0,-1,-4.0,28.0,67.0,82.0,82.0
144,lower-neck,0,-1,-3.75,31.25,69.75,85.0,85.0
144,lower-neck,0,-1,-3.5,34.5,72.5,88.0,88.0
144,lower-neck,0,-1,-3.25,37.75,75.25,91.0,91.0
144,lower-neck,0,-1,-3.0,41.0,78.0,94.0,94.0
144,lower-neck,0,-1,-2.75,47.0,83.75,99.75,99.75
144,lower-neck,0,-1,-2.5,53.0,89.5,105.5,105.5
144,lower-neck,0,-1,-2.25,59.0,95.25,111.25,111.25
144,lower-neck,0,-1,-2.0,65.0,101.0,117.0,117.0
144,lower-neck,0,-1,-1.75,62.0,107.0,118.25,118.25
144,lower-neck,0,-1,-1.5,59.0,113.0,119.5,119.5
144,lower-neck,0,-1,-1.25,56.0,119.0,120.75,120.75
144,lower-neck,0,-1,-1.0,53.0,125.0,122.0,125.0
144,lower-neck,0,-1,-0.75,48.0,117.25,116.25,117.25
144,lower-neck,0,-1,-0.5,43.0,109.5,110.5,110.5
144,lower-neck,0,-1,-0.25,38.0,101.75,104.75,104.75
144,lower-neck,0,-1,0.0,33.0,94.0,99.0,99.0
144,lower-neck,0,-1,0.25,43.0,100.5,108.25,108.25
144,lower-neck,0,-1,0.5,53.0,107.0,117.5,117.5
144,lower-neck,0,-1,0.75,63.0,113.5,126.75,126.75
144,lower-neck,0,-1,1.0,73.0,120.0,136.0,136.0
144,lower-neck,0,-1,1.25,72.25,118.75,136.5,136.5
144,lower-neck,0,-1,1.5,71.5,117.5,137.0,137.0
144,lower-neck,0,-1,1.75,70.75,116.25,137.5,137.5
144,lower-neck,0,-1,2.0,70.0,115.0,138.0,138.0
144,lower-neck,0,-1,2.25,68.5,115.25,138.0,138.0
144,lower-neck,0,-1,2.5,67.0,115.5,138.0,138.0
144,lower-neck,0,-1,2.75,65.5,115.75,138.0,138.0
144,lower-neck,0,-1,3.0,64.0,116.0,138.0,138.0
144,lower-neck,0,-1,3.25,65.0,120.25,141.75,141.75
144,lower-neck,0,-1,3.5,66.0,124.5,145.5,145.5
144,lower-neck,0,-1,3.75,67.0,128.75,149.25,149.25
144,lower-neck,0,-1,4.0,68.0,133.0,153.0,153.0
144,lower-neck,0,-1,4.25,62.5,129.5,148.75,148.75
144,lower-neck,0,-1,4.5,57.0,126.0,144.5,144.5
144,lower-neck,0,-1,4.75,51.5,122.5,140.25,140.25
144,lower-neck,0,-1,5.0,46.0,119.0,136.0,136.0
144,lower-neck,0,-1,5.25,50.0,123.75,140.5,140.5
144,lower-neck,0,-1,5.5,54.0,128.5,145.0,145.0
144,lower-neck,0,-1,5.75,58.0,133.25,149.5,149.5
144,lower-neck,0,-1,6.0,62.0,138.0,154.0,154.0
144,lower-neck,0,-1,6.25,64.75,135.25,154.25,154.25
144,lower-neck,0,-1,6.5,67.5,132.5,154.5,154.5
144,lower-neck,0,-1,6.75,70.25,129.75,154.75,154.75
144,lower-neck,0,-1,7.0,73.0,127.0,155.0,155.0
144,lower-neck,0,0,-7.0,75.0,128.0,144.0,144.0
144,lower-neck,0,0,-6.75,76.5,128.5,144.25,144.25
144,lower-neck,0,0,-6.5,78.0,129.0,144.5,144.5
144,lower-neck,0,0,-6.25,79.5,129.5,144.75,144.75
144,lower-neck,0,0,-6.0,81.0,130.0,145.0,145.0
144,lower-neck,0,0,-5.75,80.5,129.25,144.0,144.0
144,lower-neck,0,0,-5.5,80.0,128.5,143.0,143.0
144,lower-neck,0,0,-5.25,79.5,127.75,142.0,142.0
144,lower-neck,0,0,-5.0,79.0,127.0,141.0,141.0
144,lower-neck,0,0,-4.75,74.0,120.75,135.25,135.25
144,lower-neck,0,0,-4.5,69.0,114.5,129.5,129.5
144,lower-neck,0,0,-4.25,64.0,108.25,123.75,123.75
144,lower-neck,0,0,-4.0,59.0,102.0,118.0,118.0
144,lower-neck,0,0,-3.75,53.25,95.25,111.5,111.5
144,lower-neck,0,0,-3.5,47.5,88.5,105.0,105.0
144,lower-neck,0,0,-3.25,41.75,81.75,98.5,98.5
144,lower-neck,0,0,-3.0,36.0,75.0,92.0,92.0
144,lower-neck,0,0,-2.75,33.25,71.75,88.5,88.5
144,lower-neck,0,0,-2.5,30.5,68.5,85.0,85.0
144,lower-neck,0,0,-2.25,27.75,65.25,81.5,81.5
144,lower-neck,0,0,-2.0,25.0,62.0,78.0,78.0
144,lower-neck,0,0,-1.75,34.75,75.0,89.75,89.75
144,lower-neck,0,0,-1.5,44.5,88.0,101.5,101.5
144,lower-neck,0,0,-1.25,54.25,101.0,113.25,113.25
144,lower-neck,0,0,-1.0,64.0,114.0,125.0,125.0
144,lower-neck,0,0,-0.75,72.75,117.75,132.0,132.0
144,lower-neck,0,0,-0.5,81.5,121.5,139.0,139.0
144,lower-neck,0,0,-0.25,90.25,125.25,146.0,146.0
144,lower-neck,0,0,0.0,99.0,129.0,153.0,153.0
144,lower-neck,0,0,0.25,98.25,124.75,151.25,151.25
144,lower-neck,0,0,0.5,97.5,120.5,149.5,149.5
144,lower-neck,0,0,0.75,96.75,116.25,147.75,147.75
144,lower-neck,0,0,1.0,96.0,112.0,146.0,146.0
144,lower-neck,0,0,1.25,94.25,113.5,147.5,147.5
144,lower-neck,0,0,1.5,92.5,115.0,149.0,149.0
144,lower-neck,0,0,1.75,90.75,116.5,150.5,150.5
144,lower-neck,0,0,2.0,89.0,118.0,152.0,152.0
144,lower-neck,0,0,2.25,84.5,120.75,151.25,151.25
144,lower-neck,0,0,2.5,80.0,123.5,150.5,150.5
144,lower-neck,0,0,2.75,75.5,126.25,149.75,149.75
144,lower-neck,0,0,3.0,71.0,129.0,149.0,149.0
144,lower-neck,0,0,3.25,69.5,131.25,147.75,147.75
144,lower-neck,0,0,3.5,68.0,133.5,146.5,146.5
144,lower-neck,0,0,3.75,66.5,135.75,145.25,145.25
144,lower-neck,0,0,4.0,65.0,138.0,144.0,144.0
144,lower-neck,0,0,4.25,67.0,138.0,141.5,141.5
144,lower-neck,0,0,4.5,69.0,138.0,139.0,139.0
144,lower-neck,0,0,4.75,71.0,138.0,136.5,138.0
144,lower-neck,0,0,5.0,73.0,138.0,134.0,138.0
144,lower-neck,0,0,5.25,78.25,139.25,134.75,139.25
144,lower-neck,0,0,5.5,83.5,140.5,135.5,140.5
144,lower-neck,0,0,5.75,88.75,141.75,136.25,141.75
144,lower-neck,0,0,6.0,94.0,143.0,137.0,143.0
144,lower-neck,0,0,6.25,94.75,140.0,138.0,140.0
144,lower-neck,0,0,6.5,95.5,137.0,139.0,139.0
144,lower-neck,0,0,6.75,96.25,134.0,140.0,140.0
144,lower-neck,0,0,7.0,97.0,131.0,141.0,141.0
144,lower-neck,0,1,-7.0,81.0,144.0,162.0,162.0
144,lower-neck,0,1,-6.75,80.0,142.0,160.0,160.0
144,lower-neck,0,1,-6.5,79.0,140.0,158.0,158.0
144,lower-neck,0,1,-6.25,78.0,138.0,156.0,156.0
144,lower-neck,0,1,-6.0,77.0,136.0,154.0,154.0
144,lower-neck,0,1,-5.75,77.75,135.25,152.75,152.75
144,lower-neck,0,1,-5.5,78.5,134.5,151.5,151.5
144,lower-neck,0,1,-5.25,79.25,133.75,150.25,150.25
144,lower-neck,0,1,-5.0,80.0,133.0,149.0,149.0
144,lower-neck,0,1,-4.75,80.0,132.0,147.75,147.75
144,lower-neck,0,1,-4.5,80.0,131.0,146.5,146.5
144,lower-neck,0,1,-4.25,80.0,130.0,145.25,145.25
144,lower-neck,0,1,-4.0,80.0,129.0,144.0,144.0
144,lower-neck,0,1,-3.75,78.75,126.25,141.75,141.75
144,lower-neck,0,1,-3.5,77.5,123.5,139.5,139.5
144,lower-neck,0,1,-3.25,76.25,120.75,137.25,137.25
144,lower-neck,0,1,-3.0,75.0,118.0,135.0,135.0
144,lower-neck,0,1,-2.75,73.0,115.5,132.75,132.75
144,lower-neck,0,1,-2.5,71.0,113.0,130.5,130.5
144,lower-neck,0,1,-2.25,69.0,110.5,128.25,128.25
144,lower-neck,0,1,-2.0,67.0,108.0,126.0,126.0
144,lower-neck,0,1,-1.75,67.0,111.0,128.0,128.0
144,lower-neck,0,1,-1.5,67.0,114.0,130.0,130.0
144,lower-neck,0,1,-1.25,67.0,117.0,132.0,132.0
144,lower-neck,0,1,-1.0,67.0,120.0,134.0,134.0
144,lower-neck,0,1,-0.75,71.5,123.25,139.25,139.25
144,lower-neck,0,1,-0.5,76.0,126.5,144.5,144.5
144,lower-neck,0,1,-0.25,80.5,129.75,149.75,149.75
144,lower-neck,0,1,0.0,85.0,133.0,155.0,155.0
144,lower-neck,0,1,0.25,82.75,132.75,155.5,155.5
144,lower-neck,0,1,0.5,80.5,132.5,156.0,156.0
144,lower-neck,0,1,0.75,78.25,132.25,156.5,156.5
144,lower-neck,0,1,1.0,76.0,132.0,157.0,157.0
144,lower-neck,0,1,1.25,72.5,133.25,156.75,156.75
144,lower-neck,0,1,1.5,69.0,134.5,156.5,156.5
144,lower-neck,0,1,1.75,65.5,135.75,156.25,156.25
144,lower-neck,0,1,2.0,62.0,137.0,156.0,156.0
144,lower-neck,0,1,2.25,65.0,139.75,156.25,156.25
144,lower-neck,0,1,2.5,68.0,142.5,156.5,156.5
144,lower-neck,0,1,2.75,71.0,145.25,156.75,156.75
144,lower-neck,0,1,3.0,74.0,148.0,157.0,157.0
144,lower-neck,0,1,3.25,81.75,142.0,150.5,150.5
144,lower-neck,0,1,3.5,89.5,136.0,144.0,144.0
144,lower-neck,0,1,3.75,97.25,130.0,137.5,137.5
144,lower-neck,0,1,4.0,105.0,124.0,131.0,131.0
144,lower-neck,0,1,4.25,116.0,109.5,119.75,119.75
144,lower-neck,0,1,4.5,127.0,95.0,108.5,127.0
144,lower-neck,0,1,4.75,138.0,80.5,97.25,138.0
144,lower-neck,0,1,5.0,149.0,66.0,86.0,149.0
144,lower-neck,0,1,5.25,150.25,49.5,70.25,150.25
144,lower-neck,0,1,5.5,151.5,33.0,54.5,151.5
144,lower-neck,0,1,5.75,152.75,16.5,38.75,152.75
144,lower-neck,0,1,6.0,154.0,0.0,23.0,154.0
144,lower-neck,0,1,6.25,151.5,0.5,17.5,151.5
144,lower-neck,0,1,6.5,149.0,1.0,12.0,149.0
144,lower-neck,0,1,6.75,146.5,1.5,6.5,146.5
144,lower-neck,0,1,7.0,144.0,2.0,1.0,144.0
144,lower-neck,0,2,-7.0,83.0,157.0,184.0,184.0
144,lower-neck,0,2,-6.75,85.25,152.25,181.0,181.0
144,lower-neck,0,2,-6.5,87.5,147.5,178.0,178.0
144,lower-neck,0,2,-6.25,89.75,142.75,175.0,175.0
144,lower-neck,0,2,-6.0,92.0,138.0,172.0,172.0
144,lower-neck,0,2,-5.75,94.75,138.0,170.5,170.5
144,lower-neck,0,2,-5.5,97.5,138.0,169.0,169.0
144,lower-neck,0,2,-5.25,100.25,138.0,167.5,167.5
144,lower-neck,0,2,-5.0,103.0,138.0,166.0,166.0
144,lower-neck,0,2,-4.75,96.25,142.75,164.75,164.75
144,lower-neck,0,2,-4.5,89.5,147.5,163.5,163.5
144,lower-neck,0,2,-4.25,82.75,152.25,162.25,162.25
144,lower-neck,0,2,-4.0,76.0,157.0,161.0,161.0
144,lower-neck,0,2,-3.75,74.0,150.75,156.0,156.0
144,lower-neck,0,2,-3.5,72.0,144.5,151.0,151.0
144,lower-neck,0,2,-3.25,70.0,138.25,146.0,146.0
144,lower-neck,0,2,-3.0,68.0,132.0,141.0,141.0
144,lower-neck,0,2,-2.75,70.25,131.5,141.75,141.75
144,lower-neck,0,2,-2.5,72.5,131.0,142.5,142.5
144,lower-neck,0,2,-2.25,74.75,130.5,143.25,143.25
144,lower-neck,0,2,-2.0,77.0,130.0,144.0,144.0
144,lower-neck,0,2,-1.75,73.0,133.5,145.0,145.0
144,lower-neck,0,2,-1.5,69.0,137.0,146.0,146.0
144,lower-neck,0,2,-1.25,65.0,140.5,147.0,147.0
144,lower-neck,0,2,-1.0,61.0,144.0,148.0,148.0
144,lower-neck,0,2,-0.75,68.0,141.0,152.0,152.0
144,lower-neck,0,2,-0.5,75.0,138.0,156.0,156.0
144,lower-neck,0,2,-0.25,82.0,135.0,160.0,160.0
144,lower-neck,0,2,0.0,89.0,132.0,164.0,164.0
144,lower-neck,0,2,0.25,86.75,133.25,164.5,164.5
144,lower-neck,0,2,0.5,84.5,134.5,165.0,165.0
144,lower-neck,0,2,0.75,82.25,135.75,165.5,165.5
144,lower-neck,0,2,1.0,80.0,137.0,166.0,166.0
144,lower-neck,0,2,1.25,83.75,135.75,159.5,159.5
144,lower-neck,0,2,1.5,87.5,134.5,153.0,153.0
144,lower-neck,0,2,1.75,91.25,133.25,146.5,146.5
144,lower-neck,0,2,2.0,95.0,132.0,140.0,140.0
144,lower-neck,0,2,2.25,107.75,115.25,121.0,121.0
144,lower-neck,0,2,2.5,120.5,98.5,102.0,120.5
144,lower-neck,0,2,2.75,133.25,81.75,83.0,133.25
144,lower-neck,0,2,3.0,146.0,65.0,64.0,146.0
144,lower-neck,0,2,3.25,150.75,49.5,48.0,150.75
144,lower-neck,0,2,3.5,155.5,34.0,32.0,155.5
144,lower-neck,0,2,3.75,160.25,18.5,16.0,160.25
144,lower-neck,0,2,4.0,165.0,3.0,0.0,165.0
144,lower-neck,0,2,4.25,164.5,2.75,0.0,164.5
144,lower-neck,0,2,4.5,164.0,2.5,0.0,164.0
144,lower-neck,0,2,4.75,163.5,2.25,0.0,163.5
144,lower-neck,0,2,5.0,163.0,2.0,0.0,163.0
144,lower-neck,0,2,5.25,163.75,1.75,1.75,163.75
144,lower-neck,0,2,5.5,164.5,1.5,3.5,164.5
144,lower-neck,0,2,5.75,165.25,1.25,5.25,165.25
144,lower-neck,0,2,6.0,166.0,1.0,7.0,166.0
144,lower-neck,0,2,6.25,169.25,1.25,5.25,169.25
144,lower-neck,0,2,6.5,172.5,1.5,3.5,172.5
144,lower-neck,0,2,6.75,175.75,1.75,1.75,175.75
144,lower-neck,0,2,7.0,179.0,2.0,0.0,179.0
144,lower-neck,0.8,-2,-7.0,61.12041096411761,109.31126963173557,125.86690587244833,125.86690587244833
144,lower-neck,0.8,-2,-6.75,61.465240969709576,109.8507041666281,126.35768789638031,126.35768789638031
144,lower-neck,0.8,-2,-6.5,61.81007097530154,110.39013870152064,126.8484699203123,126.8484699203123
144,lower-neck,0.8,-2,-6.25,62.15490098089351,110.92957323641316,127.33925194424428,127.33925194424428
144,lower-neck,0.8,-2,-6.0,62.499730986485474,111.4690077713057,127.83003396817627,127.83003396817627
144,lower-neck,0.8,-2,-5.75,63.79727871387324,112.476181103485,128.78824109871329,128.78824109871329
144,lower-neck,0.8,-2,-5.5,65.094826441261,113.48335443566431,129.74644822925032,129.74644822925032
144,lower-neck,0.8,-2,-5.25,66.39237416864879,114.49052776784362,130.70465535978732,130.70465535978732
144,lower-neck,0.8,-2,-5.0,67.68992189603655,115.49770110002292,131.66286249032436,131.66286249032436
144,lower-neck,0.8,-2,-4.75,68.64680293525252,115.78361417804084,131.8923438241413,131.8923438241413
144,lower-neck,0.8,-2,-4.5,69.6036839744685,116.06952725605873,132.12182515795826,132.12182515795826
144,lower-neck,0.8,-2,-4.25,70.56056501368447,116.35544033407666,132.3513064917752,132.3513064917752
144,lower-neck,0.8,-2,-4.0,71.51744605290044,116.64135341209456,132.58078782559215,132.58078782559215
144,lower-neck,0.8,-2,-3.75,71.46126806621994,115.66312151532145,131.52649239792174,131.52649239792174
144,lower-neck,0.8,-2,-3.5,71.40509007953943,114.68488961854831,130.4721969702513,130.4721969702513
144,lower-neck,0.8,-2,-3.25,71.34891209285894,113.70665772177517,129.41790154258086,129.41790154258086
144,lower-neck,0.8,-2,-3.0,71.29273410617844,112.72842582500206,128.36360611491045,128.36360611491045
144,lower-neck,0.8,-2,-2.75,71.07529905992124,110.8707417319086,126.12385774666548,126.12385774666548
144,lower-neck,0.8,-2,-2.5,70.85786401366401,109.01305763881514,123.8841093784205,123.8841093784205
144,lower-neck,0.8,-2,-2.25,70.64042896740679,107.15537354572169,121.64436101017553,121.64436101017553
144,lower-neck,0.8,-2,-2.0,70.42299392114958,105.29768945262822,119.40461264193056,119.40461264193056
144,lower-neck,0.8,-2,-1.75,70.12223018235915,102.88728175699316,116.03695462373466,116.03695462373466
144,lower-neck,0.8,-2,-1.5,69.8214664435687,100.4768740613581,112.66929660553876,112.66929660553876
144,lower-neck,0.8,-2,-1.25,69.52070270477824,98.06646636572303,109.30163858734286,109.30163858734286
144,lower-neck,0.8,-2,-1.0,69.21993896598781,95.65605867008797,105.93398056914697,105.93398056914697
144,lower-neck,0.8,-2,-0.75,68.19654263960567,94.79824048189847,104.37778001799427,104.37778001799427
144,lower-neck,0.8,-2,-0.5,67.17314631322351,93.94042229370899,102.82157946684156,102.82157946684156
144,lower-neck,0.8,-2,-0.25,66.14974998684136,93.0826041055195,101.26537891568886,101.26537891568886
144,lower-neck,0.8,-2,0.0,65.12635366045922,92.22478591733,99.70917836453614,99.70917836453614
144,lower-neck,0.8,-2,0.25,65.56556170809279,93.83959732910064,101.19895780749616,101.19895780749616
144,lower-neck,0.8,-2,0.5,66.00476975572634,95.45440874087129,102.68873725045617,102.68873725045617
144,lower-neck,0.8,-2,0.75,66.4439778033599,97.06922015264193,104.17851669341619,104.17851669341619
144,lower-neck,0.8,-2,1.0,66.88318585099347,98.68403156441258,105.66829613637618,105.66829613637618
144,lower-neck,0.8,-2,1.25,67.92235516567666,100.27955437762346,107.65183684148604,107.65183684148604
144,lower-neck,0.8,-2,1.5,68.96152448035984,101.87507719083433,109.63537754659592,109.63537754659592
144,lower-neck,0.8,-2,1.75,70.00069379504302,103.47060000404521,111.61891825170576,111.61891825170576
144,lower-neck,0.8,-2,2.0,71.03986310972621,105.06612281725609,113.60245895681564,113.60245895681564
144,lower-neck,0.8,-2,2.25,71.47672820955391,105.31009436214455,114.75744405133122,114.75744405133122
144,lower-neck,0.8,-2,2.5,71.91359330938161,105.55406590703303,115.91242914584683,115.91242914584683
144,lower-neck,0.8,-2,2.75,72.35045840920931,105.79803745192152,117.06741424036244,117.06741424036244
144,lower-neck,0.8,-2,3.0,72.78732350903701,106.04200899680998,118.22239933487802,118.22239933487802
144,lower-neck,0.8,-2,3.25,72.90698990512536,106.28593806057803,119.54438489377452,119.54438489377452
144,lower-neck,0.8,-2,3.5,73.0266563012137,106.52986712434608,120.86637045267102,120.86637045267102
144,lower-neck,0.8,-2,3.75,73.14632269730205,106.77379618811412,122.18835601156752,122.18835601156752
144,lower-neck,0.8,-2,4.0,73.26598909339042,107.01772525188217,123.51034157046402,123.51034157046402
144,lower-neck,0.8,-2,4.25,73.02161131949036,107.70988742833387,124.97377609144539,124.97377609144539
144,lower-neck,0.8,-2,4.5,72.77723354559032,108.40204960478556,126.43721061242672,126.43721061242672
144,lower-neck,0.8,-2,4.75,72.53285577169027,109.09421178123726,127.90064513340806,127.90064513340806
144,lower-neck,0.8,-2,5.0,72.28847799779021,109.78637395768897,129.36407965438943,129.36407965438943
144,lower-neck,0.8,-2,5.25,72.18918899038988,110.36139385411855,129.93316230821972,129.93316230821972
144,lower-neck,0.8,-2,5.5,72.08989998298954,110.93641375054813,130.50224496205004,130.50224496205004
144,lower-neck,0.8,-2,5.75,71.99061097558919,111.51143364697772,131.07132761588034,131.07132761588034
144,lower-neck,0.8,-2,6.0,71.89132196818886,112.0864535434073,131.64041026971063,131.64041026971063
144,lower-neck,0.8,-2,6.25,72.32034179839806,112.04495056369655,130.84726329549972,130.84726329549972
144,lower-neck,0.8,-2,6.5,72.74936162860725,112.0034475839858,130.0541163212888,130.0541163212888
144,lower-neck,0.8,-2,6.75,73.17838145881643,111.96194460427503,129.2609693470779,129.2609693470779
144,lower-neck,0.8,-2,7.0,73.60740128902563,111.92044162456429,128.46782237286698,128.46782237286698
144,lower-neck,0.8,-1,-7.0,63.530934435818054,109.96158284464343,126.09737258840983,126.09737258840983
144,lower-neck,0.8,-1,-6.75,62.6796967115158,109.05761676914308,125.10040534322292,125.10040534322292
144,lower-neck,0.8,-1,-6.5,61.82845898721355,108.15365069364273,124.10343809803602,124.10343809803602
144,lower-neck,0.8,-1,-6.25,60.9772212629113,107.24968461814237,123.10647085284913,123.10647085284913
144,lower-neck,0.8,-1,-6.0,60.12598353860904,106.34571854264202,122.10950360766222,122.10950360766222
144,lower-neck,0.8,-1,-5.75,59.20018450923729,105.07125644807996,120.79452061794808,120.79452061794808
144,lower-neck,0.8,-1,-5.5,58.27438547986553,103.79679435351792,119.47953762823393,119.47953762823393
144,lower-neck,0.8,-1,-5.25,57.34858645049377,102.5223322589559,118.16455463851977,118.16455463851977
144,lower-neck,0.8,-1,-5.0,56.42278742112202,101.24787016439385,116.84957164880564,116.84957164880564
144,lower-neck,0.8,-1,-4.75,55.64438471658914,99.79246444261454,115.4171058616493,115.4171058616493
144,lower-neck,0.8,-1,-4.5,54.86598201205626,98.33705872083523,113.98464007449297,113.98464007449297
144,lower-neck,0.8,-1,-4.25,54.08757930752338,96.88165299905592,112.55217428733664,112.55217428733664
144,lower-neck,0.8,-1,-4.0,53.3091766029905,95.42624727727662,111.11970850018031,111.11970850018031
144,lower-neck,0.8,-1,-3.75,53.419098006980064,94.91837607005974,110.63368385656419,110.63368385656419
144,lower-neck,0.8,-1,-3.5,53.52901941096963,94.41050486284284,110.14765921294807,110.14765921294807
144,lower-neck,0.8,-1,-3.25,53.6389408149592,93.90263365562595,109.66163456933195,109.66163456933195
144,lower-neck,0.8,-1,-3.0,53.748862218948766,93.39476244840907,109.17560992571583,109.17560992571583
144,lower-neck,0.8,-1,-2.75,54.64616221301888,94.62138718003568,109.80208633148365,109.80208633148365
144,lower-neck,0.8,-1,-2.5,55.54346220708901,95.84801191166233,110.42856273725147,110.42856273725147
144,lower-neck,0.8,-1,-2.25,56.440762201159124,97.07463664328895,111.05503914301929,111.05503914301929
144,lower-neck,0.8,-1,-2.0,57.33806219522924,98.30126137491557,111.6815155487871,111.6815155487871
144,lower-neck,0.8,-1,-1.75,57.77343038815563,99.92180377979966,112.20406485410697,112.20406485410697
144,lower-neck,0.8,-1,-1.5,58.20879858108202,101.54234618468374,112.72661415942684,112.72661415942684
144,lower-neck,0.8,-1,-1.25,58.64416677400842,103.16288858956783,113.24916346474672,113.24916346474672
144,lower-neck,0.8,-1,-1.0,59.07953496693481,104.78343099445192,113.77171277006659,113.77171277006659
144,lower-neck,0.8,-1,-0.75,59.644935880672584,104.96053272591257,114.41678132552593,114.41678132552593
144,lower-neck,0.8,-1,-0.5,60.21033679441036,105.13763445737322,115.06184988098526,115.06184988098526
144,lower-neck,0.8,-1,-0.25,60.775737708148135,105.31473618883388,115.70691843644461,115.70691843644461
144,lower-neck,0.8,-1,0.0,61.34113862188591,105.49183792029453,116.35198699190394,116.35198699190394
144,lower-neck,0.8,-1,0.25,63.40410365473866,106.70902975043008,118.88771203843496,118.88771203843496
144,lower-neck,0.8,-1,0.5,65.46706868759141,107.92622158056562,121.42343708496594,121.42343708496594
144,lower-neck,0.8,-1,0.75,67.53003372044415,109.14341341070119,123.95916213149692,123.95916213149692
144,lower-neck,0.8,-1,1.0,69.5929987532969,110.36060524083673,126.49488717802794,126.49488717802794
144,lower-neck,0.8,-1,1.25,70.27730902106713,111.62803775730771,128.47941099235933,128.47941099235933
144,lower-neck,0.8,-1,1.5,70.96161928883737,112.8954702737787,130.46393480669076,130.46393480669076
144,lower-neck,0.8,-1,1.75,71.6459295566076,114.16290279024967,132.44845862102216,132.44845862102216
144,lower-neck,0.8,-1,2.0,72.33023982437783,115.43033530672065,134.43298243535355,134.43298243535355
144,lower-neck,0.8,-1,2.25,71.67989765328967,116.36967851965693,135.22309882256494,135.22309882256494
144,lower-neck,0.8,-1,2.5,71.02955548220152,117.30902173259321,136.01321520977632,136.01321520977632
144,lower-neck,0.8,-1,2.75,70.37921331111338,118.24836494552949,136.80333159698768,136.80333159698768
144,lower-neck,0.8,-1,3.0,69.72887114002522,119.18770815846577,137.59344798419906,137.59344798419906
144,lower-neck,0.8,-1,3.25,69.11121074537459,119.89988507884445,137.85835273661036,137.85835273661036
144,lower-neck,0.8,-1,3.5,68.49355035072395,120.61206199922312,138.12325748902163,138.12325748902163
144,lower-neck,0.8,-1,3.75,67.87588995607332,121.32423891960178,138.38816224143292,138.38816224143292
144,lower-neck,0.8,-1,4.0,67.2582295614227,122.03641583998046,138.65306699384422,138.65306699384422
144,lower-neck,0.8,-1,4.25,67.17337352720936,122.18852110733494,138.4862843462031,138.4862843462031
144,lower-neck,0.8,-1,4.5,67.08851749299603,122.3406263746894,138.31950169856194,138.31950169856194
144,lower-neck,0.8,-1,4.75,67.0036614587827,122.49273164204388,138.15271905092078,138.15271905092078
144,lower-neck,0.8,-1,5.0,66.91880542456937,122.64483690939835,137.98593640327965,137.98593640327965
144,lower-neck,0.8,-1,5.25,68.24399782424068,122.95380472613519,138.42176847106057,138.42176847106057
144,lower-neck,0.8,-1,5.5,69.56919022391199,123.26277254287204,138.8576005388415,138.8576005388415
144,lower-neck,0.8,-1,5.75,70.89438262358331,123.5717403596089,139.29343260662242,139.29343260662242
144,lower-neck,0.8,-1,6.0,72.21957502325462,123.88070817634573,139.72926467440334,139.72926467440334
144,lower-neck,0.8,-1,6.25,73.48284027001498,123.25239545679386,139.604803654847,139.604803654847
144,lower-neck,0.8,-1,6.5,74.74610551677534,122.62408273724196,139.4803426352906,139.4803426352906
144,lower-neck,0.8,-1,6.75,76.0093707635357,121.99577001769009,139.35588161573423,139.35588161573423
144,lower-neck,0.8,-1,7.0,77.27263601029605,121.3674572981382,139.23142059617788,139.23142059617788
144,lower-neck,0.8,0,-7.0,74.60930397424423,126.93955221960167,144.06460359903724,144.06460359903724
144,lower-neck,0.8,0,-6.75,74.07675611681539,125.85072270808305,142.745952580651,142.745952580651
144,lower-neck,0.8,0,-6.5,73.54420825938655,124.76189319656444,141.42730156226474,141.42730156226474
144,lower-neck,0.8,0,-6.25,73.01166040195773,123.67306368504583,140.1086505438785,140.1086505438785
144,lower-neck,0.8,0,-6.0,72.47911254452889,122.58423417352722,138.78999952549225,138.78999952549225
144,lower-neck,0.8,0,-5.75,71.24005113206844,120.66552024985288,136.71382954374545,136.71382954374545
144,lower-neck,0.8,0,-5.5,70.00098971960801,118.74680632617851,134.63765956199865,134.63765956199865
144,lower-neck,0.8,0,-5.25,68.76192830714758,116.82809240250415,132.56148958025184,132.56148958025184
144,lower-neck,0.8,0,-5.0,67.52286689468714,114.90937847882981,130.48531959850504,130.48531959850504
144,lower-neck,0.8,0,-4.75,65.24008949193191,111.81553459492551,127.40188154340582,127.40188154340582
144,lower-neck,0.8,0,-4.5,62.95731208917667,108.72169071102121,124.3184434883066,124.3184434883066
144,lower-neck,0.8,0,-4.25,60.674534686421424,105.62784682711691,121.23500543320736,121.23500543320736
144,lower-neck,0.8,0,-4.0,58.391757283666195,102.53400294321261,118.15156737810814,118.15156737810814
144,lower-neck,0.8,0,-3.75,56.4356751518328,99.82109476377873,115.54394828454167,115.54394828454167
144,lower-neck,0.8,0,-3.5,54.47959301999941,97.10818658434485,112.93632919097521,112.93632919097521
144,lower-neck,0.8,0,-3.25,52.52351088816603,94.39527840491095,110.32871009740875,110.32871009740875
144,lower-neck,0.8,0,-3.0,50.56742875633263,91.68237022547707,107.72109100384228,107.72109100384228
144,lower-neck,0.8,0,-2.75,50.723360023475514,92.24598159094622,107.93994548114983,107.93994548114983
144,lower-neck,0.8,0,-2.5,50.87929129061839,92.80959295641537,108.15879995845741,108.15879995845741
144,lower-neck,0.8,0,-2.25,51.03522255776127,93.37320432188451,108.37765443576498,108.37765443576498
144,lower-neck,0.8,0,-2.0,51.19115382490415,93.93681568735366,108.59650891307254,108.59650891307254
144,lower-neck,0.8,0,-1.75,54.063090524767915,98.00092331103879,112.30451727674678,112.30451727674678
144,lower-neck,0.8,0,-1.5,56.93502722463168,102.06503093472392,116.012525640421,116.012525640421
144,lower-neck,0.8,0,-1.25,59.80696392449545,106.12913855840907,119.72053400409524,119.72053400409524
144,lower-neck,0.8,0,-1.0,62.678900624359215,110.1932461820942,123.42854236776947,123.42854236776947
144,lower-neck,0.8,0,-0.75,66.01539001070378,112.3633391504168,126.91934002647426,126.91934002647426
144,lower-neck,0.8,0,-0.5,69.35187939704835,114.53343211873941,130.41013768517905,130.41013768517905
144,lower-neck,0.8,0,-0.25,72.68836878339292,116.70352508706202,133.90093534388384,133.90093534388384
144,lower-neck,0.8,0,0.0,76.0248581697375,118.87361805538463,137.39173300258864,137.39173300258864
144,lower-neck,0.8,0,0.25,77.36007038950783,119.16963684288575,139.18787349395382,139.18787349395382
144,lower-neck,0.8,0,0.5,78.69528260927814,119.46565563038689,140.984013985319,140.984013985319
144,lower-neck,0.8,0,0.75,80.03049482904846,119.76167441788802,142.78015447668417,142.78015447668417
144,lower-neck,0.8,0,1.0,81.36570704881879,120.05769320538914,144.57629496804935,144.57629496804935
144,lower-neck,0.8,0,1.25,80.59747914147891,120.7403569121496,145.16147088862533,145.16147088862533
144,lower-neck,0.8,0,1.5,79.82925123413904,121.42302061891003,145.74664680920128,145.74664680920128
144,lower-neck,0.8,0,1.75,79.06102332679916,122.10568432567047,146.33182272977723,146.33182272977723
144,lower-neck,0.8,0,2.0,78.2927954194593,122.78834803243092,146.9169986503532,146.9169986503532
144,lower-neck,0.8,0,2.25,77.49933504109906,123.77808184875445,146.29644604292903,146.29644604292903
144,lower-neck,0.8,0,2.5,76.70587466273884,124.76781566507799,145.67589343550486,145.67589343550486
144,lower-neck,0.8,0,2.75,75.9124142843786,125.75754948140154,145.0553408280807,145.0553408280807
144,lower-neck,0.8,0,3.0,75.11895390601836,126.74728329772508,144.43478822065651,144.43478822065651
144,lower-neck,0.8,0,3.25,75.98401115806857,126.3232976723702,142.35770860816444,142.35770860816444
144,lower-neck,0.8,0,3.5,76.84906841011879,125.89931204701533,140.28062899567237,140.28062899567237
144,lower-neck,0.8,0,3.75,77.71412566216901,125.47532642166045,138.20354938318033,138.20354938318033
144,lower-neck,0.8,0,4.0,78.57918291421922,125.05134079630558,136.12646977068826,136.12646977068826
144,lower-neck,0.8,0,4.25,80.87378886686277,122.6180402854677,132.89500773774782,132.89500773774782
144,lower-neck,0.8,0,4.5,83.16839481950632,120.1847397746298,129.66354570480738,129.66354570480738
144,lower-neck,0.8,0,4.75,85.46300077214988,117.75143926379192,126.43208367186693,126.43208367186693
144,lower-neck,0.8,0,5.0,87.75760672479343,115.31813875295404,123.20062163892648,123.20062163892648
144,lower-neck,0.8,0,5.25,90.29876602675034,112.87121261307198,120.79393373942501,120.79393373942501
144,lower-neck,0.8,0,5.5,92.83992532870727,110.42428647318991,118.38724583992355,118.38724583992355
144,lower-neck,0.8,0,5.75,95.3810846306642,107.97736033330784,115.98055794042209,115.98055794042209
144,lower-neck,0.8,0,6.0,97.92224393262111,105.53043419342578,113.57387004092062,113.57387004092062
144,lower-neck,0.8,0,6.25,98.9523399706731,103.60479321978659,112.19065055706223,112.19065055706223
144,lower-neck,0.8,0,6.5,99.98243600872506,101.67915224614738,110.80743107320382,110.80743107320382
144,lower-neck,0.8,0,6.75,101.01253204677704,99.75351127250818,109.42421158934542,109.42421158934542
144,lower-neck,0.8,0,7.0,102.042628084829,97.82787029886899,108.04099210548702,108.04099210548702
144,lower-neck,0.8,1,-7.0,81.53804116164203,140.60665675033624,161.3806452231442,161.3806452231442
144,lower-neck,0.8,1,-6.75,81.51241206465689,139.42118364738087,159.9914020807327,159.9914020807327
144,lower-neck,0.8,1,-6.5,81.48678296767173,138.2357105444255,158.60215893832122,158.60215893832122
144,lower-neck,0.8,1,-6.25,81.46115387068657,137.0502374414701,157.21291579590974,157.21291579590974
144,lower-neck,0.8,1,-6.0,81.43552477370143,135.86476433851473,155.82367265349825,155.82367265349825
144,lower-neck,0.8,1,-5.75,81.19825083866934,134.7622862260772,154.1377663732386,154.1377663732386
144,lower-neck,0.8,1,-5.5,80.96097690363725,133.6598081136397,152.451860092979,152.451860092979
144,lower-neck,0.8,1,-5.25,80.72370296860515,132.5573300012022,150.76595381271937,150.76595381271937
144,lower-neck,0.8,1,-5.0,80.48642903357306,131.45485188876467,149.08004753245973,149.08004753245973
144,lower-neck,0.8,1,-4.75,78.72550291523984,129.76849871240682,146.68098220898503,146.68098220898503
144,lower-neck,0.8,1,-4.5,76.96457679690661,128.08214553604896,144.2819168855103,144.2819168855103
144,lower-neck,0.8,1,-4.25,75.2036506785734,126.3957923596911,141.88285156203557,141.88285156203557
144,lower-neck,0.8,1,-4.0,73.44272456024018,124.70943918333325,139.48378623856087,139.48378623856087
144,lower-neck,0.8,1,-3.75,71.46457473054235,121.95994250936539,136.7627014845205,136.7627014845205
144,lower-neck,0.8,1,-3.5,69.48642490084453,119.21044583539752,134.04161673048014,134.04161673048014
144,lower-neck,0.8,1,-3.25,67.5082750711467,116.46094916142967,131.32053197643978,131.32053197643978
144,lower-neck,0.8,1,-3.0,65.53012524144886,113.7114524874618,128.5994472223994,128.5994472223994
144,lower-neck,0.8,1,-2.75,64.87334001987082,112.9850583145242,127.92064992123122,127.92064992123122
144,lower-neck,0.8,1,-2.5,64.21655479829279,112.25866414158658,127.24185262006301,127.24185262006301
144,lower-neck,0.8,1,-2.25,63.55976957671476,111.53226996864896,126.56305531889481,126.56305531889481
144,lower-neck,0.8,1,-2.0,62.902984355136724,110.80587579571136,125.88425801772664,125.88425801772664
144,lower-neck,0.8,1,-1.75,64.53827387960582,113.33249055840716,128.56582542886798,128.56582542886798
144,lower-neck,0.8,1,-1.5,66.17356340407491,115.85910532110296,131.24739284000935,131.24739284000935
144,lower-neck,0.8,1,-1.25,67.80885292854401,118.38572008379874,133.92896025115073,133.92896025115073
144,lower-neck,0.8,1,-1.0,69.44414245301311,120.91233484649455,136.6105276622921,136.6105276622921
144,lower-neck,0.8,1,-0.75,72.2164793488086,122.72207871342236,139.87892879543023,139.87892879543023
144,lower-neck,0.8,1,-0.5,74.9888162446041,124.5318225803502,143.14732992856835,143.14732992856835
144,lower-neck,0.8,1,-0.25,77.76115314039957,126.34156644727801,146.41573106170648,146.41573106170648
144,lower-neck,0.8,1,0.0,80.53349003619506,128.15131031420583,149.68413219484464,149.68413219484464
144,lower-neck,0.8,1,0.25,81.03166472253781,128.16940960430233,150.36797532305556,150.36797532305556
144,lower-neck,0.8,1,0.5,81.52983940888058,128.18750889439883,151.0518184512665,151.0518184512665
144,lower-neck,0.8,1,0.75,82.02801409522334,128.20560818449536,151.73566157947747,151.73566157947747
144,lower-neck,0.8,1,1.0,82.5261887815661,128.22370747459186,152.4195047076884,152.4195047076884
144,lower-neck,0.8,1,1.25,82.66626269794774,127.5715667478381,150.4877703472815,150.4877703472815
144,lower-neck,0.8,1,1.5,82.80633661432938,126.91942602108435,148.55603598687458,148.55603598687458
144,lower-neck,0.8,1,1.75,82.94641053071102,126.26728529433058,146.62430162646766,146.62430162646766
144,lower-neck,0.8,1,2.0,83.08648444709266,125.61514456757682,144.69256726606076,144.69256726606076
144,lower-neck,0.8,1,2.25,85.68265613293104,123.20999093638235,140.3099897714709,140.3099897714709
144,lower-neck,0.8,1,2.5,88.27882781876941,120.80483730518787,135.92741227688106,135.92741227688106
144,lower-neck,0.8,1,2.75,90.87499950460779,118.39968367399341,131.54483478229122,131.54483478229122
144,lower-neck,0.8,1,3.0,93.47117119044617,115.99453004279894,127.16225728770135,127.16225728770135
144,lower-neck,0.8,1,3.25,97.93736045271756,110.79058583199799,120.9737123536334,120.9737123536334
144,lower-neck,0.8,1,3.5,102.40354971498894,105.58664162119705,114.78516741956544,114.78516741956544
144,lower-neck,0.8,1,3.75,106.86973897726033,100.3826974103961,108.59662248549748,108.59662248549748
144,lower-neck,0.8,1,4.0,111.33592823953171,95.17875319959515,102.40807755142953,111.33592823953171
144,lower-neck,0.8,1,4.25,115.82862114297595,88.28175392503864,95.83241662018887,115.82862114297595
144,lower-neck,0.8,1,4.5,120.3213140464202,81.38475465048212,89.25675568894822,120.3213140464202
144,lower-neck,0.8,1,4.75,124.81400694986444,74.48775537592562,82.68109475770757,124.81400694986444
144,lower-neck,0.8,1,5.0,129.3066998533087,67.5907561013691,76.1054338264669,129.3066998533087
144,lower-neck,0.8,1,5.25,131.73218852625732,61.710500374697595,70.24839089310512,131.73218852625732
144,lower-neck,0.8,1,5.5,134.15767719920598,55.830244648026095,64.39134795974334,134.15767719920598
144,lower-neck,0.8,1,5.75,136.5831658721546,49.949988921354596,58.53430502638156,136.5831658721546
144,lower-neck,0.8,1,6.0,139.00865454510324,44.069733194683096,52.67726209301978,139.00865454510324
144,lower-neck,0.8,1,6.25,139.60685117367888,41.673792948883026,49.27286348535702,139.60685117367888
144,lower-neck,0.8,1,6.5,140.2050478022545,39.27785270308296,45.86846487769426,140.2050478022545
144,lower-neck,0.8,1,6.75,140.80324443083018,36.88191245728288,42.464066270031495,140.80324443083018
144,lower-neck,0.8,1,7.0,141.4014410594058,34.48597221148281,39.05966766236874,141.4014410594058
144,lower-neck,0.8,2,-7.0,86.59669700716098,148.64125717832053,173.41795422178666,173.41795422178666
144,lower-neck,0.8,2,-6.75,86.8300587260635,147.3332802492077,172.08195972794152,172.08195972794152
144,lower-neck,0.8,2,-6.5,87.06342044496603,146.02530332009488,170.74596523409636,170.74596523409636
144,lower-neck,0.8,2,-6.25,87.29678216386853,144.71732639098207,169.4099707402512,169.4099707402512
144,lower-neck,0.8,2,-6.0,87.53014388277106,143.40934946186923,168.07397624640606,168.07397624640606
144,lower-neck,0.8,2,-5.75,87.69958449066876,142.87213853860987,166.4500843250988,166.4500843250988
144,lower-neck,0.8,2,-5.5,87.86902509856647,142.3349276153505,164.82619240379154,164.82619240379154
144,lower-neck,0.8,2,-5.25,88.03846570646417,141.79771669209111,163.2023004824843,163.2023004824843
144,lower-neck,0.8,2,-5.0,88.20790631436188,141.26050576883176,161.57840856117704,161.57840856117704
144,lower-neck,0.8,2,-4.75,86.15547987737796,140.9481269462665,159.52435826095444,159.52435826095444
144,lower-neck,0.8,2,-4.5,84.10305344039404,140.63574812370126,157.47030796073187,157.47030796073187
144,lower-neck,0.8,2,-4.25,82.0506270034101,140.32336930113604,155.4162576605093,155.4162576605093
144,lower-neck,0.8,2,-4.0,79.99820056642618,140.0109904785708,153.3622073602867,153.3622073602867
144,lower-neck,0.8,2,-3.75,78.43272985914761,137.72384575312407,150.990945674465,150.990945674465
144,lower-neck,0.8,2,-3.5,76.86725915186906,135.43670102767734,148.61968398864326,148.61968398864326
144,lower-neck,0.8,2,-3.25,75.3017884445905,133.14955630223062,146.24842230282155,146.24842230282155
144,lower-neck,0.8,2,-3.0,73.73631773731194,130.8624115767839,143.87716061699984,143.87716061699984
144,lower-neck,0.8,2,-2.75,73.46943132337358,130.1136918078756,143.56822886922413,143.56822886922413
144,lower-neck,0.8,2,-2.5,73.20254490943523,129.3649720389673,143.25929712144838,143.25929712144838
144,lower-neck,0.8,2,-2.25,72.93565849549688,128.616252270059,142.95036537367264,142.95036537367264
144,lower-neck,0.8,2,-2.0,72.66877208155853,127.86753250115069,142.64143362589692,142.64143362589692
144,lower-neck,0.8,2,-1.75,73.13822479086323,129.04508455832283,144.14126078566204,144.14126078566204
144,lower-neck,0.8,2,-1.5,73.60767750016794,130.22263661549493,145.64108794542713,145.64108794542713
144,lower-neck,0.8,2,-1.25,74.07713020947264,131.40018867266704,147.14091510519222,147.14091510519222
144,lower-neck,0.8,2,-1.0,74.54658291877735,132.57774072983918,148.64074226495734,148.64074226495734
144,lower-neck,0.8,2,-0.75,76.73708748426904,132.25899655715543,149.33707198654926,149.33707198654926
144,lower-neck,0.8,2,-0.5,78.92759204976072,131.94025238447168,150.03340170814118,150.03340170814118
144,lower-neck,0.8,2,-0.25,81.1180966152524,131.62150821178793,150.72973142973314,150.72973142973314
144,lower-neck,0.8,2,0.0,83.30860118074409,131.30276403910418,151.42606115132506,151.42606115132506
144,lower-neck,0.8,2,0.25,85.92605004555566,128.39674211404116,148.5995837120368,148.5995837120368
144,lower-neck,0.8,2,0.5,88.54349891036722,125.49072018897814,145.77310627274852,145.77310627274852
144,lower-neck,0.8,2,0.75,91.16094777517878,122.58469826391513,142.94662883346027,142.94662883346027
144,lower-neck,0.8,2,1.0,93.77839663999035,119.6786763388521,140.120151394172,140.120151394172
144,lower-neck,0.8,2,1.25,97.46692960074054,114.26008495749679,133.05616799144173,133.05616799144173
144,lower-neck,0.8,2,1.5,101.15546256149071,108.84149357614146,125.99218458871144,125.99218458871144
144,lower-neck,0.8,2,1.75,104.8439955222409,103.42290219478612,118.92820118598115,118.92820118598115
144,lower-neck,0.8,2,2.0,108.53252848299108,98.0043108134308,111.86421778325087,111.86421778325087
144,lower-neck,0.8,2,2.25,113.99064251521216,90.7551248744148,102.56914818237686,113.99064251521216
144,lower-neck,0.8,2,2.5,119.44875654743325,83.50593893539882,93.27407858150285,119.44875654743325
144,lower-neck,0.8,2,2.75,124.90687057965432,76.25675299638283,83.97900898062883,124.90687057965432
144,lower-neck,0.8,2,3.0,130.3649846118754,69.00756705736683,74.68393937975483,130.3649846118754
144,lower-neck,0.8,2,3.25,135.34824982369213,61.94069204257666,66.77075125877434,135.34824982369213
144,lower-neck,0.8,2,3.5,140.33151503550886,54.87381702778648,58.857563137793846,140.33151503550886
144,lower-neck,0.8,2,3.75,145.3147802473256,47.8069420129963,50.94437501681336,145.3147802473256
144,lower-neck,0.8,2,4.0,150.29804545914234,40.74006699820613,43.03118689583287,150.29804545914234
144,lower-neck,0.8,2,4.25,153.26294149937178,35.71072998001131,38.42277938735199,153.26294149937178
144,lower-neck,0.8,2,4.5,156.22783753960124,30.681392961816485,33.8143718788711,156.22783753960124
144,lower-neck,0.8,2,4.75,159.1927335798307,25.652055943621658,29.205964370390213,159.1927335798307
144,lower-neck,0.8,2,5.0,162.15762962006016,20.622718925426835,24.597556861909332,162.15762962006016
144,lower-neck,0.8,2,5.25,163.83667349568026,17.623381131411318,21.8931763127361,163.83667349568026
144,lower-neck,0.8,2,5.5,165.51571737130035,14.6240433373958,19.188795763562872,165.51571737130035
144,lower-neck,0.8,2,5.75,167.19476124692045,11.624705543380284,16.484415214389642,167.19476124692045
144,lower-neck,0.8,2,6.0,168.87380512254052,8.625367749364768,13.78003466521641,168.87380512254052
144,lower-neck,0.8,2,6.25,170.4761268233837,7.627386356663141,12.028785515100388,170.4761268233837
144,lower-neck,0.8,2,6.5,172.07844852422693,6.629404963961516,10.277536364984364,172.07844852422693
144,lower-neck,0.8,2,6.75,173.6807702250701,5.63142357125989,8.526287214868342,173.6807702250701
144,lower-neck,0.8,2,7.0,175.2830919259133,4.633442178558264,6.775038064752319,175.2830919259133
144,lower-neck,1.2,-2,-7.0,67.60223295197734,116.9222108289338,133.7284660700297,133.7284660700297
144,lower-neck,1.2,-2,-6.75,67.51403485588106,116.77999220483666,133.5306252171547,133.5306252171547
144,lower-neck,1.2,-2,-6.5,67.42583675978477,116.6377735807395,133.33278436427966,133.33278436427966
144,lower-neck,1.2,-2,-6.25,67.3376386636885,116.49555495664237,133.13494351140463,133.13494351140463
144,lower-neck,1.2,-2,-6.0,67.24944056759222,116.35333633254521,132.93710265852962,132.93710265852962
144,lower-neck,1.2,-2,-5.75,67.36232800393971,116.04088624065916,132.51926902057042,132.51926902057042
144,lower-neck,1.2,-2,-5.5,67.4752154402872,115.72843614877311,132.1014353826112,132.1014353826112
144,lower-neck,1.2,-2,-5.25,67.5881028766347,115.41598605688706,131.683601744652,131.683601744652
144,lower-neck,1.2,-2,-5.0,67.70099031298219,115.10353596500102,131.2657681066928,131.2657681066928
144,lower-neck,1.2,-2,-4.75,67.712789943172,114.32858453509853,130.35027495234488,130.35027495234488
144,lower-neck,1.2,-2,-4.5,67.7245895733618,113.55363310519604,129.43478179799695,129.43478179799695
144,lower-neck,1.2,-2,-4.25,67.7363892035516,112.77868167529357,128.51928864364902,128.51928864364902
144,lower-neck,1.2,-2,-4.0,67.74818883374141,112.00373024539108,127.6037954893011,127.6037954893011
144,lower-neck,1.2,-2,-3.75,67.66038719113286,110.81081397716056,126.17652879433666,126.17652879433666
144,lower-neck,1.2,-2,-3.5,67.5725855485243,109.61789770893003,124.7492620993722,124.7492620993722
144,lower-neck,1.2,-2,-3.25,67.48478390591575,108.4249814406995,123.32199540440776,123.32199540440776
144,lower-neck,1.2,-2,-3.0,67.3969822633072,107.23206517246898,121.89472870944331,121.89472870944331
144,lower-neck,1.2,-2,-2.75,67.53519728421037,105.96633821046372,120.17160300442316,120.17160300442316
144,lower-neck,1.2,-2,-2.5,67.67341230511356,104.70061124845847,118.448477299403,118.448477299403
144,lower-neck,1.2,-2,-2.25,67.81162732601675,103.43488428645321,116.72535159438284,116.72535159438284
144,lower-neck,1.2,-2,-2.0,67.94984234691992,102.16915732444795,115.00222588936268,115.00222588936268
144,lower-neck,1.2,-2,-1.75,68.25693010371737,101.20892442534313,113.43332726797424,113.43332726797424
144,lower-neck,1.2,-2,-1.5,68.56401786051482,100.2486915262383,111.86442864658578,111.86442864658578
144,lower-neck,1.2,-2,-1.25,68.87110561731228,99.28845862713348,110.29553002519734,110.29553002519734
144,lower-neck,1.2,-2,-1.0,69.17819337410972,98.32822572802866,108.72663140380888,108.72663140380888
144,lower-neck,1.2,-2,-0.75,69.44694124819006,98.13823594644265,108.12086518965481,108.12086518965481
144,lower-neck,1.2,-2,-0.5,69.7156891222704,97.94824616485663,107.51509897550075,107.51509897550075
144,lower-neck,1.2,-2,-0.25,69.98443699635075,97.7582563832706,106.90933276134668,106.90933276134668
144,lower-neck,1.2,-2,0.0,70.25318487043108,97.5682666016846,106.30356654719262,106.30356654719262
144,lower-neck,1.2,-2,0.25,70.66962046451538,98.23011949724892,106.92034660355115,106.92034660355115
144,lower-neck,1.2,-2,0.5,71.08605605859967,98.89197239281327,107.53712665990969,107.53712665990969
144,lower-neck,1.2,-2,0.75,71.50249165268396,99.55382528837762,108.15390671626824,108.15390671626824
144,lower-neck,1.2,-2,1.0,71.91892724676825,100.21567818394195,108.77068677262677,108.77068677262677
144,lower-neck,1.2,-2,1.25,72.4942723265074,101.16359714656275,109.968787552285,109.968787552285
144,lower-neck,1.2,-2,1.5,73.06961740624655,102.11151610918355,111.16688833194321,111.16688833194321
144,lower-neck,1.2,-2,1.75,73.64496248598572,103.05943507180436,112.36498911160143,112.36498911160143
144,lower-neck,1.2,-2,2.0,74.22030756572487,104.00735403442516,113.56308989125965,113.56308989125965
144,lower-neck,1.2,-2,2.25,74.91783340827445,105.00599237990464,114.99657788656057,114.99657788656057
144,lower-neck,1.2,-2,2.5,75.61535925082401,106.00463072538409,116.43006588186148,116.43006588186148
144,lower-neck,1.2,-2,2.75,76.31288509337358,107.00326907086355,117.86355387716242,117.86355387716242
144,lower-neck,1.2,-2,3.0,77.01041093592315,108.00190741634303,119.29704187246332,119.29704187246332
144,lower-neck,1.2,-2,3.25,77.91342663363653,109.30227971549218,121.0778306948244,121.0778306948244
144,lower-neck,1.2,-2,3.5,78.81644233134992,110.60265201464134,122.85861951718545,122.85861951718545
144,lower-neck,1.2,-2,3.75,79.7194580290633,111.90302431379048,124.63940833954649,124.63940833954649
144,lower-neck,1.2,-2,4.0,80.6224737267767,113.20339661293963,126.42019716190757,126.42019716190757
144,lower-neck,1.2,-2,4.25,81.50154976373148,114.534001060181,128.08690986910767,128.08690986910767
144,lower-neck,1.2,-2,4.5,82.38062580068623,115.86460550742237,129.75362257630778,129.75362257630778
144,lower-neck,1.2,-2,4.75,83.259701837641,117.19520995466375,131.42033528350788,131.42033528350788
144,lower-neck,1.2,-2,5.0,84.13877787459577,118.52581440190512,133.087047990708,133.087047990708
144,lower-neck,1.2,-2,5.25,84.72209435400785,119.17639521348516,133.7935364394409,133.7935364394409
144,lower-neck,1.2,-2,5.5,85.30541083341993,119.82697602506522,134.50002488817387,134.50002488817387
144,lower-neck,1.2,-2,5.75,85.888727312832,120.47755683664525,135.20651333690682,135.20651333690682
144,lower-neck,1.2,-2,6.0,86.4720437922441,121.1281376482253,135.91300178563978,135.91300178563978
144,lower-neck,1.2,-2,6.25,86.63881484791483,120.85369768457822,135.45311798665864,135.45311798665864
144,lower-neck,1.2,-2,6.5,86.80558590358558,120.57925772093115,134.9932341876775,134.9932341876775
144,lower-neck,1.2,-2,6.75,86.97235695925633,120.30481775728407,134.53335038869636,134.53335038869636
144,lower-neck,1.2,-2,7.0,87.13912801492708,120.030377793637,134.07346658971522,134.07346658971522
144,lower-neck,1.2,-1,-7.0,66.99306440878038,115.65542160070034,132.3578825111286,132.3578825111286
144,lower-neck,1.2,-1,-6.75,66.53506023324002,115.02577896812734,131.62528171336976,131.62528171336976
144,lower-neck,1.2,-1,-6.5,66.07705605769965,114.39613633555433,130.89268091561092,130.89268091561092
144,lower-neck,1.2,-1,-6.25,65.61905188215928,113.76649370298134,130.1600801178521,130.1600801178521
144,lower-neck,1.2,-1,-6.0,65.1610477066189,113.13685107040834,129.42747932009328,129.42747932009328
144,lower-neck,1.2,-1,-5.75,64.66462312034366,112.21475023196527,128.41755065715427,128.41755065715427
144,lower-neck,1.2,-1,-5.5,64.16819853406841,111.2926493935222,127.40762199421523,127.40762199421523
144,lower-neck,1.2,-1,-5.25,63.67177394779317,110.37054855507913,126.3976933312762,126.3976933312762
144,lower-neck,1.2,-1,-5.0,63.175349361517924,109.44844771663605,125.38776466833718,125.38776466833718
144,lower-neck,1.2,-1,-4.75,62.61500358624855,108.27365107436646,124.14824566142508,124.14824566142508
144,lower-neck,1.2,-1,-4.5,62.054657810979165,107.09885443209686,122.90872665451299,122.90872665451299
144,lower-neck,1.2,-1,-4.25,61.4943120357098,105.92405778982726,121.66920764760089,121.66920764760089
144,lower-neck,1.2,-1,-4.0,60.933966260440414,104.74926114755766,120.4296886406888,120.4296886406888
144,lower-neck,1.2,-1,-3.75,60.61577322566136,103.84736008899588,119.37794745886839,119.37794745886839
144,lower-neck,1.2,-1,-3.5,60.2975801908823,102.94545903043411,118.32620627704799,118.32620627704799
144,lower-neck,1.2,-1,-3.25,59.97938715610324,102.04355797187233,117.27446509522758,117.27446509522758
144,lower-neck,1.2,-1,-3.0,59.661194121324186,101.14165691331056,116.22272391340718,116.22272391340718
144,lower-neck,1.2,-1,-2.75,59.92459032423451,101.0961082056178,115.79273926147437,115.79273926147437
144,lower-neck,1.2,-1,-2.5,60.187986527144815,101.05055949792504,115.36275460954157,115.36275460954157
144,lower-neck,1.2,-1,-2.25,60.45138273005513,101.00501079023228,114.93276995760877,114.93276995760877
144,lower-neck,1.2,-1,-2.0,60.71477893296545,100.95946208253952,114.50278530567596,114.50278530567596
144,lower-neck,1.2,-1,-1.75,61.47056443150153,101.56757262024237,114.75985366818387,114.75985366818387
144,lower-neck,1.2,-1,-1.5,62.226349930037614,102.17568315794523,115.01692203069177,115.01692203069177
144,lower-neck,1.2,-1,-1.25,62.98213542857369,102.78379369564807,115.27399039319967,115.27399039319967
144,lower-neck,1.2,-1,-1.0,63.73792092710977,103.39190423335093,115.53105875570758,115.53105875570758
144,lower-neck,1.2,-1,-0.75,64.72204009945054,104.14110053923574,116.4572490862439,116.4572490862439
144,lower-neck,1.2,-1,-0.5,65.70615927179131,104.89029684512056,117.38343941678022,117.38343941678022
144,lower-neck,1.2,-1,-0.25,66.69027844413208,105.63949315100537,118.30962974731656,118.30962974731656
144,lower-neck,1.2,-1,0.0,67.67439761647285,106.38868945689018,119.23582007785288,119.23582007785288
144,lower-neck,1.2,-1,0.25,68.60848522804602,107.26797679852913,120.64231377617219,120.64231377617219
144,lower-neck,1.2,-1,0.5,69.54257283961918,108.1472641401681,122.0488074744915,122.0488074744915
144,lower-neck,1.2,-1,0.75,70.47666045119234,109.02655148180706,123.4553011728108,123.4553011728108
144,lower-neck,1.2,-1,1.0,71.41074806276552,109.90583882344603,124.86179487113012,124.86179487113012
144,lower-neck,1.2,-1,1.25,71.89739354908943,110.80939881770215,126.06024517774699,126.06024517774699
144,lower-neck,1.2,-1,1.5,72.38403903541332,111.71295881195827,127.25869548436387,127.25869548436387
144,lower-neck,1.2,-1,1.75,72.87068452173722,112.6165188062144,128.45714579098075,128.45714579098075
144,lower-neck,1.2,-1,2.0,73.35733000806113,113.52007880047051,129.65559609759762,129.65559609759762
144,lower-neck,1.2,-1,2.25,73.49653655023437,114.13740694083845,130.1753602017104,130.1753602017104
144,lower-neck,1.2,-1,2.5,73.63574309240762,114.75473508120639,130.69512430582316,130.69512430582316
144,lower-neck,1.2,-1,2.75,73.77494963458088,115.37206322157434,131.21488840993592,131.21488840993592
144,lower-neck,1.2,-1,3.0,73.91415617675412,115.98939136194227,131.7346525140487,131.7346525140487
144,lower-neck,1.2,-1,3.25,74.22205838350934,116.15956621634123,131.6769156185983,131.6769156185983
144,lower-neck,1.2,-1,3.5,74.52996059026457,116.32974107074017,131.61917872314788,131.61917872314788
144,lower-neck,1.2,-1,3.75,74.8378627970198,116.49991592513913,131.56144182769748,131.56144182769748
144,lower-neck,1.2,-1,4.0,75.14576500377501,116.67009077953809,131.50370493224708,131.50370493224708
144,lower-neck,1.2,-1,4.25,75.8717062136758,116.41589460447963,131.1300124751401,131.1300124751401
144,lower-neck,1.2,-1,4.5,76.59764742357656,116.1616984294212,130.7563200180331,130.7563200180331
144,lower-neck,1.2,-1,4.75,77.32358863347733,115.90750225436275,130.38262756092612,130.38262756092612
144,lower-neck,1.2,-1,5.0,78.04952984337811,115.65330607930431,130.00893510381914,130.00893510381914
144,lower-neck,1.2,-1,5.25,79.02511808360336,115.10896264782906,129.48121951568382,129.48121951568382
144,lower-neck,1.2,-1,5.5,80.0007063238286,114.56461921635383,128.9535039275485,128.9535039275485
144,lower-neck,1.2,-1,5.75,80.97629456405383,114.0202757848786,128.42578833941317,128.42578833941317
144,lower-neck,1.2,-1,6.0,81.95188280427908,113.47593235340335,127.89807275127784,127.89807275127784
144,lower-neck,1.2,-1,6.25,82.69930143869408,112.70631450532665,127.16615336955277,127.16615336955277
144,lower-neck,1.2,-1,6.5,83.44672007310908,111.93669665724991,126.4342339878277,126.4342339878277
144,lower-neck,1.2,-1,6.75,84.19413870752409,111.1670788091732,125.70231460610262,125.70231460610262
144,lower-neck,1.2,-1,7.0,84.94155734193909,110.39746096109648,124.97039522437755,124.97039522437755
144,lower-neck,1.2,0,-7.0,73.59887625226591,125.65531744882303,143.706742655301,143.706742655301
144,lower-neck,1.2,0,-6.75,73.02663641259002,124.64110626477819,142.48684067216226,142.48684067216226
144,lower-neck,1.2,0,-6.5,72.45439657291413,123.62689508073336,141.2669386890235,141.2669386890235
144,lower-neck,1.2,0,-6.25,71.88215673323825,122.61268389668852,140.04703670588475,140.04703670588475
144,lower-neck,1.2,0,-6.0,71.30991689356235,121.59847271264368,138.827134722746,138.827134722746
144,lower-neck,1.2,0,-5.75,70.39296474381834,120.11967605106786,137.1277237426683,137.1277237426683
144,lower-neck,1.2,0,-5.5,69.47601259407435,118.64087938949203,135.42831276259062,135.42831276259062
144,lower-neck,1.2,0,-5.25,68.55906044433034,117.1620827279162,133.72890178251296,133.72890178251296
144,lower-neck,1.2,0,-5.0,67.64210829458634,115.68328606634037,132.02949080243528,132.02949080243528
144,lower-neck,1.2,0,-4.75,66.3759141433775,113.8673389352171,130.0444324092689,130.0444324092689
144,lower-neck,1.2,0,-4.5,65.10971999216866,112.05139180409384,128.0593740161025,128.0593740161025
144,lower-neck,1.2,0,-4.25,63.843525840959835,110.23544467297057,126.07431562293613,126.07431562293613
144,lower-neck,1.2,0,-4.0,62.577331689751006,108.4194975418473,124.08925722976974,124.08925722976974
144,lower-neck,1.2,0,-3.75,61.63138028879283,107.08290309498423,122.63111490467716,122.63111490467716
144,lower-neck,1.2,0,-3.5,60.68542888783467,105.74630864812116,121.17297257958457,121.17297257958457
144,lower-neck,1.2,0,-3.25,59.739477486876496,104.40971420125808,119.71483025449197,119.71483025449197
144,lower-neck,1.2,0,-3.0,58.79352608591833,103.07311975439501,118.25668792939939,118.25668792939939
144,lower-neck,1.2,0,-2.75,58.965117060039056,103.32027550019711,118.32331011174286,118.32331011174286
144,lower-neck,1.2,0,-2.5,59.13670803415978,103.56743124599922,118.38993229408632,118.38993229408632
144,lower-neck,1.2,0,-2.25,59.30829900828051,103.81458699180132,118.4565544764298,118.4565544764298
144,lower-neck,1.2,0,-2.0,59.47988998240123,104.06174273760342,118.52317665877327,118.52317665877327
144,lower-neck,1.2,0,-1.75,60.85330583021836,105.61574261406454,120.12402912025144,120.12402912025144
144,lower-neck,1.2,0,-1.5,62.22672167803548,107.16974249052565,121.72488158172959,121.72488158172959
144,lower-neck,1.2,0,-1.25,63.6001375258526,108.72374236698677,123.32573404320776,123.32573404320776
144,lower-neck,1.2,0,-1.0,64.97355337366973,110.27774224344788,124.92658650468593,124.92658650468593
144,lower-neck,1.2,0,-0.75,66.75952689331882,111.66207597969203,126.93398431072444,126.93398431072444
144,lower-neck,1.2,0,-0.5,68.54550041296793,113.04640971593616,128.94138211676295,128.94138211676295
144,lower-neck,1.2,0,-0.25,70.33147393261702,114.43074345218031,130.9487799228015,130.9487799228015
144,lower-neck,1.2,0,0.0,72.1174474522661,115.81507718842447,132.95617772884,132.95617772884
144,lower-neck,1.2,0,0.25,73.35533339063737,116.4728729790579,134.2571474702457,134.2571474702457
144,lower-neck,1.2,0,0.5,74.59321932900863,117.13066876969134,135.5581172116514,135.5581172116514
144,lower-neck,1.2,0,0.75,75.83110526737991,117.78846456032477,136.8590869530571,136.8590869530571
144,lower-neck,1.2,0,1.0,77.06899120575117,118.4462603509582,138.1600566944628,138.1600566944628
144,lower-neck,1.2,0,1.25,77.63112311481285,118.62018822207938,138.20143065596068,138.20143065596068
144,lower-neck,1.2,0,1.5,78.19325502387451,118.79411609320054,138.24280461745857,138.24280461745857
144,lower-neck,1.2,0,1.75,78.75538693293619,118.96804396432172,138.28417857895647,138.28417857895647
144,lower-neck,1.2,0,2.0,79.31751884199787,119.14197183544289,138.32555254045434,138.32555254045434
144,lower-neck,1.2,0,2.25,79.97182284315711,118.68196371605774,137.0239828796698,137.0239828796698
144,lower-neck,1.2,0,2.5,80.62612684431636,118.22195559667259,135.72241321888524,135.72241321888524
144,lower-neck,1.2,0,2.75,81.2804308454756,117.76194747728744,134.42084355810067,134.42084355810067
144,lower-neck,1.2,0,3.0,81.93473484663485,117.30193935790228,133.11927389731613,133.11927389731613
144,lower-neck,1.2,0,3.25,83.28898303026503,115.82141872324809,130.78175601947262,130.78175601947262
144,lower-neck,1.2,0,3.5,84.6432312138952,114.34089808859389,128.4442381416291,128.4442381416291
144,lower-neck,1.2,0,3.75,85.99747939752538,112.86037745393969,126.10672026378558,126.10672026378558
144,lower-neck,1.2,0,4.0,87.35172758115556,111.3798568192855,123.76920238594207,123.76920238594207
144,lower-neck,1.2,0,4.25,89.23288942515734,109.08004540006655,121.04712688275791,121.04712688275791
144,lower-neck,1.2,0,4.5,91.11405126915912,106.7802339808476,118.32505137957378,118.32505137957378
144,lower-neck,1.2,0,4.75,92.99521311316089,104.48042256162864,115.60297587638965,115.60297587638965
144,lower-neck,1.2,0,5.0,94.87637495716267,102.1806111424097,112.88090037320549,112.88090037320549
144,lower-neck,1.2,0,5.25,96.62612016892913,99.89332221600885,110.52154707529195,110.52154707529195
144,lower-neck,1.2,0,5.5,98.37586538069561,97.606033289608,108.1621937773784,108.1621937773784
144,lower-neck,1.2,0,5.75,100.12561059246208,95.31874436320716,105.80284047946486,105.80284047946486
144,lower-neck,1.2,0,6.0,101.87535580422855,93.03145543680631,103.44348718155132,103.44348718155132
144,lower-neck,1.2,0,6.25,102.94736295076882,91.30366115391726,101.73473645815642,102.94736295076882
144,lower-neck,1.2,0,6.5,104.01937009730908,89.5758668710282,100.02598573476149,104.01937009730908
144,lower-neck,1.2,0,6.75,105.09137724384934,87.84807258813915,98.31723501136656,105.09137724384934
144,lower-neck,1.2,0,7.0,106.16338439038961,86.12027830525008,96.60848428797166,106.16338439038961
144,lower-neck,1.2,1,-7.0,80.98143619096174,137.5218930877532,158.16655838219236,158.16655838219236
144,lower-neck,1.2,1,-6.75,80.64049637030423,136.56595215599867,156.92951300834292,156.92951300834292
144,lower-neck,1.2,1,-6.5,80.29955654964672,135.61001122424415,155.69246763449348,155.69246763449348
144,lower-neck,1.2,1,-6.25,79.95861672898921,134.65407029248962,154.45542226064404,154.45542226064404
144,lower-neck,1.2,1,-6.0,79.6176769083317,133.69812936073507,153.2183768867946,153.2183768867946
144,lower-neck,1.2,1,-5.75,78.8818549148916,132.40584523780424,151.4386047299883,151.4386047299883
144,lower-neck,1.2,1,-5.5,78.1460329214515,131.1135611148734,149.658832573182,149.658832573182
144,lower-neck,1.2,1,-5.25,77.4102109280114,129.82127699194257,147.8790604163757,147.8790604163757
144,lower-neck,1.2,1,-5.0,76.6743889345713,128.52899286901174,146.0992882595694,146.0992882595694
144,lower-neck,1.2,1,-4.75,75.30692808029193,126.86299066902298,143.9569307531296,143.9569307531296
144,lower-neck,1.2,1,-4.5,73.93946722601257,125.19698846903421,141.81457324668983,141.81457324668983
144,lower-neck,1.2,1,-4.25,72.57200637173321,123.53098626904544,139.67221574025007,139.67221574025007
144,lower-neck,1.2,1,-4.0,71.20454551745385,121.86498406905667,137.52985823381027,137.52985823381027
144,lower-neck,1.2,1,-3.75,69.95246331098916,120.31459266017572,135.8025300223537,135.8025300223537
144,lower-neck,1.2,1,-3.5,68.70038110452447,118.76420125129475,134.0752018108971,134.0752018108971
144,lower-neck,1.2,1,-3.25,67.44829889805979,117.2138098424138,132.34787359944053,132.34787359944053
144,lower-neck,1.2,1,-3.0,66.1962166915951,115.66341843353283,130.62054538798395,130.62054538798395
144,lower-neck,1.2,1,-2.75,66.06420448384583,115.47351831833518,130.47736028355183,130.47736028355183
144,lower-neck,1.2,1,-2.5,65.93219227609654,115.28361820313751,130.33417517911974,130.33417517911974
144,lower-neck,1.2,1,-2.25,65.80018006834727,115.09371808793986,130.19099007468765,130.19099007468765
144,lower-neck,1.2,1,-2.0,65.668167860598,114.9038179727422,130.04780497025553,130.04780497025553
144,lower-neck,1.2,1,-1.75,66.94663847025754,116.04027725139323,131.51076631795002,131.51076631795002
144,lower-neck,1.2,1,-1.5,68.22510907991706,117.17673653004425,132.97372766564453,132.97372766564453
144,lower-neck,1.2,1,-1.25,69.50357968957658,118.3131958086953,134.43668901333905,134.43668901333905
144,lower-neck,1.2,1,-1.0,70.78205029923612,119.44965508734631,135.89965036103354,135.89965036103354
144,lower-neck,1.2,1,-0.75,72.75521059048803,120.21897313020368,137.32888708022054,137.32888708022054
144,lower-neck,1.2,1,-0.5,74.72837088173995,120.98829117306101,138.75812379940754,138.75812379940754
144,lower-neck,1.2,1,-0.25,76.70153117299185,121.75760921591836,140.18736051859455,140.18736051859455
144,lower-neck,1.2,1,0.0,78.67469146424376,122.52692725877573,141.61659723778155,141.61659723778155
144,lower-neck,1.2,1,0.25,80.38677279251576,121.94612971810425,141.32914722426585,141.32914722426585
144,lower-neck,1.2,1,0.5,82.09885412078776,121.36533217743276,141.04169721075013,141.04169721075013
144,lower-neck,1.2,1,0.75,83.81093544905977,120.78453463676128,140.7542471972344,140.7542471972344
144,lower-neck,1.2,1,1.0,85.52301677733178,120.2037370960898,140.4667971837187,140.4667971837187
144,lower-neck,1.2,1,1.25,87.14431832752526,118.43670681708564,138.00144476648114,138.00144476648114
144,lower-neck,1.2,1,1.5,88.76561987771873,116.66967653808149,135.53609234924355,135.53609234924355
144,lower-neck,1.2,1,1.75,90.38692142791223,114.90264625907734,133.07073993200595,133.07073993200595
144,lower-neck,1.2,1,2.0,92.0082229781057,113.13561598007318,130.60538751476838,130.60538751476838
144,lower-neck,1.2,1,2.25,94.33796695450087,110.27922366107178,126.47961788469505,126.47961788469505
144,lower-neck,1.2,1,2.5,96.66771093089605,107.42283134207037,122.35384825462171,122.35384825462171
144,lower-neck,1.2,1,2.75,98.99745490729123,104.56643902306897,118.22807862454836,118.22807862454836
144,lower-neck,1.2,1,3.0,101.32719888368639,101.71004670406757,114.10230899447502,114.10230899447502
144,lower-neck,1.2,1,3.25,104.36932372678666,97.80627453214623,109.26374379963167,109.26374379963167
144,lower-neck,1.2,1,3.5,107.41144856988691,93.90250236022489,104.42517860478833,107.41144856988691
144,lower-neck,1.2,1,3.75,110.45357341298718,89.99873018830355,99.58661340994497,110.45357341298718
144,lower-neck,1.2,1,4.0,113.49569825608745,86.09495801638221,94.74804821510162,113.49569825608745
144,lower-neck,1.2,1,4.25,116.45884068723504,81.80091677319481,90.15329474303738,116.45884068723504
144,lower-neck,1.2,1,4.5,119.42198311838263,77.50687553000742,85.55854127097312,119.42198311838263
144,lower-neck,1.2,1,4.75,122.38512554953022,73.21283428682003,80.96378779890887,122.38512554953022
144,lower-neck,1.2,1,5.0,125.3482679806778,68.91879304363263,76.36903432684463,125.3482679806778
144,lower-neck,1.2,1,5.25,127.50778060244181,65.3802778745928,72.71568172496958,127.50778060244181
144,lower-neck,1.2,1,5.5,129.66729322420582,61.84176270555299,69.06232912309453,129.66729322420582
144,lower-neck,1.2,1,5.75,131.82680584596983,58.30324753651316,65.40897652121949,131.82680584596983
144,lower-neck,1.2,1,6.0,133.9863184677338,54.76473236747334,61.75562391934444,133.9863184677338
144,lower-neck,1.2,1,6.25,135.22488352058747,52.62117717615778,59.35173533084077,135.22488352058747
144,lower-neck,1.2,1,6.5,136.4634485734411,50.47762198484223,56.94784674233709,136.4634485734411
144,lower-neck,1.2,1,6.75,137.70201362629473,48.334066793526674,54.543958153833415,137.70201362629473
144,lower-neck,1.2,1,7.0,138.94057867914836,46.19051160221111,52.140069565329746,138.94057867914836
144,lower-neck,1.2,2,-7.0,85.77764494392386,145.6792675026789,168.0830510718868,168.0830510718868
144,lower-neck,1.2,2,-6.75,85.54991714473795,144.9256389432053,167.0241528486465,167.0241528486465
144,lower-neck,1.2,2,-6.5,85.32218934555205,144.17201038373173,165.96525462540617,165.96525462540617
144,lower-neck,1.2,2,-6.25,85.09446154636615,143.41838182425815,164.90635640216584,164.90635640216584
144,lower-neck,1.2,2,-6.0,84.86673374718023,142.66475326478457,163.84745817892554,163.84745817892554
144,lower-neck,1.2,2,-5.75,84.40530575427867,141.7427745977161,162.27273142122755,162.27273142122755
144,lower-neck,1.2,2,-5.5,83.94387776137711,140.82079593064765,160.6980046635296,160.6980046635296
144,lower-neck,1.2,2,-5.25,83.48244976847556,139.8988172635792,159.12327790583163,159.12327790583163
144,lower-neck,1.2,2,-5.0,83.021021775574,138.97683859651073,157.54855114813364,157.54855114813364
144,lower-neck,1.2,2,-4.75,81.9117300462155,137.76345363849478,155.66756144121854,155.66756144121854
144,lower-neck,1.2,2,-4.5,80.802438316857,136.55006868047883,153.7865717343034,153.7865717343034
144,lower-neck,1.2,2,-4.25,79.69314658749852,135.33668372246288,151.90558202738828,151.90558202738828
144,lower-neck,1.2,2,-4.0,78.58385485814003,134.12329876444693,150.02459232047318,150.02459232047318
144,lower-neck,1.2,2,-3.75,77.53393527544603,132.75795827587817,148.4832099680488,148.4832099680488
144,lower-neck,1.2,2,-3.5,76.48401569275204,131.3926177873094,146.94182761562442,146.94182761562442
144,lower-neck,1.2,2,-3.25,75.43409611005805,130.02727729874061,145.40044526320003,145.40044526320003
144,lower-neck,1.2,2,-3.0,74.38417652736405,128.66193681017185,143.85906291077566,143.85906291077566
144,lower-neck,1.2,2,-2.75,74.25327351880028,128.09991159118445,143.4785180736757,143.4785180736757
144,lower-neck,1.2,2,-2.5,74.12237051023651,127.53788637219704,143.09797323657574,143.09797323657574
144,lower-neck,1.2,2,-2.25,73.99146750167273,126.97586115320962,142.71742839947578,142.71742839947578
144,lower-neck,1.2,2,-2.0,73.86056449310897,126.41383593422222,142.33688356237582,142.33688356237582
144,lower-neck,1.2,2,-1.75,75.02964671670537,126.3769665702585,142.56787655662419,142.56787655662419
144,lower-neck,1.2,2,-1.5,76.19872894030176,126.34009720629477,142.79886955087258,142.79886955087258
144,lower-neck,1.2,2,-1.25,77.36781116389815,126.30322784233104,143.02986254512098,143.02986254512098
144,lower-neck,1.2,2,-1.0,78.53689338749456,126.26635847836732,143.26085553936935,143.26085553936935
144,lower-neck,1.2,2,-0.75,80.95019653361372,124.99743631493293,142.2326507754591,142.2326507754591
144,lower-neck,1.2,2,-0.5,83.36349967973288,123.72851415149854,141.20444601154887,141.20444601154887
144,lower-neck,1.2,2,-0.25,85.77680282585204,122.45959198806415,140.17624124763864,140.17624124763864
144,lower-neck,1.2,2,0.0,88.1901059719712,121.19066982462977,139.1480364837284,139.1480364837284
144,lower-neck,1.2,2,0.25,91.30263298661934,117.87032497713255,135.62752748532895,135.62752748532895
144,lower-neck,1.2,2,0.5,94.41516000126748,114.54998012963534,132.10701848692952,132.10701848692952
144,lower-neck,1.2,2,0.75,97.52768701591563,111.22963528213813,128.5865094885301,128.5865094885301
144,lower-neck,1.2,2,1.0,100.64021403056377,107.90929043464092,125.06600049013068,125.06600049013068
144,lower-neck,1.2,2,1.25,104.12648692836233,103.24817078207475,119.45191119293186,119.45191119293186
144,lower-neck,1.2,2,1.5,107.61275982616087,98.58705112950858,113.83782189573306,113.83782189573306
144,lower-neck,1.2,2,1.75,111.09903272395943,93.92593147694241,108.22373259853424,111.09903272395943
144,lower-neck,1.2,2,2.0,114.58530562175798,89.26481182437624,102.60964330133544,114.58530562175798
144,lower-neck,1.2,2,2.25,118.41543904195817,84.21095675083285,96.29519228766199,118.41543904195817
144,lower-neck,1.2,2,2.5,122.24557246215836,79.15710167728945,89.98074127398853,122.24557246215836
144,lower-neck,1.2,2,2.75,126.07570588235855,74.10324660374604,83.66629026031507,126.07570588235855
144,lower-neck,1.2,2,3.0,129.90583930255875,69.04939153020266,77.35183924664162,129.90583930255875
144,lower-neck,1.2,2,3.25,133.63686712725217,64.19889325646594,71.72944846682165,133.63686712725217
144,lower-neck,1.2,2,3.5,137.3678949519456,59.34839498272922,66.1070576870017,137.3678949519456
144,lower-neck,1.2,2,3.75,141.09892277663903,54.497896708992506,60.48466690718174,141.09892277663903
144,lower-neck,1.2,2,4.0,144.82995060133246,49.64739843525579,54.86227612736178,144.82995060133246
144,lower-neck,1.2,2,4.25,147.77972336475244,45.53263493741368,50.60865736477744,147.77972336475244
144,lower-neck,1.2,2,4.5,150.7294961281724,41.41787143957157,46.3550386021931,150.7294961281724
144,lower-neck,1.2,2,4.75,153.6792688915924,37.303107941729465,42.10141983960875,153.6792688915924
144,lower-neck,1.2,2,5.0,156.62904165501237,33.18834444388736,37.847801077024414,156.62904165501237
144,lower-neck,1.2,2,5.25,158.63535309277972,30.332674751905675,34.92735840569487,158.63535309277972
144,lower-neck,1.2,2,5.5,160.6416645305471,27.47700505992399,32.00691573436532,160.6416645305471
144,lower-neck,1.2,2,5.75,162.64797596831448,24.621335367942308,29.08647306303578,162.64797596831448
144,lower-neck,1.2,2,6.0,164.65428740608183,21.765665675960623,26.166030391706236,164.65428740608183
144,lower-neck,1.2,2,6.25,166.03071966642625,20.274719213327206,24.368238887476615,166.03071966642625
144,lower-neck,1.2,2,6.5,167.40715192677067,18.783772750693785,22.570447383247,167.40715192677067
144,lower-neck,1.2,2,6.75,168.78358418711508,17.292826288060365,20.772655879017382,168.78358418711508
144,lower-neck,1.2,2,7.0,170.1600164474595,15.801879825426948,18.974864374787764,170.1600164474595
189,lower-left,0,-2,-7.0,84.5,136.0,157.0,157.0
189,lower-left,0,-2,-6.75,84.25,135.5,156.5,156.5
189,lower-left,0,-2,-6.5,84.0,135.0,156.0,156.0
189,lower-left,0,-2,-6.25,83.0,134.0,155.0,155.0
189,lower-left,0,-2,-6.0,82.0,133.0,154.0,154.0
189,lower-left,0,-2,-5.75,81.0,132.0,153.0,153.0
189,lower-left,0,-2,-5.5,80.0,131.0,152.0,152.0
189,lower-left,0,-2,-5.25,79.5,129.75,151.0,151.0
189,lower-left,0,-2,-5.0,79.0,128.5,150.0,150.0
189,lower-left,0,-2,-4.75,78.5,127.25,149.0,149.0
189,lower-left,0,-2,-4.5,78.0,126.0,148.0,148.0
189,lower-left,0,-2,-4.25,77.5,125.5,147.5,147.5
189,lower-left,0,-2,-4.0,77.0,125.0,147.0,147.0
189,lower-left,0,-2,-3.75,76.5,124.5,146.5,146.5
189,lower-left,0,-2,-3.5,76.0,124.0,146.0,146.0
189,lower-left,0,-2,-3.25,72.0,122.25,143.0,143.0
189,lower-left,0,-2,-3.0,68.0,120.5,140.0,140.0
189,lower-left,0,-2,-2.75,64.0,118.75,137.0,137.0
189,lower-left,0,-2,-2.5,60.0,117.0,134.0,134.0
189,lower-left,0,-2,-2.25,54.75,111.25,129.0,129.0
189,lower-left,0,-2,-2.0,49.5,105.5,124.0,124.0
189,lower-left,0,-2,-1.75,44.25,99.75,119.0,119.0
189,lower-left,0,-2,-1.5,39.0,94.0,114.0,114.0
189,lower-left,0,-2,-1.25,39.5,93.0,112.25,112.25
189,lower-left,0,-2,-1.0,40.0,92.0,110.5,110.5
189,lower-left,0,-2,-0.75,40.5,91.0,108.75,108.75
189,lower-left,0,-2,-0.5,41.0,90.0,107.0,107.0
189,lower-left,0,-2,-0.25,49.0,95.25,111.25,111.25
189,lower-left,0,-2,0.0,57.0,100.5,115.5,115.5
189,lower-left,0,-2,0.25,65.0,105.75,119.75,119.75
189,lower-left,0,-2,0.5,73.0,111.0,124.0,124.0
189,lower-left,0,-2,0.75,76.75,112.0,124.0,124.0
189,lower-left,0,-2,1.0,80.5,113.0,124.0,124.0
189,lower-left,0,-2,1.25,84.25,114.0,124.0,124.0
189,lower-left,0,-2,1.5,88.0,115.0,124.0,124.0
189,lower-left,0,-2,1.75,84.5,109.75,118.25,118.25
189,lower-left,0,-2,2.0,81.0,104.5,112.5,112.5
189,lower-left,0,-2,2.25,77.5,99.25,106.75,106.75
189,lower-left,0,-2,2.5,74.0,94.0,101.0,101.0
189,lower-left,0,-2,2.75,72.25,94.0,102.0,102.0
189,lower-left,0,-2,3.0,70.5,94.0,103.0,103.0
189,lower-left,0,-2,3.25,68.75,94.0,104.0,104.0
189,lower-left,0,-2,3.5,67.0,94.0,105.0,105.0
189,lower-left,0,-2,3.75,71.0,99.25,111.25,111.25
189,lower-left,0,-2,4.0,75.0,104.5,117.5,117.5
189,lower-left,0,-2,4.25,79.0,109.75,123.75,123.75
189,lower-left,0,-2,4.5,83.0,115.0,130.0,130.0
189,lower-left,0,-2,4.75,82.25,117.0,130.5,130.5
189,lower-left,0,-2,5.0,81.5,119.0,131.0,131.0
189,lower-left,0,-2,5.25,80.75,121.0,131.5,131.5
189,lower-left,0,-2,5.5,80.0,123.0,132.0,132.0
189,lower-left,0,-2,5.75,78.25,121.0,130.75,130.75
189,lower-left,0,-2,6.0,76.5,119.0,129.5,129.5
189,lower-left,0,-2,6.25,74.75,117.0,128.25,128.25
189,lower-left,0,-2,6.5,73.0,115.0,127.0,127.0
189,lower-left,0,-2,6.75,72.5,115.0,126.75,126.75
189,lower-left,0,-2,7.0,72.0,115.0,126.5,126.5
189,lower-left,0,-1,-7.0,79.0,126.5,146.5,146.5
189,lower-left,0,-1,-6.75,78.5,125.75,145.75,145.75
189,lower-left,0,-1,-6.5,78.0,125.0,145.0,145.0
189,lower-left,0,-1,-6.25,76.0,123.0,143.0,143.0
189,lower-left,0,-1,-6.0,74.0,121.0,141.0,141.0
189,lower-left,0,-1,-5.75,72.0,119.0,139.0,139.0
189,lower-left,0,-1,-5.5,70.0,117.0,137.0,137.0
189,lower-left,0,-1,-5.25,68.0,115.0,135.0,135.0
189,lower-left,0,-1,-5.0,66.0,113.0,133.0,133.0
189,lower-left,0,-1,-4.75,64.0,111.0,131.0,131.0
189,lower-left,0,-1,-4.5,62.0,109.0,129.0,129.0
189,lower-left,0,-1,-4.25,60.75,107.75,127.75,127.75
189,lower-left,0,-1,-4.0,59.5,106.5,126.5,126.5
189,lower-left,0,-1,-3.75,58.25,105.25,125.25,125.25
189,lower-left,0,-1,-3.5,57.0,104.0,124.0,124.0
189,lower-left,0,-1,-3.25,53.75,105.5,124.5,124.5
189,lower-left,0,-1,-3.0,50.5,107.0,125.0,125.0
189,lower-left,0,-1,-2.75,47.25,108.5,125.5,125.5
189,lower-left,0,-1,-2.5,44.0,110.0,126.0,126.0
189,lower-left,0,-1,-2.25,51.0,115.75,132.25,132.25
189,lower-left,0,-1,-2.0,58.0,121.5,138.5,138.5
189,lower-left,0,-1,-1.75,65.0,127.25,144.75,144.75
189,lower-left,0,-1,-1.5,72.0,133.0,151.0,151.0
189,lower-left,0,-1,-1.25,77.75,135.75,153.5,153.5
189,lower-left,0,-1,-1.0,83.5,138.5,156.0,156.0
189,lower-left,0,-1,-0.75,89.25,141.25,158.5,158.5
189,lower-left,0,-1,-0.5,95.0,144.0,161.0,161.0
189,lower-left,0,-1,-0.25,93.25,138.0,153.5,153.5
189,lower-left,0,-1,0.0,91.5,132.0,146.0,146.0
189,lower-left,0,-1,0.25,89.75,126.0,138.5,138.5
189,lower-left,0,-1,0.5,88.0,120.0,131.0,131.0
189,lower-left,0,-1,0.75,83.5,111.25,120.75,120.75
189,lower-left,0,-1,1.0,79.0,102.5,110.5,110.5
189,lower-left,0,-1,1.25,74.5,93.75,100.25,100.25
189,lower-left,0,-1,1.5,70.0,85.0,90.0,90.0
189,lower-left,0,-1,1.75,71.0,83.5,88.25,88.25
189,lower-left,0,-1,2.0,72.0,82.0,86.5,86.5
189,lower-left,0,-1,2.25,73.0,80.5,84.75,84.75
189,lower-left,0,-1,2.5,74.0,79.0,83.0,83.0
189,lower-left,0,-1,2.75,76.75,82.25,87.25,87.25
189,lower-left,0,-1,3.0,79.5,85.5,91.5,91.5
189,lower-left,0,-1,3.25,82.25,88.75,95.75,95.75
189,lower-left,0,-1,3.5,85.0,92.0,100.0,100.0
189,lower-left,0,-1,3.75,83.5,91.25,99.75,99.75
189,lower-left,0,-1,4.0,82.0,90.5,99.5,99.5
189,lower-left,0,-1,4.25,80.5,89.75,99.25,99.25
189,lower-left,0,-1,4.5,79.0,89.0,99.0,99.0
189,lower-left,0,-1,4.75,105.75,115.0,125.0,125.0
189,lower-left,0,-1,5.0,132.5,141.0,151.0,151.0
189,lower-left,0,-1,5.25,159.25,167.0,177.0,177.0
189,lower-left,0,-1,5.5,186.0,193.0,203.0,203.0
189,lower-left,0,-1,5.75,185.25,192.0,202.5,202.5
189,lower-left,0,-1,6.0,184.5,191.0,202.0,202.0
189,lower-left,0,-1,6.25,183.75,190.0,201.5,201.5
189,lower-left,0,-1,6.5,183.0,189.0,201.0,201.0
189,lower-left,0,-1,6.75,180.75,187.25,199.0,199.0
189,lower-left,0,-1,7.0,178.5,185.5,197.0,197.0
189,lower-left,0,0,-7.0,48.5,98.5,115.5,115.5
189,lower-left,0,0,-6.75,48.25,98.75,115.75,115.75
189,lower-left,0,0,-6.5,48.0,99.0,116.0,116.0
189,lower-left,0,0,-6.25,49.75,100.75,117.75,117.75
189,lower-left,0,0,-6.0,51.5,102.5,119.5,119.5
189,lower-left,0,0,-5.75,53.25,104.25,121.25,121.25
189,lower-left,0,0,-5.5,55.0,106.0,123.0,123.0
189,lower-left,0,0,-5.25,58.0,109.0,126.0,126.0
189,lower-left,0,0,-5.0,61.0,112.0,129.0,129.0
189,lower-left,0,0,-4.75,64.0,115.0,132.0,132.0
189,lower-left,0,0,-4.5,67.0,118.0,135.0,135.0
189,lower-left,0,0,-4.25,69.25,120.75,137.5,137.5
189,lower-left,0,0,-4.0,71.5,123.5,140.0,140.0
189,lower-left,0,0,-3.75,73.75,126.25,142.5,142.5
189,lower-left,0,0,-3.5,76.0,129.0,145.0,145.0
189,lower-left,0,0,-3.25,78.25,133.25,149.75,149.75
189,lower-left,0,0,-3.0,80.5,137.5,154.5,154.5
189,lower-left,0,0,-2.75,82.75,141.75,159.25,159.25
189,lower-left,0,0,-2.5,85.0,146.0,164.0,164.0
189,lower-left,0,0,-2.25,85.5,145.5,163.75,163.75
189,lower-left,0,0,-2.0,86.0,145.0,163.5,163.5
189,lower-left,0,0,-1.75,86.5,144.5,163.25,163.25
189,lower-left,0,0,-1.5,87.0,144.0,163.0,163.0
189,lower-left,0,0,-1.25,86.5,140.75,159.0,159.0
189,lower-left,0,0,-1.0,86.0,137.5,155.0,155.0
189,lower-left,0,0,-0.75,85.5,134.25,151.0,151.0
189,lower-left,0,0,-0.5,85.0,131.0,147.0,147.0
189,lower-left,0,0,-0.25,81.75,123.0,137.25,137.25
189,lower-left,0,0,0.0,78.5,115.0,127.5,127.5
189,lower-left,0,0,0.25,75.25,107.0,117.75,117.75
189,lower-left,0,0,0.5,72.0,99.0,108.0,108.0
189,lower-left,0,0,0.75,76.25,98.5,105.75,105.75
189,lower-left,0,0,1.0,80.5,98.0,103.5,103.5
189,lower-left,0,0,1.25,84.75,97.5,101.25,101.25
189,lower-left,0,0,1.5,89.0,97.0,99.0,99.0
189,lower-left,0,0,1.75,91.75,97.5,98.5,98.5
189,lower-left,0,0,2.0,94.5,98.0,98.0,98.0
189,lower-left,0,0,2.25,97.25,98.5,97.5,98.5
189,lower-left,0,0,2.5,100.0,99.0,97.0,100.0
189,lower-left,0,0,2.75,97.5,96.25,95.0,97.5
189,lower-left,0,0,3.0,95.0,93.5,93.0,95.0
189,lower-left,0,0,3.25,92.5,90.75,91.0,92.5
189,lower-left,0,0,3.5,90.0,88.0,89.0,90.0
189,lower-left,0,0,3.75,95.25,94.0,95.75,95.75
189,lower-left,0,0,4.0,100.5,100.0,102.5,102.5
189,lower-left,0,0,4.25,105.75,106.0,109.25,109.25
189,lower-left,0,0,4.5,111.0,112.0,116.0,116.0
189,lower-left,0,0,4.75,147.0,146.75,150.5,150.5
189,lower-left,0,0,5.0,183.0,181.5,185.0,185.0
189,lower-left,0,0,5.25,219.0,216.25,219.5,219.5
189,lower-left,0,0,5.5,255.0,251.0,254.0,255.0
189,lower-left,0,0,5.75,255.0,251.0,254.0,255.0
189,lower-left,0,0,6.0,255.0,251.0,254.0,255.0
189,lower-left,0,0,6.25,255.0,251.0,254.0,255.0
189,lower-left,0,0,6.5,255.0,251.0,254.0,255.0
189,lower-left,0,0,6.75,255.0,251.25,254.25,255.0
189,lower-left,0,0,7.0,255.0,251.5,254.5,255.0
189,lower-left,0,1,-7.0,85.5,140.0,155.5,155.5
189,lower-left,0,1,-6.75,86.25,141.5,156.75,156.75
189,lower-left,0,1,-6.5,87.0,143.0,158.0,158.0
189,lower-left,0,1,-6.25,87.0,143.5,158.25,158.25
189,lower-left,0,1,-6.0,87.0,144.0,158.5,158.5
189,lower-left,0,1,-5.75,87.0,144.5,158.75,158.75
189,lower-left,0,1,-5.5,87.0,145.0,159.0,159.0
189,lower-left,0,1,-5.25,86.75,145.0,159.0,159.0
189,lower-left,0,1,-5.0,86.5,145.0,159.0,159.0
189,lower-left,0,1,-4.75,86.25,145.0,159.0,159.0
189,lower-left,0,1,-4.5,86.0,145.0,159.0,159.0
189,lower-left,0,1,-4.25,86.5,145.5,159.5,159.5
189,lower-left,0,1,-4.0,87.0,146.0,160.0,160.0
189,lower-left,0,1,-3.75,87.5,146.5,160.5,160.5
189,lower-left,0,1,-3.5,88.0,147.0,161.0,161.0
189,lower-left,0,1,-3.25,88.0,145.25,161.25,161.25
189,lower-left,0,1,-3.0,88.0,143.5,161.5,161.5
189,lower-left,0,1,-2.75,88.0,141.75,161.75,161.75
189,lower-left,0,1,-2.5,88.0,140.0,162.0,162.0
189,lower-left,0,1,-2.25,86.75,137.75,159.75,159.75
189,lower-left,0,1,-2.0,85.5,135.5,157.5,157.5
189,lower-left,0,1,-1.75,84.25,133.25,155.25,155.25
189,lower-left,0,1,-1.5,83.0,131.0,153.0,153.0
189,lower-left,0,1,-1.25,81.75,127.5,148.25,148.25
189,lower-left,0,1,-1.0,80.5,124.0,143.5,143.5
189,lower-left,0,1,-0.75,79.25,120.5,138.75,138.75
189,lower-left,0,1,-0.5,78.0,117.0,134.0,134.0
189,lower-left,0,1,-0.25,74.5,109.5,124.25,124.25
189,lower-left,0,1,0.0,71.0,102.0,114.5,114.5
189,lower-left,0,1,0.25,67.5,94.5,104.75,104.75
189,lower-left,0,1,0.5,64.0,87.0,95.0,95.0
189,lower-left,0,1,0.75,70.75,89.5,95.5,95.5
189,lower-left,0,1,1.0,77.5,92.0,96.0,96.0
189,lower-left,0,1,1.25,84.25,94.5,96.5,96.5
189,lower-left,0,1,1.5,91.0,97.0,97.0,97.0
189,lower-left,0,1,1.75,88.75,92.5,90.75,92.5
189,lower-left,0,1,2.0,86.5,88.0,84.5,88.0
189,lower-left,0,1,2.25,84.25,83.5,78.25,84.25
189,lower-left,0,1,2.5,82.0,79.0,72.0,82.0
189,lower-left,0,1,2.75,86.0,83.0,76.0,86.0
189,lower-left,0,1,3.0,90.0,87.0,80.0,90.0
189,lower-left,0,1,3.25,94.0,91.0,84.0,94.0
189,lower-left,0,1,3.5,98.0,95.0,88.0,98.0
189,lower-left,0,1,3.75,135.75,133.75,127.25,135.75
189,lower-left,0,1,4.0,173.5,172.5,166.5,173.5
189,lower-left,0,1,4.25,211.25,211.25,205.75,211.25
189,lower-left,0,1,4.5,249.0,250.0,245.0,250.0
189,lower-left,0,1,4.75,250.25,251.25,245.5,251.25
189,lower-left,0,1,5.0,251.5,252.5,246.0,252.5
189,lower-left,0,1,5.25,252.75,253.75,246.5,253.75
189,lower-left,0,1,5.5,254.0,255.0,247.0,255.0
189,lower-left,0,1,5.75,254.25,255.0,247.75,255.0
189,lower-left,0,1,6.0,254.5,255.0,248.5,255.0
189,lower-left,0,1,6.25,254.75,255.0,249.25,255.0
189,lower-left,0,1,6.5,255.0,255.0,250.0,255.0
189,lower-left,0,1,6.75,253.75,255.0,249.75,255.0
189,lower-left,0,1,7.0,252.5,255.0,249.5,255.0
189,lower-left,0,2,-7.0,89.5,155.5,170.5,170.5
189,lower-left,0,2,-6.75,87.25,153.25,168.75,168.75
189,lower-left,0,2,-6.5,85.0,151.0,167.0,167.0
189,lower-left,0,2,-6.25,84.5,149.75,166.0,166.0
189,lower-left,0,2,-6.0,84.0,148.5,165.0,165.0
189,lower-left,0,2,-5.75,83.5,147.25,164.0,164.0
189,lower-left,0,2,-5.5,83.0,146.0,163.0,163.0
189,lower-left,0,2,-5.25,83.75,145.5,163.25,163.25
189,lower-left,0,2,-5.0,84.5,145.0,163.5,163.5
189,lower-left,0,2,-4.75,85.25,144.5,163.75,163.75
189,lower-left,0,2,-4.5,86.0,144.0,164.0,164.0
189,lower-left,0,2,-4.25,85.25,142.5,162.75,162.75
189,lower-left,0,2,-4.0,84.5,141.0,161.5,161.5
189,lower-left,0,2,-3.75,83.75,139.5,160.25,160.25
189,lower-left,0,2,-3.5,83.0,138.0,159.0,159.0
189,lower-left,0,2,-3.25,79.5,135.25,154.5,154.5
189,lower-left,0,2,-3.0,76.0,132.5,150.0,150.0
189,lower-left,0,2,-2.75,72.5,129.75,145.5,145.5
189,lower-left,0,2,-2.5,69.0,127.0,141.0,141.0
189,lower-left,0,2,-2.25,76.0,130.0,144.0,144.0
189,lower-left,0,2,-2.0,83.0,133.0,147.0,147.0
189,lower-left,0,2,-1.75,90.0,136.0,150.0,150.0
189,lower-left,0,2,-1.5,97.0,139.0,153.0,153.0
189,lower-left,0,2,-1.25,86.75,123.25,136.5,136.5
189,lower-left,0,2,-1.0,76.5,107.5,120.0,120.0
189,lower-left,0,2,-0.75,66.25,91.75,103.5,103.5
189,lower-left,0,2,-0.5,56.0,76.0,87.0,87.0
189,lower-left,0,2,-0.25,66.5,81.5,91.75,91.75
189,lower-left,0,2,0.0,77.0,87.0,96.5,96.5
189,lower-left,0,2,0.25,87.5,92.5,101.25,101.25
189,lower-left,0,2,0.5,98.0,98.0,106.0,106.0
189,lower-left,0,2,0.75,96.25,94.0,100.75,100.75
189,lower-left,0,2,1.0,94.5,90.0,95.5,95.5
189,lower-left,0,2,1.25,92.75,86.0,90.25,92.75
189,lower-left,0,2,1.5,91.0,82.0,85.0,91.0
189,lower-left,0,2,1.75,92.75,83.75,86.25,92.75
189,lower-left,0,2,2.0,94.5,85.5,87.5,94.5
189,lower-left,0,2,2.25,96.25,87.25,88.75,96.25
189,lower-left,0,2,2.5,98.0,89.0,90.0,98.0
189,lower-left,0,2,2.75,131.5,125.25,125.25,131.5
189,lower-left,0,2,3.0,165.0,161.5,160.5,165.0
189,lower-left,0,2,3.25,198.5,197.75,195.75,198.5
189,lower-left,0,2,3.5,232.0,234.0,231.0,234.0
189,lower-left,0,2,3.75,235.75,239.25,236.0,239.25
189,lower-left,0,2,4.0,239.5,244.5,241.0,244.5
189,lower-left,0,2,4.25,243.25,249.75,246.0,249.75
189,lower-left,0,2,4.5,247.0,255.0,251.0,255.0
189,lower-left,0,2,4.75,248.75,254.75,251.75,254.75
189,lower-left,0,2,5.0,250.5,254.5,252.5,254.5
189,lower-left,0,2,5.25,252.25,254.25,253.25,254.25
189,lower-left,0,2,5.5,254.0,254.0,254.0,254.0
189,lower-left,0,2,5.75,254.0,254.0,254.0,254.0
189,lower-left,0,2,6.0,254.0,254.0,254.0,254.0
189,lower-left,0,2,6.25,254.0,254.0,254.0,254.0
189,lower-left,0,2,6.5,254.0,254.0,254.0,254.0
189,lower-left,0,2,6.75,254.0,254.0,254.0,254.0
189,lower-left,0,2,7.0,254.0,254.0,254.0,254.0
189,lower-left,0.8,-2,-7.0,82.21188615499433,135.37347137994453,155.49863659379835,155.49863659379835
189,lower-left,0.8,-2,-6.75,82.04316265948239,134.82608108967707,155.04730682851448,155.04730682851448
189,lower-left,0.8,-2,-6.5,81.87443916397046,134.27869079940962,154.59597706323063,154.59597706323063
189,lower-left,0.8,-2,-6.25,81.17303305392718,133.33493812859277,153.71424707923293,153.71424707923293
189,lower-left,0.8,-2,-6.0,80.47162694388389,132.39118545777592,152.83251709523523,152.83251709523523
189,lower-left,0.8,-2,-5.75,79.7702208338406,131.44743278695907,151.95078711123753,151.95078711123753
189,lower-left,0.8,-2,-5.5,79.06881472379732,130.50368011614222,151.06905712723983,151.06905712723983
189,lower-left,0.8,-2,-5.25,78.20454783964047,129.4364587353585,150.06037239005025,150.06037239005025
189,lower-left,0.8,-2,-5.0,77.3402809554836,128.3692373545748,149.05168765286066,149.05168765286066
189,lower-left,0.8,-2,-4.75,76.47601407132674,127.30201597379111,148.04300291567108,148.04300291567108
189,lower-left,0.8,-2,-4.5,75.6117471871699,126.23479459300742,147.0343181784815,147.0343181784815
189,lower-left,0.8,-2,-4.25,74.47227422205891,125.33061993223588,145.99415138191708,145.99415138191708
189,lower-left,0.8,-2,-4.0,73.33280125694793,124.42644527146436,144.95398458535266,144.95398458535266
189,lower-left,0.8,-2,-3.75,72.19332829183693,123.52227061069283,143.9138177887882,143.9138177887882
189,lower-left,0.8,-2,-3.5,71.05385532672595,122.61809594992128,142.8736509922238,142.8736509922238
189,lower-left,0.8,-2,-3.25,69.33658627561658,121.54493775638235,141.5088934578532,141.5088934578532
189,lower-left,0.8,-2,-3.0,67.6193172245072,120.47177956284341,140.14413592348262,140.14413592348262
189,lower-left,0.8,-2,-2.75,65.90204817339783,119.39862136930445,138.77937838911205,138.77937838911205
189,lower-left,0.8,-2,-2.5,64.18477912228846,118.32546317576552,137.41462085474146,137.41462085474146
189,lower-left,0.8,-2,-2.25,62.99524494948452,116.80236907002146,135.87093038402867,135.87093038402867
189,lower-left,0.8,-2,-2.0,61.805710776680584,115.2792749642774,134.32723991331585,134.32723991331585
189,lower-left,0.8,-2,-1.75,60.61617660387665,113.75618085853336,132.78354944260303,132.78354944260303
189,lower-left,0.8,-2,-1.5,59.426642431072715,112.23308675278929,131.23985897189021,131.23985897189021
189,lower-left,0.8,-2,-1.25,59.65662146215697,110.88994861846098,129.4602758573052,129.4602758573052
189,lower-left,0.8,-2,-1.0,59.88660049324122,109.54681048413266,127.68069274272017,127.68069274272017
189,lower-left,0.8,-2,-0.75,60.11657952432547,108.20367234980435,125.90110962813515,125.90110962813515
189,lower-left,0.8,-2,-0.5,60.34655855540973,106.86053421547604,124.12152651355012,124.12152651355012
189,lower-left,0.8,-2,-0.25,61.56462342429552,105.69554315888747,121.95414517788909,121.95414517788909
189,lower-left,0.8,-2,0.0,62.78268829318131,104.53055210229891,119.78676384222805,119.78676384222805
189,lower-left,0.8,-2,0.25,64.0007531620671,103.36556104571036,117.61938250656704,117.61938250656704
189,lower-left,0.8,-2,0.5,65.21881803095289,102.2005699891218,115.452001170906,115.452001170906
189,lower-left,0.8,-2,0.75,66.62138552653917,101.36165829146613,113.60045042775496,113.60045042775496
189,lower-left,0.8,-2,1.0,68.02395302212545,100.52274659381044,111.74889968460391,111.74889968460391
189,lower-left,0.8,-2,1.25,69.42652051771175,99.68383489615475,109.89734894145286,109.89734894145286
189,lower-left,0.8,-2,1.5,70.82908801329803,98.84492319849907,108.04579819830181,108.04579819830181
189,lower-left,0.8,-2,1.75,71.72619816263628,98.78862370119275,107.70925960163723,107.70925960163723
189,lower-left,0.8,-2,2.0,72.62330831197451,98.73232420388644,107.37272100497265,107.37272100497265
189,lower-left,0.8,-2,2.25,73.52041846131276,98.67602470658011,107.03618240830806,107.03618240830806
189,lower-left,0.8,-2,2.5,74.417528610651,98.61972520927378,106.69964381164348,106.69964381164348
189,lower-left,0.8,-2,2.75,74.96661334287593,99.92380236688669,108.52861487278122,108.52861487278122
189,lower-left,0.8,-2,3.0,75.51569807510086,101.22787952449961,110.35758593391894,110.35758593391894
189,lower-left,0.8,-2,3.25,76.06478280732578,102.53195668211252,112.18655699505666,112.18655699505666
189,lower-left,0.8,-2,3.5,76.61386753955071,103.83603383972545,114.0155280561944,114.0155280561944
189,lower-left,0.8,-2,3.75,78.72027372637498,107.23459522932953,117.82413279195731,117.82413279195731
189,lower-left,0.8,-2,4.0,80.82667991319926,110.63315661893363,121.63273752772022,121.63273752772022
189,lower-left,0.8,-2,4.25,82.93308610002354,114.03171800853772,125.44134226348314,125.44134226348314
189,lower-left,0.8,-2,4.5,85.03949228684782,117.4302793981418,129.24994699924605,129.24994699924605
189,lower-left,0.8,-2,4.75,88.38783662108942,121.76343602260921,133.44108743191643,133.44108743191643
189,lower-left,0.8,-2,5.0,91.73618095533101,126.09659264707662,137.6322278645868,137.6322278645868
189,lower-left,0.8,-2,5.25,95.08452528957261,130.42974927154404,141.8233682972572,141.8233682972572
189,lower-left,0.8,-2,5.5,98.43286962381421,134.76290589601143,146.01450872992757,146.01450872992757
189,lower-left,0.8,-2,5.75,99.36551958075725,136.07393413739894,147.38487681120358,147.38487681120358
189,lower-left,0.8,-2,6.0,100.29816953770028,137.38496237878644,148.75524489247957,148.75524489247957
189,lower-left,0.8,-2,6.25,101.2308194946433,138.69599062017397,150.12561297375555,150.12561297375555
189,lower-left,0.8,-2,6.5,102.16346945158634,140.00701886156148,151.49598105503156,151.49598105503156
189,lower-left,0.8,-2,6.75,101.70571568325522,139.6796275678044,151.21520382530383,151.21520382530383
189,lower-left,0.8,-2,7.0,101.24796191492413,139.35223627404736,150.93442659557613,150.93442659557613
189,lower-left,0.8,-1,-7.0,73.07315492159714,122.60570260489843,141.9949454190737,141.9949454190737
189,lower-left,0.8,-1,-6.75,72.7317426103676,122.18081945981059,141.58608978775663,141.58608978775663
189,lower-left,0.8,-1,-6.5,72.39033029913809,121.75593631472276,141.17723415643957,141.17723415643957
189,lower-left,0.8,-1,-6.25,71.79349072389468,121.10540990898605,140.53826785580634,140.53826785580634
189,lower-left,0.8,-1,-6.0,71.19665114865126,120.45488350324935,139.89930155517314,139.89930155517314
189,lower-left,0.8,-1,-5.75,70.59981157340785,119.80435709751264,139.26033525453994,139.26033525453994
189,lower-left,0.8,-1,-5.5,70.00297199816444,119.15383069177594,138.6213689539067,138.6213689539067
189,lower-left,0.8,-1,-5.25,69.48437818765018,118.64592279986698,138.1156463154928,138.1156463154928
189,lower-left,0.8,-1,-5.0,68.96578437713593,118.13801490795802,137.60992367707888,137.60992367707888
189,lower-left,0.8,-1,-4.75,68.44719056662169,117.63010701604907,137.10420103866494,137.10420103866494
189,lower-left,0.8,-1,-4.5,67.92859675610742,117.12219912414011,136.59847840025103,136.59847840025103
189,lower-left,0.8,-1,-4.25,67.28802061828691,117.21533930787427,136.54517396324545,136.54517396324545
189,lower-left,0.8,-1,-4.0,66.64744448046638,117.30847949160845,136.49186952623984,136.49186952623984
189,lower-left,0.8,-1,-3.75,66.00686834264584,117.40161967534263,136.43856508923423,136.43856508923423
189,lower-left,0.8,-1,-3.5,65.36629220482533,117.4947598590768,136.38526065222865,136.38526065222865
189,lower-left,0.8,-1,-3.25,64.90006541112307,118.38761501931366,137.05341748625517,137.05341748625517
189,lower-left,0.8,-1,-3.0,64.4338386174208,119.28047017955052,137.72157432028172,137.72157432028172
189,lower-left,0.8,-1,-2.75,63.96761182371854,120.17332533978738,138.38973115430824,138.38973115430824
189,lower-left,0.8,-1,-2.5,63.50138503001628,121.06618050002425,139.05788798833476,139.05788798833476
189,lower-left,0.8,-1,-2.25,64.82864631006987,121.9782258592115,139.92310305870566,139.92310305870566
189,lower-left,0.8,-1,-2.0,66.15590759012346,122.89027121839877,140.78831812907657,140.78831812907657
189,lower-left,0.8,-1,-1.75,67.48316887017705,123.80231657758603,141.6535331994475,141.6535331994475
189,lower-left,0.8,-1,-1.5,68.81043015023063,124.71436193677329,142.51874826981842,142.51874826981842
189,lower-left,0.8,-1,-1.25,70.65059820686594,124.15019238829512,141.43839788746212,141.43839788746212
189,lower-left,0.8,-1,-1.0,72.49076626350123,123.58602283981696,140.3580475051058,140.3580475051058
189,lower-left,0.8,-1,-0.75,74.33093432013652,123.0218532913388,139.2776971227495,139.2776971227495
189,lower-left,0.8,-1,-0.5,76.17110237677181,122.45768374286064,138.1973467403932,138.1973467403932
189,lower-left,0.8,-1,-0.25,76.79000515902307,119.56111250603865,134.128654247856,134.128654247856
189,lower-left,0.8,-1,0.0,77.40890794127432,116.66454126921667,130.0599617553188,130.0599617553188
189,lower-left,0.8,-1,0.25,78.02781072352558,113.76797003239469,125.99126926278159,125.99126926278159
189,lower-left,0.8,-1,0.5,78.64671350577683,110.8713987955727,121.92257677024439,121.92257677024439
189,lower-left,0.8,-1,0.75,78.72636255362023,107.54077738288746,117.42489494311766,117.42489494311766
189,lower-left,0.8,-1,1.0,78.80601160146364,104.21015597020222,112.92721311599092,112.92721311599092
189,lower-left,0.8,-1,1.25,78.88566064930704,100.87953455751698,108.42953128886421,108.42953128886421
189,lower-left,0.8,-1,1.5,78.96530969715045,97.54891314483174,103.93184946173747,103.93184946173747
189,lower-left,0.8,-1,1.75,79.34361165252184,96.00978010585474,101.99743869118171,101.99743869118171
189,lower-left,0.8,-1,2.0,79.72191360789326,94.47064706687777,100.06302792062593,100.06302792062593
189,lower-left,0.8,-1,2.25,80.10021556326467,92.93151402790079,98.12861715007014,98.12861715007014
189,lower-left,0.8,-1,2.5,80.47851751863607,91.39238098892379,96.19420637951438,96.19420637951438
189,lower-left,0.8,-1,2.75,81.79715782234126,92.64832737400184,97.90310118806367,97.90310118806367
189,lower-left,0.8,-1,3.0,83.11579812604646,93.90427375907987,99.61199599661299,99.61199599661299
189,lower-left,0.8,-1,3.25,84.43443842975167,95.16022014415792,101.32089080516229,101.32089080516229
189,lower-left,0.8,-1,3.5,85.75307873345686,96.41616652923597,103.02978561371158,103.02978561371158
189,lower-left,0.8,-1,3.75,91.82539548912074,103.02800503528624,110.08608047595196,110.08608047595196
189,lower-left,0.8,-1,4.0,97.8977122447846,109.6398435413365,117.14237533819232,117.14237533819232
189,lower-left,0.8,-1,4.25,103.97002900044848,116.25168204738677,124.1986702004327,124.1986702004327
189,lower-left,0.8,-1,4.5,110.04234575611235,122.86352055343704,131.25496506267308,131.25496506267308
189,lower-left,0.8,-1,4.75,121.02702861976161,134.0299526067052,142.47583914764493,142.47583914764493
189,lower-left,0.8,-1,5.0,132.01171148341086,145.19638465997338,153.69671323261682,153.69671323261682
189,lower-left,0.8,-1,5.25,142.9963943470601,156.36281671324153,164.9175873175887,164.9175873175887
189,lower-left,0.8,-1,5.5,153.98107721070934,167.52924876650968,176.13846140256055,176.13846140256055
189,lower-left,0.8,-1,5.75,158.26624585842495,171.84476088043843,180.55015161915424,180.55015161915424
189,lower-left,0.8,-1,6.0,162.5514145061406,176.16027299436718,184.96184183574792,184.96184183574792
189,lower-left,0.8,-1,6.25,166.8365831538562,180.47578510829592,189.37353205234157,189.37353205234157
189,lower-left,0.8,-1,6.5,171.1217518015718,184.79129722222467,193.78522226893526,193.78522226893526
189,lower-left,0.8,-1,6.75,170.8904387249945,184.72406624717547,193.71373493363504,193.71373493363504
189,lower-left,0.8,-1,7.0,170.6591256484172,184.65683527212627,193.64224759833485,193.64224759833485
189,lower-left,0.8,0,-7.0,66.01033014142955,116.84922260012303,134.24111095529983,134.24111095529983
189,lower-left,0.8,0,-6.75,66.00285767061695,117.07043412710728,134.41487469372947,134.41487469372947
189,lower-left,0.8,0,-6.5,65.99538519980436,117.29164565409152,134.5886384321591,134.5886384321591
189,lower-left,0.8,0,-6.25,66.40127038226397,117.83891575074344,135.101118660086,135.101118660086
189,lower-left,0.8,0,-6.0,66.80715556472359,118.38618584739535,135.6135988880129,135.6135988880129
189,lower-left,0.8,0,-5.75,67.2130407471832,118.93345594404727,136.12607911593977,136.12607911593977
189,lower-left,0.8,0,-5.5,67.61892592964281,119.48072604069918,136.6385593438667,136.6385593438667
189,lower-left,0.8,0,-5.25,68.41220194304704,120.40114099084907,137.53912713153392,137.53912713153392
189,lower-left,0.8,0,-5.0,69.20547795645126,121.32155594099898,138.43969491920112,138.43969491920112
189,lower-left,0.8,0,-4.75,69.99875396985549,122.24197089114887,139.34026270686832,139.34026270686832
189,lower-left,0.8,0,-4.5,70.79202998325971,123.16238584129877,140.24083049453554,140.24083049453554
189,lower-left,0.8,0,-4.25,71.57042659975613,124.43485330076871,141.55695530754105,141.55695530754105
189,lower-left,0.8,0,-4.0,72.34882321625254,125.70732076023863,142.87308012054655,142.87308012054655
189,lower-left,0.8,0,-3.75,73.12721983274895,126.97978821970857,144.18920493355205,144.18920493355205
189,lower-left,0.8,0,-3.5,73.90561644924537,128.2522556791785,145.50532974655755,145.50532974655755
189,lower-left,0.8,0,-3.25,74.62181101973943,129.57697126848248,147.04938537298722,147.04938537298722
189,lower-left,0.8,0,-3.0,75.33800559023348,130.90168685778647,148.59344099941688,148.59344099941688
189,lower-left,0.8,0,-2.75,76.05420016072753,132.22640244709046,150.13749662584658,150.13749662584658
189,lower-left,0.8,0,-2.5,76.77039473122159,133.55111803639446,151.68155225227625,151.68155225227625
189,lower-left,0.8,0,-2.25,77.71378788546666,133.62258245748052,151.76085088541242,151.76085088541242
189,lower-left,0.8,0,-2.0,78.65718103971173,133.69404687856658,151.84014951854857,151.84014951854857
189,lower-left,0.8,0,-1.75,79.6005741939568,133.76551129965264,151.91944815168472,151.91944815168472
189,lower-left,0.8,0,-1.5,80.54396734820187,133.8369757207387,151.99874678482087,151.99874678482087
189,lower-left,0.8,0,-1.25,80.70254770625509,131.31304421177265,148.7262828439129,148.7262828439129
189,lower-left,0.8,0,-1.0,80.8611280643083,128.7891127028066,145.45381890300496,145.45381890300496
189,lower-left,0.8,0,-0.75,81.01970842236152,126.26518119384053,142.181354962097,142.181354962097
189,lower-left,0.8,0,-0.5,81.17828878041473,123.74124968487446,138.90889102118905,138.90889102118905
189,lower-left,0.8,0,-0.25,80.7739924965634,119.42652921311556,133.13272933062953,133.13272933062953
189,lower-left,0.8,0,0.0,80.36969621271206,115.11180874135665,127.35656764007003,127.35656764007003
189,lower-left,0.8,0,0.25,79.96539992886073,110.79708826959775,121.5804059495105,121.5804059495105
189,lower-left,0.8,0,0.5,79.5611036450094,106.48236779783885,115.804244258951,115.804244258951
189,lower-left,0.8,0,0.75,80.63051345133951,103.76715873083555,111.60052607454777,111.60052607454777
189,lower-left,0.8,0,1.0,81.69992325766961,101.05194966383226,107.39680789014456,107.39680789014456
189,lower-left,0.8,0,1.25,82.76933306399971,98.33674059682895,103.19308970574133,103.19308970574133
189,lower-left,0.8,0,1.5,83.83874287032981,95.62153152982566,98.98937152133811,98.98937152133811
189,lower-left,0.8,0,1.75,85.4083197522467,95.00292832550781,97.60203970882333,97.60203970882333
189,lower-left,0.8,0,2.0,86.97789663416359,94.38432512118996,96.21470789630854,96.21470789630854
189,lower-left,0.8,0,2.25,88.54747351608049,93.76572191687211,94.82737608379375,94.82737608379375
189,lower-left,0.8,0,2.5,90.11705039799736,93.14711871255426,93.44004427127896,93.44004427127896
189,lower-left,0.8,0,2.75,93.9716762388969,96.60882726871586,97.07529058558242,97.07529058558242
189,lower-left,0.8,0,3.0,97.82630207979643,100.07053582487748,100.71053689988588,100.71053689988588
189,lower-left,0.8,0,3.25,101.68092792069598,103.5322443810391,104.34578321418932,104.34578321418932
189,lower-left,0.8,0,3.5,105.53555376159551,106.9939529372007,107.98102952849278,107.98102952849278
189,lower-left,0.8,0,3.75,116.86300728115303,118.52720685805711,119.8748862647561,119.8748862647561
189,lower-left,0.8,0,4.0,128.19046080071055,130.06046077891352,131.76874300101943,131.76874300101943
189,lower-left,0.8,0,4.25,139.51791432026806,141.59371469976992,143.66259973728276,143.66259973728276
189,lower-left,0.8,0,4.5,150.8453678398256,153.12696862062631,155.5564564735461,155.5564564735461
189,lower-left,0.8,0,4.75,165.4921821458911,167.56192528130487,170.05866854591613,170.05866854591613
189,lower-left,0.8,0,5.0,180.1389964519566,181.99688194198345,184.56088061828615,184.56088061828615
189,lower-left,0.8,0,5.25,194.78581075802208,196.43183860266203,199.06309269065613,199.06309269065613
189,lower-left,0.8,0,5.5,209.43262506408757,210.86679526334058,213.56530476302618,213.56530476302618
189,lower-left,0.8,0,5.75,214.97307847934505,216.314195301295,219.0796223753495,219.0796223753495
189,lower-left,0.8,0,6.0,220.51353189460252,221.76159533924942,224.59393998767283,224.59393998767283
189,lower-left,0.8,0,6.25,226.05398530986,227.20899537720385,230.10825759999614,230.10825759999614
189,lower-left,0.8,0,6.5,231.59443872511747,232.65639541515827,235.62257521231948,235.62257521231948
189,lower-left,0.8,0,6.75,231.66912559463853,232.98725185863975,235.95742684731061,235.95742684731061
189,lower-left,0.8,0,7.0,231.7438124641596,233.31810830212126,236.29227848230173,236.29227848230173
189,lower-left,0.8,1,-7.0,77.61611727290625,133.55152297096004,149.51462792635226,149.51462792635226
189,lower-left,0.8,1,-6.75,77.70733413278317,134.00570364137377,149.90792738875746,149.90792738875746
189,lower-left,0.8,1,-6.5,77.79855099266008,134.4598843117875,150.30122685116265,150.30122685116265
189,lower-left,0.8,1,-6.25,78.06493901572739,134.8260661896128,150.67157010612468,150.67157010612468
189,lower-left,0.8,1,-6.0,78.33132703879468,135.19224806743807,151.0419133610867,151.0419133610867
189,lower-left,0.8,1,-5.75,78.59771506186199,135.55842994526333,151.41225661604872,151.41225661604872
189,lower-left,0.8,1,-5.5,78.8641030849293,135.9246118230886,151.78259987101075,151.78259987101075
189,lower-left,0.8,1,-5.25,79.37776851087321,136.3412471240336,152.28848932683076,152.28848932683076
189,lower-left,0.8,1,-5.0,79.89143393681714,136.7578824249786,152.79437878265074,152.79437878265074
189,lower-left,0.8,1,-4.75,80.40509936276106,137.17451772592358,153.30026823847072,153.30026823847072
189,lower-left,0.8,1,-4.5,80.91876478870498,137.59115302686857,153.80615769429073,153.80615769429073
189,lower-left,0.8,1,-4.25,81.29001453033197,137.79693028488506,154.2028934592873,154.2028934592873
189,lower-left,0.8,1,-4.0,81.66126427195896,138.0027075429016,154.5996292242839,154.5996292242839
189,lower-left,0.8,1,-3.75,82.03251401358594,138.2084848009181,154.99636498928047,154.99636498928047
189,lower-left,0.8,1,-3.5,82.40376375521294,138.41426205893458,155.39310075427704,155.39310075427704
189,lower-left,0.8,1,-3.25,82.55795700635178,137.98634727669202,155.28396447364455,155.28396447364455
189,lower-left,0.8,1,-3.0,82.71215025749065,137.55843249444945,155.17482819301205,155.17482819301205
189,lower-left,0.8,1,-2.75,82.86634350862951,137.13051771220688,155.06569191237955,155.06569191237955
189,lower-left,0.8,1,-2.5,83.02053675976836,136.7026029299643,154.95655563174705,154.95655563174705
189,lower-left,0.8,1,-2.25,82.85206761963951,134.81098911491335,152.9747330422204,152.9747330422204
189,lower-left,0.8,1,-2.0,82.68359847951066,132.9193752998624,150.99291045269376,150.99291045269376
189,lower-left,0.8,1,-1.75,82.51512933938182,131.02776148481144,149.01108786316715,149.01108786316715
189,lower-left,0.8,1,-1.5,82.34666019925297,129.13614766976048,147.0292652736405,147.0292652736405
189,lower-left,0.8,1,-1.25,81.2408882704589,124.96895861294362,141.95880676350606,141.95880676350606
189,lower-left,0.8,1,-1.0,80.13511634166483,120.80176955612679,136.8883482533716,136.8883482533716
189,lower-left,0.8,1,-0.75,79.02934441287076,116.63458049930995,131.81788974323712,131.81788974323712
189,lower-left,0.8,1,-0.5,77.92357248407669,112.4673914424931,126.74743123310267,126.74743123310267
189,lower-left,0.8,1,-0.25,78.2381903224321,108.91202571776,121.67614735953612,121.67614735953612
189,lower-left,0.8,1,0.0,78.55280816078754,105.35665999302688,116.60486348596956,116.60486348596956
189,lower-left,0.8,1,0.25,78.86742599914297,101.80129426829376,111.533579612403,111.533579612403
189,lower-left,0.8,1,0.5,79.18204383749838,98.24592854356067,106.46229573883645,106.46229573883645
189,lower-left,0.8,1,0.75,81.49505247888935,97.19140441087646,103.842223843277,103.842223843277
189,lower-left,0.8,1,1.0,83.80806112028031,96.13688027819225,101.22215194771755,101.22215194771755
189,lower-left,0.8,1,1.25,86.1210697616713,95.08235614550804,98.6020800521581,98.6020800521581
189,lower-left,0.8,1,1.5,88.43407840306226,94.02783201282384,95.98200815659865,95.98200815659865
189,lower-left,0.8,1,1.75,92.1625179879055,96.09911438506819,97.00284169753286,97.00284169753286
189,lower-left,0.8,1,2.0,95.89095757274873,98.17039675731255,98.02367523846706,98.17039675731255
189,lower-left,0.8,1,2.25,99.61939715759198,100.2416791295569,99.04450877940127,100.2416791295569
189,lower-left,0.8,1,2.5,103.34783674243522,102.31296150180125,100.06534232033549,103.34783674243522
189,lower-left,0.8,1,2.75,113.11608845755974,112.13853304002347,109.63208744963951,113.11608845755974
189,lower-left,0.8,1,3.0,122.88434017268426,121.96410457824572,119.19883257894355,122.88434017268426
189,lower-left,0.8,1,3.25,132.6525918878088,131.78967611646797,128.76557770824758,132.6525918878088
189,lower-left,0.8,1,3.5,142.4208436029333,141.6152476546902,138.3323228375516,142.4208436029333
189,lower-left,0.8,1,3.75,157.17885553531215,156.81880964561958,153.6521023728405,157.17885553531215
189,lower-left,0.8,1,4.0,171.936867467691,172.02237163654894,168.9718819081294,172.02237163654894
189,lower-left,0.8,1,4.25,186.69487940006985,187.2259336274783,184.29166144341832,187.2259336274783
189,lower-left,0.8,1,4.5,201.45289133244873,202.42949561840766,199.6114409787072,202.42949561840766
189,lower-left,0.8,1,4.75,211.32955482187973,212.15586764238253,209.40811538490442,212.15586764238253
189,lower-left,0.8,1,5.0,221.20621831131075,221.88223966635735,219.20478979110163,221.88223966635735
189,lower-left,0.8,1,5.25,231.08288180074175,231.60861169033217,229.00146419729884,231.60861169033217
189,lower-left,0.8,1,5.5,240.95954529017274,241.33498371430704,238.79813860349606,241.33498371430704
189,lower-left,0.8,1,5.75,243.55415529757133,243.87185044506623,241.46368271940543,243.87185044506623
189,lower-left,0.8,1,6.0,246.1487653049699,246.40871717582547,244.1292268353148,246.40871717582547
189,lower-left,0.8,1,6.25,248.7433753123685,248.94558390658466,246.79477095122417,248.94558390658466
189,lower-left,0.8,1,6.5,251.33798531976709,251.48245063734387,249.46031506713354,251.48245063734387
189,lower-left,0.8,1,6.75,251.12601745801766,251.60621952518346,249.65065762152352,251.60621952518346
189,lower-left,0.8,1,7.0,250.91404959626823,251.72998841302305,249.84100017591345,251.72998841302305
189,lower-left,0.8,2,-7.0,85.58174502977386,147.68382819773012,163.82274860487314,163.82274860487314
189,lower-left,0.8,2,-6.75,85.12487129370209,147.2904488760759,163.49664265567304,163.49664265567304
189,lower-left,0.8,2,-6.5,84.6679975576303,146.8970695544217,163.17053670647297,163.17053670647297
189,lower-left,0.8,2,-6.25,84.554513558595,146.3168280608466,162.79834679495764,162.79834679495764
189,lower-left,0.8,2,-6.0,84.4410295595597,145.7365865672715,162.42615688344227,162.42615688344227
189,lower-left,0.8,2,-5.75,84.3275455605244,145.15634507369643,162.0539669719269,162.0539669719269
189,lower-left,0.8,2,-5.5,84.2140615614891,144.57610358012133,161.68177706041158,161.68177706041158
189,lower-left,0.8,2,-5.25,84.22612297564899,143.83899163286935,161.21167713753755,161.21167713753755
189,lower-left,0.8,2,-5.0,84.23818438980886,143.10187968561738,160.74157721466355,160.74157721466355
189,lower-left,0.8,2,-4.75,84.25024580396874,142.3647677383654,160.27147729178955,160.27147729178955
189,lower-left,0.8,2,-4.5,84.26230721812863,141.62765579111343,159.80137736891555,159.80137736891555
189,lower-left,0.8,2,-4.25,83.74439666222256,140.37225532549454,158.53976468800678,158.53976468800678
189,lower-left,0.8,2,-4.0,83.22648610631649,139.11685485987562,157.27815200709802,157.27815200709802
189,lower-left,0.8,2,-3.75,82.70857555041042,137.86145439425673,156.01653932618925,156.01653932618925
189,lower-left,0.8,2,-3.5,82.19066499450435,136.60605392863783,154.75492664528048,154.75492664528048
189,lower-left,0.8,2,-3.25,81.62038766376394,134.83591423322684,152.55215565482638,152.55215565482638
189,lower-left,0.8,2,-3.0,81.05011033302353,133.06577453781583,150.34938466437228,150.34938466437228
189,lower-left,0.8,2,-2.75,80.4798330022831,131.2956348424048,148.14661367391818,148.14661367391818
189,lower-left,0.8,2,-2.5,79.90955567154269,129.52549514699382,145.94384268346408,145.94384268346408
189,lower-left,0.8,2,-2.25,79.63885971344092,126.63053964927914,142.54598810506263,142.54598810506263
189,lower-left,0.8,2,-2.0,79.36816375533917,123.73558415156447,139.14813352666118,139.14813352666118
189,lower-left,0.8,2,-1.75,79.09746779723741,120.8406286538498,135.75027894825973,135.75027894825973
189,lower-left,0.8,2,-1.5,78.82677183913566,117.94567315613513,132.3524243698583,132.3524243698583
189,lower-left,0.8,2,-1.25,78.45491433421853,113.73265843141056,127.36484810479149,127.36484810479149
189,lower-left,0.8,2,-1.0,78.08305682930141,109.51964370668597,122.37727183972467,122.37727183972467
189,lower-left,0.8,2,-0.75,77.7111993243843,105.3066289819614,117.38969557465785,117.38969557465785
189,lower-left,0.8,2,-0.5,77.33934181946717,101.09361425723682,112.40211930959104,112.40211930959104
189,lower-left,0.8,2,-0.25,80.30838627351999,100.2024717475482,110.43650632553465,110.43650632553465
189,lower-left,0.8,2,0.0,83.2774307275728,99.31132923785957,108.47089334147827,108.47089334147827
189,lower-left,0.8,2,0.25,86.24647518162561,98.42018672817093,106.5052803574219,106.5052803574219
189,lower-left,0.8,2,0.5,89.21551963567843,97.52904421848231,104.53966737336552,104.53966737336552
189,lower-left,0.8,2,0.75,94.21459922212264,100.02496830858048,105.91576505305986,105.91576505305986
189,lower-left,0.8,2,1.0,99.21367880856687,102.52089239867867,107.29186273275423,107.29186273275423
189,lower-left,0.8,2,1.25,104.2127583950111,105.01681648877684,108.6679604124486,108.6679604124486
189,lower-left,0.8,2,1.5,109.21183798145532,107.51274057887503,110.04405809214293,110.04405809214293
189,lower-left,0.8,2,1.75,117.57165096552649,115.31327785681887,116.99805413483591,117.57165096552649
189,lower-left,0.8,2,2.0,125.93146394959767,123.11381513476272,123.95205017752889,125.93146394959767
189,lower-left,0.8,2,2.25,134.29127693366885,130.91435241270656,130.90604622022187,134.29127693366885
189,lower-left,0.8,2,2.5,142.65108991774002,138.7148896906504,137.86004226291485,142.65108991774002
189,lower-left,0.8,2,2.75,155.76734527549624,152.7466172166778,151.42634495243627,155.76734527549624
189,lower-left,0.8,2,3.0,168.88360063325246,166.7783447427052,164.99264764195766,168.88360063325246
189,lower-left,0.8,2,3.25,181.99985599100867,180.8100722687326,178.55895033147905,181.99985599100867
189,lower-left,0.8,2,3.5,195.1161113487649,194.84179979476002,192.12525302100047,195.1161113487649
189,lower-left,0.8,2,3.75,205.2044643236132,205.62849370786194,202.89788573266358,205.62849370786194
189,lower-left,0.8,2,4.0,215.29281729846153,216.41518762096388,213.67051844432672,216.41518762096388
189,lower-left,0.8,2,4.25,225.38117027330986,227.2018815340658,224.44315115598985,227.2018815340658
189,lower-left,0.8,2,4.5,235.46952324815817,237.9885754471677,235.21578386765296,237.9885754471677
189,lower-left,0.8,2,4.75,239.33351059574244,241.53700689468872,238.97696494490265,241.53700689468872
189,lower-left,0.8,2,5.0,243.19749794332668,245.08543834220976,242.73814602215236,245.08543834220976
189,lower-left,0.8,2,5.25,247.06148529091092,248.6338697897308,246.49932709940205,248.6338697897308
189,lower-left,0.8,2,5.5,250.9254726384952,252.1823012372518,250.26050817665174,252.1823012372518
189,lower-left,0.8,2,5.75,251.60448948267575,252.64200253502997,250.87092243469442,252.64200253502997
189,lower-left,0.8,2,6.0,252.2835063268563,253.1017038328081,251.48133669273705,253.1017038328081
189,lower-left,0.8,2,6.25,252.96252317103682,253.56140513058625,252.09175095077967,253.56140513058625
189,lower-left,0.8,2,6.5,253.64154001521737,254.02110642836442,252.70216520882235,254.02110642836442
189,lower-left,0.8,2,6.75,253.5040056105939,254.00163090728017,252.72662908944582,254.00163090728017
189,lower-left,0.8,2,7.0,253.36647120597047,253.98215538619593,252.75109297006935,253.98215538619593
189,lower-left,1.2,-2,-7.0,80.21100271619716,134.44472731638152,154.1551432943557,154.1551432943557
189,lower-left,1.2,-2,-6.75,80.06546820737384,133.9916706030623,153.78977215004812,153.78977215004812
189,lower-left,1.2,-2,-6.5,79.91993369855051,133.5386138897431,153.42440100574055,153.42440100574055
189,lower-left,1.2,-2,-6.25,79.50082144336896,132.88882031357542,152.83640215685287,152.83640215685287
189,lower-left,1.2,-2,-6.0,79.0817091881874,132.23902673740773,152.2484033079652,152.2484033079652
189,lower-left,1.2,-2,-5.75,78.66259693300586,131.58923316124003,151.66040445907754,151.66040445907754
189,lower-left,1.2,-2,-5.5,78.24348467782431,130.93943958507236,151.07240561018986,151.07240561018986
189,lower-left,1.2,-2,-5.25,77.61387433360497,130.21940444825543,150.36021779535145,150.36021779535145
189,lower-left,1.2,-2,-5.0,76.98426398938562,129.49936931143853,149.64802998051306,149.64802998051306
189,lower-left,1.2,-2,-4.75,76.35465364516627,128.77933417462162,148.93584216567467,148.93584216567467
189,lower-left,1.2,-2,-4.5,75.72504330094692,128.0592990378047,148.22365435083628,148.22365435083628
189,lower-left,1.2,-2,-4.25,74.92572391167246,127.35823866390272,147.44404796915322,147.44404796915322
189,lower-left,1.2,-2,-4.0,74.126404522398,126.65717829000076,146.66444158747015,146.66444158747015
189,lower-left,1.2,-2,-3.75,73.32708513312355,125.95611791609878,145.88483520578706,145.88483520578706
189,lower-left,1.2,-2,-3.5,72.52776574384909,125.25505754219681,145.105228824104,145.105228824104
189,lower-left,1.2,-2,-3.25,71.66248088010352,124.43110105954682,144.15769430885956,144.15769430885956
189,lower-left,1.2,-2,-3.0,70.79719601635794,123.60714457689684,143.21015979361513,143.21015979361513
189,lower-left,1.2,-2,-2.75,69.93191115261237,122.78318809424685,142.2626252783707,142.2626252783707
189,lower-left,1.2,-2,-2.5,69.0666262888668,121.95923161159686,141.31509076312628,141.31509076312628
189,lower-left,1.2,-2,-2.25,68.42961575343864,120.75970534422189,139.92377464948768,139.92377464948768
189,lower-left,1.2,-2,-2.0,67.79260521801046,119.5601790768469,138.53245853584906,138.53245853584906
189,lower-left,1.2,-2,-1.75,67.1555946825823,118.36065280947192,137.14114242221046,137.14114242221046
189,lower-left,1.2,-2,-1.5,66.51858414715414,117.16112654209692,135.74982630857187,135.74982630857187
189,lower-left,1.2,-2,-1.25,66.2993100397765,115.5003073037869,133.59418785008438,133.59418785008438
189,lower-left,1.2,-2,-1.0,66.08003593239886,113.83948806547684,131.4385493915969,131.4385493915969
189,lower-left,1.2,-2,-0.75,65.86076182502121,112.1786688271668,129.28291093310938,129.28291093310938
189,lower-left,1.2,-2,-0.5,65.64148771764357,110.51784958885678,127.12727247462189,127.12727247462189
189,lower-left,1.2,-2,-0.25,65.90325237526372,108.77850469157917,124.53711607584489,124.53711607584489
189,lower-left,1.2,-2,0.0,66.16501703288388,107.03915979430158,121.94695967706792,121.94695967706792
189,lower-left,1.2,-2,0.25,66.42678169050404,105.29981489702398,119.35680327829095,119.35680327829095
189,lower-left,1.2,-2,0.5,66.68854634812419,103.56046999974637,116.76664687951396,116.76664687951396
189,lower-left,1.2,-2,0.75,67.53577551319492,102.62994547435366,115.01697401405559,115.01697401405559
189,lower-left,1.2,-2,1.0,68.38300467826566,101.69942094896096,113.26730114859723,113.26730114859723
189,lower-left,1.2,-2,1.25,69.2302338433364,100.76889642356826,111.51762828313886,111.51762828313886
189,lower-left,1.2,-2,1.5,70.07746300840714,99.83837189817555,109.7679554176805,109.7679554176805
189,lower-left,1.2,-2,1.75,71.36031694247959,100.34190292385038,109.95313584053476,109.95313584053476
189,lower-left,1.2,-2,2.0,72.64317087655203,100.8454339495252,110.13831626338902,110.13831626338902
189,lower-left,1.2,-2,2.25,73.92602481062448,101.34896497520003,110.32349668624326,110.32349668624326
189,lower-left,1.2,-2,2.5,75.20887874469695,101.85249600087485,110.50867710909752,110.50867710909752
189,lower-left,1.2,-2,2.75,76.95988713165515,103.93145166189184,112.78960290201998,112.78960290201998
189,lower-left,1.2,-2,3.0,78.71089551861337,106.01040732290883,115.07052869494242,115.07052869494242
189,lower-left,1.2,-2,3.25,80.46190390557157,108.08936298392581,117.35145448786488,117.35145448786488
189,lower-left,1.2,-2,3.5,82.21291229252978,110.1683186449428,119.63238028078734,119.63238028078734
189,lower-left,1.2,-2,3.75,84.97882363818992,113.72267943062585,123.4800518186066,123.4800518186066
189,lower-left,1.2,-2,4.0,87.74473498385007,117.2770402163089,127.32772335642584,127.32772335642584
189,lower-left,1.2,-2,4.25,90.51064632951021,120.83140100199195,131.17539489424507,131.17539489424507
189,lower-left,1.2,-2,4.5,93.27655767517035,124.385761787675,135.02306643206433,135.02306643206433
189,lower-left,1.2,-2,4.75,96.42243119715238,128.143785834934,138.90407235053857,138.90407235053857
189,lower-left,1.2,-2,5.0,99.5683047191344,131.901809882193,142.78507826901279,142.78507826901279
189,lower-left,1.2,-2,5.25,102.71417824111643,135.659833929452,146.666084187487,146.666084187487
189,lower-left,1.2,-2,5.5,105.86005176309845,139.417857976711,150.54709010596125,150.54709010596125
189,lower-left,1.2,-2,5.75,107.65786763435788,141.52078416225552,152.69990794275031,152.69990794275031
189,lower-left,1.2,-2,6.0,109.45568350561732,143.62371034780006,154.8527257795394,154.8527257795394
189,lower-left,1.2,-2,6.25,111.25349937687673,145.72663653334456,157.0055436163285,157.0055436163285
189,lower-left,1.2,-2,6.5,113.05131524813616,147.8295627188891,159.15836145311758,159.15836145311758
189,lower-left,1.2,-2,6.75,113.39805911078923,148.26318376734602,159.60538496287495,159.60538496287495
189,lower-left,1.2,-2,7.0,113.74480297344232,148.69680481580295,160.0524084726323,160.0524084726323
189,lower-left,1.2,-1,-7.0,74.10194241166423,125.50870053813898,144.46116062252628,144.46116062252628
189,lower-left,1.2,-1,-6.75,73.89832307828223,125.21950384290825,144.19782050394224,144.19782050394224
189,lower-left,1.2,-1,-6.5,73.69470374490025,124.93030714767752,143.9344803853582,143.9344803853582
189,lower-left,1.2,-1,-6.25,73.42421944828891,124.61992352265277,143.63959879113872,143.63959879113872
189,lower-left,1.2,-1,-6.0,73.15373515167758,124.30953989762801,143.34471719691928,143.34471719691928
189,lower-left,1.2,-1,-5.75,72.88325085506625,123.99915627260326,143.04983560269983,143.04983560269983
189,lower-left,1.2,-1,-5.5,72.61276655845492,123.6887726475785,142.75495400848035,142.75495400848035
189,lower-left,1.2,-1,-5.25,72.30779197768989,123.49643840476742,142.55155342965423,142.55155342965423
189,lower-left,1.2,-1,-5.0,72.00281739692485,123.30410416195633,142.3481528508281,142.3481528508281
189,lower-left,1.2,-1,-4.75,71.69784281615982,123.11176991914525,142.14475227200194,142.14475227200194
189,lower-left,1.2,-1,-4.5,71.39286823539479,122.91943567633416,141.94135169317582,141.94135169317582
189,lower-left,1.2,-1,-4.25,71.0551296747637,122.96399626297293,141.92640914930388,141.92640914930388
189,lower-left,1.2,-1,-4.0,70.71739111413262,123.0085568496117,141.91146660543194,141.91146660543194
189,lower-left,1.2,-1,-3.75,70.37965255350154,123.05311743625047,141.89652406156,141.89652406156
189,lower-left,1.2,-1,-3.5,70.04191399287046,123.09767802288924,141.8815815176881,141.8815815176881
189,lower-left,1.2,-1,-3.25,69.86620812391011,123.19108598893433,141.87996827235605,141.87996827235605
189,lower-left,1.2,-1,-3.0,69.69050225494976,123.28449395497941,141.87835502702404,141.87835502702404
189,lower-left,1.2,-1,-2.75,69.51479638598941,123.3779019210245,141.876741781692,141.876741781692
189,lower-left,1.2,-1,-2.5,69.33909051702906,123.4713098870696,141.87512853635997,141.87512853635997
189,lower-left,1.2,-1,-2.25,69.61099966770817,123.05578880436113,141.23945680922682,141.23945680922682
189,lower-left,1.2,-1,-2.0,69.88290881838728,122.64026772165266,140.60378508209368,140.60378508209368
189,lower-left,1.2,-1,-1.75,70.15481796906639,122.22474663894421,139.96811335496054,139.96811335496054
189,lower-left,1.2,-1,-1.5,70.4267271197455,121.80922555623575,139.3324416278274,139.3324416278274
189,lower-left,1.2,-1,-1.25,70.98865395802704,120.37555685460559,137.3054195235562,137.3054195235562
189,lower-left,1.2,-1,-1.0,71.5505807963086,118.94188815297542,135.278397419285,135.278397419285
189,lower-left,1.2,-1,-0.75,72.11250763459014,117.50821945134527,133.25137531501377,133.25137531501377
189,lower-left,1.2,-1,-0.5,72.6744344728717,116.07455074971512,131.22435321074258,131.22435321074258
189,lower-left,1.2,-1,-0.25,73.28458846965043,113.87112266380458,128.039750833197,128.039750833197
189,lower-left,1.2,-1,0.0,73.89474246642918,111.66769457789404,124.85514845565143,124.85514845565143
189,lower-left,1.2,-1,0.25,74.50489646320793,109.46426649198351,121.67054607810587,121.67054607810587
189,lower-left,1.2,-1,0.5,75.11505045998666,107.26083840607296,118.4859437005603,118.4859437005603
189,lower-left,1.2,-1,0.75,75.9186648280949,105.4213122202657,115.69411189913608,115.69411189913608
189,lower-left,1.2,-1,1.0,76.72227919620316,103.58178603445843,112.90228009771187,112.90228009771187
189,lower-left,1.2,-1,1.25,77.52589356431142,101.74225984865117,110.11044829628766,110.11044829628766
189,lower-left,1.2,-1,1.5,78.32950793241966,99.9027336628439,107.31861649486343,107.31861649486343
189,lower-left,1.2,-1,1.75,79.73880043865815,99.76016675720679,106.73143446558716,106.73143446558716
189,lower-left,1.2,-1,2.0,81.14809294489663,99.61759985156968,106.14425243631086,106.14425243631086
189,lower-left,1.2,-1,2.25,82.55738545113512,99.47503294593255,105.55707040703459,105.55707040703459
189,lower-left,1.2,-1,2.5,83.9666779573736,99.33246604029544,104.96988837775831,104.96988837775831
189,lower-left,1.2,-1,2.75,87.06780509126526,102.14375398979756,107.88595742394287,107.88595742394287
189,lower-left,1.2,-1,3.0,90.16893222515692,104.95504193929969,110.80202647012743,110.80202647012743
189,lower-left,1.2,-1,3.25,93.27005935904859,107.7663298888018,113.71809551631199,113.71809551631199
189,lower-left,1.2,-1,3.5,96.37118649294024,110.57761783830392,116.63416456249655,116.63416456249655
189,lower-left,1.2,-1,3.75,102.20895754851867,116.74928525727876,123.06209400453268,123.06209400453268
189,lower-left,1.2,-1,4.0,108.0467286040971,122.92095267625359,129.4900234465688,129.4900234465688
189,lower-left,1.2,-1,4.25,113.88449965967551,129.09262009522843,135.91795288860493,135.91795288860493
189,lower-left,1.2,-1,4.5,119.72227071525394,135.26428751420326,142.34588233064107,142.34588233064107
189,lower-left,1.2,-1,4.75,126.4390583248839,142.29632365164935,149.51182698563258,149.51182698563258
189,lower-left,1.2,-1,5.0,133.15584593451388,149.32835978909546,156.67777164062412,156.67777164062412
189,lower-left,1.2,-1,5.25,139.87263354414384,156.36039592654157,163.84371629561562,163.84371629561562
189,lower-left,1.2,-1,5.5,146.5894211537738,163.39243206398766,171.00966095060716,171.00966095060716
189,lower-left,1.2,-1,5.75,150.65029223785737,167.62629105101496,175.29785615022325,175.29785615022325
189,lower-left,1.2,-1,6.0,154.71116332194094,171.86015003804226,179.5860513498394,179.5860513498394
189,lower-left,1.2,-1,6.25,158.77203440602452,176.09400902506957,183.87424654945556,183.87424654945556
189,lower-left,1.2,-1,6.5,162.8329054901081,180.32786801209684,188.16244174907166,188.16244174907166
189,lower-left,1.2,-1,6.75,164.01634467483842,181.60640918729098,189.4474706399081,189.4474706399081
189,lower-left,1.2,-1,7.0,165.19978385956875,182.88495036248509,190.73249953074452,190.73249953074452
189,lower-left,1.2,0,-7.0,72.08037378252405,124.27859082171905,141.89840258513937,141.89840258513937
189,lower-left,1.2,0,-6.75,72.00837468140934,124.32842632390093,141.92482209934192,141.92482209934192
189,lower-left,1.2,0,-6.5,71.93637558029462,124.37826182608282,141.95124161354448,141.95124161354448
189,lower-left,1.2,0,-6.25,72.02465874556006,124.54258506641374,142.11412884090456,142.11412884090456
189,lower-left,1.2,0,-6.0,72.11294191082548,124.70690830674468,142.27701606826463,142.27701606826463
189,lower-left,1.2,0,-5.75,72.2012250760909,124.87123154707561,142.43990329562467,142.43990329562467
189,lower-left,1.2,0,-5.5,72.28950824135634,125.03555478740653,142.60279052298475,142.60279052298475
189,lower-left,1.2,0,-5.25,72.5040423252726,125.36034855665052,142.94651566156975,142.94651566156975
189,lower-left,1.2,0,-5.0,72.71857640918886,125.6851423258945,143.29024080015472,143.29024080015472
189,lower-left,1.2,0,-4.75,72.93311049310512,126.0099360951385,143.6339659387397,143.6339659387397
189,lower-left,1.2,0,-4.5,73.14764457702137,126.3347298643825,143.9776910773247,143.9776910773247
189,lower-left,1.2,0,-4.25,73.38490971001343,126.78503743859267,144.46405180005945,144.46405180005945
189,lower-left,1.2,0,-4.0,73.62217484300548,127.23534501280284,144.95041252279424,144.95041252279424
189,lower-left,1.2,0,-3.75,73.85943997599753,127.68565258701301,145.436773245529,145.436773245529
189,lower-left,1.2,0,-3.5,74.0967051089896,128.13596016122318,145.92313396826376,145.92313396826376
189,lower-left,1.2,0,-3.25,74.39509640144281,128.35880461919973,146.1536702983454,146.1536702983454
189,lower-left,1.2,0,-3.0,74.69348769389603,128.58164907717628,146.38420662842702,146.38420662842702
189,lower-left,1.2,0,-2.75,74.99187898634925,128.80449353515283,146.61474295850869,146.61474295850869
189,lower-left,1.2,0,-2.5,75.29027027880247,129.02733799312938,146.84527928859032,146.84527928859032
189,lower-left,1.2,0,-2.25,75.69006127560937,128.30275019864644,145.8971991411796,145.8971991411796
189,lower-left,1.2,0,-2.0,76.08985227241627,127.57816240416349,144.94911899376888,144.94911899376888
189,lower-left,1.2,0,-1.75,76.48964326922317,126.85357460968054,144.00103884635817,144.00103884635817
189,lower-left,1.2,0,-1.5,76.88943426603007,126.12898681519759,143.05295869894746,143.05295869894746
189,lower-left,1.2,0,-1.25,77.25749192081398,124.040280716517,140.25515838588404,140.25515838588404
189,lower-left,1.2,0,-1.0,77.62554957559789,121.95157461783643,137.45735807282065,137.45735807282065
189,lower-left,1.2,0,-0.75,77.9936072303818,119.86286851915584,134.65955775975726,134.65955775975726
189,lower-left,1.2,0,-0.5,78.36166488516571,117.77416242047525,131.86175744669384,131.86175744669384
189,lower-left,1.2,0,-0.25,78.92846684018306,115.08847053953363,128.03037006079455,128.03037006079455
189,lower-left,1.2,0,0.0,79.4952687952004,112.40277865859203,124.19898267489526,124.19898267489526
189,lower-left,1.2,0,0.25,80.06207075021774,109.71708677765042,120.36759528899597,120.36759528899597
189,lower-left,1.2,0,0.5,80.6288727052351,107.0313948967088,116.53620790309668,116.53620790309668
189,lower-left,1.2,0,0.75,81.94797497192731,105.34903311589702,113.70702010160501,113.70702010160501
189,lower-left,1.2,0,1.0,83.26707723861952,103.66667133508521,110.87783230011334,110.87783230011334
189,lower-left,1.2,0,1.25,84.58617950531173,101.98430955427341,108.04864449862168,108.04864449862168
189,lower-left,1.2,0,1.5,85.90528177200395,100.30194777346162,105.21945669713001,105.21945669713001
189,lower-left,1.2,0,1.75,88.70288161840374,101.27380977228759,105.52209998988492,105.52209998988492
189,lower-left,1.2,0,2.0,91.50048146480353,102.24567177111358,105.82474328263982,105.82474328263982
189,lower-left,1.2,0,2.25,94.29808131120332,103.21753376993956,106.12738657539472,106.12738657539472
189,lower-left,1.2,0,2.5,97.09568115760311,104.18939576876554,106.43002986814963,106.43002986814963
189,lower-left,1.2,0,2.75,102.74946321940794,109.30344571204552,111.44880513429857,111.44880513429857
189,lower-left,1.2,0,3.0,108.40324528121279,114.4174956553255,116.46758040044749,116.46758040044749
189,lower-left,1.2,0,3.25,114.05702734301762,119.53154559860548,121.48635566659641,121.48635566659641
189,lower-left,1.2,0,3.5,119.71080940482247,124.64559554188546,126.50513093274535,126.50513093274535
189,lower-left,1.2,0,3.75,128.5946933737156,133.59167068913013,135.60869588887323,135.60869588887323
189,lower-left,1.2,0,4.0,137.47857734260873,142.53774583637477,144.71226084500114,144.71226084500114
189,lower-left,1.2,0,4.25,146.36246131150185,151.48382098361944,153.81582580112905,153.81582580112905
189,lower-left,1.2,0,4.5,155.24634528039496,160.4298961308641,162.91939075725693,162.91939075725693
189,lower-left,1.2,0,4.75,164.16837132450047,169.41293550869054,172.0308815943733,172.0308815943733
189,lower-left,1.2,0,5.0,173.09039736860598,178.39597488651697,181.14237243148966,181.14237243148966
189,lower-left,1.2,0,5.25,182.01242341271148,187.3790142643434,190.253863268606,190.253863268606
189,lower-left,1.2,0,5.5,190.934449456817,196.36205364216983,199.3653541057224,199.3653541057224
189,lower-left,1.2,0,5.75,195.9842804480313,201.45413026490286,204.52932407216136,204.52932407216136
189,lower-left,1.2,0,6.0,201.03411143924563,206.5462068876359,209.69329403860036,209.69329403860036
189,lower-left,1.2,0,6.25,206.08394243045993,211.63828351036892,214.85726400503933,214.85726400503933
189,lower-left,1.2,0,6.5,211.13377342167425,216.73036013310195,220.0212339714783,220.0212339714783
189,lower-left,1.2,0,6.75,212.58510492475853,218.29264175342257,221.61904507817135,221.61904507817135
189,lower-left,1.2,0,7.0,214.03643642784283,219.8549233737432,223.2168561848644,223.2168561848644
189,lower-left,1.2,1,-7.0,77.01283212059272,132.88291191081896,149.56643456906562,149.56643456906562
189,lower-left,1.2,1,-6.75,76.98815167221326,133.03067699487076,149.6824640102932,149.6824640102932
189,lower-left,1.2,1,-6.5,76.96347122383379,133.17844207892253,149.79849345152078,149.79849345152078
189,lower-left,1.2,1,-6.25,77.1163663680232,133.29781037436635,149.95728164133112,149.95728164133112
189,lower-left,1.2,1,-6.0,77.26926151221261,133.4171786698102,150.11606983114143,150.11606983114143
189,lower-left,1.2,1,-5.75,77.42215665640201,133.53654696525402,150.27485802095177,150.27485802095177
189,lower-left,1.2,1,-5.5,77.57505180059141,133.65591526069784,150.4336462107621,150.4336462107621
189,lower-left,1.2,1,-5.25,77.83944895039244,133.74632217122408,150.60176038672495,150.60176038672495
189,lower-left,1.2,1,-5.0,78.10384610019348,133.83672908175032,150.76987456268782,150.76987456268782
189,lower-left,1.2,1,-4.75,78.36824324999452,133.92713599227653,150.9379887386507,150.9379887386507
189,lower-left,1.2,1,-4.5,78.63264039979555,134.01754290280277,151.10610291461353,151.10610291461353
189,lower-left,1.2,1,-4.25,78.84174144866762,133.92647339286708,151.08023833367537,151.08023833367537
189,lower-left,1.2,1,-4.0,79.05084249753968,133.83540388293142,151.0543737527372,151.0543737527372
189,lower-left,1.2,1,-3.75,79.25994354641173,133.74433437299575,151.02850917179904,151.02850917179904
189,lower-left,1.2,1,-3.5,79.4690445952838,133.65326486306006,151.00264459086088,151.00264459086088
189,lower-left,1.2,1,-3.25,79.59073645096802,133.00713595664487,150.32205221165012,150.32205221165012
189,lower-left,1.2,1,-3.0,79.71242830665226,132.36100705022966,149.64145983243935,149.64145983243935
189,lower-left,1.2,1,-2.75,79.83412016233649,131.71487814381447,148.9608674532286,148.9608674532286
189,lower-left,1.2,1,-2.5,79.95581201802071,131.0687492373993,148.28027507401782,148.28027507401782
189,lower-left,1.2,1,-2.25,80.01487372622927,129.36037286516367,146.25328870383464,146.25328870383464
189,lower-left,1.2,1,-2.0,80.07393543443783,127.65199649292805,144.22630233365143,144.22630233365143
189,lower-left,1.2,1,-1.75,80.13299714264639,125.94362012069243,142.19931596346822,142.19931596346822
189,lower-left,1.2,1,-1.5,80.19205885085495,124.23524374845681,140.17232959328504,140.17232959328504
189,lower-left,1.2,1,-1.25,80.45110616252524,121.63565160899856,136.7890350083173,136.7890350083173
189,lower-left,1.2,1,-1.0,80.71015347419551,119.03605946954032,133.40574042334958,133.40574042334958
189,lower-left,1.2,1,-0.75,80.96920078586578,116.43646733008208,130.02244583838188,130.02244583838188
189,lower-left,1.2,1,-0.5,81.22824809753607,113.83687519062383,126.63915125341416,126.63915125341416
189,lower-left,1.2,1,-0.25,82.47903920868552,111.75135694176339,123.38191711578376,123.38191711578376
189,lower-left,1.2,1,0.0,83.72983031983496,109.66583869290292,120.12468297815339,120.12468297815339
189,lower-left,1.2,1,0.25,84.9806214309844,107.58032044404248,116.867448840523,116.867448840523
189,lower-left,1.2,1,0.5,86.23141254213385,105.49480219518203,113.61021470289262,113.61021470289262
189,lower-left,1.2,1,0.75,89.13198827598882,105.59510338405781,112.51695723888905,112.51695723888905
189,lower-left,1.2,1,1.0,92.03256400984377,105.69540457293358,111.42369977488548,111.42369977488548
189,lower-left,1.2,1,1.25,94.93313974369872,105.79570576180936,110.3304423108819,110.3304423108819
189,lower-left,1.2,1,1.5,97.83371547755368,105.89600695068513,109.23718484687834,109.23718484687834
189,lower-left,1.2,1,1.75,103.07382530587753,109.63147834456045,112.1569831181645,112.1569831181645
189,lower-left,1.2,1,2.0,108.31393513420139,113.36694973843576,115.07678138945067,115.07678138945067
189,lower-left,1.2,1,2.25,113.55404496252524,117.10242113231108,117.99657966073684,117.99657966073684
189,lower-left,1.2,1,2.5,118.79415479084909,120.8378925261864,120.91637793202301,120.91637793202301
189,lower-left,1.2,1,2.75,127.08398913989465,128.83481667902655,128.61043231587323,128.83481667902655
189,lower-left,1.2,1,3.0,135.37382348894022,136.8317408318667,136.30448669972344,136.8317408318667
189,lower-left,1.2,1,3.25,143.6636578379858,144.82866498470685,143.99854108357368,144.82866498470685
189,lower-left,1.2,1,3.5,151.95349218703137,152.825589137547,151.6925954674239,152.825589137547
189,lower-left,1.2,1,3.75,161.90186606846686,162.910757308153,161.798919139959,162.910757308153
189,lower-left,1.2,1,4.0,171.85023994990237,172.99592547875898,171.90524281249407,172.99592547875898
189,lower-left,1.2,1,4.25,181.7986138313379,183.08109364936496,182.01156648502916,183.08109364936496
189,lower-left,1.2,1,4.5,191.74698771277338,193.16626181997094,192.11789015756426,193.16626181997094
189,lower-left,1.2,1,4.75,199.75220048191858,201.18242262344458,200.23937759439838,201.18242262344458
189,lower-left,1.2,1,5.0,207.75741325106378,209.19858342691822,208.3608650312325,209.19858342691822
189,lower-left,1.2,1,5.25,215.76262602020898,217.21474423039186,216.48235246806658,217.21474423039186
189,lower-left,1.2,1,5.5,223.7678387893542,225.2309050338655,224.6038399049007,225.2309050338655
189,lower-left,1.2,1,5.75,227.66149394019675,229.11092181167453,228.5777417495168,229.11092181167453
189,lower-left,1.2,1,6.0,231.55514909103934,232.99093858948356,232.55164359413294,232.99093858948356
189,lower-left,1.2,1,6.25,235.4488042418819,236.87095536729262,236.52554543874908,236.87095536729262
189,lower-left,1.2,1,6.5,239.3424593927245,240.75097214510166,240.4994472833652,240.75097214510166
189,lower-left,1.2,1,6.75,240.30612361070817,241.81976732641155,241.63739561117717,241.81976732641155
189,lower-left,1.2,1,7.0,241.26978782869188,242.88856250772142,242.77534393898918,242.88856250772142
189,lower-left,1.2,2,-7.0,82.28150938883114,141.77647767836746,158.65086391467406,158.65086391467406
189,lower-left,1.2,2,-6.75,82.15721560931442,141.61569377128717,158.45770882740484,158.45770882740484
189,lower-left,1.2,2,-6.5,82.03292182979771,141.4549098642069,158.26455374013563,158.26455374013563
189,lower-left,1.2,2,-6.25,82.04371030970466,141.05736090688538,157.95021151673262,157.95021151673262
189,lower-left,1.2,2,-6.0,82.05449878961161,140.65981194956385,157.63586929332962,157.63586929332962
189,lower-left,1.2,2,-5.75,82.06528726951858,140.2622629922423,157.32152706992662,157.32152706992662
189,lower-left,1.2,2,-5.5,82.07607574942553,139.86471403492078,157.00718484652361,157.00718484652361
189,lower-left,1.2,2,-5.25,82.12807267999096,139.24946508122116,156.47859918309922,156.47859918309922
189,lower-left,1.2,2,-5.0,82.18006961055639,138.6342161275215,155.95001351967483,155.95001351967483
189,lower-left,1.2,2,-4.75,82.23206654112181,138.01896717382186,155.42142785625043,155.42142785625043
189,lower-left,1.2,2,-4.5,82.28406347168723,137.40371822012224,154.89284219282604,154.89284219282604
189,lower-left,1.2,2,-4.25,82.23737136004404,136.44954231468145,153.86963924116418,153.86963924116418
189,lower-left,1.2,2,-4.0,82.19067924840084,135.49536640924066,152.8464362895023,152.8464362895023
189,lower-left,1.2,2,-3.75,82.14398713675763,134.5411905037999,151.8232333378404,151.8232333378404
189,lower-left,1.2,2,-3.5,82.09729502511443,133.5870145983591,150.80003038617855,150.80003038617855
189,lower-left,1.2,2,-3.25,82.06849135113916,132.13085583708332,149.03588697533178,149.03588697533178
189,lower-left,1.2,2,-3.0,82.0396876771639,130.67469707580756,147.27174356448504,147.27174356448504
189,lower-left,1.2,2,-2.75,82.01088400318862,129.2185383145318,145.5076001536383,145.5076001536383
189,lower-left,1.2,2,-2.5,81.98208032921335,127.76237955325603,143.74345674279152,143.74345674279152
189,lower-left,1.2,2,-2.25,82.32761611615737,125.81838020161007,141.26101056029938,141.26101056029938
189,lower-left,1.2,2,-2.0,82.67315190310138,123.87438084996411,138.77856437780724,138.77856437780724
189,lower-left,1.2,2,-1.75,83.0186876900454,121.93038149831816,136.2961181953151,136.2961181953151
189,lower-left,1.2,2,-1.5,83.36422347698942,119.9863821466722,133.81367201282296,133.81367201282296
189,lower-left,1.2,2,-1.25,84.76579120163096,118.33174609852335,131.3656461025214,131.3656461025214
189,lower-left,1.2,2,-1.0,86.1673589262725,116.6771100503745,128.9176201922198,128.9176201922198
189,lower-left,1.2,2,-0.75,87.56892665091404,115.02247400222566,126.46959428191822,126.46959428191822
189,lower-left,1.2,2,-0.5,88.97049437555557,113.3678379540768,124.02156837161664,124.02156837161664
189,lower-left,1.2,2,-0.25,92.23244878023814,113.51298126517408,123.16214829245641,123.16214829245641
189,lower-left,1.2,2,0.0,95.49440318492071,113.65812457627133,122.30272821329618,122.30272821329618
189,lower-left,1.2,2,0.25,98.7563575896033,113.8032678873686,121.44330813413596,121.44330813413596
189,lower-left,1.2,2,0.5,102.01831199428587,113.94841119846586,120.58388805497573,120.58388805497573
189,lower-left,1.2,2,0.75,107.3568303379523,117.03139751889458,122.66811703114163,122.66811703114163
189,lower-left,1.2,2,1.0,112.69534868161873,120.11438383932331,124.75234600730752,124.75234600730752
189,lower-left,1.2,2,1.25,118.03386702528515,123.19737015975203,126.83657498347343,126.83657498347343
189,lower-left,1.2,2,1.5,123.37238536895158,126.28035648018076,128.92080395963933,128.92080395963933
189,lower-left,1.2,2,1.75,130.82698208661895,132.82623356431162,134.732794515666,134.732794515666
189,lower-left,1.2,2,2.0,138.28157880428637,139.37211064844251,140.54478507169267,140.54478507169267
189,lower-left,1.2,2,2.25,145.73617552195375,145.9179877325734,146.35677562771937,146.35677562771937
189,lower-left,1.2,2,2.5,153.19077223962114,152.4638648167043,152.16876618374604,153.19077223962114
189,lower-left,1.2,2,2.75,162.14482315314632,161.531459789802,160.88566634882022,162.14482315314632
189,lower-left,1.2,2,3.0,171.0988740666715,170.59905476289973,169.60256651389443,171.0988740666715
189,lower-left,1.2,2,3.25,180.05292498019668,179.66664973599745,178.3194666789686,180.05292498019668
189,lower-left,1.2,2,3.5,189.00697589372186,188.73424470909515,187.0363668440428,189.00697589372186
189,lower-left,1.2,2,3.75,197.13144165958488,197.155113721543,195.41605665372487,197.155113721543
189,lower-left,1.2,2,4.0,205.25590742544787,205.57598273399083,203.79574646340689,205.57598273399083
189,lower-left,1.2,2,4.25,213.38037319131087,213.99685174643867,212.17543627308896,213.99685174643867
189,lower-left,1.2,2,4.5,221.5048389571739,222.4177207588865,220.555126082771,222.4177207588865
189,lower-left,1.2,2,4.75,226.5920542735391,227.51787187133363,225.75078836527024,227.51787187133363
189,lower-left,1.2,2,5.0,231.67926958990432,232.61802298378078,230.94645064776944,232.61802298378078
189,lower-left,1.2,2,5.25,236.76648490626957,237.7181740962279,236.1421129302687,237.7181740962279
189,lower-left,1.2,2,5.5,241.85370022263479,242.81832520867505,241.3377752127679,242.81832520867505
189,lower-left,1.2,2,5.75,243.88099569723184,244.77348028996806,243.39192459040459,244.77348028996806
189,lower-left,1.2,2,6.0,245.9082911718289,246.72863537126108,245.44607396804122,246.72863537126108
189,lower-left,1.2,2,6.25,247.93558664642595,248.6837904525541,247.50022334567785,248.6837904525541
189,lower-left,1.2,2,6.5,249.962882121023,250.6389455338471,249.55437272331454,250.6389455338471
189,lower-left,1.2,2,6.75,250.3654807270568,251.07714781678123,250.0585057699747,251.07714781678123
189,lower-left,1.2,2,7.0,250.76807933309055,251.51535009971536,250.56263881663483,251.51535009971536
189,lower-middle,0,-2,-7.0,80.0,138.0,158.0,158.0
189,lower-middle,0,-2,-6.75,82.25,140.0,159.75,159.75
189,lower-middle,0,-2,-6.5,84.5,142.0,161.5,161.5
189,lower-middle,0,-2,-6.25,86.75,144.0,163.25,163.25
189,lower-middle,0,-2,-6.0,89.0,146.0,165.0,165.0
189,lower-middle,0,-2,-5.75,89.0,146.0,165.25,165.25
189,lower-middle,0,-2,-5.5,89.0,146.0,165.5,165.5
189,lower-middle,0,-2,-5.25,89.0,146.0,165.75,165.75
189,lower-middle,0,-2,-5.0,89.0,146.0,166.0,166.0
189,lower-middle,0,-2,-4.75,87.5,144.5,164.5,164.5
189,lower-middle,0,-2,-4.5,86.0,143.0,163.0,163.0
189,lower-middle,0,-2,-4.25,84.5,141.5,161.5,161.5
189,lower-middle,0,-2,-4.0,83.0,140.0,160.0,160.0
189,lower-middle,0,-2,-3.75,83.5,140.5,160.5,160.5
189,lower-middle,0,-2,-3.5,84.0,141.0,161.0,161.0
189,lower-middle,0,-2,-3.25,84.5,141.5,161.5,161.5
189,lower-middle,0,-2,-3.0,85.0,142.0,162.0,162.0
189,lower-middle,0,-2,-2.75,85.75,142.25,162.25,162.25
189,lower-middle,0,-2,-2.5,86.5,142.5,162.5,162.5
189,lower-middle,0,-2,-2.25,87.25,142.75,162.75,162.75
189,lower-middle,0,-2,-2.0,88.0,143.0,163.0,163.0
189,lower-middle,0,-2,-1.75,84.5,139.5,159.5,159.5
189,lower-middle,0,-2,-1.5,81.0,136.0,156.0,156.0
189,lower-middle,0,-2,-1.25,77.5,132.5,152.5,152.5
189,lower-middle,0,-2,-1.0,74.0,129.0,149.0,149.0
189,lower-middle,0,-2,-0.75,71.5,125.75,146.0,146.0
189,lower-middle,0,-2,-0.5,69.0,122.5,143.0,143.0
189,lower-middle,0,-2,-0.25,66.5,119.25,140.0,140.0
189,lower-middle,0,-2,0.0,64.0,116.0,137.0,137.0
189,lower-middle,0,-2,0.25,66.0,118.0,139.0,139.0
189,lower-middle,0,-2,0.5,68.0,120.0,141.0,141.0
189,lower-middle,0,-2,0.75,70.0,122.0,143.0,143.0
189,lower-middle,0,-2,1.0,72.0,124.0,145.0,145.0
189,lower-middle,0,-2,1.25,75.5,127.5,148.5,148.5
189,lower-middle,0,-2,1.5,79.0,131.0,152.0,152.0
189,lower-middle,0,-2,1.75,82.5,134.5,155.5,155.5
189,lower-middle,0,-2,2.0,86.0,138.0,159.0,159.0
189,lower-middle,0,-2,2.25,87.75,139.25,163.25,163.25
189,lower-middle,0,-2,2.5,89.5,140.5,167.5,167.5
189,lower-middle,0,-2,2.75,91.25,141.75,171.75,171.75
189,lower-middle,0,-2,3.0,93.0,143.0,176.0,176.0
189,lower-middle,0,-2,3.25,92.25,143.25,175.0,175.0
189,lower-middle,0,-2,3.5,91.5,143.5,174.0,174.0
189,lower-middle,0,-2,3.75,90.75,143.75,173.0,173.0
189,lower-middle,0,-2,4.0,90.0,144.0,172.0,172.0
189,lower-middle,0,-2,4.25,89.5,143.75,170.0,170.0
189,lower-middle,0,-2,4.5,89.0,143.5,168.0,168.0
189,lower-middle,0,-2,4.75,88.5,143.25,166.0,166.0
189,lower-middle,0,-2,5.0,88.0,143.0,164.0,164.0
189,lower-middle,0,-2,5.25,87.75,142.25,162.5,162.5
189,lower-middle,0,-2,5.5,87.5,141.5,161.0,161.0
189,lower-middle,0,-2,5.75,87.25,140.75,159.5,159.5
189,lower-middle,0,-2,6.0,87.0,140.0,158.0,158.0
189,lower-middle,0,-2,6.25,87.5,140.0,158.25,158.25
189,lower-middle,0,-2,6.5,88.0,140.0,158.5,158.5
189,lower-middle,0,-2,6.75,88.5,140.0,158.75,158.75
189,lower-middle,0,-2,7.0,89.0,140.0,159.0,159.0
189,lower-middle,0,-1,-7.0,93.0,151.0,175.0,175.0
189,lower-middle,0,-1,-6.75,91.75,149.75,173.75,173.75
189,lower-middle,0,-1,-6.5,90.5,148.5,172.5,172.5
189,lower-middle,0,-1,-6.25,89.25,147.25,171.25,171.25
189,lower-middle,0,-1,-6.0,88.0,146.0,170.0,170.0
189,lower-middle,0,-1,-5.75,86.25,147.0,168.75,168.75
189,lower-middle,0,-1,-5.5,84.5,148.0,167.5,167.5
189,lower-middle,0,-1,-5.25,82.75,149.0,166.25,166.25
189,lower-middle,0,-1,-5.0,81.0,150.0,165.0,165.0
189,lower-middle,0,-1,-4.75,80.5,149.5,164.75,164.75
189,lower-middle,0,-1,-4.5,80.0,149.0,164.5,164.5
189,lower-middle,0,-1,-4.25,79.5,148.5,164.25,164.25
189,lower-middle,0,-1,-4.0,79.0,148.0,164.0,164.0
189,lower-middle,0,-1,-3.75,78.0,145.5,161.75,161.75
189,lower-middle,0,-1,-3.5,77.0,143.0,159.5,159.5
189,lower-middle,0,-1,-3.25,76.0,140.5,157.25,157.25
189,lower-middle,0,-1,-3.0,75.0,138.0,155.0,155.0
189,lower-middle,0,-1,-2.75,78.25,138.25,155.25,155.25
189,lower-middle,0,-1,-2.5,81.5,138.5,155.5,155.5
189,lower-middle,0,-1,-2.25,84.75,138.75,155.75,155.75
189,lower-middle,0,-1,-2.0,88.0,139.0,156.0,156.0
189,lower-middle,0,-1,-1.75,82.25,131.0,146.75,146.75
189,lower-middle,0,-1,-1.5,76.5,123.0,137.5,137.5
189,lower-middle,0,-1,-1.25,70.75,115.0,128.25,128.25
189,lower-middle,0,-1,-1.0,65.0,107.0,119.0,119.0
189,lower-middle,0,-1,-0.75,59.75,100.75,113.0,113.0
189,lower-middle,0,-1,-0.5,54.5,94.5,107.0,107.0
189,lower-middle,0,-1,-0.25,49.25,88.25,101.0,101.0
189,lower-middle,0,-1,0.0,44.0,82.0,95.0,95.0
189,lower-middle,0,-1,0.25,50.75,90.0,104.5,104.5
189,lower-middle,0,-1,0.5,57.5,98.0,114.0,114.0
189,lower-middle,0,-1,0.75,64.25,106.0,123.5,123.5
189,lower-middle,0,-1,1.0,71.0,114.0,133.0,133.0
189,lower-middle,0,-1,1.25,70.75,115.5,135.5,135.5
189,lower-middle,0,-1,1.5,70.5,117.0,138.0,138.0
189,lower-middle,0,-1,1.75,70.25,118.5,140.5,140.5
189,lower-middle,0,-1,2.0,70.0,120.0,143.0,143.0
189,lower-middle,0,-1,2.25,72.75,123.5,144.75,144.75
189,lower-middle,0,-1,2.5,75.5,127.0,146.5,146.5
189,lower-middle,0,-1,2.75,78.25,130.5,148.25,148.25
189,lower-middle,0,-1,3.0,81.0,134.0,150.0,150.0
189,lower-middle,0,-1,3.25,81.5,135.25,151.0,151.0
189,lower-middle,0,-1,3.5,82.0,136.5,152.0,152.0
189,lower-middle,0,-1,3.75,82.5,137.75,153.0,153.0
189,lower-middle,0,-1,4.0,83.0,139.0,154.0,154.0
189,lower-middle,0,-1,4.25,82.5,138.75,154.75,154.75
189,lower-middle,0,-1,4.5,82.0,138.5,155.5,155.5
189,lower-middle,0,-1,4.75,81.5,138.25,156.25,156.25
189,lower-middle,0,-1,5.0,81.0,138.0,157.0,157.0
189,lower-middle,0,-1,5.25,80.25,137.5,156.75,156.75
189,lower-middle,0,-1,5.5,79.5,137.0,156.5,156.5
189,lower-middle,0,-1,5.75,78.75,136.5,156.25,156.25
189,lower-middle,0,-1,6.0,78.0,136.0,156.0,156.0
189,lower-middle,0,-1,6.25,77.75,136.5,156.25,156.25
189,lower-middle,0,-1,6.5,77.5,137.0,156.5,156.5
189,lower-middle,0,-1,6.75,77.25,137.5,156.75,156.75
189,lower-middle,0,-1,7.0,77.0,138.0,157.0,157.0
189,lower-middle,0,0,-7.0,91.0,151.0,175.0,175.0
189,lower-middle,0,0,-6.75,90.0,150.0,174.0,174.0
189,lower-middle,0,0,-6.5,89.0,149.0,173.0,173.0
189,lower-middle,0,0,-6.25,88.0,148.0,172.0,172.0
189,lower-middle,0,0,-6.0,87.0,147.0,171.0,171.0
189,lower-middle,0,0,-5.75,87.5,146.75,169.0,169.0
189,lower-middle,0,0,-5.5,88.0,146.5,167.0,167.0
189,lower-middle,0,0,-5.25,88.5,146.25,165.0,165.0
189,lower-middle,0,0,-5.0,89.0,146.0,163.0,163.0
189,lower-middle,0,0,-4.75,86.75,143.75,161.25,161.25
189,lower-middle,0,0,-4.5,84.5,141.5,159.5,159.5
189,lower-middle,0,0,-4.25,82.25,139.25,157.75,157.75
189,lower-middle,0,0,-4.0,80.0,137.0,156.0,156.0
189,lower-middle,0,0,-3.75,81.75,138.25,157.5,157.5
189,lower-middle,0,0,-3.5,83.5,139.5,159.0,159.0
189,lower-middle,0,0,-3.25,85.25,140.75,160.5,160.5
189,lower-middle,0,0,-3.0,87.0,142.0,162.0,162.0
189,lower-middle,0,0,-2.75,84.75,138.25,157.0,157.0
189,lower-middle,0,0,-2.5,82.5,134.5,152.0,152.0
189,lower-middle,0,0,-2.25,80.25,130.75,147.0,147.0
189,lower-middle,0,0,-2.0,78.0,127.0,142.0,142.0
189,lower-middle,0,0,-1.75,71.0,118.75,132.75,132.75
189,lower-middle,0,0,-1.5,64.0,110.5,123.5,123.5
189,lower-middle,0,0,-1.25,57.0,102.25,114.25,114.25
189,lower-middle,0,0,-1.0,50.0,94.0,105.0,105.0
189,lower-middle,0,0,-0.75,53.5,97.5,108.5,108.5
189,lower-middle,0,0,-0.5,57.0,101.0,112.0,112.0
189,lower-middle,0,0,-0.25,60.5,104.5,115.5,115.5
189,lower-middle,0,0,0.0,64.0,108.0,119.0,119.0
189,lower-middle,0,0,0.25,70.75,117.0,129.25,129.25
189,lower-middle,0,0,0.5,77.5,126.0,139.5,139.5
189,lower-middle,0,0,0.75,84.25,135.0,149.75,149.75
189,lower-middle,0,0,1.0,91.0,144.0,160.0,160.0
189,lower-middle,0,0,1.25,90.25,145.25,162.0,162.0
189,lower-middle,0,0,1.5,89.5,146.5,164.0,164.0
189,lower-middle,0,0,1.75,88.75,147.75,166.0,166.0
189,lower-middle,0,0,2.0,88.0,149.0,168.0,168.0
189,lower-middle,0,0,2.25,83.25,140.75,159.5,159.5
189,lower-middle,0,0,2.5,78.5,132.5,151.0,151.0
189,lower-middle,0,0,2.75,73.75,124.25,142.5,142.5
189,lower-middle,0,0,3.0,69.0,116.0,134.0,134.0
189,lower-middle,0,0,3.25,72.5,119.5,138.0,138.0
189,lower-middle,0,0,3.5,76.0,123.0,142.0,142.0
189,lower-middle,0,0,3.75,79.5,126.5,146.0,146.0
189,lower-middle,0,0,4.0,83.0,130.0,150.0,150.0
189,lower-middle,0,0,4.25,84.5,131.75,152.25,152.25
189,lower-middle,0,0,4.5,86.0,133.5,154.5,154.5
189,lower-middle,0,0,4.75,87.5,135.25,156.75,156.75
189,lower-middle,0,0,5.0,89.0,137.0,159.0,159.0
189,lower-middle,0,0,5.25,88.0,136.5,158.75,158.75
189,lower-middle,0,0,5.5,87.0,136.0,158.5,158.5
189,lower-middle,0,0,5.75,86.0,135.5,158.25,158.25
189,lower-middle,0,0,6.0,85.0,135.0,158.0,158.0
189,lower-middle,0,0,6.25,84.75,134.75,157.75,157.75
189,lower-middle,0,0,6.5,84.5,134.5,157.5,157.5
189,lower-middle,0,0,6.75,84.25,134.25,157.25,157.25
189,lower-middle,0,0,7.0,84.0,134.0,157.0,157.0
189,lower-middle,0,1,-7.0,91.0,152.0,173.0,173.0
189,lower-middle,0,1,-6.75,90.25,151.25,172.25,172.25
189,lower-middle,0,1,-6.5,89.5,150.5,171.5,171.5
189,lower-middle,0,1,-6.25,88.75,149.75,170.75,170.75
189,lower-middle,0,1,-6.0,88.0,149.0,170.0,170.0
189,lower-middle,0,1,-5.75,90.5,147.5,168.5,168.5
189,lower-middle,0,1,-5.5,93.0,146.0,167.0,167.0
189,lower-middle,0,1,-5.25,95.5,144.5,165.5,165.5
189,lower-middle,0,1,-5.0,98.0,143.0,164.0,164.0
189,lower-middle,0,1,-4.75,93.5,138.75,160.25,160.25
189,lower-middle,0,1,-4.5,89.0,134.5,156.5,156.5
189,lower-middle,0,1,-4.25,84.5,130.25,152.75,152.75
189,lower-middle,0,1,-4.0,80.0,126.0,149.0,149.0
189,lower-middle,0,1,-3.75,80.5,126.5,149.5,149.5
189,lower-middle,0,1,-3.5,81.0,127.0,150.0,150.0
189,lower-middle,0,1,-3.25,81.5,127.5,150.5,150.5
189,lower-middle,0,1,-3.0,82.0,128.0,151.0,151.0
189,lower-middle,0,1,-2.75,75.0,120.25,141.75,141.75
189,lower-middle,0,1,-2.5,68.0,112.5,132.5,132.5
189,lower-middle,0,1,-2.25,61.0,104.75,123.25,123.25
189,lower-middle,0,1,-2.0,54.0,97.0,114.0,114.0
189,lower-middle,0,1,-1.75,51.25,94.0,109.75,109.75
189,lower-middle,0,1,-1.5,48.5,91.0,105.5,105.5
189,lower-middle,0,1,-1.25,45.75,88.0,101.25,101.25
189,lower-middle,0,1,-1.0,43.0,85.0,97.0,97.0
189,lower-middle,0,1,-0.75,51.25,94.5,105.5,105.5
189,lower-middle,0,1,-0.5,59.5,104.0,114.0,114.0
189,lower-middle,0,1,-0.25,67.75,113.5,122.5,122.5
189,lower-middle,0,1,0.0,76.0,123.0,131.0,131.0
189,lower-middle,0,1,0.25,77.5,127.25,136.25,136.25
189,lower-middle,0,1,0.5,79.0,131.5,141.5,141.5
189,lower-middle,0,1,0.75,80.5,135.75,146.75,146.75
189,lower-middle,0,1,1.0,82.0,140.0,152.0,152.0
189,lower-middle,0,1,1.25,80.0,140.25,153.5,153.5
189,lower-middle,0,1,1.5,78.0,140.5,155.0,155.0
189,lower-middle,0,1,1.75,76.0,140.75,156.5,156.5
189,lower-middle,0,1,2.0,74.0,141.0,158.0,158.0
189,lower-middle,0,1,2.25,75.75,138.75,156.25,156.25
189,lower-middle,0,1,2.5,77.5,136.5,154.5,154.5
189,lower-middle,0,1,2.75,79.25,134.25,152.75,152.75
189,lower-middle,0,1,3.0,81.0,132.0,151.0,151.0
189,lower-middle,0,1,3.25,76.5,128.0,146.75,146.75
189,lower-middle,0,1,3.5,72.0,124.0,142.5,142.5
189,lower-middle,0,1,3.75,67.5,120.0,138.25,138.25
189,lower-middle,0,1,4.0,63.0,116.0,134.0,134.0
189,lower-middle,0,1,4.25,60.25,113.0,131.75,131.75
189,lower-middle,0,1,4.5,57.5,110.0,129.5,129.5
189,lower-middle,0,1,4.75,54.75,107.0,127.25,127.25
189,lower-middle,0,1,5.0,52.0,104.0,125.0,125.0
189,lower-middle,0,1,5.25,55.0,107.0,128.0,128.0
189,lower-middle,0,1,5.5,58.0,110.0,131.0,131.0
189,lower-middle,0,1,5.75,61.0,113.0,134.0,134.0
189,lower-middle,0,1,6.0,64.0,116.0,137.0,137.0
189,lower-middle,0,1,6.25,67.0,119.25,139.5,139.5
189,lower-middle,0,1,6.5,70.0,122.5,142.0,142.0
189,lower-middle,0,1,6.75,73.0,125.75,144.5,144.5
189,lower-middle,0,1,7.0,76.0,129.0,147.0,147.0
189,lower-middle,0,2,-7.0,83.0,140.0,160.0,160.0
189,lower-middle,0,2,-6.75,82.25,138.75,159.0,159.0
189,lower-middle,0,2,-6.5,81.5,137.5,158.0,158.0
189,lower-middle,0,2,-6.25,80.75,136.25,157.0,157.0
189,lower-middle,0,2,-6.0,80.0,135.0,156.0,156.0
189,lower-middle,0,2,-5.75,81.0,134.0,154.75,154.75
189,lower-middle,0,2,-5.5,82.0,133.0,153.5,153.5
189,lower-middle,0,2,-5.25,83.0,132.0,152.25,152.25
189,lower-middle,0,2,-5.0,84.0,131.0,151.0,151.0
189,lower-middle,0,2,-4.75,82.0,128.75,149.5,149.5
189,lower-middle,0,2,-4.5,80.0,126.5,148.0,148.0
189,lower-middle,0,2,-4.25,78.0,124.25,146.5,146.5
189,lower-middle,0,2,-4.0,76.0,122.0,145.0,145.0
189,lower-middle,0,2,-3.75,71.5,117.25,139.75,139.75
189,lower-middle,0,2,-3.5,67.0,112.5,134.5,134.5
189,lower-middle,0,2,-3.25,62.5,107.75,129.25,129.25
189,lower-middle,0,2,-3.0,58.0,103.0,124.0,124.0
189,lower-middle,0,2,-2.75,49.75,93.25,113.25,113.25
189,lower-middle,0,2,-2.5,41.5,83.5,102.5,102.5
189,lower-middle,0,2,-2.25,33.25,73.75,91.75,91.75
189,lower-middle,0,2,-2.0,25.0,64.0,81.0,81.0
189,lower-middle,0,2,-1.75,28.25,66.75,81.75,81.75
189,lower-middle,0,2,-1.5,31.5,69.5,82.5,82.5
189,lower-middle,0,2,-1.25,34.75,72.25,83.25,83.25
189,lower-middle,0,2,-1.0,38.0,75.0,84.0,84.0
189,lower-middle,0,2,-0.75,48.5,85.75,94.75,94.75
189,lower-middle,0,2,-0.5,59.0,96.5,105.5,105.5
189,lower-middle,0,2,-0.25,69.5,107.25,116.25,116.25
189,lower-middle,0,2,0.0,80.0,118.0,127.0,127.0
189,lower-middle,0,2,0.25,79.25,119.75,129.5,129.5
189,lower-middle,0,2,0.5,78.5,121.5,132.0,132.0
189,lower-middle,0,2,0.75,77.75,123.25,134.5,134.5
189,lower-middle,0,2,1.0,77.0,125.0,137.0,137.0
189,lower-middle,0,2,1.25,75.75,125.75,138.5,138.5
189,lower-middle,0,2,1.5,74.5,126.5,140.0,140.0
189,lower-middle,0,2,1.75,73.25,127.25,141.5,141.5
189,lower-middle,0,2,2.0,72.0,128.0,143.0,143.0
189,lower-middle,0,2,2.25,71.5,128.5,142.5,142.5
189,lower-middle,0,2,2.5,71.0,129.0,142.0,142.0
189,lower-middle,0,2,2.75,70.5,129.5,141.5,141.5
189,lower-middle,0,2,3.0,70.0,130.0,141.0,141.0
189,lower-middle,0,2,3.25,71.75,132.25,143.75,143.75
189,lower-middle,0,2,3.5,73.5,134.5,146.5,146.5
189,lower-middle,0,2,3.75,75.25,136.75,149.25,149.25
189,lower-middle,0,2,4.0,77.0,139.0,152.0,152.0
189,lower-middle,0,2,4.25,76.75,138.75,151.75,151.75
189,lower-middle,0,2,4.5,76.5,138.5,151.5,151.5
189,lower-middle,0,2,4.75,76.25,138.25,151.25,151.25
189,lower-middle,0,2,5.0,76.0,138.0,151.0,151.0
189,lower-middle,0,2,5.25,73.0,135.0,148.0,148.0
189,lower-middle,0,2,5.5,70.0,132.0,145.0,145.0
189,lower-middle,0,2,5.75,67.0,129.0,142.0,142.0
189,lower-middle,0,2,6.0,64.0,126.0,139.0,139.0
189,lower-middle,0,2,6.25,62.5,123.5,136.25,136.25
189,lower-middle,0,2,6.5,61.0,121.0,133.5,133.5
189,lower-middle,0,2,6.75,59.5,118.5,130.75,130.75
189,lower-middle,0,2,7.0,58.0,116.0,128.0,128.0
189,lower-middle,0.8,-2,-7.0,85.75073808943772,144.48094474121285,164.86789877259662,164.86789877259662
189,lower-middle,0.8,-2,-6.75,85.8315272950032,144.42791625208542,164.63499341529285,164.63499341529285
189,lower-middle,0.8,-2,-6.5,85.91231650056869,144.374887762958,164.40208805798912,164.40208805798912
189,lower-middle,0.8,-2,-6.25,85.99310570613417,144.32185927383054,164.16918270068538,164.16918270068538
189,lower-middle,0.8,-2,-6.0,86.07389491169965,144.2688307847031,163.93627734338162,163.93627734338162
189,lower-middle,0.8,-2,-5.75,85.89767100689006,144.32064537496143,163.84497467349036,163.84497467349036
189,lower-middle,0.8,-2,-5.5,85.72144710208048,144.37245996521972,163.75367200359906,163.75367200359906
189,lower-middle,0.8,-2,-5.25,85.54522319727089,144.42427455547804,163.66236933370777,163.66236933370777
189,lower-middle,0.8,-2,-5.0,85.3689992924613,144.47608914573635,163.5710666638165,163.5710666638165
189,lower-middle,0.8,-2,-4.75,84.93311371728026,144.07301843521068,163.15703775087076,163.15703775087076
189,lower-middle,0.8,-2,-4.5,84.49722814209923,143.66994772468502,162.74300883792498,162.74300883792498
189,lower-middle,0.8,-2,-4.25,84.06134256691821,143.26687701415935,162.3289799249792,162.3289799249792
189,lower-middle,0.8,-2,-4.0,83.62545699173718,142.86380630363368,161.91495101203344,161.91495101203344
189,lower-middle,0.8,-2,-3.75,83.68684967757605,142.52697351093985,161.59479582806404,161.59479582806404
189,lower-middle,0.8,-2,-3.5,83.7482423634149,142.19014071824606,161.2746406440946,161.2746406440946
189,lower-middle,0.8,-2,-3.25,83.80963504925376,141.85330792555226,160.95448546012517,160.95448546012517
189,lower-middle,0.8,-2,-3.0,83.87102773509261,141.51647513285843,160.63433027615577,160.63433027615577
189,lower-middle,0.8,-2,-2.75,83.5794166671505,140.4996069749077,159.53747041511966,159.53747041511966
189,lower-middle,0.8,-2,-2.5,83.28780559920838,139.48273881695698,158.44061055408355,158.44061055408355
189,lower-middle,0.8,-2,-2.25,82.99619453126627,138.46587065900627,157.34375069304747,157.34375069304747
189,lower-middle,0.8,-2,-2.0,82.70458346332416,137.44900250105553,156.24689083201136,156.24689083201136
189,lower-middle,0.8,-2,-1.75,80.6265726965558,134.68824851993048,153.39149536499863,153.39149536499863
189,lower-middle,0.8,-2,-1.5,78.54856192978744,131.92749453880543,150.5360998979859,150.5360998979859
189,lower-middle,0.8,-2,-1.25,76.47055116301908,129.16674055768038,147.68070443097318,147.68070443097318
189,lower-middle,0.8,-2,-1.0,74.39254039625074,126.40598657655536,144.82530896396045,144.82530896396045
189,lower-middle,0.8,-2,-0.75,73.01754434347365,124.65231740669988,143.19030667953092,143.19030667953092
189,lower-middle,0.8,-2,-0.5,71.64254829069654,122.89864823684441,141.55530439510136,141.55530439510136
189,lower-middle,0.8,-2,-0.25,70.26755223791945,121.14497906698892,139.9203021106718,139.9203021106718
189,lower-middle,0.8,-2,0.0,68.89255618514235,119.39130989713345,138.28529982624224,138.28529982624224
189,lower-middle,0.8,-2,0.25,70.21947814352097,120.85582361867048,140.0330014927277,140.0330014927277
189,lower-middle,0.8,-2,0.5,71.5464001018996,122.32033734020752,141.78070315921315,141.78070315921315
189,lower-middle,0.8,-2,0.75,72.87332206027821,123.78485106174455,143.5284048256986,143.5284048256986
189,lower-middle,0.8,-2,1.0,74.20024401865683,125.24936478328158,145.27610649218406,145.27610649218406
189,lower-middle,0.8,-2,1.25,76.00699906460075,127.53845393812563,147.84817755694027,147.84817755694027
189,lower-middle,0.8,-2,1.5,77.81375411054466,129.82754309296968,150.4202486216965,150.4202486216965
189,lower-middle,0.8,-2,1.75,79.62050915648858,132.11663224781373,152.9923196864527,152.9923196864527
189,lower-middle,0.8,-2,2.0,81.4272642024325,134.40572140265778,155.56439075120892,155.56439075120892
189,lower-middle,0.8,-2,2.25,82.27711812649773,135.871379455836,157.13774917944608,157.13774917944608
189,lower-middle,0.8,-2,2.5,83.12697205056294,137.33703750901427,158.7111076076832,158.7111076076832
189,lower-middle,0.8,-2,2.75,83.97682597462816,138.80269556219253,160.28446603592033,160.28446603592033
189,lower-middle,0.8,-2,3.0,84.82667989869338,140.26835361537076,161.8578244641575,161.8578244641575
189,lower-middle,0.8,-2,3.25,85.1082697174776,140.9680756919413,162.25368326112087,162.25368326112087
189,lower-middle,0.8,-2,3.5,85.38985953626181,141.66779776851183,162.64954205808425,162.64954205808425
189,lower-middle,0.8,-2,3.75,85.67144935504602,142.36751984508237,163.0454008550476,163.0454008550476
189,lower-middle,0.8,-2,4.0,85.95303917383023,143.0672419216529,163.44125965201098,163.44125965201098
189,lower-middle,0.8,-2,4.25,85.81652913448183,143.08328412258362,163.05751634837245,163.05751634837245
189,lower-middle,0.8,-2,4.5,85.68001909513342,143.0993263235143,162.67377304473393,162.67377304473393
189,lower-middle,0.8,-2,4.75,85.54350905578501,143.115368524445,162.2900297410954,162.2900297410954
189,lower-middle,0.8,-2,5.0,85.4069990164366,143.1314107253757,161.90628643745686,161.90628643745686
189,lower-middle,0.8,-2,5.25,85.04153371964085,142.87930755787073,161.43954447871823,161.43954447871823
189,lower-middle,0.8,-2,5.5,84.6760684228451,142.62720439036576,160.9728025199796,160.9728025199796
189,lower-middle,0.8,-2,5.75,84.31060312604937,142.3751012228608,160.506060561241,160.506060561241
189,lower-middle,0.8,-2,6.0,83.94513782925362,142.12299805535582,160.03931860250236,160.03931860250236
189,lower-middle,0.8,-2,6.25,83.79632027587118,142.22764978708773,160.17611684940084,160.17611684940084
189,lower-middle,0.8,-2,6.5,83.64750272248875,142.33230151881963,160.3129150962993,160.3129150962993
189,lower-middle,0.8,-2,6.75,83.49868516910631,142.43695325055154,160.44971334319774,160.44971334319774
189,lower-middle,0.8,-2,7.0,83.34986761572387,142.54160498228342,160.58651159009622,160.58651159009622
189,lower-middle,0.8,-1,-7.0,89.78925551694606,148.6864242070288,171.3892430762904,171.3892430762904
189,lower-middle,0.8,-1,-6.75,89.2192788269535,148.26224089137617,170.60633715128102,170.60633715128102
189,lower-middle,0.8,-1,-6.5,88.64930213696096,147.83805757572355,169.82343122627162,169.82343122627162
189,lower-middle,0.8,-1,-6.25,88.0793254469684,147.41387426007094,169.04052530126225,169.04052530126225
189,lower-middle,0.8,-1,-6.0,87.50934875697584,146.9896909444183,168.25761937625288,168.25761937625288
189,lower-middle,0.8,-1,-5.75,86.78980663729897,146.78346829721488,167.37609361618465,167.37609361618465
189,lower-middle,0.8,-1,-5.5,86.0702645176221,146.57724565001143,166.49456785611642,166.49456785611642
189,lower-middle,0.8,-1,-5.25,85.35072239794525,146.37102300280802,165.6130420960482,165.6130420960482
189,lower-middle,0.8,-1,-5.0,84.63118027826837,146.1648003556046,164.73151633597996,164.73151633597996
189,lower-middle,0.8,-1,-4.75,83.89405033721066,145.4418719115606,163.8353712002529,163.8353712002529
189,lower-middle,0.8,-1,-4.5,83.15692039615294,144.71894346751665,162.9392260645258,162.9392260645258
189,lower-middle,0.8,-1,-4.25,82.41979045509521,143.9960150234727,162.0430809287987,162.0430809287987
189,lower-middle,0.8,-1,-4.0,81.6826605140375,143.2730865794287,161.14693579307163,161.14693579307163
189,lower-middle,0.8,-1,-3.75,81.55094117087043,142.25572313521235,160.15234953843316,160.15234953843316
189,lower-middle,0.8,-1,-3.5,81.41922182770335,141.23835969099596,159.15776328379465,159.15776328379465
189,lower-middle,0.8,-1,-3.25,81.28750248453629,140.22099624677958,158.16317702915615,158.16317702915615
189,lower-middle,0.8,-1,-3.0,81.15578314136923,139.20363280256322,157.16859077451767,157.16859077451767
189,lower-middle,0.8,-1,-2.75,80.43153689212645,136.96218966877555,154.61609600167841,154.61609600167841
189,lower-middle,0.8,-1,-2.5,79.70729064288368,134.72074653498788,152.06360122883916,152.06360122883916
189,lower-middle,0.8,-1,-2.25,78.98304439364091,132.4793034012002,149.5111064559999,149.5111064559999
189,lower-middle,0.8,-1,-2.0,78.25879814439813,130.23786026741254,146.95861168316065,146.95861168316065
189,lower-middle,0.8,-1,-1.75,75.45312599178592,126.1336831173113,142.4083476060872,142.4083476060872
189,lower-middle,0.8,-1,-1.5,72.6474538391737,122.02950596721007,137.85808352901378,137.85808352901378
189,lower-middle,0.8,-1,-1.25,69.84178168656149,117.92532881710885,133.30781945194036,133.30781945194036
189,lower-middle,0.8,-1,-1.0,67.03610953394929,113.82115166700761,128.7575553748669,128.7575553748669
189,lower-middle,0.8,-1,-0.75,65.97383151210907,112.3735550856945,127.43910949626759,127.43910949626759
189,lower-middle,0.8,-1,-0.5,64.91155349026884,110.92595850438138,126.12066361766827,126.12066361766827
189,lower-middle,0.8,-1,-0.25,63.84927546842863,109.47836192306828,124.80221773906895,124.80221773906895
189,lower-middle,0.8,-1,0.0,62.78699744658841,108.03076534175517,123.48377186046963,123.48377186046963
189,lower-middle,0.8,-1,0.25,64.994871518786,110.96090825696004,127.11006174179968,127.11006174179968
189,lower-middle,0.8,-1,0.5,67.20274559098358,113.89105117216491,130.73635162312974,130.73635162312974
189,lower-middle,0.8,-1,0.75,69.41061966318117,116.82119408736978,134.36264150445976,134.36264150445976
189,lower-middle,0.8,-1,1.0,71.61849373537875,119.75133700257464,137.9889313857898,137.9889313857898
189,lower-middle,0.8,-1,1.25,73.21989194766407,122.18902181499253,140.94362369378015,140.94362369378015
189,lower-middle,0.8,-1,1.5,74.8212901599494,124.62670662741041,143.89831600177047,143.89831600177047
189,lower-middle,0.8,-1,1.75,76.42268837223472,127.0643914398283,146.8530083097608,146.8530083097608
189,lower-middle,0.8,-1,2.0,78.02408658452003,129.50207625224618,149.80770061775115,149.80770061775115
189,lower-middle,0.8,-1,2.25,78.76144630353684,130.45116843346366,150.7273465847192,150.7273465847192
189,lower-middle,0.8,-1,2.5,79.49880602255365,131.40026061468114,151.64699255168728,151.64699255168728
189,lower-middle,0.8,-1,2.75,80.23616574157045,132.34935279589862,152.56663851865534,152.56663851865534
189,lower-middle,0.8,-1,3.0,80.97352546058725,133.2984449771161,153.4862844856234,153.4862844856234
189,lower-middle,0.8,-1,3.25,81.5162090163342,134.10009889364295,154.14444037513863,154.14444037513863
189,lower-middle,0.8,-1,3.5,82.05889257208116,134.90175281016982,154.80259626465383,154.80259626465383
189,lower-middle,0.8,-1,3.75,82.60157612782811,135.7034067266967,155.46075215416903,155.46075215416903
189,lower-middle,0.8,-1,4.0,83.14425968357506,136.50506064322354,156.11890804368426,156.11890804368426
189,lower-middle,0.8,-1,4.25,83.16938031541187,136.80751410885927,156.4716933352992,156.4716933352992
189,lower-middle,0.8,-1,4.5,83.19450094724867,137.109967574495,156.82447862691413,156.82447862691413
189,lower-middle,0.8,-1,4.75,83.21962157908547,137.4124210401307,157.1772639185291,157.1772639185291
189,lower-middle,0.8,-1,5.0,83.24474221092228,137.7148745057664,157.53004921014403,157.53004921014403
189,lower-middle,0.8,-1,5.25,82.92892902025663,137.59972587959638,157.45266961965518,157.45266961965518
189,lower-middle,0.8,-1,5.5,82.61311582959098,137.48457725342632,157.3752900291663,157.3752900291663
189,lower-middle,0.8,-1,5.75,82.29730263892533,137.36942862725627,157.29791043867746,157.29791043867746
189,lower-middle,0.8,-1,6.0,81.98148944825968,137.25428000108624,157.22053084818862,157.22053084818862
189,lower-middle,0.8,-1,6.25,81.81565322702082,137.23221506503452,157.15766793942777,157.15766793942777
189,lower-middle,0.8,-1,6.5,81.64981700578197,137.21015012898283,157.09480503066692,157.09480503066692
189,lower-middle,0.8,-1,6.75,81.48398078454312,137.18808519293114,157.03194212190607,157.03194212190607
189,lower-middle,0.8,-1,7.0,81.31814456330426,137.16602025687942,156.96907921314522,156.96907921314522
189,lower-middle,0.8,0,-7.0,90.71976783195996,150.6387118146872,173.52759258908247,173.52759258908247
189,lower-middle,0.8,0,-6.75,90.17750275843085,149.85051155635796,172.4607492503401,172.4607492503401
189,lower-middle,0.8,0,-6.5,89.63523768490174,149.0623112980287,171.3939059115977,171.3939059115977
189,lower-middle,0.8,0,-6.25,89.09297261137263,148.27411103969945,170.32706257285528,170.32706257285528
189,lower-middle,0.8,0,-6.0,88.55070753784354,147.4859107813702,169.2602192341129,169.2602192341129
189,lower-middle,0.8,0,-5.75,88.02625530062178,146.59820507860127,167.7868035895666,167.7868035895666
189,lower-middle,0.8,0,-5.5,87.50180306340005,145.71049937583234,166.3133879450203,166.3133879450203
189,lower-middle,0.8,0,-5.25,86.97735082617831,144.82279367306342,164.83997230047402,164.83997230047402
189,lower-middle,0.8,0,-5.0,86.45289858895656,143.9350879702945,163.36655665592772,163.36655665592772
189,lower-middle,0.8,0,-4.75,85.46891673273333,142.64271172515197,161.99251654351272,161.99251654351272
189,lower-middle,0.8,0,-4.5,84.4849348765101,141.35033548000945,160.61847643109775,160.61847643109775
189,lower-middle,0.8,0,-4.25,83.50095302028686,140.05795923486693,159.24443631868274,159.24443631868274
189,lower-middle,0.8,0,-4.0,82.51697116406363,138.7655829897244,157.87039620626774,157.87039620626774
189,lower-middle,0.8,0,-3.75,81.71993789143073,137.26375894624312,156.27293842646446,156.27293842646446
189,lower-middle,0.8,0,-3.5,80.92290461879784,135.76193490276182,154.67548064666119,154.67548064666119
189,lower-middle,0.8,0,-3.25,80.12587134616496,134.26011085928053,153.0780228668579,153.0780228668579
189,lower-middle,0.8,0,-3.0,79.32883807353205,132.75828681579924,151.48056508705463,151.48056508705463
189,lower-middle,0.8,0,-2.75,77.18272486603388,129.3805056279458,147.40049390707324,147.40049390707324
189,lower-middle,0.8,0,-2.5,75.03661165853569,126.0027244400924,143.32042272709185,143.32042272709185
189,lower-middle,0.8,0,-2.25,72.8904984510375,122.62494325223898,139.24035154711046,139.24035154711046
189,lower-middle,0.8,0,-2.0,70.74438524353931,119.24716206438555,135.16028036712908,135.16028036712908
189,lower-middle,0.8,0,-1.75,68.26862132393688,115.8371548402008,130.96227708145685,130.96227708145685
189,lower-middle,0.8,0,-1.5,65.79285740433446,112.42714761601604,126.7642737957846,126.7642737957846
189,lower-middle,0.8,0,-1.25,63.31709348473202,109.01714039183128,122.56627051011236,122.56627051011236
189,lower-middle,0.8,0,-1.0,60.84132956512959,105.60713316764652,118.36826722444013,118.36826722444013
189,lower-middle,0.8,0,-0.75,62.03782961197927,107.03348987293684,119.73217029324806,119.73217029324806
189,lower-middle,0.8,0,-0.5,63.234329658828955,108.45984657822714,121.096073362056,121.096073362056
189,lower-middle,0.8,0,-0.25,64.43082970567863,109.88620328351746,122.45997643086395,122.45997643086395
189,lower-middle,0.8,0,0.0,65.62732975252831,111.31255998880778,123.82387949967188,123.82387949967188
189,lower-middle,0.8,0,0.25,68.51383026873921,115.61717512329118,128.86817068591415,128.86817068591415
189,lower-middle,0.8,0,0.5,71.40033078495013,119.92179025777457,133.91246187215643,133.91246187215643
189,lower-middle,0.8,0,0.75,74.28683130116104,124.22640539225797,138.95675305839873,138.95675305839873
189,lower-middle,0.8,0,1.0,77.17333181737195,128.53102052674137,144.001044244641,144.001044244641
189,lower-middle,0.8,0,1.25,77.73420359655225,129.98688628157703,146.09917071410433,146.09917071410433
189,lower-middle,0.8,0,1.5,78.29507537573255,131.44275203641266,148.19729718356763,148.19729718356763
189,lower-middle,0.8,0,1.75,78.85594715491285,132.89861779124828,150.29542365303095,150.29542365303095
189,lower-middle,0.8,0,2.0,79.41681893409316,134.35448354608394,152.39355012249428,152.39355012249428
189,lower-middle,0.8,0,2.25,78.88128276414321,133.15315729438052,151.28225394562543,151.28225394562543
189,lower-middle,0.8,0,2.5,78.34574659419324,131.9518310426771,150.17095776875658,150.17095776875658
189,lower-middle,0.8,0,2.75,77.81021042424328,130.75050479097368,149.05966159188776,149.05966159188776
189,lower-middle,0.8,0,3.0,77.27467425429333,129.54917853927026,147.9483654150189,147.9483654150189
189,lower-middle,0.8,0,3.25,77.3808209957566,129.32913083695215,147.86700680829506,147.86700680829506
189,lower-middle,0.8,0,3.5,77.48696773721986,129.10908313463403,147.78564820157118,147.78564820157118
189,lower-middle,0.8,0,3.75,77.5931144786831,128.8890354323159,147.70428959484732,147.70428959484732
189,lower-middle,0.8,0,4.0,77.69926122014637,128.66898772999778,147.62293098812347,147.62293098812347
189,lower-middle,0.8,0,4.25,77.85750155072182,128.98293202258986,148.29368414732545,148.29368414732545
189,lower-middle,0.8,0,4.5,78.01574188129726,129.29687631518192,148.96443730652746,148.96443730652746
189,lower-middle,0.8,0,4.75,78.17398221187271,129.61082060777397,149.63519046572947,149.63519046572947
189,lower-middle,0.8,0,5.0,78.33222254244816,129.92476490036603,150.30594362493144,150.30594362493144
189,lower-middle,0.8,0,5.25,78.42597084926028,130.23247731336318,150.7823555387829,150.7823555387829
189,lower-middle,0.8,0,5.5,78.5197191560724,130.54018972636035,151.25876745263437,151.25876745263437
189,lower-middle,0.8,0,5.75,78.61346746288451,130.84790213935753,151.73517936648585,151.73517936648585
189,lower-middle,0.8,0,6.0,78.70721576969663,131.15561455235468,152.2115912803373,152.2115912803373
189,lower-middle,0.8,0,6.25,78.87777157782676,131.34729032148795,152.29640405796306,152.29640405796306
189,lower-middle,0.8,0,6.5,79.04832738595691,131.5389660906212,152.38121683558882,152.38121683558882
189,lower-middle,0.8,0,6.75,79.21888319408706,131.73064185975443,152.4660296132146,152.4660296132146
189,lower-middle,0.8,0,7.0,79.38943900221719,131.9223176288877,152.55084239084036,152.55084239084036
189,lower-middle,0.8,1,-7.0,88.71350319301246,148.17102571008644,169.65053895096773,169.65053895096773
189,lower-middle,0.8,1,-6.75,88.45854916543286,147.2188254961203,168.63419673030887,168.63419673030887
189,lower-middle,0.8,1,-6.5,88.20359513785326,146.2666252821542,167.61785450965002,167.61785450965002
189,lower-middle,0.8,1,-6.25,87.94864111027367,145.3144250681881,166.60151228899116,166.60151228899116
189,lower-middle,0.8,1,-6.0,87.69368708269407,144.36222485422195,165.5851700683323,165.5851700683323
189,lower-middle,0.8,1,-5.75,87.45340511946918,142.8449913068029,163.94133051743037,163.94133051743037
189,lower-middle,0.8,1,-5.5,87.21312315624431,141.32775775938384,162.29749096652847,162.29749096652847
189,lower-middle,0.8,1,-5.25,86.9728411930194,139.81052421196478,160.65365141562654,160.65365141562654
189,lower-middle,0.8,1,-5.0,86.73255922979453,138.29329066454574,159.0098118647246,159.0098118647246
189,lower-middle,0.8,1,-4.75,85.17083459249119,136.10295801300043,156.93231573399407,156.93231573399407
189,lower-middle,0.8,1,-4.5,83.60910995518785,133.91262536145513,154.85481960326356,154.85481960326356
189,lower-middle,0.8,1,-4.25,82.0473853178845,131.72229270990982,152.77732347253306,152.77732347253306
189,lower-middle,0.8,1,-4.0,80.48566068058118,129.5319600583645,150.69982734180252,150.69982734180252
189,lower-middle,0.8,1,-3.75,78.22757671251722,126.82812486116305,147.7542825635263,147.7542825635263
189,lower-middle,0.8,1,-3.5,75.96949274445328,124.1242896639616,144.80873778525006,144.80873778525006
189,lower-middle,0.8,1,-3.25,73.71140877638933,121.42045446676016,141.8631930069738,141.8631930069738
189,lower-middle,0.8,1,-3.0,71.45332480832539,118.71661926955872,138.91764822869757,138.91764822869757
189,lower-middle,0.8,1,-2.75,68.1165999892781,114.60322106319565,133.8395142981923,133.8395142981923
189,lower-middle,0.8,1,-2.5,64.77987517023081,110.48982285683255,128.76138036768705,128.76138036768705
189,lower-middle,0.8,1,-2.25,61.44315035118351,106.37642465046946,123.6832464371818,123.6832464371818
189,lower-middle,0.8,1,-2.0,58.106425532136214,102.26302644410639,118.60511250667653,118.60511250667653
189,lower-middle,0.8,1,-1.75,57.347312569818165,101.10817469252483,116.38595825264717,116.38595825264717
189,lower-middle,0.8,1,-1.5,56.5881996075001,99.95332294094328,114.1668039986178,114.1668039986178
189,lower-middle,0.8,1,-1.25,55.829086645182045,98.79847118936173,111.94764974458843,111.94764974458843
189,lower-middle,0.8,1,-1.0,55.069973682863996,97.64361943778017,109.72849549055906,109.72849549055906
189,lower-middle,0.8,1,-0.75,58.45528279542846,101.78693719264149,113.53492507269262,113.53492507269262
189,lower-middle,0.8,1,-0.5,61.84059190799293,105.93025494750279,117.34135465482618,117.34135465482618
189,lower-middle,0.8,1,-0.25,65.22590102055739,110.07357270236407,121.14778423695974,121.14778423695974
189,lower-middle,0.8,1,0.0,68.61121013312186,114.21689045722539,124.9542138190933,124.9542138190933
189,lower-middle,0.8,1,0.25,70.97644236703502,118.3918710481274,129.71597438486438,129.71597438486438
189,lower-middle,0.8,1,0.5,73.3416746009482,122.56685163902942,134.47773495063547,134.47773495063547
189,lower-middle,0.8,1,0.75,75.70690683486137,126.74183222993145,139.23949551640655,139.23949551640655
189,lower-middle,0.8,1,1.0,78.07213906877453,130.91681282083346,144.00125608217763,144.00125608217763
189,lower-middle,0.8,1,1.25,77.96691594754793,131.88834380078467,145.67398244396404,145.67398244396404
189,lower-middle,0.8,1,1.5,77.86169282632132,132.85987478073588,147.34670880575044,147.34670880575044
189,lower-middle,0.8,1,1.75,77.7564697050947,133.8314057606871,149.01943516753687,149.01943516753687
189,lower-middle,0.8,1,2.0,77.6512465838681,134.8029367406383,150.69216152932327,150.69216152932327
189,lower-middle,0.8,1,2.25,76.98668773415537,133.51678041086734,149.64281041552618,149.64281041552618
189,lower-middle,0.8,1,2.5,76.32212888444262,132.23062408109638,148.5934593017291,148.5934593017291
189,lower-middle,0.8,1,2.75,75.65757003472987,130.94446775132545,147.544108187932,147.544108187932
189,lower-middle,0.8,1,3.0,74.99301118501714,129.6583114215545,146.49475707413492,146.49475707413492
189,lower-middle,0.8,1,3.25,74.12736001212085,128.4490896628561,145.45718691830012,145.45718691830012
189,lower-middle,0.8,1,3.5,73.26170883922457,127.23986790415768,144.41961676246532,144.41961676246532
189,lower-middle,0.8,1,3.75,72.39605766632829,126.03064614545926,143.38204660663052,143.38204660663052
189,lower-middle,0.8,1,4.0,71.530406493432,124.82142438676087,142.34447645079572,142.34447645079572
189,lower-middle,0.8,1,4.25,70.88436789431617,124.20428317741953,142.00799627356577,142.00799627356577
189,lower-middle,0.8,1,4.5,70.23832929520034,123.58714196807821,141.67151609633584,141.67151609633584
189,lower-middle,0.8,1,4.75,69.5922906960845,122.97000075873689,141.33503591910588,141.33503591910588
189,lower-middle,0.8,1,5.0,68.94625209696868,122.35285954939555,140.99855574187592,140.99855574187592
189,lower-middle,0.8,1,5.25,69.19552600572757,122.61360986698267,141.29803718090452,141.29803718090452
189,lower-middle,0.8,1,5.5,69.44479991448648,122.87436018456981,141.5975186199331,141.5975186199331
189,lower-middle,0.8,1,5.75,69.69407382324539,123.13511050215693,141.89700005896174,141.89700005896174
189,lower-middle,0.8,1,6.0,69.9433477320043,123.39586081974406,142.19648149799033,142.19648149799033
189,lower-middle,0.8,1,6.25,70.43231925058288,123.6871369971591,142.1964203205522,142.1964203205522
189,lower-middle,0.8,1,6.5,70.92129076916146,123.97841317457413,142.19635914311408,142.19635914311408
189,lower-middle,0.8,1,6.75,71.41026228774004,124.26968935198917,142.19629796567597,142.19629796567597
189,lower-middle,0.8,1,7.0,71.8992338063186,124.5609655294042,142.19623678823785,142.19623678823785
189,lower-middle,0.8,2,-7.0,83.44070581304038,139.04435733044372,159.8329712070837,159.8329712070837
189,lower-middle,0.8,2,-6.75,82.8690454948842,137.98372623261852,158.75731869201735,158.75731869201735
189,lower-middle,0.8,2,-6.5,82.29738517672801,136.92309513479336,157.68166617695098,157.68166617695098
189,lower-middle,0.8,2,-6.25,81.72572485857182,135.86246403696816,156.60601366188462,156.60601366188462
189,lower-middle,0.8,2,-6.0,81.15406454041565,134.80183293914297,155.53036114681828,155.53036114681828
189,lower-middle,0.8,2,-5.75,80.26983893030693,133.14296384208592,153.81229022053637,153.81229022053637
189,lower-middle,0.8,2,-5.5,79.38561332019822,131.48409474502887,152.09421929425446,152.09421929425446
189,lower-middle,0.8,2,-5.25,78.5013877100895,129.82522564797182,150.37614836797255,150.37614836797255
189,lower-middle,0.8,2,-5.0,77.61716209998079,128.16635655091477,148.65807744169064,148.65807744169064
189,lower-middle,0.8,2,-4.75,75.558555864936,125.53745038956842,146.14270496836434,146.14270496836434
189,lower-middle,0.8,2,-4.5,73.4999496298912,122.90854422822207,143.62733249503805,143.62733249503805
189,lower-middle,0.8,2,-4.25,71.44134339484643,120.2796380668757,141.11196002171175,141.11196002171175
189,lower-middle,0.8,2,-4.0,69.38273715980164,117.65073190552936,138.59658754838543,138.59658754838543
189,lower-middle,0.8,2,-3.75,66.87941203007644,114.39272169925246,134.98148111773895,134.98148111773895
189,lower-middle,0.8,2,-3.5,64.37608690035125,111.13471149297555,131.36637468709245,131.36637468709245
189,lower-middle,0.8,2,-3.25,61.872761770626056,107.87670128669868,127.75126825644597,127.75126825644597
189,lower-middle,0.8,2,-3.0,59.36943664090086,104.61869108042177,124.13616182579948,124.13616182579948
189,lower-middle,0.8,2,-2.75,57.40183571373463,101.44380864082629,119.95115058110432,119.95115058110432
189,lower-middle,0.8,2,-2.5,55.434234786568396,98.26892620123081,115.76613933640914,115.76613933640914
189,lower-middle,0.8,2,-2.25,53.466633859402165,95.09404376163533,111.58112809171399,111.58112809171399
189,lower-middle,0.8,2,-2.0,51.499032932235934,91.91916132203986,107.39611684701882,107.39611684701882
189,lower-middle,0.8,2,-1.75,52.806360290019626,92.3456876400187,106.71431295923348,106.71431295923348
189,lower-middle,0.8,2,-1.5,54.113687647803324,92.77221395799752,106.03250907144813,106.03250907144813
189,lower-middle,0.8,2,-1.25,55.42101500558702,93.19874027597635,105.3507051836628,105.3507051836628
189,lower-middle,0.8,2,-1.0,56.728342363370714,93.62526659395519,104.66890129587745,104.66890129587745
189,lower-middle,0.8,2,-0.75,60.15053452502366,97.31999134513606,108.02806502051993,108.02806502051993
189,lower-middle,0.8,2,-0.5,63.572726686676596,101.01471609631693,111.38722874516242,111.38722874516242
189,lower-middle,0.8,2,-0.25,66.99491884832953,104.7094408474978,114.7463924698049,114.7463924698049
189,lower-middle,0.8,2,0.0,70.41711100998248,108.40416559867867,118.10555619444739,118.10555619444739
189,lower-middle,0.8,2,0.25,71.76685260264624,111.31077474097586,121.5303129003346,121.5303129003346
189,lower-middle,0.8,2,0.5,73.11659419531,114.21738388327304,124.9550696062218,124.9550696062218
189,lower-middle,0.8,2,0.75,74.46633578797376,117.12399302557023,128.379826312109,128.379826312109
189,lower-middle,0.8,2,1.0,75.81607738063752,120.03060216786741,131.8045830179962,131.8045830179962
189,lower-middle,0.8,2,1.25,75.89824749414353,121.604818876097,133.86938604042373,133.86938604042373
189,lower-middle,0.8,2,1.5,75.98041760764954,123.17903558432657,135.93418906285126,135.93418906285126
189,lower-middle,0.8,2,1.75,76.06258772115557,124.75325229255614,137.99899208527881,137.99899208527881
189,lower-middle,0.8,2,2.0,76.14475783466158,126.32746900078573,140.06379510770634,140.06379510770634
189,lower-middle,0.8,2,2.25,76.20000037077631,126.98817054726653,140.67766890905602,140.67766890905602
189,lower-middle,0.8,2,2.5,76.25524290689106,127.64887209374736,141.29154271040574,141.29154271040574
189,lower-middle,0.8,2,2.75,76.31048544300579,128.30957364022817,141.90541651175542,141.90541651175542
189,lower-middle,0.8,2,3.0,76.36572797912052,128.970275186709,142.5192903131051,142.5192903131051
189,lower-middle,0.8,2,3.25,76.0100745543291,128.8483069404757,142.47103458319867,142.47103458319867
189,lower-middle,0.8,2,3.5,75.65442112953767,128.7263386942424,142.42277885329224,142.42277885329224
189,lower-middle,0.8,2,3.75,75.29876770474624,128.6043704480091,142.37452312338579,142.37452312338579
189,lower-middle,0.8,2,4.0,74.9431142799548,128.4824022017758,142.32626739347936,142.32626739347936
189,lower-middle,0.8,2,4.25,74.26961981544328,127.88185864802736,141.8603858778893,141.8603858778893
189,lower-middle,0.8,2,4.5,73.59612535093176,127.28131509427891,141.39450436229924,141.39450436229924
189,lower-middle,0.8,2,4.75,72.92263088642024,126.68077154053046,140.9286228467092,140.9286228467092
189,lower-middle,0.8,2,5.0,72.24913642190872,126.080227986782,140.46274133111916,140.46274133111916
189,lower-middle,0.8,2,5.25,71.68974227520263,125.35244989783043,139.67077844446612,139.67077844446612
189,lower-middle,0.8,2,5.5,71.13034812849654,124.62467180887884,138.87881555781306,138.87881555781306
189,lower-middle,0.8,2,5.75,70.57095398179044,123.89689371992725,138.08685267116,138.08685267116
189,lower-middle,0.8,2,6.0,70.01155983508434,123.16911563097567,137.29488978450695,137.29488978450695
189,lower-middle,0.8,2,6.25,69.55465708735568,122.26790816468561,136.03072677376372,136.03072677376372
189,lower-middle,0.8,2,6.5,69.09775433962703,121.36670069839555,134.76656376302049,134.76656376302049
189,lower-middle,0.8,2,6.75,68.64085159189838,120.46549323210549,133.50240075227723,133.50240075227723
189,lower-middle,0.8,2,7.0,68.18394884416972,119.56428576581543,132.238237741534,132.238237741534
189,lower-middle,1.2,-2,-7.0,86.67196721838764,145.83213117343308,166.08719239098275,166.08719239098275
189,lower-middle,1.2,-2,-6.75,86.40508397954008,145.4391197818869,165.53300092065388,165.53300092065388
189,lower-middle,1.2,-2,-6.5,86.13820074069253,145.0461083903407,164.978809450325,164.978809450325
189,lower-middle,1.2,-2,-6.25,85.87131750184498,144.6530969987945,164.42461797999616,164.42461797999616
189,lower-middle,1.2,-2,-6.0,85.60443426299743,144.2600856072483,163.87042650966728,163.87042650966728
189,lower-middle,1.2,-2,-5.75,85.3800530906143,144.06709883250142,163.5568793888169,163.5568793888169
189,lower-middle,1.2,-2,-5.5,85.15567191823118,143.8741120577545,163.24333226796648,163.24333226796648
189,lower-middle,1.2,-2,-5.25,84.93129074584805,143.6811252830076,162.9297851471161,162.9297851471161
189,lower-middle,1.2,-2,-5.0,84.70690957346491,143.4881385082607,162.6162380262657,162.6162380262657
189,lower-middle,1.2,-2,-4.75,84.45992724148388,143.16193347860582,162.23760318623425,162.23760318623425
189,lower-middle,1.2,-2,-4.5,84.21294490950285,142.83572844895093,161.8589683462028,161.8589683462028
189,lower-middle,1.2,-2,-4.25,83.96596257752182,142.50952341929604,161.48033350617135,161.48033350617135
189,lower-middle,1.2,-2,-4.0,83.71898024554079,142.18331838964116,161.1016986661399,161.1016986661399
189,lower-middle,1.2,-2,-3.75,83.41074579309696,141.48590692072935,160.3580171723774,160.3580171723774
189,lower-middle,1.2,-2,-3.5,83.10251134065314,140.78849545181757,159.61433567861494,159.61433567861494
189,lower-middle,1.2,-2,-3.25,82.79427688820931,140.0910839829058,158.87065418485247,158.87065418485247
189,lower-middle,1.2,-2,-3.0,82.48604243576548,139.39367251399398,158.12697269108997,158.12697269108997
189,lower-middle,1.2,-2,-2.75,81.72938661994615,138.0158954048306,156.6474662485775,156.6474662485775
189,lower-middle,1.2,-2,-2.5,80.97273080412684,136.6381182956672,155.16795980606503,155.16795980606503
189,lower-middle,1.2,-2,-2.25,80.21607498830753,135.2603411865038,153.68845336355258,153.68845336355258
189,lower-middle,1.2,-2,-2.0,79.4594191724882,133.88256407734042,152.2089469210401,152.2089469210401
189,lower-middle,1.2,-2,-1.75,78.29287581183922,132.15284130440776,150.40047962692321,150.40047962692321
189,lower-middle,1.2,-2,-1.5,77.12633245119025,130.4231185314751,148.59201233280635,148.59201233280635
189,lower-middle,1.2,-2,-1.25,75.95978909054126,128.69339575854247,146.78354503868945,146.78354503868945
189,lower-middle,1.2,-2,-1.0,74.79324572989229,126.9636729856098,144.97507774457256,144.97507774457256
189,lower-middle,1.2,-2,-0.75,74.3104428491992,126.26446516601597,144.35126772092832,144.35126772092832
189,lower-middle,1.2,-2,-0.5,73.8276399685061,125.56525734642214,143.72745769728405,143.72745769728405
189,lower-middle,1.2,-2,-0.25,73.34483708781302,124.8660495268283,143.10364767363978,143.10364767363978
189,lower-middle,1.2,-2,0.0,72.86203420711993,124.16684170723448,142.47983764999555,142.47983764999555
189,lower-middle,1.2,-2,0.25,73.60786667467809,125.13601115856802,143.65044680011997,143.65044680011997
189,lower-middle,1.2,-2,0.5,74.35369914223625,126.10518060990157,144.82105595024439,144.82105595024439
189,lower-middle,1.2,-2,0.75,75.09953160979441,127.07435006123511,145.9916651003688,145.9916651003688
189,lower-middle,1.2,-2,1.0,75.84536407735256,128.04351951256865,147.16227425049323,147.16227425049323
189,lower-middle,1.2,-2,1.25,76.944088759455,129.65040818645002,148.90994217516163,148.90994217516163
189,lower-middle,1.2,-2,1.5,78.04281344155743,131.2572968603314,150.65761009983004,150.65761009983004
189,lower-middle,1.2,-2,1.75,79.14153812365987,132.86418553421274,152.40527802449844,152.40527802449844
189,lower-middle,1.2,-2,2.0,80.24026280576231,134.4710742080941,154.15294594916685,154.15294594916685
189,lower-middle,1.2,-2,2.25,80.94434274704344,135.67586848426757,155.32942163873383,155.32942163873383
189,lower-middle,1.2,-2,2.5,81.64842268832456,136.88066276044106,156.5058973283008,156.5058973283008
189,lower-middle,1.2,-2,2.75,82.35250262960568,138.0854570366145,157.68237301786775,157.68237301786775
189,lower-middle,1.2,-2,3.0,83.0565825708868,139.29025131278797,158.85884870743473,158.85884870743473
189,lower-middle,1.2,-2,3.25,83.3980620932828,139.91012611075945,159.365513653483,159.365513653483
189,lower-middle,1.2,-2,3.5,83.7395416156788,140.5300009087309,159.87217859953125,159.87217859953125
189,lower-middle,1.2,-2,3.75,84.0810211380748,141.14987570670235,160.3788435455795,160.3788435455795
189,lower-middle,1.2,-2,4.0,84.4225006604708,141.76975050467382,160.88550849162777,160.88550849162777
189,lower-middle,1.2,-2,4.25,84.48934928609,141.95264554260507,160.98704102414575,160.98704102414575
189,lower-middle,1.2,-2,4.5,84.55619791170922,142.13554058053634,161.0885735566637,161.0885735566637
189,lower-middle,1.2,-2,4.75,84.62304653732843,142.31843561846762,161.19010608918165,161.19010608918165
189,lower-middle,1.2,-2,5.0,84.68989516294764,142.50133065639886,161.29163862169963,161.29163862169963
189,lower-middle,1.2,-2,5.25,84.55659514396334,142.51404975353472,161.28801676949936,161.28801676949936
189,lower-middle,1.2,-2,5.5,84.42329512497903,142.52676885067055,161.2843949172991,161.2843949172991
189,lower-middle,1.2,-2,5.75,84.28999510599473,142.53948794780638,161.28077306509883,161.28077306509883
189,lower-middle,1.2,-2,6.0,84.15669508701043,142.55220704494224,161.27715121289856,161.27715121289856
189,lower-middle,1.2,-2,6.25,84.0351728339211,142.64237686116329,161.41520871549685,161.41520871549685
189,lower-middle,1.2,-2,6.5,83.91365058083176,142.73254667738433,161.55326621809513,161.55326621809513
189,lower-middle,1.2,-2,6.75,83.79212832774243,142.82271649360538,161.69132372069342,161.69132372069342
189,lower-middle,1.2,-2,7.0,83.6706060746531,142.91288630982643,161.8293812232917,161.8293812232917
189,lower-middle,1.2,-1,-7.0,89.02680062638161,148.4432045747923,170.11528238336743,170.11528238336743
189,lower-middle,1.2,-1,-6.75,88.54857455474739,147.8877276269568,169.30426929299472,169.30426929299472
189,lower-middle,1.2,-1,-6.5,88.07034848311315,147.33225067912127,168.49325620262204,168.49325620262204
189,lower-middle,1.2,-1,-6.25,87.59212241147893,146.77677373128574,167.68224311224935,167.68224311224935
189,lower-middle,1.2,-1,-6.0,87.1138963398447,146.2212967834502,166.87123002187664,166.87123002187664
189,lower-middle,1.2,-1,-5.75,86.59678651199641,145.69646232675814,166.04794987327597,166.04794987327597
189,lower-middle,1.2,-1,-5.5,86.07967668414811,145.17162787006606,165.22466972467527,165.22466972467527
189,lower-middle,1.2,-1,-5.25,85.56256685629981,144.64679341337398,164.40138957607456,164.40138957607456
189,lower-middle,1.2,-1,-5.0,85.04545702845152,144.1219589566819,163.57810942747386,163.57810942747386
189,lower-middle,1.2,-1,-4.75,84.4730782449324,143.338472458326,162.6139258092408,162.6139258092408
189,lower-middle,1.2,-1,-4.5,83.90069946141327,142.55498595997008,161.6497421910078,161.6497421910078
189,lower-middle,1.2,-1,-4.25,83.32832067789414,141.77149946161416,160.68555857277477,160.68555857277477
189,lower-middle,1.2,-1,-4.0,82.75594189437503,140.98801296325826,159.72137495454172,159.72137495454172
189,lower-middle,1.2,-1,-3.75,82.0827446858531,139.68004752071752,158.2630025377766,158.2630025377766
189,lower-middle,1.2,-1,-3.5,81.40954747733119,138.3720820781768,156.80463012101148,156.80463012101148
189,lower-middle,1.2,-1,-3.25,80.73635026880926,137.06411663563605,155.34625770424637,155.34625770424637
189,lower-middle,1.2,-1,-3.0,80.06315306028733,135.75615119309532,153.88788528748125,153.88788528748125
189,lower-middle,1.2,-1,-2.75,78.90486343785861,133.66627586646757,151.52303486491564,151.52303486491564
189,lower-middle,1.2,-1,-2.5,77.74657381542987,131.5764005398398,149.15818444235006,149.15818444235006
189,lower-middle,1.2,-1,-2.25,76.58828419300113,129.48652521321202,146.79333401978448,146.79333401978448
189,lower-middle,1.2,-1,-2.0,75.4299945705724,127.39664988658427,144.42848359721887,144.42848359721887
189,lower-middle,1.2,-1,-1.75,74.07888131075936,125.28392946826449,142.06381573176307,142.06381573176307
189,lower-middle,1.2,-1,-1.5,72.72776805094632,123.17120904994471,139.69914786630727,139.69914786630727
189,lower-middle,1.2,-1,-1.25,71.37665479113329,121.05848863162493,137.33448000085147,137.33448000085147
189,lower-middle,1.2,-1,-1.0,70.02554153132024,118.94576821330514,134.96981213539567,134.96981213539567
189,lower-middle,1.2,-1,-0.75,69.78694702182715,118.5570092608366,134.64166927527774,134.64166927527774
189,lower-middle,1.2,-1,-0.5,69.54835251233405,118.16825030836806,134.3135264151598,134.3135264151598
189,lower-middle,1.2,-1,-0.25,69.30975800284095,117.77949135589951,133.98538355504184,133.98538355504184
189,lower-middle,1.2,-1,0.0,69.07116349334785,117.39073240343097,133.6572406949239,133.6572406949239
189,lower-middle,1.2,-1,0.25,70.15480640928297,118.92155997096245,135.55481323457275,135.55481323457275
189,lower-middle,1.2,-1,0.5,71.23844932521808,120.45238753849394,137.45238577422157,137.45238577422157
189,lower-middle,1.2,-1,0.75,72.32209224115319,121.98321510602543,139.34995831387042,139.34995831387042
189,lower-middle,1.2,-1,1.0,73.4057351570883,123.5140426735569,141.24753085351927,141.24753085351927
189,lower-middle,1.2,-1,1.25,74.57903472146712,125.23478544269159,143.31836722311033,143.31836722311033
189,lower-middle,1.2,-1,1.5,75.75233428584596,126.95552821182626,145.3892035927014,145.3892035927014
189,lower-middle,1.2,-1,1.75,76.92563385022478,128.67627098096094,147.46003996229243,147.46003996229243
189,lower-middle,1.2,-1,2.0,78.09893341460361,130.39701375009562,149.5308763318835,149.5308763318835
189,lower-middle,1.2,-1,2.25,78.7301102967707,131.32500589210298,150.57974279483628,150.57974279483628
189,lower-middle,1.2,-1,2.5,79.36128717893779,132.25299803411036,151.6286092577891,151.6286092577891
189,lower-middle,1.2,-1,2.75,79.99246406110487,133.18099017611775,152.67747572074188,152.67747572074188
189,lower-middle,1.2,-1,3.0,80.62364094327197,134.1089823181251,153.72634218369467,153.72634218369467
189,lower-middle,1.2,-1,3.25,80.8995850652193,134.54416313045155,154.14835163032066,154.14835163032066
189,lower-middle,1.2,-1,3.5,81.17552918716663,134.97934394277797,154.57036107694665,154.57036107694665
189,lower-middle,1.2,-1,3.75,81.45147330911396,135.41452475510442,154.99237052357267,154.99237052357267
189,lower-middle,1.2,-1,4.0,81.7274174310613,135.84970556743087,155.41437997019867,155.41437997019867
189,lower-middle,1.2,-1,4.25,81.77121353487138,136.05470500049515,155.61241519200922,155.61241519200922
189,lower-middle,1.2,-1,4.5,81.81500963868147,136.25970443355942,155.81045041381975,155.81045041381975
189,lower-middle,1.2,-1,4.75,81.85880574249157,136.4647038666237,156.00848563563028,156.00848563563028
189,lower-middle,1.2,-1,5.0,81.90260184630165,136.66970329968797,156.2065208574408,156.2065208574408
189,lower-middle,1.2,-1,5.25,81.80499195376949,136.73130643345422,156.2660876085024,156.2660876085024
189,lower-middle,1.2,-1,5.5,81.70738206123733,136.7929095672205,156.32565435956403,156.32565435956403
189,lower-middle,1.2,-1,5.75,81.60977216870516,136.8545127009868,156.38522111062565,156.38522111062565
189,lower-middle,1.2,-1,6.0,81.512162276173,136.91611583475304,156.44478786168725,156.44478786168725
189,lower-middle,1.2,-1,6.25,81.39323145939184,136.91521231054895,156.41078225991998,156.41078225991998
189,lower-middle,1.2,-1,6.5,81.27430064261067,136.91430878634486,156.37677665815272,156.37677665815272
189,lower-middle,1.2,-1,6.75,81.1553698258295,136.91340526214077,156.3427710563855,156.3427710563855
189,lower-middle,1.2,-1,7.0,81.03643900904834,136.91250173793668,156.30876545461823,156.30876545461823
189,lower-middle,1.2,0,-7.0,89.56504300224483,148.89653384840267,170.86961794175545,170.86961794175545
189,lower-middle,1.2,0,-6.75,89.0642332287704,148.10501047610677,169.8681267584027,169.8681267584027
189,lower-middle,1.2,0,-6.5,88.56342345529596,147.31348710381087,168.8666355750499,168.8666355750499
189,lower-middle,1.2,0,-6.25,88.06261368182152,146.52196373151497,167.86514439169713,167.86514439169713
189,lower-middle,1.2,0,-6.0,87.56180390834709,145.73044035921907,166.86365320834437,166.86365320834437
189,lower-middle,1.2,0,-5.75,86.90762991232832,144.74244146233502,165.60011910219689,165.60011910219689
189,lower-middle,1.2,0,-5.5,86.25345591630955,143.75444256545094,164.3365849960494,164.3365849960494
189,lower-middle,1.2,0,-5.25,85.59928192029078,142.76644366856686,163.07305088990194,163.07305088990194
189,lower-middle,1.2,0,-5.0,84.94510792427201,141.7784447716828,161.80951678375445,161.80951678375445
189,lower-middle,1.2,0,-4.75,84.0075230359344,140.40191433930096,160.24201029592876,160.24201029592876
189,lower-middle,1.2,0,-4.5,83.06993814759679,139.0253839069191,158.6745038081031,158.6745038081031
189,lower-middle,1.2,0,-4.25,82.13235325925919,137.64885347453725,157.10699732027746,157.10699732027746
189,lower-middle,1.2,0,-4.0,81.19476837092158,136.27232304215536,155.53949083245178,155.53949083245178
189,lower-middle,1.2,0,-3.75,79.91318570906448,134.2903015405123,153.29557689222565,153.29557689222565
189,lower-middle,1.2,0,-3.5,78.63160304720736,132.3082800388692,151.05166295199956,151.05166295199956
189,lower-middle,1.2,0,-3.25,77.35002038535026,130.32625853722612,148.80774901177344,148.80774901177344
189,lower-middle,1.2,0,-3.0,76.06843772349316,128.34423703558306,146.56383507154732,146.56383507154732
189,lower-middle,1.2,0,-2.75,74.46291123877421,125.84090699549886,143.55524180067167,143.55524180067167
189,lower-middle,1.2,0,-2.5,72.85738475405525,123.33757695541465,140.54664852979602,140.54664852979602
189,lower-middle,1.2,0,-2.25,71.25185826933628,120.83424691533045,137.53805525892034,137.53805525892034
189,lower-middle,1.2,0,-2.0,69.64633178461733,118.33091687524625,134.5294619880447,134.5294619880447
189,lower-middle,1.2,0,-1.75,68.61523453285432,116.69434988524691,132.39840175164716,132.39840175164716
189,lower-middle,1.2,0,-1.5,67.58413728109129,115.05778289524758,130.2673415152496,130.2673415152496
189,lower-middle,1.2,0,-1.25,66.55304002932826,113.42121590524825,128.13628127885204,128.13628127885204
189,lower-middle,1.2,0,-1.0,65.52194277756524,111.78464891524891,126.00522104245451,126.00522104245451
189,lower-middle,1.2,0,-0.75,66.10737524118588,112.54256972272543,126.70109947671965,126.70109947671965
189,lower-middle,1.2,0,-0.5,66.6928077048065,113.30049053020197,127.3969779109848,127.3969779109848
189,lower-middle,1.2,0,-0.25,67.27824016842712,114.0584113376785,128.09285634524994,128.09285634524994
189,lower-middle,1.2,0,0.0,67.86367263204775,114.81633214515503,128.7887347795151,128.7887347795151
189,lower-middle,1.2,0,0.25,69.3259702076551,117.07827177795376,131.44647728106492,131.44647728106492
189,lower-middle,1.2,0,0.5,70.78826778326246,119.34021141075246,134.10421978261473,134.10421978261473
189,lower-middle,1.2,0,0.75,72.2505653588698,121.60215104355117,136.76196228416455,136.76196228416455
189,lower-middle,1.2,0,1.0,73.71286293447717,123.8640906763499,139.4197047857144,139.4197047857144
189,lower-middle,1.2,0,1.25,74.60485089427056,125.39892078016535,141.40353699804305,141.40353699804305
189,lower-middle,1.2,0,1.5,75.49683885406395,126.93375088398082,143.38736921037173,143.38736921037173
189,lower-middle,1.2,0,1.75,76.38882681385735,128.4685809877963,145.3712014227004,145.3712014227004
189,lower-middle,1.2,0,2.0,77.28081477365073,130.00341109161175,147.35503363502906,147.35503363502906
189,lower-middle,1.2,0,2.25,77.44330392626782,130.25572730934402,147.83977511615183,147.83977511615183
189,lower-middle,1.2,0,2.5,77.60579307888489,130.50804352707627,148.32451659727457,148.32451659727457
189,lower-middle,1.2,0,2.75,77.76828223150197,130.76035974480854,148.8092580783973,148.8092580783973
189,lower-middle,1.2,0,3.0,77.93077138411905,131.0126759625408,149.29399955952005,149.29399955952005
189,lower-middle,1.2,0,3.25,77.87583965312487,130.8885256070554,149.2989078981887,149.2989078981887
189,lower-middle,1.2,0,3.5,77.82090792213067,130.76437525157002,149.30381623685736,149.30381623685736
189,lower-middle,1.2,0,3.75,77.76597619113647,130.64022489608462,149.308724575526,149.308724575526
189,lower-middle,1.2,0,4.0,77.71104446014229,130.51607454059922,149.3136329141947,149.3136329141947
189,lower-middle,1.2,0,4.25,77.65241753169215,130.51363261390347,149.44626291377273,149.44626291377273
189,lower-middle,1.2,0,4.5,77.59379060324203,130.51119068720772,149.57889291335073,149.57889291335073
189,lower-middle,1.2,0,4.75,77.5351636747919,130.50874876051193,149.71152291292876,149.71152291292876
189,lower-middle,1.2,0,5.0,77.47653674634176,130.50630683381618,149.8441529125068,149.8441529125068
189,lower-middle,1.2,0,5.25,77.46934999280941,130.5813747562005,149.9714129590124,149.9714129590124
189,lower-middle,1.2,0,5.5,77.46216323927707,130.65644267858482,150.098673005518,150.098673005518
189,lower-middle,1.2,0,5.75,77.45497648574474,130.73151060096916,150.2259330520236,150.2259330520236
189,lower-middle,1.2,0,6.0,77.44778973221239,130.8065785233535,150.35319309852923,150.35319309852923
189,lower-middle,1.2,0,6.25,77.43717588293669,130.7615352736071,150.20870084860286,150.20870084860286
189,lower-middle,1.2,0,6.5,77.42656203366099,130.71649202386072,150.06420859867652,150.06420859867652
189,lower-middle,1.2,0,6.75,77.41594818438529,130.6714487741143,149.91971634875017,149.91971634875017
189,lower-middle,1.2,0,7.0,77.40533433510959,130.62640552436793,149.7752240988238,149.7752240988238
189,lower-middle,1.2,1,-7.0,87.41596477055347,145.43267276532617,166.8502175388615,166.8502175388615
189,lower-middle,1.2,1,-6.75,86.9159241992692,144.42923641766146,165.75464782962808,165.75464782962808
189,lower-middle,1.2,1,-6.5,86.41588362798494,143.4258000699967,164.65907812039467,164.65907812039467
189,lower-middle,1.2,1,-6.25,85.91584305670068,142.42236372233197,163.56350841116125,163.56350841116125
189,lower-middle,1.2,1,-6.0,85.4158024854164,141.41892737466725,162.4679387019278,162.4679387019278
189,lower-middle,1.2,1,-5.75,84.62700798855181,140.00716774935086,160.92327974769074,160.92327974769074
189,lower-middle,1.2,1,-5.5,83.8382134916872,138.59540812403444,159.37862079345365,159.37862079345365
189,lower-middle,1.2,1,-5.25,83.04941899482259,137.18364849871801,157.83396183921658,157.83396183921658
189,lower-middle,1.2,1,-5.0,82.26062449795799,135.77188887340162,156.28930288497952,156.28930288497952
189,lower-middle,1.2,1,-4.75,80.93533405808955,133.82022212125247,154.20710908343355,154.20710908343355
189,lower-middle,1.2,1,-4.5,79.61004361822111,131.86855536910332,152.12491528188758,152.12491528188758
189,lower-middle,1.2,1,-4.25,78.28475317835267,129.9168886169542,150.0427214803416,150.0427214803416
189,lower-middle,1.2,1,-4.0,76.95946273848423,127.96522186480505,147.96052767879564,147.96052767879564
189,lower-middle,1.2,1,-3.75,75.17704140573119,125.46246291155981,145.10862611185502,145.10862611185502
189,lower-middle,1.2,1,-3.5,73.39462007297814,122.95970395831458,142.2567245449144,142.2567245449144
189,lower-middle,1.2,1,-3.25,71.6121987402251,120.45694500506934,139.40482297797377,139.40482297797377
189,lower-middle,1.2,1,-3.0,69.82977740747206,117.95418605182411,136.55292141103314,136.55292141103314
189,lower-middle,1.2,1,-2.75,68.1928246079253,115.5027806411544,133.40821427706737,133.40821427706737
189,lower-middle,1.2,1,-2.5,66.55587180837855,113.05137523048467,130.2635071431016,130.2635071431016
189,lower-middle,1.2,1,-2.25,64.9189190088318,110.59996981981496,127.11880000913582,127.11880000913582
189,lower-middle,1.2,1,-2.0,63.281966209285045,108.14856440914524,123.97409287517006,123.97409287517006
189,lower-middle,1.2,1,-1.75,63.03244956948371,107.44031880890506,122.57017804712355,122.57017804712355
189,lower-middle,1.2,1,-1.5,62.78293292968236,106.7320732086649,121.16626321907705,121.16626321907705
189,lower-middle,1.2,1,-1.25,62.53341628988102,106.02382760842474,119.76234839103056,119.76234839103056
189,lower-middle,1.2,1,-1.0,62.28389965007968,105.31558200818458,118.35843356298405,118.35843356298405
189,lower-middle,1.2,1,-0.75,63.71825739473702,107.12840234557318,119.9597518139162,119.9597518139162
189,lower-middle,1.2,1,-0.5,65.15261513939436,108.9412226829618,121.56107006484834,121.56107006484834
189,lower-middle,1.2,1,-0.25,66.58697288405169,110.7540430203504,123.16238831578048,123.16238831578048
189,lower-middle,1.2,1,0.0,68.02133062870904,112.56686335773901,124.76370656671261,124.76370656671261
189,lower-middle,1.2,1,0.25,69.63580868889211,115.21020963031225,127.73243692350782,127.73243692350782
189,lower-middle,1.2,1,0.5,71.2502867490752,117.85355590288547,130.70116728030303,130.70116728030303
189,lower-middle,1.2,1,0.75,72.86476480925828,120.49690217545871,133.66989763709822,133.66989763709822
189,lower-middle,1.2,1,1.0,74.47924286944135,123.14024844803194,136.6386279938934,136.6386279938934
189,lower-middle,1.2,1,1.25,75.1341521621576,124.62280133686014,138.56204659838443,138.56204659838443
189,lower-middle,1.2,1,1.5,75.78906145487386,126.10535422568832,140.48546520287542,140.48546520287542
189,lower-middle,1.2,1,1.75,76.44397074759011,127.5879071145165,142.4088838073664,142.4088838073664
189,lower-middle,1.2,1,2.0,77.09888004030637,129.0704600033447,144.33230241185743,144.33230241185743
189,lower-middle,1.2,1,2.25,77.02793078062507,129.18628221086533,144.70557922635618,144.70557922635618
189,lower-middle,1.2,1,2.5,76.95698152094378,129.30210441838594,145.07885604085496,145.07885604085496
189,lower-middle,1.2,1,2.75,76.8860322612625,129.41792662590655,145.45213285535374,145.45213285535374
189,lower-middle,1.2,1,3.0,76.8150830015812,129.53374883342718,145.8254096698525,145.8254096698525
189,lower-middle,1.2,1,3.25,76.4975710795531,129.1530800696825,145.60919907618842,145.60919907618842
189,lower-middle,1.2,1,3.5,76.180059157525,128.7724113059378,145.39298848252437,145.39298848252437
189,lower-middle,1.2,1,3.75,75.86254723549689,128.39174254219313,145.17677788886033,145.17677788886033
189,lower-middle,1.2,1,4.0,75.5450353134688,128.01107377844843,144.96056729519626,144.96056729519626
189,lower-middle,1.2,1,4.25,75.25671809914479,127.71287019777415,144.8057001174684,144.8057001174684
189,lower-middle,1.2,1,4.5,74.9684008848208,127.41466661709987,144.65083293974058,144.65083293974058
189,lower-middle,1.2,1,4.75,74.68008367049678,127.11646303642559,144.49596576201276,144.49596576201276
189,lower-middle,1.2,1,5.0,74.39176645617277,126.81825945575132,144.3410985842849,144.3410985842849
189,lower-middle,1.2,1,5.25,74.29836561361714,126.68061770183593,144.20877421407926,144.20877421407926
189,lower-middle,1.2,1,5.5,74.2049647710615,126.54297594792055,144.0764498438736,144.0764498438736
189,lower-middle,1.2,1,5.75,74.11156392850584,126.40533419400516,143.94412547366795,143.94412547366795
189,lower-middle,1.2,1,6.0,74.0181630859502,126.26769244008977,143.8118011034623,143.8118011034623
189,lower-middle,1.2,1,6.25,74.02638016856338,126.06529325564324,143.4105318882006,143.4105318882006
189,lower-middle,1.2,1,6.5,74.03459725117656,125.86289407119672,143.00926267293892,143.00926267293892
189,lower-middle,1.2,1,6.75,74.04281433378975,125.66049488675019,142.6079934576772,142.6079934576772
189,lower-middle,1.2,1,7.0,74.05103141640294,125.45809570230367,142.2067242424155,142.2067242424155
189,lower-middle,1.2,2,-7.0,82.36758664965855,137.55951412776938,158.35391469679075,158.35391469679075
189,lower-middle,1.2,2,-6.75,81.66164109741277,136.50874320431825,157.25487068579494,157.25487068579494
189,lower-middle,1.2,2,-6.5,80.955695545167,135.45797228086715,156.15582667479913,156.15582667479913
189,lower-middle,1.2,2,-6.25,80.24974999292124,134.40720135741606,155.05678266380332,155.05678266380332
189,lower-middle,1.2,2,-6.0,79.54380444067547,133.35643043396493,153.9577386528075,153.9577386528075
189,lower-middle,1.2,2,-5.75,78.53650367449151,131.90201686983448,152.42160462205368,152.42160462205368
189,lower-middle,1.2,2,-5.5,77.52920290830754,130.44760330570404,150.88547059129985,150.88547059129985
189,lower-middle,1.2,2,-5.25,76.52190214212357,128.9931897415736,149.34933656054605,149.34933656054605
189,lower-middle,1.2,2,-5.0,75.5146013759396,127.53877617744311,147.81320252979222,147.81320252979222
189,lower-middle,1.2,2,-4.75,74.15596608865411,125.55051500514098,145.69420830531368,145.69420830531368
189,lower-middle,1.2,2,-4.5,72.7973308013686,123.56225383283882,143.5752140808351,143.5752140808351
189,lower-middle,1.2,2,-4.25,71.4386955140831,121.57399266053667,141.45621985635654,141.45621985635654
189,lower-middle,1.2,2,-4.0,70.0800602267976,119.58573148823454,139.33722563187797,139.33722563187797
189,lower-middle,1.2,2,-3.75,68.65952760806971,117.21125252687801,136.54324984319908,136.54324984319908
189,lower-middle,1.2,2,-3.5,67.23899498934182,114.83677356552148,133.74927405452019,133.74927405452019
189,lower-middle,1.2,2,-3.25,65.81846237061393,112.46229460416495,130.9552982658413,130.9552982658413
189,lower-middle,1.2,2,-3.0,64.39792975188602,110.08781564280842,128.16132247716243,128.16132247716243
189,lower-middle,1.2,2,-2.75,63.578505968981304,108.08552302397956,125.37172404083204,125.37172404083204
189,lower-middle,1.2,2,-2.5,62.75908218607658,106.08323040515069,122.58212560450164,122.58212560450164
189,lower-middle,1.2,2,-2.25,61.93965840317186,104.08093778632184,119.79252716817126,119.79252716817126
189,lower-middle,1.2,2,-2.0,61.120234620267134,102.07864516749297,117.00292873184087,117.00292873184087
189,lower-middle,1.2,2,-1.75,61.68274785780366,101.77661078529367,115.92236337384608,115.92236337384608
189,lower-middle,1.2,2,-1.5,62.2452610953402,101.47457640309436,114.84179801585131,114.84179801585131
189,lower-middle,1.2,2,-1.25,62.80777433287672,101.17254202089507,113.76123265785654,113.76123265785654
189,lower-middle,1.2,2,-1.0,63.370287570413254,100.87050763869576,112.68066729986175,112.68066729986175
189,lower-middle,1.2,2,-0.75,65.00796160253435,102.54444087483945,114.07165119145185,114.07165119145185
189,lower-middle,1.2,2,-0.5,66.64563563465546,104.21837411098315,115.46263508304193,115.46263508304193
189,lower-middle,1.2,2,-0.25,68.28330966677656,105.89230734712685,116.85361897463201,116.85361897463201
189,lower-middle,1.2,2,0.0,69.92098369889766,107.56624058327054,118.2446028662221,118.2446028662221
189,lower-middle,1.2,2,0.25,71.44213927391402,109.96758365311067,120.89750501284331,120.89750501284331
189,lower-middle,1.2,2,0.5,72.96329484893037,112.3689267229508,123.55040715946453,123.55040715946453
189,lower-middle,1.2,2,0.75,74.48445042394673,114.77026979279094,126.20330930608574,126.20330930608574
189,lower-middle,1.2,2,1.0,76.00560599896309,117.17161286263106,128.85621145270696,128.85621145270696
189,lower-middle,1.2,2,1.25,77.0546585207708,119.20055200970023,131.24067415611495,131.24067415611495
189,lower-middle,1.2,2,1.5,78.10371104257851,121.22949115676938,133.62513685952297,133.62513685952297
189,lower-middle,1.2,2,1.75,79.15276356438622,123.25843030383854,136.00959956293096,136.00959956293096
189,lower-middle,1.2,2,2.0,80.20181608619394,125.2873694509077,138.39406226633895,138.39406226633895
189,lower-middle,1.2,2,2.25,80.90689498916727,126.5278578145744,139.81178249470793,139.81178249470793
189,lower-middle,1.2,2,2.5,81.61197389214061,127.7683461782411,141.22950272307688,141.22950272307688
189,lower-middle,1.2,2,2.75,82.31705279511394,129.0088345419078,142.64722295144583,142.64722295144583
189,lower-middle,1.2,2,3.0,83.02213169808726,130.2493229055745,144.0649431798148,144.0649431798148
189,lower-middle,1.2,2,3.25,83.17881263216029,130.59643860505898,144.51039239797785,144.51039239797785
189,lower-middle,1.2,2,3.5,83.3354935662333,130.94355430454345,144.9558416161409,144.9558416161409
189,lower-middle,1.2,2,3.75,83.4921745003063,131.29067000402796,145.40129083430395,145.40129083430395
189,lower-middle,1.2,2,4.0,83.64885543437933,131.63778570351244,145.846740052467,145.846740052467
189,lower-middle,1.2,2,4.25,83.39734533241227,131.42226373862906,145.69992354158572,145.69992354158572
189,lower-middle,1.2,2,4.5,83.1458352304452,131.2067417737457,145.55310703070444,145.55310703070444
189,lower-middle,1.2,2,4.75,82.89432512847813,130.99121980886235,145.4062905198232,145.4062905198232
189,lower-middle,1.2,2,5.0,82.64281502651107,130.775697843979,145.2594740089419,145.2594740089419
189,lower-middle,1.2,2,5.25,82.44377635916409,130.44309512866792,144.85188860153892,144.85188860153892
189,lower-middle,1.2,2,5.5,82.24473769181711,130.11049241335684,144.4443031941359,144.4443031941359
189,lower-middle,1.2,2,5.75,82.04569902447012,129.77788969804578,144.0367177867329,144.0367177867329
189,lower-middle,1.2,2,6.0,81.84666035712314,129.4452869827347,143.62913237932992,143.62913237932992
189,lower-middle,1.2,2,6.25,81.89404983373257,129.1476316379064,143.05726822103784,143.05726822103784
189,lower-middle,1.2,2,6.5,81.94143931034199,128.84997629307807,142.48540406274577,142.48540406274577
189,lower-middle,1.2,2,6.75,81.9888287869514,128.55232094824976,141.91353990445373,141.91353990445373
189,lower-middle,1.2,2,7.0,82.03621826356083,128.25466560342144,141.34167574616166,141.34167574616166
189,lower-right,0,-2,-7.0,61.299999999999784,105.49999999999983,122.09999999999985,122.09999999999985
189,lower-right,0,-2,-6.75,56.549999999999784,101.74999999999983,118.84999999999985,118.84999999999985
189,lower-right,0,-2,-6.5,51.799999999999784,97.99999999999983,115.59999999999985,115.59999999999985
189,lower-right,0,-2,-6.25,48.500000000000114,95.55000000000013,113.65000000000015,113.65000000000015
189,lower-right,0,-2,-6.0,51.000000000000114,98.30000000000013,116.90000000000015,116.90000000000015
189,lower-right,0,-2,-5.75,53.500000000000114,101.05000000000013,120.15000000000015,120.15000000000015
189,lower-right,0,-2,-5.5,56.000000000000114,103.80000000000013,123.40000000000015,123.40000000000015
189,lower-right,0,-2,-5.25,58.35000000000008,106.50000000000011,126.4500000000001,126.4500000000001
189,lower-right,0,-2,-5.0,60.10000000000008,109.00000000000011,128.7000000000001,128.7000000000001
189,lower-right,0,-2,-4.75,61.85000000000008,111.50000000000011,130.9500000000001,130.9500000000001
189,lower-right,0,-2,-4.5,63.60000000000008,114.00000000000011,133.2000000000001,133.2000000000001
189,lower-right,0,-2,-4.25,65.65000000000015,116.8500000000002,135.9000000000002,135.9000000000002
189,lower-right,0,-2,-4.0,68.90000000000015,121.1000000000002,140.4000000000002,140.4000000000002
189,lower-right,0,-2,-3.75,72.15000000000015,125.3500000000002,144.9000000000002,144.9000000000002
189,lower-right,0,-2,-3.5,75.40000000000015,129.6000000000002,149.4000000000002,149.4000000000002
189,lower-right,0,-2,-3.25,79.10000000000025,134.20000000000027,154.20000000000027,154.20000000000027
189,lower-right,0,-2,-3.0,84.60000000000025,140.20000000000027,160.20000000000027,160.20000000000027
189,lower-right,0,-2,-2.75,90.10000000000025,146.20000000000027,166.20000000000027,166.20000000000027
189,lower-right,0,-2,-2.5,95.60000000000025,152.20000000000027,172.20000000000027,172.20000000000027
189,lower-right,0,-2,-2.25,100.05000000000001,157.25000000000006,177.30000000000007,177.30000000000007
189,lower-right,0,-2,-2.0,100.30000000000001,158.50000000000006,178.80000000000007,178.80000000000007
189,lower-right,0,-2,-1.75,100.55000000000001,159.75000000000006,180.30000000000007,180.30000000000007
189,lower-right,0,-2,-1.5,100.80000000000001,161.00000000000006,181.80000000000007,181.80000000000007
189,lower-right,0,-2,-1.25,100.49999999999989,161.5499999999999,182.5499999999999,182.5499999999999
189,lower-right,0,-2,-1.0,97.99999999999989,159.2999999999999,180.2999999999999,180.2999999999999
189,lower-right,0,-2,-0.75,95.49999999999989,157.0499999999999,178.0499999999999,178.0499999999999
189,lower-right,0,-2,-0.5,92.99999999999989,154.7999999999999,175.7999999999999,175.7999999999999
189,lower-right,0,-2,-0.25,90.79999999999995,152.95,173.89999999999998,173.89999999999998
189,lower-right,0,-2,0.0,89.79999999999995,152.7,173.39999999999998,173.39999999999998
189,lower-right,0,-2,0.25,88.79999999999995,152.45,172.89999999999998,172.89999999999998
189,lower-right,0,-2,0.5,87.79999999999995,152.2,172.39999999999998,172.39999999999998
189,lower-right,0,-2,0.75,86.34999999999985,153.15000000000026,173.05000000000024,173.05000000000024
189,lower-right,0,-2,1.0,83.09999999999985,158.90000000000026,178.30000000000024,178.30000000000024
189,lower-right,0,-2,1.25,79.84999999999985,164.65000000000026,183.55000000000024,183.55000000000024
189,lower-right,0,-2,1.5,76.59999999999985,170.40000000000026,188.80000000000024,188.80000000000024
189,lower-right,0,-2,1.75,75.95000000000044,173.09999999999957,191.49999999999966,191.49999999999966
189,lower-right,0,-2,2.0,85.70000000000044,163.59999999999957,183.99999999999966,183.99999999999966
189,lower-right,0,-2,2.25,95.45000000000044,154.09999999999957,176.49999999999966,176.49999999999966
189,lower-right,0,-2,2.5,105.20000000000044,144.59999999999957,168.99999999999966,168.99999999999966
189,lower-right,0,-2,2.75,115.2000000000005,133.79999999999927,160.19999999999936,160.19999999999936
189,lower-right,0,-2,3.0,126.2000000000005,117.79999999999927,146.19999999999936,146.19999999999936
189,lower-right,0,-2,3.25,137.2000000000005,101.79999999999927,132.19999999999936,137.2000000000005
189,lower-right,0,-2,3.5,148.2000000000005,85.79999999999927,118.19999999999936,148.2000000000005
189,lower-right,0,-2,3.75,158.05000000000024,69.99999999999932,103.79999999999927,158.05000000000024
189,lower-right,0,-2,4.0,163.30000000000024,54.99999999999932,87.79999999999927,163.30000000000024
189,lower-right,0,-2,4.25,168.55000000000024,39.99999999999932,71.79999999999927,168.55000000000024
189,lower-right,0,-2,4.5,173.80000000000024,24.999999999999318,55.79999999999927,173.80000000000024
189,lower-right,0,-2,4.75,178.35000000000008,12.349999999999852,41.04999999999956,178.35000000000008
189,lower-right,0,-2,5.0,180.10000000000008,9.099999999999852,31.299999999999557,180.10000000000008
189,lower-right,0,-2,5.25,181.85000000000008,5.849999999999852,21.549999999999557,181.85000000000008
189,lower-right,0,-2,5.5,183.60000000000008,2.599999999999852,11.799999999999557,183.60000000000008
189,lower-right,0,-2,5.75,185.10000000000002,0.0,3.7999999999999545,185.10000000000002
189,lower-right,0,-2,6.0,185.60000000000002,0.0,2.7999999999999545,185.60000000000002
189,lower-right,0,-2,6.25,186.10000000000002,0.0,1.7999999999999545,186.10000000000002
189,lower-right,0,-2,6.5,186.60000000000002,0.0,0.7999999999999545,186.60000000000002
189,lower-right,0,-2,6.75,186.84999999999997,0.3000000000000682,0.0,186.84999999999997
189,lower-right,0,-2,7.0,186.09999999999997,1.8000000000000682,0.0,186.09999999999997
189,lower-right,0,-1,-7.0,66.00000000000023,108.60000000000036,126.20000000000039,126.20000000000039
189,lower-right,0,-1,-6.75,71.00000000000023,116.60000000000036,134.7000000000004,134.7000000000004
189,lower-right,0,-1,-6.5,76.00000000000023,124.60000000000036,143.2000000000004,143.2000000000004
189,lower-right,0,-1,-6.25,80.40000000000009,131.5000000000001,150.4500000000001,150.4500000000001
189,lower-right,0,-1,-6.0,82.40000000000009,134.0000000000001,152.7000000000001,152.7000000000001
189,lower-right,0,-1,-5.75,84.40000000000009,136.5000000000001,154.9500000000001,154.9500000000001
189,lower-right,0,-1,-5.5,86.40000000000009,139.0000000000001,157.2000000000001,157.2000000000001
189,lower-right,0,-1,-5.25,87.74999999999994,140.89999999999998,158.84999999999997,158.84999999999997
189,lower-right,0,-1,-5.0,86.49999999999994,140.39999999999998,158.09999999999997,158.09999999999997
189,lower-right,0,-1,-4.75,85.24999999999994,139.89999999999998,157.34999999999997,157.34999999999997
189,lower-right,0,-1,-4.5,83.99999999999994,139.39999999999998,156.59999999999997,156.59999999999997
189,lower-right,0,-1,-4.25,82.64999999999992,138.69999999999993,155.79999999999995,155.79999999999995
189,lower-right,0,-1,-4.0,80.89999999999992,137.19999999999993,154.79999999999995,154.79999999999995
189,lower-right,0,-1,-3.75,79.14999999999992,135.69999999999993,153.79999999999995,153.79999999999995
189,lower-right,0,-1,-3.5,77.39999999999992,134.19999999999993,152.79999999999995,152.79999999999995
189,lower-right,0,-1,-3.25,76.30000000000007,133.35000000000008,152.4000000000001,152.4000000000001
189,lower-right,0,-1,-3.0,77.80000000000007,135.10000000000008,154.4000000000001,154.4000000000001
189,lower-right,0,-1,-2.75,79.30000000000007,136.85000000000008,156.4000000000001,156.4000000000001
189,lower-right,0,-1,-2.5,80.80000000000007,138.60000000000008,158.4000000000001,158.4000000000001
189,lower-right,0,-1,-2.25,82.35000000000008,140.5000000000001,160.4500000000001,160.4500000000001
189,lower-right,0,-1,-2.0,84.10000000000008,143.0000000000001,162.7000000000001,162.7000000000001
189,lower-right,0,-1,-1.75,85.85000000000008,145.5000000000001,164.9500000000001,164.9500000000001
189,lower-right,0,-1,-1.5,87.60000000000008,148.0000000000001,167.2000000000001,167.2000000000001
189,lower-right,0,-1,-1.25,89.05000000000001,150.10000000000002,169.20000000000005,169.20000000000005
189,lower-right,0,-1,-1.0,89.30000000000001,150.60000000000002,170.20000000000005,170.20000000000005
189,lower-right,0,-1,-0.75,89.55000000000001,151.10000000000002,171.20000000000005,171.20000000000005
189,lower-right,0,-1,-0.5,89.80000000000001,151.60000000000002,172.20000000000005,172.20000000000005
189,lower-right,0,-1,-0.25,90.0,152.15000000000003,173.10000000000002,173.10000000000002
189,lower-right,0,-1,0.0,90.0,152.90000000000003,173.60000000000002,173.60000000000002
189,lower-right,0,-1,0.25,90.0,153.65000000000003,174.10000000000002,174.10000000000002
189,lower-right,0,-1,0.5,90.0,154.40000000000003,174.60000000000002,174.60000000000002
189,lower-right,0,-1,0.75,90.05000000000001,154.19999999999982,175.5000000000001,175.5000000000001
189,lower-right,0,-1,1.0,90.30000000000001,150.19999999999982,178.0000000000001,178.0000000000001
189,lower-right,0,-1,1.25,90.55000000000001,146.19999999999982,180.5000000000001,180.5000000000001
189,lower-right,0,-1,1.5,90.80000000000001,142.19999999999982,183.0000000000001,183.0000000000001
189,lower-right,0,-1,1.75,91.55000000000013,140.3000000000003,185.55000000000013,185.55000000000013
189,lower-right,0,-1,2.0,94.30000000000013,146.8000000000003,188.30000000000013,188.30000000000013
189,lower-right,0,-1,2.25,97.05000000000013,153.3000000000003,191.05000000000013,191.05000000000013
189,lower-right,0,-1,2.5,99.80000000000013,159.8000000000003,193.80000000000013,193.80000000000013
189,lower-right,0,-1,2.75,102.10000000000002,165.4500000000001,195.4999999999999,195.4999999999999
189,lower-right,0,-1,3.0,102.60000000000002,167.7000000000001,192.9999999999999,192.9999999999999
189,lower-right,0,-1,3.25,103.10000000000002,169.9500000000001,190.4999999999999,190.4999999999999
189,lower-right,0,-1,3.5,103.60000000000002,172.2000000000001,187.9999999999999,187.9999999999999
189,lower-right,0,-1,3.75,103.74999999999994,172.79999999999973,184.2499999999996,184.2499999999996
189,lower-right,0,-1,4.0,102.49999999999994,166.79999999999973,175.4999999999996,175.4999999999996
189,lower-right,0,-1,4.25,101.24999999999994,160.79999999999973,166.7499999999996,166.7499999999996
189,lower-right,0,-1,4.5,99.99999999999994,154.79999999999973,157.9999999999996,157.9999999999996
189,lower-right,0,-1,4.75,99.75000000000017,148.49999999999966,149.44999999999965,149.44999999999965
189,lower-right,0,-1,5.0,103.50000000000017,140.99999999999966,141.69999999999965,141.69999999999965
189,lower-right,0,-1,5.25,107.25000000000017,133.49999999999966,133.94999999999965,133.94999999999965
189,lower-right,0,-1,5.5,111.00000000000017,125.99999999999966,126.19999999999965,126.19999999999965
189,lower-right,0,-1,5.75,115.45000000000033,118.89999999999975,119.1499999999998,119.1499999999998
189,lower-right,0,-1,6.0,122.70000000000033,113.39999999999975,114.8999999999998,122.70000000000033
189,lower-right,0,-1,6.25,129.95000000000033,107.89999999999975,110.6499999999998,129.95000000000033
189,lower-right,0,-1,6.5,137.20000000000033,102.39999999999975,106.3999999999998,137.20000000000033
189,lower-right,0,-1,6.75,143.70000000000016,96.79999999999973,102.04999999999978,143.70000000000016
189,lower-right,0,-1,7.0,147.20000000000016,90.79999999999973,97.29999999999978,147.20000000000016
189,lower-right,0,0,-7.0,76.80000000000007,123.00000000000023,139.30000000000024,139.30000000000024
189,lower-right,0,0,-6.75,78.30000000000007,128.00000000000023,144.55000000000024,144.55000000000024
189,lower-right,0,0,-6.5,79.80000000000007,133.00000000000023,149.80000000000024,149.80000000000024
189,lower-right,0,0,-6.25,81.60000000000014,137.60000000000014,154.60000000000014,154.60000000000014
189,lower-right,0,0,-6.0,84.60000000000014,140.60000000000014,157.60000000000014,157.60000000000014
189,lower-right,0,0,-5.75,87.60000000000014,143.60000000000014,160.60000000000014,160.60000000000014
189,lower-right,0,0,-5.5,90.60000000000014,146.60000000000014,163.60000000000014,163.60000000000014
189,lower-right,0,0,-5.25,92.79999999999995,148.84999999999997,165.95,165.95
189,lower-right,0,0,-5.0,91.79999999999995,148.09999999999997,165.7,165.7
189,lower-right,0,0,-4.75,90.79999999999995,147.34999999999997,165.45,165.45
189,lower-right,0,0,-4.5,89.79999999999995,146.59999999999997,165.2,165.2
189,lower-right,0,0,-4.25,88.29999999999984,145.39999999999986,164.34999999999985,164.34999999999985
189,lower-right,0,0,-4.0,84.79999999999984,142.39999999999986,161.09999999999985,161.09999999999985
189,lower-right,0,0,-3.75,81.29999999999984,139.39999999999986,157.84999999999985,157.84999999999985
189,lower-right,0,0,-3.5,77.79999999999984,136.39999999999986,154.59999999999985,154.59999999999985
189,lower-right,0,0,-3.25,75.05000000000001,134.15000000000003,152.20000000000005,152.20000000000005
189,lower-right,0,0,-3.0,75.30000000000001,134.90000000000003,153.20000000000005,153.20000000000005
189,lower-right,0,0,-2.75,75.55000000000001,135.65000000000003,154.20000000000005,154.20000000000005
189,lower-right,0,0,-2.5,75.80000000000001,136.40000000000003,155.20000000000005,155.20000000000005
189,lower-right,0,0,-2.25,76.55000000000013,137.55000000000013,156.55000000000013,156.55000000000013
189,lower-right,0,0,-2.0,79.30000000000013,140.30000000000013,159.30000000000013,159.30000000000013
189,lower-right,0,0,-1.75,82.05000000000013,143.05000000000013,162.05000000000013,162.05000000000013
189,lower-right,0,0,-1.5,84.80000000000013,145.80000000000013,164.80000000000013,164.80000000000013
189,lower-right,0,0,-1.25,87.20000000000005,148.30000000000007,167.25000000000006,167.25000000000006
189,lower-right,0,0,-1.0,88.20000000000005,149.80000000000007,168.50000000000006,168.50000000000006
189,lower-right,0,0,-0.75,89.20000000000005,151.30000000000007,169.75000000000006,169.75000000000006
189,lower-right,0,0,-0.5,90.20000000000005,152.80000000000007,171.00000000000006,171.00000000000006
189,lower-right,0,0,-0.25,91.0,153.95,172.10000000000002,172.10000000000002
189,lower-right,0,0,0.0,91.0,153.7,172.60000000000002,172.60000000000002
189,lower-right,0,0,0.25,91.0,153.45,173.10000000000002,173.10000000000002
189,lower-right,0,0,0.5,91.0,153.2,173.60000000000002,173.60000000000002
189,lower-right,0,0,0.75,91.35000000000008,152.69999999999993,173.4999999999999,173.4999999999999
189,lower-right,0,0,1.0,93.10000000000008,151.19999999999993,170.9999999999999,170.9999999999999
189,lower-right,0,0,1.25,94.85000000000008,149.69999999999993,168.4999999999999,168.4999999999999
189,lower-right,0,0,1.5,96.60000000000008,148.19999999999993,165.9999999999999,165.9999999999999
189,lower-right,0,0,1.75,97.49999999999989,147.4500000000001,164.15000000000003,164.15000000000003
189,lower-right,0,0,2.0,94.99999999999989,149.7000000000001,164.90000000000003,164.90000000000003
189,lower-right,0,0,2.25,92.49999999999989,151.9500000000001,165.65000000000003,165.65000000000003
189,lower-right,0,0,2.5,89.99999999999989,154.2000000000001,166.40000000000003,166.40000000000003
189,lower-right,0,0,2.75,87.59999999999991,156.55000000000013,167.4500000000001,167.4500000000001
189,lower-right,0,0,3.0,85.59999999999991,159.30000000000013,169.7000000000001,169.7000000000001
189,lower-right,0,0,3.25,83.59999999999991,162.05000000000013,171.9500000000001,171.9500000000001
189,lower-right,0,0,3.5,81.59999999999991,164.80000000000013,174.2000000000001,174.2000000000001
189,lower-right,0,0,3.75,80.30000000000007,167.15000000000003,176.25000000000006,176.25000000000006
189,lower-right,0,0,4.0,81.80000000000007,167.90000000000003,177.50000000000006,177.50000000000006
189,lower-right,0,0,4.25,83.30000000000007,168.65000000000003,178.75000000000006,178.75000000000006
189,lower-right,0,0,4.5,84.80000000000007,169.40000000000003,180.00000000000006,180.00000000000006
189,lower-right,0,0,4.75,86.65000000000015,169.69999999999993,181.15000000000003,181.15000000000003
189,lower-right,0,0,5.0,89.90000000000015,168.19999999999993,181.90000000000003,181.90000000000003
189,lower-right,0,0,5.25,93.15000000000015,166.69999999999993,182.65000000000003,182.65000000000003
189,lower-right,0,0,5.5,96.40000000000015,165.19999999999993,183.40000000000003,183.40000000000003
189,lower-right,0,0,5.75,99.30000000000007,163.74999999999994,184.05,184.05
189,lower-right,0,0,6.0,100.80000000000007,162.49999999999994,184.3,184.3
189,lower-right,0,0,6.25,102.30000000000007,161.24999999999994,184.55,184.55
189,lower-right,0,0,6.5,103.80000000000007,159.99999999999994,184.8,184.8
189,lower-right,0,0,6.75,104.79999999999995,159.10000000000002,185.0,185.0
189,lower-right,0,0,7.0,103.79999999999995,159.60000000000002,185.0,185.0
189,lower-right,0,1,-7.0,69.39999999999998,120.80000000000007,136.30000000000013,136.30000000000013
189,lower-right,0,1,-6.75,68.89999999999998,122.30000000000007,139.05000000000013,139.05000000000013
189,lower-right,0,1,-6.5,68.39999999999998,123.80000000000007,141.80000000000013,141.80000000000013
189,lower-right,0,1,-6.25,68.60000000000014,125.60000000000014,144.60000000000014,144.60000000000014
189,lower-right,0,1,-6.0,71.60000000000014,128.60000000000014,147.60000000000014,147.60000000000014
189,lower-right,0,1,-5.75,74.60000000000014,131.60000000000014,150.60000000000014,150.60000000000014
189,lower-right,0,1,-5.5,77.60000000000014,134.60000000000014,153.60000000000014,153.60000000000014
189,lower-right,0,1,-5.25,80.05000000000001,137.15000000000003,156.10000000000002,156.10000000000002
189,lower-right,0,1,-5.0,80.30000000000001,137.90000000000003,156.60000000000002,156.60000000000002
189,lower-right,0,1,-4.75,80.55000000000001,138.65000000000003,157.10000000000002,157.10000000000002
189,lower-right,0,1,-4.5,80.80000000000001,139.40000000000003,157.60000000000002,157.60000000000002
189,lower-right,0,1,-4.25,80.69999999999993,139.69999999999993,157.69999999999993,157.69999999999993
189,lower-right,0,1,-4.0,79.19999999999993,138.19999999999993,156.19999999999993,156.19999999999993
189,lower-right,0,1,-3.75,77.69999999999993,136.69999999999993,154.69999999999993,154.69999999999993
189,lower-right,0,1,-3.5,76.19999999999993,135.19999999999993,153.19999999999993,153.19999999999993
189,lower-right,0,1,-3.25,75.10000000000002,134.05,152.15000000000003,152.15000000000003
189,lower-right,0,1,-3.0,75.60000000000002,134.3,152.90000000000003,152.90000000000003
189,lower-right,0,1,-2.75,76.10000000000002,134.55,153.65000000000003,153.65000000000003
189,lower-right,0,1,-2.5,76.60000000000002,134.8,154.40000000000003,154.40000000000003
189,lower-right,0,1,-2.25,77.4500000000001,135.60000000000014,155.55000000000013,155.55000000000013
189,lower-right,0,1,-2.0,79.7000000000001,138.60000000000014,158.30000000000013,158.30000000000013
189,lower-right,0,1,-1.75,81.9500000000001,141.60000000000014,161.05000000000013,161.05000000000013
189,lower-right,0,1,-1.5,84.2000000000001,144.60000000000014,163.80000000000013,163.80000000000013
189,lower-right,0,1,-1.25,86.25000000000006,147.25000000000006,166.25000000000006,166.25000000000006
189,lower-right,0,1,-1.0,87.50000000000006,148.50000000000006,167.50000000000006,167.50000000000006
189,lower-right,0,1,-0.75,88.75000000000006,149.75000000000006,168.75000000000006,168.75000000000006
189,lower-right,0,1,-0.5,90.00000000000006,151.00000000000006,170.00000000000006,170.00000000000006
189,lower-right,0,1,-0.25,90.84999999999997,151.84999999999997,170.84999999999997,170.84999999999997
189,lower-right,0,1,0.0,90.09999999999997,151.09999999999997,170.09999999999997,170.09999999999997
189,lower-right,0,1,0.25,89.34999999999997,150.34999999999997,169.34999999999997,169.34999999999997
189,lower-right,0,1,0.5,88.59999999999997,149.59999999999997,168.59999999999997,168.59999999999997
189,lower-right,0,1,0.75,88.75000000000017,149.0,168.25000000000006,168.25000000000006
189,lower-right,0,1,1.0,92.50000000000017,149.0,169.50000000000006,169.50000000000006
189,lower-right,0,1,1.25,96.25000000000017,149.0,170.75000000000006,170.75000000000006
189,lower-right,0,1,1.5,100.00000000000017,149.0,172.00000000000006,172.00000000000006
189,lower-right,0,1,1.75,102.39999999999986,148.69999999999993,172.69999999999993,172.69999999999993
189,lower-right,0,1,2.0,99.39999999999986,147.19999999999993,171.19999999999993,171.19999999999993
189,lower-right,0,1,2.25,96.39999999999986,145.69999999999993,169.69999999999993,169.69999999999993
189,lower-right,0,1,2.5,93.39999999999986,144.19999999999993,168.19999999999993,168.19999999999993
189,lower-right,0,1,2.75,90.84999999999997,143.10000000000002,167.25000000000006,167.25000000000006
189,lower-right,0,1,3.0,90.09999999999997,143.60000000000002,168.50000000000006,168.50000000000006
189,lower-right,0,1,3.25,89.34999999999997,144.10000000000002,169.75000000000006,169.75000000000006
189,lower-right,0,1,3.5,88.59999999999997,144.60000000000002,171.00000000000006,171.00000000000006
189,lower-right,0,1,3.75,88.30000000000007,145.65000000000015,172.65000000000015,172.65000000000015
189,lower-right,0,1,4.0,89.80000000000007,148.90000000000015,175.90000000000015,175.90000000000015
189,lower-right,0,1,4.25,91.30000000000007,152.15000000000015,179.15000000000015,179.15000000000015
189,lower-right,0,1,4.5,92.80000000000007,155.40000000000015,182.40000000000015,182.40000000000015
189,lower-right,0,1,4.75,94.25000000000006,158.25000000000006,185.30000000000007,185.30000000000007
189,lower-right,0,1,5.0,95.50000000000006,159.50000000000006,186.80000000000007,186.80000000000007
189,lower-right,0,1,5.25,96.75000000000006,160.75000000000006,188.30000000000007,188.30000000000007
189,lower-right,0,1,5.5,98.00000000000006,162.00000000000006,189.80000000000007,189.80000000000007
189,lower-right,0,1,5.75,98.74999999999994,162.74999999999994,190.69999999999993,190.69999999999993
189,lower-right,0,1,6.0,97.49999999999994,161.49999999999994,189.19999999999993,189.19999999999993
189,lower-right,0,1,6.25,96.24999999999994,160.24999999999994,187.69999999999993,187.69999999999993
189,lower-right,0,1,6.5,94.99999999999994,158.99999999999994,186.19999999999993,186.19999999999993
189,lower-right,0,1,6.75,93.89999999999998,157.95,184.69999999999993,184.69999999999993
189,lower-right,0,1,7.0,93.39999999999998,157.7,183.19999999999993,183.19999999999993
189,lower-right,0,2,-7.0,81.10000000000008,137.4000000000001,153.60000000000014,153.60000000000014
189,lower-right,0,2,-6.75,82.85000000000008,139.4000000000001,156.60000000000014,156.60000000000014
189,lower-right,0,2,-6.5,84.60000000000008,141.4000000000001,159.60000000000014,159.60000000000014
189,lower-right,0,2,-6.25,86.05000000000001,143.05,162.05,162.05
189,lower-right,0,2,-6.0,86.30000000000001,143.3,162.3,162.3
189,lower-right,0,2,-5.75,86.55000000000001,143.55,162.55,162.55
189,lower-right,0,2,-5.5,86.80000000000001,143.8,162.8,162.8
189,lower-right,0,2,-5.25,86.84999999999997,143.84999999999997,162.84999999999997,162.84999999999997
189,lower-right,0,2,-5.0,86.09999999999997,143.09999999999997,162.09999999999997,162.09999999999997
189,lower-right,0,2,-4.75,85.34999999999997,142.34999999999997,161.34999999999997,161.34999999999997
189,lower-right,0,2,-4.5,84.59999999999997,141.59999999999997,160.59999999999997,160.59999999999997
189,lower-right,0,2,-4.25,83.59999999999991,140.5999999999999,159.5999999999999,159.5999999999999
189,lower-right,0,2,-4.0,81.59999999999991,138.5999999999999,157.5999999999999,157.5999999999999
189,lower-right,0,2,-3.75,79.59999999999991,136.5999999999999,155.5999999999999,155.5999999999999
189,lower-right,0,2,-3.5,77.59999999999991,134.5999999999999,153.5999999999999,153.5999999999999
189,lower-right,0,2,-3.25,75.84999999999997,132.84999999999997,151.84999999999997,151.84999999999997
189,lower-right,0,2,-3.0,75.09999999999997,132.09999999999997,151.09999999999997,151.09999999999997
189,lower-right,0,2,-2.75,74.34999999999997,131.34999999999997,150.34999999999997,150.34999999999997
189,lower-right,0,2,-2.5,73.59999999999997,130.59999999999997,149.59999999999997,149.59999999999997
189,lower-right,0,2,-2.25,73.25000000000006,130.35000000000008,149.30000000000007,149.30000000000007
189,lower-right,0,2,-2.0,74.50000000000006,132.10000000000008,150.80000000000007,150.80000000000007
189,lower-right,0,2,-1.75,75.75000000000006,133.85000000000008,152.30000000000007,152.30000000000007
189,lower-right,0,2,-1.5,77.00000000000006,135.60000000000008,153.80000000000007,153.80000000000007
189,lower-right,0,2,-1.25,78.40000000000009,137.4000000000001,155.4000000000001,155.4000000000001
189,lower-right,0,2,-1.0,80.40000000000009,139.4000000000001,157.4000000000001,157.4000000000001
189,lower-right,0,2,-0.75,82.40000000000009,141.4000000000001,159.4000000000001,159.4000000000001
189,lower-right,0,2,-0.5,84.40000000000009,143.4000000000001,161.4000000000001,161.4000000000001
189,lower-right,0,2,-0.25,86.20000000000005,145.20000000000005,163.20000000000005,163.20000000000005
189,lower-right,0,2,0.0,87.20000000000005,146.20000000000005,164.20000000000005,164.20000000000005
189,lower-right,0,2,0.25,88.20000000000005,147.20000000000005,165.20000000000005,165.20000000000005
189,lower-right,0,2,0.5,89.20000000000005,148.20000000000005,166.20000000000005,166.20000000000005
189,lower-right,0,2,0.75,89.44999999999987,149.60000000000014,167.30000000000007,167.30000000000007
189,lower-right,0,2,1.0,86.69999999999987,152.60000000000014,168.80000000000007,168.80000000000007
189,lower-right,0,2,1.25,83.94999999999987,155.60000000000014,170.30000000000007,170.30000000000007
189,lower-right,0,2,1.5,81.19999999999987,158.60000000000014,171.80000000000007,171.80000000000007
189,lower-right,0,2,1.75,79.4500000000001,160.69999999999993,172.95,172.95
189,lower-right,0,2,2.0,81.7000000000001,159.19999999999993,172.7,172.7
189,lower-right,0,2,2.25,83.9500000000001,157.69999999999993,172.45,172.45
189,lower-right,0,2,2.5,86.2000000000001,156.19999999999993,172.2,172.2
189,lower-right,0,2,2.75,88.50000000000011,154.74999999999994,172.10000000000002,172.10000000000002
189,lower-right,0,2,3.0,91.00000000000011,153.49999999999994,172.60000000000002,172.60000000000002
189,lower-right,0,2,3.25,93.50000000000011,152.24999999999994,173.10000000000002,173.10000000000002
189,lower-right,0,2,3.5,96.00000000000011,150.99999999999994,173.60000000000002,173.60000000000002
189,lower-right,0,2,3.75,98.0,149.89999999999998,174.05,174.05
189,lower-right,0,2,4.0,98.0,149.39999999999998,174.3,174.3
189,lower-right,0,2,4.25,98.0,148.89999999999998,174.55,174.55
189,lower-right,0,2,4.5,98.0,148.39999999999998,174.8,174.8
189,lower-right,0,2,4.75,97.89999999999998,148.10000000000002,175.05,175.05
189,lower-right,0,2,5.0,97.39999999999998,148.60000000000002,175.3,175.3
189,lower-right,0,2,5.25,96.89999999999998,149.10000000000002,175.55,175.55
189,lower-right,0,2,5.5,96.39999999999998,149.60000000000002,175.8,175.8
189,lower-right,0,2,5.75,96.0,150.20000000000005,176.0,176.0
189,lower-right,0,2,6.0,96.0,151.20000000000005,176.0,176.0
189,lower-right,0,2,6.25,96.0,152.20000000000005,176.0,176.0
189,lower-right,0,2,6.5,96.0,153.20000000000005,176.0,176.0
189,lower-right,0,2,6.75,96.25000000000006,153.95,175.89999999999998,175.89999999999998
189,lower-right,0,2,7.0,97.50000000000006,153.7,175.39999999999998,175.39999999999998
189,lower-right,0.8,-2,-7.0,66.3159217530047,112.7399952183518,129.63055657116973,129.63055657116973
189,lower-right,0.8,-2,-6.75,66.10033185734983,112.8692075245767,130.11006766104165,130.11006766104165
189,lower-right,0.8,-2,-6.5,65.88474196169494,112.9984198308016,130.58957875091352,130.58957875091352
189,lower-right,0.8,-2,-6.25,65.80019374746739,113.28007384169662,131.19444891942499,131.19444891942499
189,lower-right,0.8,-2,-6.0,66.23981225894897,114.17149467127197,132.30075540249453,132.30075540249453
189,lower-right,0.8,-2,-5.75,66.67943077043056,115.06291550084732,133.40706188556408,133.40706188556408
189,lower-right,0.8,-2,-5.5,67.11904928191214,115.95433633042268,134.5133683686336,134.5133683686336
189,lower-right,0.8,-2,-5.25,67.58433333486111,116.90740353487995,135.65485323110875,135.65485323110875
189,lower-right,0.8,-2,-5.0,68.1522795536796,118.10705623886489,136.93705161120627,136.93705161120627
189,lower-right,0.8,-2,-4.75,68.7202257724981,119.30670894284984,138.21924999130383,138.21924999130383
189,lower-right,0.8,-2,-4.5,69.28817199131659,120.50636164683476,139.50144837140135,139.50144837140135
189,lower-right,0.8,-2,-4.25,70.07528198728602,121.93605056707375,141.02510607924393,141.02510607924393
189,lower-right,0.8,-2,-4.0,71.73904709185891,124.28588435232857,143.51460109806635,143.51460109806635
189,lower-right,0.8,-2,-3.75,73.40281219643178,126.6357181375834,146.00409611688877,146.00409611688877
189,lower-right,0.8,-2,-3.5,75.06657730100466,128.98555192283823,148.4935911357112,148.4935911357112
189,lower-right,0.8,-2,-3.25,76.9337701077896,131.5303980005674,151.1736761227439,151.1736761227439
189,lower-right,0.8,-2,-3.0,79.6146737234225,134.85529324819362,154.61612098261747,154.61612098261747
189,lower-right,0.8,-2,-2.75,82.2955773390554,138.18018849581983,158.05856584249102,158.05856584249102
189,lower-right,0.8,-2,-2.5,84.97648095468828,141.50508374344605,161.50101070236457,161.50101070236457
189,lower-right,0.8,-2,-2.25,87.37014154144909,144.55109713218155,164.6646104252089,164.6646104252089
189,lower-right,0.8,-2,-2.0,88.61483001272177,146.4815830853545,166.71282959993647,166.71282959993647
189,lower-right,0.8,-2,-1.75,89.85951848399444,148.41206903852745,168.7610487746641,168.7610487746641
189,lower-right,0.8,-2,-1.5,91.1042069552671,150.34255499170038,170.8092679493917,170.8092679493917
189,lower-right,0.8,-2,-1.25,92.04512786399036,151.9118567657446,172.46950721619072,172.46950721619072
189,lower-right,0.8,-2,-1.0,91.77097852251626,152.03642182327428,172.57782685127592,172.57782685127592
189,lower-right,0.8,-2,-0.75,91.49682918104217,152.160986880804,172.6861464863611,172.6861464863611
189,lower-right,0.8,-2,-0.5,91.22267983956807,152.28555193833367,172.7944661214463,172.7944661214463
189,lower-right,0.8,-2,-0.25,91.04277809940842,152.3171752499514,172.75137886111574,172.75137886111574
189,lower-right,0.8,-2,0.0,91.23986676450642,151.97703157792128,172.10266401912244,172.10266401912244
189,lower-right,0.8,-2,0.25,91.4369554296044,151.63688790589117,171.45394917712918,171.45394917712918
189,lower-right,0.8,-2,0.5,91.63404409470238,151.2967442338611,170.80523433513588,170.80523433513588
189,lower-right,0.8,-2,0.75,92.21770873050048,150.6381383116249,169.8235973624579,169.8235973624579
189,lower-right,0.8,-2,1.0,94.34767724909854,148.70568338856475,167.51027186704147,167.51027186704147
189,lower-right,0.8,-2,1.25,96.4776457676966,146.77322846550456,165.19694637162502,165.19694637162502
189,lower-right,0.8,-2,1.5,98.60761428629468,144.84077354244437,162.8836208762086,162.8836208762086
189,lower-right,0.8,-2,1.75,101.3899314815028,142.0704622954867,159.87277285100947,159.87277285100947
189,lower-right,0.8,-2,2.0,106.78164338315045,135.94872575293994,154.07183470668036,154.07183470668036
189,lower-right,0.8,-2,2.25,112.1733552847981,129.82698921039318,148.2708965623513,148.2708965623513
189,lower-right,0.8,-2,2.5,117.56506718644577,123.70525266784642,142.46995841802223,142.46995841802223
189,lower-right,0.8,-2,2.75,123.14469709460343,116.9937183465033,136.02981183754721,136.02981183754721
189,lower-right,0.8,-2,3.0,129.47599902880086,107.92299290997539,127.03283151248922,129.47599902880086
189,lower-right,0.8,-2,3.25,135.80730096299828,98.85226747344748,118.0358511874312,135.80730096299828
189,lower-right,0.8,-2,3.5,142.13860289719568,89.78154203691957,109.03887086237322,142.13860289719568
189,lower-right,0.8,-2,3.75,148.03565028930265,80.96112553841607,99.98905637205479,148.03565028930265
189,lower-right,0.8,-2,4.0,152.19567951304828,73.14194479200984,90.72790522069475,152.19567951304828
189,lower-right,0.8,-2,4.25,156.3557087367939,65.32276404560359,81.46675406933473,156.3557087367939
189,lower-right,0.8,-2,4.5,160.51573796053952,57.50358329919736,72.20560291797469,160.51573796053952
189,lower-right,0.8,-2,4.75,164.24677998154633,50.43130199795485,63.538950228035155,164.24677998154633
189,lower-right,0.8,-2,5.0,166.26187319159834,46.34661847736636,57.25029138377691,166.26187319159834
189,lower-right,0.8,-2,5.25,168.27696640165036,42.26193495677788,50.961632539518675,168.27696640165036
189,lower-right,0.8,-2,5.5,170.29205961170237,38.177251436189394,44.672973695260424,170.29205961170237
189,lower-right,0.8,-2,5.75,172.1193821431569,34.57539250408379,39.10672403138568,172.1193821431569
189,lower-right,0.8,-2,6.0,173.19562196022173,32.904831925909164,36.43011108904412,173.19562196022173
189,lower-right,0.8,-2,6.25,174.27186177728655,31.23427134773454,33.75349814670254,174.27186177728655
189,lower-right,0.8,-2,6.5,175.3481015943514,29.56371076955992,31.076885204360977,175.3481015943514
189,lower-right,0.8,-2,6.75,176.32163439020917,28.004163678638456,28.731925257975337,176.32163439020917
189,lower-right,0.8,-2,7.0,176.88433910123896,26.888670536729496,27.713577295413064,176.88433910123896
189,lower-right,0.8,-1,-7.0,67.87737261752619,113.37486688852717,130.57207136610577,130.57207136610577
189,lower-right,0.8,-1,-6.75,69.66717456828954,116.44750022653453,133.86589717516802,133.86589717516802
189,lower-right,0.8,-1,-6.5,71.45697651905289,119.52013356454188,137.15972298423023,137.15972298423023
189,lower-right,0.8,-1,-6.25,73.17724403943228,122.4430364171448,140.27798057216995,140.27798057216995
189,lower-right,0.8,-1,-6.0,74.61937383827596,124.7670173281301,142.69396527561992,142.69396527561992
189,lower-right,0.8,-1,-5.75,76.06150363711964,127.09099823911538,145.10994997906988,145.10994997906988
189,lower-right,0.8,-1,-5.5,77.50363343596332,129.41497915010066,147.52593468251985,147.52593468251985
189,lower-right,0.8,-1,-5.25,78.68425195788225,131.4125165241243,149.6046820942394,149.6046820942394
189,lower-right,0.8,-1,-5.0,78.81882537210247,132.10427975030154,150.33448033903767,150.33448033903767
189,lower-right,0.8,-1,-4.75,78.95339878632268,132.79604297647882,151.06427858383591,151.06427858383591
189,lower-right,0.8,-1,-4.5,79.0879722005429,133.48780620265612,151.79407682863416,151.79407682863416
189,lower-right,0.8,-1,-4.25,79.19563496136175,134.1396993143703,152.50723990908358,152.50723990908358
189,lower-right,0.8,-1,-4.0,79.1956551085752,134.63211196823218,153.15386233213763,153.15386233213763
189,lower-right,0.8,-1,-3.75,79.19567525578864,135.12452462209407,153.80048475519166,153.80048475519166
189,lower-right,0.8,-1,-3.5,79.1956954030021,135.616937275956,154.4471071782457,154.4471071782457
189,lower-right,0.8,-1,-3.25,79.443463981406,136.3509268956831,155.33250337941982,155.33250337941982
189,lower-right,0.8,-1,-3.0,80.68222628457147,138.05122437887093,157.17299469307392,157.17299469307392
189,lower-right,0.8,-1,-2.75,81.92098858773693,139.7515218620587,159.01348600672802,159.01348600672802
189,lower-right,0.8,-1,-2.5,83.15975089090239,141.4518193452465,160.8539773203821,160.8539773203821
189,lower-right,0.8,-1,-2.25,84.40072554131314,143.16041342050113,162.68698800274473,162.68698800274473
189,lower-right,0.8,-1,-2.0,85.65054958070499,144.90219386402293,164.49007615994137,164.49007615994137
189,lower-right,0.8,-1,-1.75,86.90037362009684,146.6439743075448,166.293164317138,166.293164317138
189,lower-right,0.8,-1,-1.5,88.1501976594887,148.3857547510666,168.09625247433468,168.09625247433468
189,lower-right,0.8,-1,-1.25,89.20539529742906,149.9126745274445,169.7003496917929,169.7003496917929
189,lower-right,0.8,-1,-1.0,89.48208732956364,150.58015163524695,170.50848315029765,170.50848315029765
189,lower-right,0.8,-1,-0.75,89.75877936169823,151.24762874304938,171.3166166088024,171.3166166088024
189,lower-right,0.8,-1,-0.5,90.03547139383284,151.9151058508518,172.1247500673072,172.1247500673072
189,lower-right,0.8,-1,-0.25,90.2517839416274,152.44208925558922,172.88795973930488,172.88795973930488
189,lower-right,0.8,-1,0.0,90.22657855206202,152.4070978480667,173.47147426527434,173.47147426527434
189,lower-right,0.8,-1,0.25,90.20137316249664,152.3721064405442,174.05498879124383,174.05498879124383
189,lower-right,0.8,-1,0.5,90.17616777293125,152.33711503302172,174.6385033172133,174.6385033172133
189,lower-right,0.8,-1,0.75,90.30472556910827,152.24781987391947,175.2286127006923,175.2286127006923
189,lower-right,0.8,-1,1.0,91.04833610825474,151.9413097084984,175.84510151420946,175.84510151420946
189,lower-right,0.8,-1,1.25,91.79194664740123,151.6347995430773,176.4615903277266,176.4615903277266
189,lower-right,0.8,-1,1.5,92.53555718654769,151.32828937765623,177.07807914124376,177.07807914124376
189,lower-right,0.8,-1,1.75,93.55885186620716,151.02111411293842,177.3702326883083,177.3702326883083
189,lower-right,0.8,-1,2.0,95.70088310791832,150.71127845103382,176.3650451695628,176.3650451695628
189,lower-right,0.8,-1,2.25,97.84291434962947,150.40144278912925,175.35985765081728,175.35985765081728
189,lower-right,0.8,-1,2.5,99.98494559134062,150.09160712722462,174.35467013207173,174.35467013207173
189,lower-right,0.8,-1,2.75,102.15159020174579,149.36847800471787,172.74254993980824,172.74254993980824
189,lower-right,0.8,-1,3.0,104.41668828692715,146.99217503980285,168.70269905347365,168.70269905347365
189,lower-right,0.8,-1,3.25,106.68178637210849,144.61587207488785,164.66284816713903,164.66284816713903
189,lower-right,0.8,-1,3.5,108.94688445728984,142.23956910997285,160.62299728080444,160.62299728080444
189,lower-right,0.8,-1,3.75,111.14943301083717,139.39386843303967,156.15019451911598,156.15019451911598
189,lower-right,0.8,-1,4.0,113.10178343784844,134.67057690803438,149.94558425601264,149.94558425601264
189,lower-right,0.8,-1,4.25,115.05413386485972,129.94728538302905,143.7409739929093,143.7409739929093
189,lower-right,0.8,-1,4.5,117.006484291871,125.22399385802373,137.53636372980594,137.53636372980594
189,lower-right,0.8,-1,4.75,119.11581703613084,120.5275030409307,131.4981237372026,131.4981237372026
189,lower-right,0.8,-1,5.0,121.85307904938475,115.93821505548668,126.12536482659925,126.12536482659925
189,lower-right,0.8,-1,5.25,124.59034106263863,111.34892707004263,120.75260591599591,124.59034106263863
189,lower-right,0.8,-1,5.5,127.32760307589251,106.75963908459863,115.37984700539256,127.32760307589251
189,lower-right,0.8,-1,5.75,130.11181530664612,102.41274891665756,110.42908609449535,130.11181530664612
189,lower-right,0.8,-1,6.0,133.08382840739856,99.0354500187281,107.16631718242212,133.08382840739856
189,lower-right,0.8,-1,6.25,136.055841508151,95.65815112079864,103.90354827034889,136.055841508151
189,lower-right,0.8,-1,6.5,139.02785460890343,92.28085222286917,100.64077935827568,139.02785460890343
189,lower-right,0.8,-1,6.75,141.68430089695883,89.05280979860187,97.56102357537351,141.68430089695883
189,lower-right,0.8,-1,7.0,143.07847993422635,86.42179326898304,95.21332030915532,143.07847993422635
189,lower-right,0.8,0,-7.0,71.60882537248666,119.77157789606625,136.43731609200665,136.43731609200665
189,lower-right,0.8,0,-6.75,73.81905849877211,123.4107265430462,140.33428093042414,140.33428093042414
189,lower-right,0.8,0,-6.5,76.02929162505757,127.04987519002613,144.23124576884163,144.23124576884163
189,lower-right,0.8,0,-6.25,78.11698666332984,130.44570486117698,147.86009968412495,147.86009968412495
189,lower-right,0.8,0,-6.0,79.71452934954944,132.86825862901176,150.41650990687202,150.41650990687202
189,lower-right,0.8,0,-5.75,81.31207203576903,135.29081239684655,152.9729201296191,152.9729201296191
189,lower-right,0.8,0,-5.5,82.90961472198865,137.71336616468136,155.52933035236617,155.52933035236617
189,lower-right,0.8,0,-5.25,84.13909236209015,139.6798096843361,157.61720826907793,157.61720826907793
189,lower-right,0.8,0,-5.0,83.89630981771973,139.82181221127124,157.83095696164906,157.83095696164906
189,lower-right,0.8,0,-4.75,83.65352727334931,139.96381473820634,158.04470565422022,158.04470565422022
189,lower-right,0.8,0,-4.5,83.41074472897888,140.10581726514147,158.25845434679135,158.25845434679135
189,lower-right,0.8,0,-4.25,82.99256631703919,140.06209148675134,158.29041380897775,158.29041380897775
189,lower-right,0.8,0,-4.0,81.87280443482264,139.27545248706036,157.59521634962533,157.59521634962533
189,lower-right,0.8,0,-3.75,80.75304255260609,138.48881348736938,156.90001889027292,156.90001889027292
189,lower-right,0.8,0,-3.5,79.63328067038954,137.70217448767843,156.20482143092053,156.20482143092053
189,lower-right,0.8,0,-3.25,78.80028922101295,137.1970846031177,155.79751037303953,155.79751037303953
189,lower-right,0.8,0,-3.0,79.11437950299582,137.81819117907776,156.5417449210438,156.5417449210438
189,lower-right,0.8,0,-2.75,79.42846978497869,138.4392977550378,157.28597946904804,157.28597946904804
189,lower-right,0.8,0,-2.5,79.74256006696156,139.06040433099784,158.0302140170523,158.0302140170523
189,lower-right,0.8,0,-2.25,80.28284171490512,139.9113847571543,158.98282267465854,158.98282267465854
189,lower-right,0.8,0,-2.0,81.7278888266911,141.6818605840961,160.76892777067252,160.76892777067252
189,lower-right,0.8,0,-1.75,83.1729359384771,143.45233641103792,162.55503286668647,162.55503286668647
189,lower-right,0.8,0,-1.5,84.61798305026309,145.22281223797972,164.34113796270046,164.34113796270046
189,lower-right,0.8,0,-1.25,85.96488493013838,146.8689534096027,166.0142636557475,166.0142636557475
189,lower-right,0.8,0,-1.0,86.91920588237102,148.0177559599506,167.23547173692685,167.23547173692685
189,lower-right,0.8,0,-0.75,87.87352683460365,149.16655851029844,168.45667981810624,168.45667981810624
189,lower-right,0.8,0,-0.5,88.82784778683629,150.31536106064632,169.6778878992856,169.6778878992856
189,lower-right,0.8,0,-0.25,89.69356088792902,151.22955283581334,170.72907730294313,170.72907730294313
189,lower-right,0.8,0,0.0,90.20484258446227,151.2053015102571,171.10019199651347,171.10019199651347
189,lower-right,0.8,0,0.25,90.71612428099553,151.1810501847009,171.47130669008382,171.47130669008382
189,lower-right,0.8,0,0.5,91.22740597752878,151.15679885914466,171.84242138365417,171.84242138365417
189,lower-right,0.8,0,0.75,91.74716987257719,151.08996092316136,172.15314526728073,172.15314526728073
189,lower-right,0.8,0,1.0,92.30086256168629,150.8527765454698,172.2223059111323,172.2223059111323
189,lower-right,0.8,0,1.25,92.85455525079539,150.61559216777823,172.29146655498386,172.29146655498386
189,lower-right,0.8,0,1.5,93.4082479399045,150.37840779008667,172.36062719883546,172.36062719883546
189,lower-right,0.8,0,1.75,93.79255153527659,150.39306392818202,172.47390551210145,172.47390551210145
189,lower-right,0.8,0,2.0,93.49929875570086,151.41508212942472,172.76365450302518,172.76365450302518
189,lower-right,0.8,0,2.25,93.20604597612514,152.43710033066742,173.05340349394893,173.05340349394893
189,lower-right,0.8,0,2.5,92.9127931965494,153.45911853191012,173.34315248487266,173.34315248487266
189,lower-right,0.8,0,2.75,92.61734899193448,154.48628614807444,173.59915501225683,173.59915501225683
189,lower-right,0.8,0,3.0,92.3131390871627,155.53405142392532,173.72017168548288,173.72017168548288
189,lower-right,0.8,0,3.25,92.0089291823909,156.5818166997762,173.8411883587089,173.8411883587089
189,lower-right,0.8,0,3.5,91.70471927761912,157.62958197562705,173.96220503193496,173.96220503193496
189,lower-right,0.8,0,3.75,91.65115431552097,158.3794815349572,173.92498448973782,173.92498448973782
189,lower-right,0.8,0,4.0,92.60016912411709,157.93791822820478,173.25481508584807,173.25481508584807
189,lower-right,0.8,0,4.25,93.5491839327132,157.49635492145237,172.5846456819583,172.5846456819583
189,lower-right,0.8,0,4.5,94.49819874130932,157.05479161469995,171.91447627806858,171.91447627806858
189,lower-right,0.8,0,4.75,95.67219508170656,156.3559695957494,171.14873522409053,171.14873522409053
189,lower-right,0.8,0,5.0,97.74611754930804,154.6281127280066,170.0007075697594,170.0007075697594
189,lower-right,0.8,0,5.25,99.8200400169095,152.90025586026383,168.8526799154283,168.8526799154283
189,lower-right,0.8,0,5.5,101.893962484511,151.172398992521,167.70465226109718,167.70465226109718
189,lower-right,0.8,0,5.75,103.901849342661,149.41836371989925,166.53470301758193,166.53470301758193
189,lower-right,0.8,0,6.0,105.64559376300524,147.5596148277615,165.2770674173303,165.2770674173303
189,lower-right,0.8,0,6.25,107.38933818334948,145.7008659356237,164.01943181707867,164.01943181707867
189,lower-right,0.8,0,6.5,109.13308260369372,143.84211704348598,162.76179621682707,162.76179621682707
189,lower-right,0.8,0,6.75,110.61892999850248,142.118167411471,161.51409477912588,161.51409477912588
189,lower-right,0.8,0,7.0,111.07318929116957,140.93341481994696,160.3061299916265,160.3061299916265
189,lower-right,0.8,1,-7.0,73.69629750302283,126.13712116130215,142.4579164450819,142.4579164450819
189,lower-right,0.8,1,-6.75,74.93671392231451,128.21896224678787,145.00237221358708,145.00237221358708
189,lower-right,0.8,1,-6.5,76.1771303416062,130.30080333227357,147.54682798209225,147.54682798209225
189,lower-right,0.8,1,-6.25,77.41160918644894,132.31022933879848,149.96781639291802,149.96781639291802
189,lower-right,0.8,1,-6.0,78.62233773349595,134.02999502948006,151.89493537302627,151.89493537302627
189,lower-right,0.8,1,-5.75,79.83306628054297,135.74976072016167,153.8220543531345,153.8220543531345
189,lower-right,0.8,1,-5.5,81.04379482758999,137.4695264108433,155.74917333324274,155.74917333324274
189,lower-right,0.8,1,-5.25,81.99890474596238,138.87841998711528,157.32523484402475,157.32523484402475
189,lower-right,0.8,1,-5.0,81.93154014963659,139.04382510574928,157.4970664775022,157.4970664775022
189,lower-right,0.8,1,-4.75,81.86417555331079,139.20923022438325,157.66889811097968,157.66889811097968
189,lower-right,0.8,1,-4.5,81.79681095698498,139.37463534301722,157.84072974445712,157.84072974445712
189,lower-right,0.8,1,-4.25,81.55259021725657,139.34506081279798,157.82415365827237,157.82415365827237
189,lower-right,0.8,1,-4.0,80.6009449039179,138.5355676871661,157.05394669343892,157.05394669343892
189,lower-right,0.8,1,-3.75,79.64929959057926,137.72607456153423,156.28373972860547,156.28373972860547
189,lower-right,0.8,1,-3.5,78.69765427724059,136.91658143590234,155.51353276377205,155.51353276377205
189,lower-right,0.8,1,-3.25,77.95490688892951,136.316439910721,154.96532458735842,154.96532458735842
189,lower-right,0.8,1,-3.0,78.04775120072854,136.55370478734156,155.30511156462393,155.30511156462393
189,lower-right,0.8,1,-2.75,78.14059551252755,136.79096966396213,155.64489854188946,155.64489854188946
189,lower-right,0.8,1,-2.5,78.23343982432657,137.02823454058267,155.98468551915497,155.98468551915497
189,lower-right,0.8,1,-2.25,78.56966697623973,137.5353445664021,156.56805842445348,156.56805842445348
189,lower-right,0.8,1,-2.0,79.87942548860912,139.12183518901665,158.1257750418837,158.1257750418837
189,lower-right,0.8,1,-1.75,81.18918400097851,140.7083258116312,159.68349165931394,159.68349165931394
189,lower-right,0.8,1,-1.5,82.49894251334791,142.29481643424575,161.24120827674417,161.24120827674417
189,lower-right,0.8,1,-1.25,83.77637225742758,143.82108715494127,162.74083013555295,162.74083013555295
189,lower-right,0.8,1,-1.0,84.92448692834837,145.1064782679606,164.00807295987596,164.00807295987596
189,lower-right,0.8,1,-0.75,86.07260159926915,146.39186938097998,165.27531578419894,165.27531578419894
189,lower-right,0.8,1,-0.5,87.22071627018993,147.67726049399934,166.54255860852197,166.54255860852197
189,lower-right,0.8,1,-0.25,88.26421434370388,148.7791888195378,167.64900950598212,167.64900950598212
189,lower-right,0.8,1,0.0,88.88924602759059,149.14726599515288,168.11229269599121,168.11229269599121
189,lower-right,0.8,1,0.25,89.51427771147732,149.51534317076795,168.57557588600028,168.57557588600028
189,lower-right,0.8,1,0.5,90.13930939536404,149.883420346383,169.03885907600932,169.03885907600932
189,lower-right,0.8,1,0.75,90.72960083662298,150.18765883706507,169.43604154435036,169.43604154435036
189,lower-right,0.8,1,1.0,91.18093130737094,150.23654258801525,169.5688211260192,169.5688211260192
189,lower-right,0.8,1,1.25,91.63226177811887,150.28542633896546,169.7016007076881,169.7016007076881
189,lower-right,0.8,1,1.5,92.08359224886682,150.33431008991568,169.83438028935697,169.83438028935697
189,lower-right,0.8,1,1.75,92.36592444961468,150.37991994725834,169.9676202025333,169.9676202025333
189,lower-right,0.8,1,2.0,91.97226357036234,150.4124342301709,170.10270144173958,170.10270144173958
189,lower-right,0.8,1,2.25,91.57860269111,150.4449485130835,170.23778268094586,170.23778268094586
189,lower-right,0.8,1,2.5,91.18494181185768,150.47746279599602,170.37286392015213,170.37286392015213
189,lower-right,0.8,1,2.75,90.84071746785382,150.62059639200316,170.6623871113797,170.6623871113797
189,lower-right,0.8,1,3.0,90.69423926484379,151.20620724038847,171.56967811069237,171.56967811069237
189,lower-right,0.8,1,3.25,90.54776106183374,151.79181808877377,172.47696911000503,172.47696911000503
189,lower-right,0.8,1,3.5,90.4012828588237,152.37742893715907,173.3842601093177,173.3842601093177
189,lower-right,0.8,1,3.75,90.42977795995125,153.03336065488008,174.37224538173794,174.37224538173794
189,lower-right,0.8,1,4.0,91.15816627762888,153.9705758499439,175.68300774658852,175.68300774658852
189,lower-right,0.8,1,4.25,91.8865545953065,154.90779104500774,176.99377011143906,176.99377011143906
189,lower-right,0.8,1,4.5,92.61494291298416,155.84500624007154,178.30453247628964,178.30453247628964
189,lower-right,0.8,1,4.75,93.37019638959055,156.6551764861149,179.48321966395403,179.48321966395403
189,lower-right,0.8,1,5.0,94.23291050191199,156.95716693607645,180.13360614287382,180.13360614287382
189,lower-right,0.8,1,5.25,95.09562461423343,157.259157386038,180.78399262179357,180.78399262179357
189,lower-right,0.8,1,5.5,95.95833872655487,157.56114783599955,181.43437910071336,181.43437910071336
189,lower-right,0.8,1,5.75,96.70177625676318,157.73711235342017,181.88468714390578,181.88468714390578
189,lower-right,0.8,1,6.0,96.96810745851907,157.4089731406773,181.53468144418898,181.53468144418898
189,lower-right,0.8,1,6.25,97.23443866027496,157.08083392793444,181.1846757444722,181.1846757444722
189,lower-right,0.8,1,6.5,97.50076986203085,156.75269471519155,180.8346700447554,180.8346700447554
189,lower-right,0.8,1,6.75,97.71360396227034,156.46578997555142,180.43499192599572,180.43499192599572
189,lower-right,0.8,1,7.0,97.71244965644428,156.3438231283223,179.83662413106458,179.83662413106458
189,lower-right,0.8,2,-7.0,79.81094556605251,135.64861041984955,152.53083176768638,152.53083176768638
189,lower-right,0.8,2,-6.75,80.3932153189562,136.4241704041614,153.7870029499672,153.7870029499672
189,lower-right,0.8,2,-6.5,80.97548507185988,137.19973038847326,155.043174132248,155.043174132248
189,lower-right,0.8,2,-6.25,81.54970894906997,137.96176858950452,156.23163980233656,156.23163980233656
189,lower-right,0.8,2,-6.0,82.0917493235058,138.66971965741345,157.14928342365636,157.14928342365636
189,lower-right,0.8,2,-5.75,82.63378969794161,139.3776707253224,158.06692704497613,158.06692704497613
189,lower-right,0.8,2,-5.5,83.17583007237744,140.08562179323135,158.9845706662959,158.9845706662959
189,lower-right,0.8,2,-5.25,83.57201440932123,140.62856424665802,159.6928139394959,159.6928139394959
189,lower-right,0.8,2,-5.0,83.38477459629698,140.51147224215575,159.5634558202171,159.5634558202171
189,lower-right,0.8,2,-4.75,83.19753478327274,140.39438023765348,159.43409770093828,159.43409770093828
189,lower-right,0.8,2,-4.5,83.01029497024851,140.27728823315124,159.30473958165948,159.30473958165948
189,lower-right,0.8,2,-4.25,82.69909597691813,140.0220060136639,159.03868256738895,159.03868256738895
189,lower-right,0.8,2,-4.0,81.89206026236334,139.21396293423652,158.22582997315172,158.22582997315172
189,lower-right,0.8,2,-3.75,81.08502454780853,138.40591985480916,157.41297737891452,157.41297737891452
189,lower-right,0.8,2,-3.5,80.27798883325374,137.59787677538176,156.6001247846773,156.6001247846773
189,lower-right,0.8,2,-3.25,79.54631455651624,136.8682901134485,155.87315488874677,155.87315488874677
189,lower-right,0.8,2,-3.0,79.11608603104789,136.4525291214916,155.48971578604284,155.48971578604284
189,lower-right,0.8,2,-2.75,78.68585750557952,136.03676812953475,155.10627668333888,155.10627668333888
189,lower-right,0.8,2,-2.5,78.25562898011117,135.62100713757786,154.72283758063497,154.72283758063497
189,lower-right,0.8,2,-2.25,78.03608514450269,135.44673616296396,154.56438197728963,154.56438197728963
189,lower-right,0.8,2,-2.0,78.65928006833352,136.2384252577217,155.30586037137834,155.30586037137834
189,lower-right,0.8,2,-1.75,79.28247499216435,137.03011435247942,156.0473387654671,156.0473387654671
189,lower-right,0.8,2,-1.5,79.90566991599519,137.82180344723713,156.7888171595558,156.7888171595558
189,lower-right,0.8,2,-1.25,80.63669089343838,138.71838079977047,157.6334781450537,157.6334781450537
189,lower-right,0.8,2,-1.0,81.79901608533095,140.0345111834061,158.89086949618803,158.89086949618803
189,lower-right,0.8,2,-0.75,82.9613412772235,141.35064156704175,160.14826084732235,160.14826084732235
189,lower-right,0.8,2,-0.5,84.12366646911605,142.66677195067737,161.4056521984567,161.4056521984567
189,lower-right,0.8,2,-0.25,85.16009120085224,143.9481815806455,162.59328482399954,162.59328482399954
189,lower-right,0.8,2,0.0,85.69291409196308,145.09070819594345,163.50188254717654,163.50188254717654
189,lower-right,0.8,2,0.25,86.2257369830739,146.2332348112414,164.4104802703535,164.4104802703535
189,lower-right,0.8,2,0.5,86.75855987418473,147.37576142653938,165.31907799353047,165.31907799353047
189,lower-right,0.8,2,0.75,87.14188422262069,148.44595974765514,166.1263619248215,166.1263619248215
189,lower-right,0.8,2,1.0,86.92721440035726,149.22684489204224,166.52839068856892,166.52839068856892
189,lower-right,0.8,2,1.25,86.71254457809385,150.00773003642934,166.93041945231633,166.93041945231633
189,lower-right,0.8,2,1.5,86.49787475583042,150.7886151808164,167.33244821606374,167.33244821606374
189,lower-right,0.8,2,1.75,86.40818484376967,151.39746370928796,167.7044370678516,167.7044370678516
189,lower-right,0.8,2,2.0,86.81841457251946,151.3181657740975,167.9562662718012,167.9562662718012
189,lower-right,0.8,2,2.25,87.22864430126924,151.23886783890703,168.2080954757508,168.2080954757508
189,lower-right,0.8,2,2.5,87.63887403001902,151.15956990371657,168.4599246797004,168.4599246797004
189,lower-right,0.8,2,2.75,88.11537021203522,151.05132997035537,168.77330877224503,168.77330877224503
189,lower-right,0.8,2,3.0,88.85693220711696,150.82732204431116,169.33291241916965,169.33291241916965
189,lower-right,0.8,2,3.25,89.5984942021987,150.60331411826695,169.8925160660943,169.8925160660943
189,lower-right,0.8,2,3.5,90.34005619728043,150.37930619222277,170.45211971301887,170.45211971301887
189,lower-right,0.8,2,3.75,90.98699989486019,150.24666512027846,171.0423060654439,171.0423060654439
189,lower-right,0.8,2,4.0,91.25547040243211,150.47949146473383,171.7548232398704,171.7548232398704
189,lower-right,0.8,2,4.25,91.52394091000403,150.7123178091892,172.46734041429693,172.46734041429693
189,lower-right,0.8,2,4.5,91.79241141757595,150.94514415364455,173.17985758872342,173.17985758872342
189,lower-right,0.8,2,4.75,92.0107192797359,151.22929340045394,173.86790736266897,173.86790736266897
189,lower-right,0.8,2,5.0,92.02837656024805,151.71873425667934,174.45808753469063,174.45808753469063
189,lower-right,0.8,2,5.25,92.04603384076019,152.2081751129047,175.0482677067123,175.0482677067123
189,lower-right,0.8,2,5.5,92.06369112127234,152.69761596913008,175.63844787873393,175.63844787873393
189,lower-right,0.8,2,5.75,92.12908335789994,153.1579875066631,176.15574936821503,176.15574936821503
189,lower-right,0.8,2,6.0,92.38541541898937,153.50208176942652,176.38153612753388,176.38153612753388
189,lower-right,0.8,2,6.25,92.64174748007878,153.84617603219,176.60732288685278,176.60732288685278
189,lower-right,0.8,2,6.5,92.8980795411682,154.1902702949534,176.83310964617166,176.83310964617166
189,lower-right,0.8,2,6.75,93.2358291206498,154.45664880645194,176.98841880949533,176.98841880949533
189,lower-right,0.8,2,7.0,93.89924877369997,154.4121643128909,176.8618175888384,176.8618175888384
189,lower-right,1.2,-2,-7.0,69.53320108253324,117.90515889954409,134.95604046021603,134.95604046021603
189,lower-right,1.2,-2,-6.75,69.74757016187704,118.26176630467006,135.49951761382675,135.49951761382675
189,lower-right,1.2,-2,-6.5,69.96193924122082,118.61837370979605,136.04299476743748,136.04299476743748
189,lower-right,1.2,-2,-6.25,70.20035485787082,119.03474077502493,136.64731927529525,136.64731927529525
189,lower-right,1.2,-2,-6.0,70.53495662374569,119.6901464806654,137.49503320014102,137.49503320014102
189,lower-right,1.2,-2,-5.75,70.86955838962055,120.34555218630588,138.34274712498683,138.34274712498683
189,lower-right,1.2,-2,-5.5,71.20416015549543,121.00095789194637,139.1904610498326,139.1904610498326
189,lower-right,1.2,-2,-5.25,71.55813526082657,121.70943239285998,140.07834372284498,140.07834372284498
189,lower-right,1.2,-2,-5.0,71.98960372398287,122.63018207486613,141.12690138852383,141.12690138852383
189,lower-right,1.2,-2,-4.75,72.42107218713917,123.55093175687225,142.17545905420266,142.17545905420266
189,lower-right,1.2,-2,-4.5,72.85254065029547,124.47168143887839,143.2240167198815,143.2240167198815
189,lower-right,1.2,-2,-4.25,73.393448477991,125.511105394916,144.38822110353908,144.38822110353908
189,lower-right,1.2,-2,-4.0,74.37211376384337,127.02522644707926,146.0150123591115,146.0150123591115
189,lower-right,1.2,-2,-3.75,75.35077904969573,128.53934749924252,147.64180361468388,147.64180361468388
189,lower-right,1.2,-2,-3.5,76.32944433554809,130.05346855140579,149.2685948702563,149.2685948702563
189,lower-right,1.2,-2,-3.25,77.41758695201614,131.66780019832615,150.99529870062437,150.99529870062437
189,lower-right,1.2,-2,-3.0,78.9436388909467,133.68297422427483,153.121652830175,153.121652830175
189,lower-right,1.2,-2,-2.75,80.46969082987727,135.6981482502235,155.24800695972564,155.24800695972564
189,lower-right,1.2,-2,-2.5,81.99574276880782,137.7133222761722,157.37436108927628,157.37436108927628
189,lower-right,1.2,-2,-2.25,83.48354118089631,139.64137257636227,159.3975626114115,159.3975626114115
189,lower-right,1.2,-2,-2.0,84.81832548561654,141.22092797351817,161.00815370388537,161.00815370388537
189,lower-right,1.2,-2,-1.75,86.15310979033677,142.80048337067404,162.61874479635924,162.61874479635924
189,lower-right,1.2,-2,-1.5,87.487894095057,144.38003876782992,164.2293358888331,164.2293358888331
189,lower-right,1.2,-2,-1.25,88.76719910332748,145.69275679403916,165.5347846303676,165.5347846303676
189,lower-right,1.2,-2,-1.0,89.82458692579905,145.93812533646212,165.6196639681449,165.6196639681449
189,lower-right,1.2,-2,-0.75,90.88197474827061,146.1834938788851,165.70454330592216,165.70454330592216
189,lower-right,1.2,-2,-0.5,91.93936257074218,146.42886242130805,165.78942264369945,165.78942264369945
189,lower-right,1.2,-2,-0.25,93.11022681583341,146.34873223700427,165.51177190586827,165.51177190586827
189,lower-right,1.2,-2,0.0,94.7349967514033,144.9666071457939,163.78400086560364,163.78400086560364
189,lower-right,1.2,-2,0.25,96.35976668697319,143.58448205458353,162.05622982533902,162.05622982533902
189,lower-right,1.2,-2,0.5,97.98453662254308,142.20235696337315,160.32845878507436,160.32845878507436
189,lower-right,1.2,-2,0.75,99.86105047231072,140.46628274478576,158.24935026224895,158.24935026224895
189,lower-right,1.2,-2,1.0,102.74453997886908,137.31441201669074,154.76489180918088,154.76489180918088
189,lower-right,1.2,-2,1.25,105.62802948542745,134.16254128859572,151.2804333561128,151.2804333561128
189,lower-right,1.2,-2,1.5,108.51151899198582,131.0106705605007,147.7959749030447,147.7959749030447
189,lower-right,1.2,-2,1.75,111.63667925305342,127.50171914940398,143.98206979146462,143.98206979146462
189,lower-right,1.2,-2,2.0,115.7285225321576,122.56444500630082,138.85037804583686,138.85037804583686
189,lower-right,1.2,-2,2.25,119.82036581126175,117.62717086319762,133.71868630020907,133.71868630020907
189,lower-right,1.2,-2,2.5,123.91220909036593,112.68989672009445,128.5869945545813,128.5869945545813
189,lower-right,1.2,-2,2.75,128.04755953003317,107.5603305863489,123.2234690127938,128.04755953003317
189,lower-right,1.2,-2,3.0,132.35693861195261,101.66159649003401,116.93260828636761,132.35693861195261
189,lower-right,1.2,-2,3.25,136.66631769387203,95.76286239371916,110.64174755994141,136.66631769387203
189,lower-right,1.2,-2,3.5,140.97569677579148,89.86412829740428,104.3508868335152,140.97569677579148
189,lower-right,1.2,-2,3.75,145.0877136716411,84.095889270567,98.0848570263943,145.0877136716411
189,lower-right,1.2,-2,4.0,148.41028182321182,78.84963052163987,91.91815089649444,148.41028182321182
189,lower-right,1.2,-2,4.25,151.73284997478254,73.60337177271275,85.75144476659457,151.73284997478254
189,lower-right,1.2,-2,4.5,155.05541812635323,68.35711302378562,79.58473863669471,155.05541812635323
189,lower-right,1.2,-2,4.75,158.12115835527533,63.453234194017845,73.7288924544173,158.12115835527533
189,lower-right,1.2,-2,5.0,160.15958689360315,59.91887504088706,69.11648606262935,160.15958689360315
189,lower-right,1.2,-2,5.25,162.19801543193103,56.384515887756265,64.50407967084138,162.19801543193103
189,lower-right,1.2,-2,5.5,164.23644397025885,52.85015673462548,59.89167327905341,164.23644397025885
189,lower-right,1.2,-2,5.75,166.10240269743002,49.60985496823135,55.672185459180035,166.10240269743002
189,lower-right,1.2,-2,6.0,167.27848217997465,47.54578274878353,53.02437192696461,167.27848217997465
189,lower-right,1.2,-2,6.25,168.45456166251927,45.481710529335714,50.37655839474918,168.45456166251927
189,lower-right,1.2,-2,6.5,169.63064114506392,43.41763830988789,47.72874486253375,169.63064114506392
189,lower-right,1.2,-2,6.75,170.6902754993433,41.513279810552724,45.352786584058805,170.6902754993433
189,lower-right,1.2,-2,7.0,171.2841293405618,40.247776191667995,44.064249320545464,171.2841293405618
189,lower-right,1.2,-1,-7.0,69.43110309931464,117.00056109787326,134.15520749022315,134.15520749022315
189,lower-right,1.2,-1,-6.75,70.4356189067055,118.64902615268667,135.95057371915468,135.95057371915468
189,lower-right,1.2,-1,-6.5,71.44013471409636,120.29749120750009,137.7459399480862,137.7459399480862
189,lower-right,1.2,-1,-6.25,72.42034171972627,121.93183733200824,139.52751421059216,139.52751421059216
189,lower-right,1.2,-1,-6.0,73.30331351831244,123.50970773529536,141.2539206073959,141.2539206073959
189,lower-right,1.2,-1,-5.75,74.1862853168986,125.08757813858247,142.98032700419964,142.98032700419964
189,lower-right,1.2,-1,-5.5,75.06925711548477,126.6654485418696,144.70673340100336,144.70673340100336
189,lower-right,1.2,-1,-5.25,75.86652208369276,128.13258775595173,146.31390259544276,146.31390259544276
189,lower-right,1.2,-1,-5.0,76.32095973038808,129.15680221321406,147.44412298042485,147.44412298042485
189,lower-right,1.2,-1,-4.75,76.77539737708341,130.1810166704764,148.57434336540695,148.57434336540695
189,lower-right,1.2,-1,-4.5,77.22983502377873,131.2052311277387,149.70456375038904,149.70456375038904
189,lower-right,1.2,-1,-4.25,77.69350323442119,132.22393621053487,150.83010361601978,150.83010361601978
189,lower-right,1.2,-1,-4.0,78.19409370085216,133.2206037954664,151.93692140424514,151.93692140424514
189,lower-right,1.2,-1,-3.75,78.69468416728313,134.2172713803979,153.04373919247053,153.04373919247053
189,lower-right,1.2,-1,-3.5,79.1952746337141,135.2139389653294,154.15055698069588,154.15055698069588
189,lower-right,1.2,-1,-3.25,79.79023679175425,136.29902442970644,155.34545924805525,155.34545924805525
189,lower-right,1.2,-1,-3.0,80.76268571623095,137.7377814118654,156.89269943195052,156.89269943195052
189,lower-right,1.2,-1,-2.75,81.73513464070763,139.17653839402436,158.43993961584584,158.43993961584584
189,lower-right,1.2,-1,-2.5,82.70758356518434,140.61529537618335,159.98717979974114,159.98717979974114
189,lower-right,1.2,-1,-2.25,83.68997509379788,142.0490943852641,161.5250201473626,161.5250201473626
189,lower-right,1.2,-1,-2.0,84.71213703895887,143.46306150203208,163.02526114988876,163.02526114988876
189,lower-right,1.2,-1,-1.75,85.73429898411985,144.87702861880004,164.52550215241493,164.52550215241493
189,lower-right,1.2,-1,-1.5,86.75646092928082,146.29099573556798,166.0257431549411,166.0257431549411
189,lower-right,1.2,-1,-1.25,87.70688971609886,147.56264980983363,167.3886181930298,167.3886181930298
189,lower-right,1.2,-1,-1.0,88.37038586954517,148.26505171409022,168.20202937336873,168.20202937336873
189,lower-right,1.2,-1,-0.75,89.03388202299149,148.96745361834684,169.01544055370766,169.01544055370766
189,lower-right,1.2,-1,-0.5,89.6973781764378,149.66985552260343,169.82885173404662,169.82885173404662
189,lower-right,1.2,-1,-0.25,90.36275855769479,150.19860774864986,170.4825138467735,170.4825138467735
189,lower-right,1.2,-1,0.0,91.0356758501945,150.0327612618558,170.49717968905207,170.49717968905207
189,lower-right,1.2,-1,0.25,91.70859314269418,149.86691477506173,170.51184553133066,170.51184553133066
189,lower-right,1.2,-1,0.5,92.38151043519389,149.70106828826763,170.52651137360928,170.52651137360928
189,lower-right,1.2,-1,0.75,93.18190184328587,149.37345156100037,170.35737144160026,170.35737144160026
189,lower-right,1.2,-1,1.0,94.49218971374677,148.39875387184037,169.45300841244102,169.45300841244102
189,lower-right,1.2,-1,1.25,95.80247758420768,147.42405618268043,168.54864538328178,168.54864538328178
189,lower-right,1.2,-1,1.5,97.11276545466859,146.44935849352044,167.64428235412254,167.64428235412254
189,lower-right,1.2,-1,1.75,98.58074286078244,145.28238789070073,166.4651349045232,166.4651349045232
189,lower-right,1.2,-1,2.0,100.67947840950794,143.34632563324243,164.18684977316383,164.18684977316383
189,lower-right,1.2,-1,2.25,102.77821395823342,141.4102633757841,161.90856464180445,161.90856464180445
189,lower-right,1.2,-1,2.5,104.87694950695891,139.4742011183258,159.63027951044504,159.63027951044504
189,lower-right,1.2,-1,2.75,107.04454207765136,137.31602018403512,157.04607757903656,157.04607757903656
189,lower-right,1.2,-1,3.0,109.48756273621159,134.2693645424153,153.23820844743204,153.23820844743204
189,lower-right,1.2,-1,3.25,111.93058339477182,131.22270890079548,149.4303393158275,149.4303393158275
189,lower-right,1.2,-1,3.5,114.37360405333204,128.17605325917566,145.622470184223,145.622470184223
189,lower-right,1.2,-1,3.75,116.79870863864716,125.00925923047728,141.66873157589995,141.66873157589995
189,lower-right,1.2,-1,4.0,119.15214893098184,121.36191165346479,137.1315150607031,137.1315150607031
189,lower-right,1.2,-1,4.25,121.5055892233165,117.71456407645229,132.5942985455062,132.5942985455062
189,lower-right,1.2,-1,4.5,123.85902951565119,114.06721649943981,128.05708203030935,128.05708203030935
189,lower-right,1.2,-1,4.75,126.17158153120292,110.48828985950078,123.63696197667785,126.17158153120292
189,lower-right,1.2,-1,5.0,128.32058043962286,107.18304696785552,119.6852277693077,128.32058043962286
189,lower-right,1.2,-1,5.25,130.4695793480428,103.87780407621027,115.73349356193755,130.4695793480428
189,lower-right,1.2,-1,5.5,132.61857825646274,100.57256118456502,111.7817593545674,132.61857825646274
189,lower-right,1.2,-1,5.75,134.6789498232762,97.4294368015619,108.07679006781899,134.6789498232762
189,lower-right,1.2,-1,6.0,136.38481202366387,94.93478645312723,105.35888046355718,136.38481202366387
189,lower-right,1.2,-1,6.25,138.0906742240515,92.44013610469257,102.64097085929541,138.0906742240515
189,lower-right,1.2,-1,6.5,139.79653642443915,89.94548575625791,99.92306125503362,139.79653642443915
189,lower-right,1.2,-1,6.75,141.33569077715725,87.6035784280339,97.40708269438426,141.33569077715725
189,lower-right,1.2,-1,7.0,142.20801373919733,85.8726431806524,95.69882830818445,142.20801373919733
189,lower-right,1.2,0,-7.0,71.87788095097063,121.3768171451105,138.3403005909395,138.3403005909395
189,lower-right,1.2,0,-6.75,73.21052259969481,123.45173988464353,140.5795077752372,140.5795077752372
189,lower-right,1.2,0,-6.5,74.54316424841899,125.52666262417658,142.8187149595349,142.8187149595349
189,lower-right,1.2,0,-6.25,75.81363787283982,127.53361815592685,144.98793466491895,144.98793466491895
189,lower-right,1.2,0,-6.0,76.83543940004729,129.26870485654615,146.87720445464836,146.87720445464836
189,lower-right,1.2,0,-5.75,77.85724092725478,131.00379155716547,148.76647424437778,148.76647424437778
189,lower-right,1.2,0,-5.5,78.87904245446227,132.73887825778476,150.65574403410722,150.65574403410722
189,lower-right,1.2,0,-5.25,79.73965254603321,134.2655206744135,152.3243206499431,152.3243206499431
189,lower-right,1.2,0,-5.0,79.95549689505816,134.95838595508013,153.11012457020516,153.11012457020516
189,lower-right,1.2,0,-4.75,80.17134124408311,135.65125123574683,153.8959284904672,153.8959284904672
189,lower-right,1.2,0,-4.5,80.38718559310806,136.34411651641346,154.68173241072927,154.68173241072927
189,lower-right,1.2,0,-4.25,80.5408638876415,136.94992136593322,155.37927811889105,155.37927811889105
189,lower-right,1.2,0,-4.0,80.44587796420907,137.20748449086548,155.72379097865186,155.72379097865186
189,lower-right,1.2,0,-3.75,80.35089204077663,137.46504761579774,156.06830383841267,156.06830383841267
189,lower-right,1.2,0,-3.5,80.25590611734418,137.72261074073,156.4128166981735,156.4128166981735
189,lower-right,1.2,0,-3.25,80.26428243832068,138.077785243345,156.85425277635417,156.85425277635417
189,lower-right,1.2,0,-3.0,80.6861077369328,138.82340525669076,157.68338172821427,157.68338172821427
189,lower-right,1.2,0,-2.75,81.10793303554493,139.56902527003652,158.5125106800744,158.5125106800744
189,lower-right,1.2,0,-2.5,81.52975833415705,140.31464528338228,159.34163963193447,159.34163963193447
189,lower-right,1.2,0,-2.25,82.04771483926399,141.14945344417475,160.25646747784793,160.25646747784793
189,lower-right,1.2,0,-2.0,82.95019617035013,142.341014194754,161.5140908999748,161.5140908999748
189,lower-right,1.2,0,-1.75,83.85267750143626,143.5325749453332,162.77171432210164,162.77171432210164
189,lower-right,1.2,0,-1.5,84.7551588325224,144.72413569591242,164.0293377442285,164.0293377442285
189,lower-right,1.2,0,-1.25,85.63980818648587,145.85925888139533,165.2420727611101,165.2420727611101
189,lower-right,1.2,0,-1.0,86.45312963195867,146.768631806493,166.27525415701075,166.27525415701075
189,lower-right,1.2,0,-0.75,87.26645107743148,147.67800473159065,167.3084355529114,167.3084355529114
189,lower-right,1.2,0,-0.5,88.0797725229043,148.58737765668832,168.34161694881203,168.34161694881203
189,lower-right,1.2,0,-0.25,88.84810780055962,149.37570568072937,169.27403028598536,169.27403028598536
189,lower-right,1.2,0,0.0,89.43649840694502,149.67985410054393,169.80337138824947,169.80337138824947
189,lower-right,1.2,0,0.25,90.02488901333042,149.98400252035853,170.3327124905136,170.3327124905136
189,lower-right,1.2,0,0.5,90.61327961971583,150.2881509401731,170.86205359277773,170.86205359277773
189,lower-right,1.2,0,0.75,91.19358031725874,150.52900663593567,171.30323306058972,171.30323306058972
189,lower-right,1.2,0,1.0,91.74152137943167,150.51669143549026,171.39176599059337,171.39176599059337
189,lower-right,1.2,0,1.25,92.28946244160463,150.50437623504487,171.480298920597,171.480298920597
189,lower-right,1.2,0,1.5,92.83740350377755,150.4920610345995,171.5688318506006,171.5688318506006
189,lower-right,1.2,0,1.75,93.39397812833495,150.46012751885684,171.56064839686022,171.56064839686022
189,lower-right,1.2,0,2.0,93.98508700243019,150.34972074192532,171.16559940814386,171.16559940814386
189,lower-right,1.2,0,2.25,94.5761958765254,150.2393139649938,170.77055041942754,170.77055041942754
189,lower-right,1.2,0,2.5,95.16730475062064,150.12890718806227,170.3755014307112,170.3755014307112
189,lower-right,1.2,0,2.75,95.799098535483,149.9372226111642,169.8562608518727,169.8562608518727
189,lower-right,1.2,0,3.0,96.59363196341383,149.42042683439996,168.8402539125455,168.8402539125455
189,lower-right,1.2,0,3.25,97.38816539134464,148.90363105763572,167.82424697321832,167.82424697321832
189,lower-right,1.2,0,3.5,98.18269881927546,148.38683528087148,166.80824003389114,166.80824003389114
189,lower-right,1.2,0,3.75,99.063332148167,147.7304054916669,165.68522001650132,165.68522001650132
189,lower-right,1.2,0,4.0,100.28836508090129,146.51543965270102,164.1341476868612,164.1341476868612
189,lower-right,1.2,0,4.25,101.5133980136356,145.30047381373515,162.58307535722105,162.58307535722105
189,lower-right,1.2,0,4.5,102.7384309463699,144.0855079747693,161.0320030275809,161.0320030275809
189,lower-right,1.2,0,4.75,104.02847648710893,142.77963596921094,159.45080817884283,159.45080817884283
189,lower-right,1.2,0,5.0,105.57857245986689,141.11013929728264,157.7491232537128,157.7491232537128
189,lower-right,1.2,0,5.25,107.12866843262486,139.44064262535434,156.0474383285828,156.0474383285828
189,lower-right,1.2,0,5.5,108.67876440538282,137.77114595342604,154.3457534034528,154.3457534034528
189,lower-right,1.2,0,5.75,110.18570094953537,136.11223827974968,152.679959025122,152.679959025122
189,lower-right,1.2,0,6.0,111.51999977926644,134.495686599081,151.157726833988,151.157726833988
189,lower-right,1.2,0,6.25,112.85429860899751,132.87913491841232,149.63549464285398,149.63549464285398
189,lower-right,1.2,0,6.5,114.18859743872856,131.26258323774363,148.11326245171998,148.11326245171998
189,lower-right,1.2,0,6.75,115.38431217835901,129.7287304118535,146.65604397483781,146.65604397483781
189,lower-right,1.2,0,7.0,116.02569055758724,128.52567300507738,145.458880354963,145.458880354963
189,lower-right,1.2,1,-7.0,75.35319391840325,128.11380626964763,145.01114985714366,145.01114985714366
189,lower-right,1.2,1,-6.75,76.34088721621812,129.58065286330145,146.70145310866891,146.70145310866891
189,lower-right,1.2,1,-6.5,77.32858051403299,131.04749945695525,148.39175636019417,148.39175636019417
189,lower-right,1.2,1,-6.25,78.27147435960055,132.4692764477111,150.02940763478622,150.02940763478622
189,lower-right,1.2,1,-6.0,79.03517039617887,133.71077502687513,151.45645100164558,151.45645100164558
189,lower-right,1.2,1,-5.75,79.7988664327572,134.9522736060391,152.88349436850493,152.88349436850493
189,lower-right,1.2,1,-5.5,80.56256246933552,136.19377218520316,154.31053773536428,154.31053773536428
189,lower-right,1.2,1,-5.25,81.18239525672053,137.25465123460341,155.53585244931526,155.53585244931526
189,lower-right,1.2,1,-5.0,81.2267750473325,137.59305216494897,155.95425255163292,155.95425255163292
189,lower-right,1.2,1,-4.75,81.27115483794444,137.93145309529453,156.37265265395058,156.37265265395058
189,lower-right,1.2,1,-4.5,81.31553462855639,138.2698540256401,156.79105275626821,156.79105275626821
189,lower-right,1.2,1,-4.25,81.282808679973,138.5101983113465,157.1056877980945,157.1056877980945
189,lower-right,1.2,1,-4.0,80.94165977460827,138.3583160184965,157.00526259795532,157.00526259795532
189,lower-right,1.2,1,-3.75,80.60051086924352,138.2064337256465,156.90483739781615,156.90483739781615
189,lower-right,1.2,1,-3.5,80.2593619638788,138.0545514327965,156.804412197677,156.804412197677
189,lower-right,1.2,1,-3.25,80.00528138658011,137.98799186680392,156.78832614393338,156.78832614393338
189,lower-right,1.2,1,-3.0,80.09947412154548,138.26272320824097,157.10959667577185,157.10959667577185
189,lower-right,1.2,1,-2.75,80.19366685651086,138.53745454967805,157.43086720761028,157.43086720761028
189,lower-right,1.2,1,-2.5,80.28785959147623,138.81218589111506,157.75213773944876,157.75213773944876
189,lower-right,1.2,1,-2.25,80.51111395252016,139.21826846140843,158.19922468023663,158.19922468023663
189,lower-right,1.2,1,-2.0,81.25061481787813,140.14975594712683,159.14957725682206,159.14957725682206
189,lower-right,1.2,1,-1.75,81.9901156832361,141.08124343284524,160.09992983340751,160.09992983340751
189,lower-right,1.2,1,-1.5,82.72961654859407,142.01273091856365,161.05028240999297,161.05028240999297
189,lower-right,1.2,1,-1.25,83.49809842439271,142.95843012449004,162.01567366817608,162.01567366817608
189,lower-right,1.2,1,-1.0,84.38250434195405,143.96097621124824,163.04121965275004,163.04121965275004
189,lower-right,1.2,1,-0.75,85.26691025951538,144.96352229800644,164.06676563732395,164.06676563732395
189,lower-right,1.2,1,-0.5,86.15131617707672,145.96606838476467,165.09231162189786,165.09231162189786
189,lower-right,1.2,1,-0.25,86.98262645338757,146.89115694822368,166.0451494479644,166.0451494479644
189,lower-right,1.2,1,0.0,87.60155416469644,147.50641541848603,166.7071546400013,166.7071546400013
189,lower-right,1.2,1,0.25,88.22048187600532,148.12167388874838,167.36915983203826,167.36915983203826
189,lower-right,1.2,1,0.5,88.83940958731418,148.73693235901072,168.0311650240752,168.0311650240752
189,lower-right,1.2,1,0.75,89.39600999646285,149.291928097384,168.6276123847677,168.6276123847677
189,lower-right,1.2,1,1.0,89.70330119697067,149.60587290820095,168.96182842008255,168.96182842008255
189,lower-right,1.2,1,1.25,90.0105923974785,149.9198177190179,169.29604445539738,169.29604445539738
189,lower-right,1.2,1,1.5,90.31788359798634,150.2337625298349,169.63026049071223,169.63026049071223
189,lower-right,1.2,1,1.75,90.59133403034265,150.5365037226734,169.9484970877011,169.9484970877011
189,lower-right,1.2,1,2.0,90.729421390093,150.794430443598,170.20281593138617,170.20281593138617
189,lower-right,1.2,1,2.25,90.86750874984332,151.05235716452262,170.4571347750712,170.4571347750712
189,lower-right,1.2,1,2.5,91.00559610959365,151.31028388544723,170.71145361875625,170.71145361875625
189,lower-right,1.2,1,2.75,91.16953016525896,151.56661728721156,170.976920890827,170.976920890827
189,lower-right,1.2,1,3.0,91.4368510045841,151.8165774123348,171.28698187644056,171.28698187644056
189,lower-right,1.2,1,3.25,91.70417184390925,152.06653753745803,171.59704286205414,171.59704286205414
189,lower-right,1.2,1,3.5,91.9714926832344,152.3164976625813,171.9071038476677,171.9071038476677
189,lower-right,1.2,1,3.75,92.30524502187666,152.53062080728944,172.20204733965818,172.20204733965818
189,lower-right,1.2,1,4.0,92.90472335778736,152.60139603033724,172.43652085715615,172.43652085715615
189,lower-right,1.2,1,4.25,93.50420169369806,152.67217125338502,172.67099437465416,172.67099437465416
189,lower-right,1.2,1,4.5,94.10368002960877,152.74294647643282,172.90546789215216,172.90546789215216
189,lower-right,1.2,1,4.75,94.74119797899357,152.74917748230285,173.08184472154693,173.08184472154693
189,lower-right,1.2,1,5.0,95.53087438227469,152.49723161946196,173.0258347985288,173.0258347985288
189,lower-right,1.2,1,5.25,96.32055078555581,152.24528575662106,172.96982487551065,172.96982487551065
189,lower-right,1.2,1,5.5,97.11022718883693,151.99333989378016,172.91381495249252,172.91381495249252
189,lower-right,1.2,1,5.75,97.87432110457463,151.70088081017553,172.79291439298075,172.79291439298075
189,lower-right,1.2,1,6.0,98.53608507013868,151.246368843516,172.41245128749455,172.41245128749455
189,lower-right,1.2,1,6.25,99.19784903570275,150.79185687685643,172.03198818200832,172.03198818200832
189,lower-right,1.2,1,6.5,99.8596130012668,150.33734491019686,171.6515250765221,171.6515250765221
189,lower-right,1.2,1,6.75,100.45629689577723,149.89569850299614,171.24947336842692,171.24947336842692
189,lower-right,1.2,1,7.0,100.79266050607333,149.5055143336306,170.76106724989612,170.76106724989612
189,lower-right,1.2,2,-7.0,79.68653832969974,135.33682360676897,152.7403517224776,152.7403517224776
189,lower-right,1.2,2,-6.75,80.16279234128272,135.95475920291378,153.5802605731585,153.5802605731585
189,lower-right,1.2,2,-6.5,80.6390463528657,136.57269479905858,154.42016942383944,154.42016942383944
189,lower-right,1.2,2,-6.25,81.09660202440843,137.18245069873933,155.24284845849004,155.24284845849004
189,lower-right,1.2,2,-6.0,81.47936433579014,137.75948781256383,155.9966082290195,155.9966082290195
189,lower-right,1.2,2,-5.75,81.86212664717183,138.3365249263883,156.75036799954896,156.75036799954896
189,lower-right,1.2,2,-5.5,82.24488895855355,138.9135620402128,157.50412777007838,157.50412777007838
189,lower-right,1.2,2,-5.25,82.53698285370555,139.37987944991818,158.12334254957526,158.12334254957526
189,lower-right,1.2,2,-5.0,82.46640308393881,139.40331804314724,158.20437736494193,158.20437736494193
189,lower-right,1.2,2,-4.75,82.39582331417208,139.42675663637627,158.2854121803086,158.2854121803086
189,lower-right,1.2,2,-4.5,82.32524354440534,139.4501952296053,158.3664469956753,158.3664469956753
189,lower-right,1.2,2,-4.25,82.18245838960955,139.38568982553508,158.35126176974416,158.35126176974416
189,lower-right,1.2,2,-4.0,81.75085169469756,138.96940843226778,157.95119637862186,157.95119637862186
189,lower-right,1.2,2,-3.75,81.31924499978557,138.5531270390005,157.55113098749956,157.55113098749956
189,lower-right,1.2,2,-3.5,80.88763830487358,138.1368456457332,157.15106559637732,157.15106559637732
189,lower-right,1.2,2,-3.25,80.49210081064953,137.75767768840657,156.78791040557874,156.78791040557874
189,lower-right,1.2,2,-3.0,80.24084011917728,137.52696347484257,156.572396016075,156.572396016075
189,lower-right,1.2,2,-2.75,79.98957942770502,137.2962492612786,156.35688162657127,156.35688162657127
189,lower-right,1.2,2,-2.5,79.73831873623276,137.0655350477146,156.14136723706753,156.14136723706753
189,lower-right,1.2,2,-2.25,79.60827756489306,136.97023098670587,156.0572140680648,156.0572140680648
189,lower-right,1.2,2,-2.0,79.96311447408348,137.41656753591812,156.49850578106623,156.49850578106623
189,lower-right,1.2,2,-1.75,80.3179513832739,137.86290408513034,156.93979749406765,156.93979749406765
189,lower-right,1.2,2,-1.5,80.67278829246432,138.3092406343426,157.38108920706904,157.38108920706904
189,lower-right,1.2,2,-1.25,81.1084794495265,138.85774591877646,157.91633694258934,157.91633694258934
189,lower-right,1.2,2,-1.0,81.86758759807562,139.81492614409672,158.827408768185,158.827408768185
189,lower-right,1.2,2,-0.75,82.62669574662475,140.772106369417,159.7384805937807,159.7384805937807
189,lower-right,1.2,2,-0.5,83.38580389517386,141.72928659473726,160.64955241937636,160.64955241937636
189,lower-right,1.2,2,-0.25,84.1140564609399,142.68675731715376,161.54751982601914,161.54751982601914
189,lower-right,1.2,2,0.0,84.71888669557369,143.6453900279551,162.3930695568503,162.3930695568503
189,lower-right,1.2,2,0.25,85.32371693020747,144.6040227387565,163.23861928768144,163.23861928768144
189,lower-right,1.2,2,0.5,85.92854716484125,145.56265544955787,164.08416901851263,164.08416901851263
189,lower-right,1.2,2,0.75,86.4675013085444,146.45568136129498,164.86626731330088,164.86626731330088
189,lower-right,1.2,2,1.0,86.7429510885251,147.08628007677532,165.39455986391772,165.39455986391772
189,lower-right,1.2,2,1.25,87.01840086850582,147.71687879225564,165.92285241453456,165.92285241453456
189,lower-right,1.2,2,1.5,87.29385064848654,148.34747750773596,166.4511449651514,166.4511449651514
189,lower-right,1.2,2,1.75,87.55755561341932,148.90872837620284,166.9494430539086,166.9494430539086
189,lower-right,1.2,2,2.0,87.7742813181604,149.19258785661606,167.32776329522721,167.32776329522721
189,lower-right,1.2,2,2.25,87.99100702290147,149.47644733702924,167.7060835365458,167.7060835365458
189,lower-right,1.2,2,2.5,88.20773272764256,149.76030681744248,168.08440377786442,168.08440377786442
189,lower-right,1.2,2,2.75,88.43829574630851,150.0187690613633,168.47641473294496,168.47641473294496
189,lower-right,1.2,2,3.0,88.72420802067401,150.17564235931457,168.9231885430732,168.9231885430732
189,lower-right,1.2,2,3.25,89.01012029503948,150.33251565726584,169.36996235320146,169.36996235320146
189,lower-right,1.2,2,3.5,89.29603256940497,150.48938895521712,169.8167361633297,169.8167361633297
189,lower-right,1.2,2,3.75,89.58018889041534,150.65707081037243,170.27617795686677,170.27617795686677
189,lower-right,1.2,2,4.0,89.8573213980053,150.86798689434386,170.78629168403918,170.78629168403918
189,lower-right,1.2,2,4.25,90.13445390559522,151.07890297831523,171.2964054112116,171.2964054112116
189,lower-right,1.2,2,4.5,90.41158641318518,151.28981906228663,171.806519138384,171.806519138384
189,lower-right,1.2,2,4.75,90.68880297717797,151.50444628101823,172.29923896048533,172.29923896048533
189,lower-right,1.2,2,5.0,90.96635576678213,151.73391803879062,172.7223831623022,172.7223831623022
189,lower-right,1.2,2,5.25,91.24390855638629,151.96338979656298,173.14552736411912,173.14552736411912
189,lower-right,1.2,2,5.5,91.52146134599046,152.1928615543354,173.568671565936,173.568671565936
189,lower-right,1.2,2,5.75,91.81204092845847,152.4014165138342,173.94767798054247,173.94767798054247
189,lower-right,1.2,2,6.0,92.15472768238189,152.5263042802386,174.15013324630735,174.15013324630735
189,lower-right,1.2,2,6.25,92.49741443630529,152.65119204664302,174.3525885120722,174.3525885120722
189,lower-right,1.2,2,6.5,92.8401011902287,152.7760798130474,174.55504377783708,174.55504377783708
189,lower-right,1.2,2,6.75,93.1829485984818,152.8725791388856,174.7138105793374,174.7138105793374
189,lower-right,1.2,2,7.0,93.52643862405361,152.85552470245912,174.6978235237796,174.6978235237796
