profile,sigma_px,parallel_offset_px,distance_px,R,G,B,V_max_RGB,parallel_median_V
side-upper,0,-2,-7.0,166.0,128.0,177.0,177.0,152.0
side-upper,0,-2,-6.75,161.25,123.75,172.0,172.0,157.5
side-upper,0,-2,-6.5,156.5,119.5,167.0,167.0,163.0
side-upper,0,-2,-6.25,151.75,115.25,162.0,162.0,163.25
side-upper,0,-2,-6.0,147.0,111.0,157.0,157.0,169.0
side-upper,0,-2,-5.75,148.5,112.5,158.5,158.5,168.5
side-upper,0,-2,-5.5,150.0,114.0,160.0,160.0,167.5
side-upper,0,-2,-5.25,151.5,115.5,161.5,161.5,164.25
side-upper,0,-2,-5.0,153.0,117.0,163.0,163.0,164.0
side-upper,0,-2,-4.75,160.5,124.5,170.5,170.5,168.25
side-upper,0,-2,-4.5,168.0,132.0,178.0,178.0,169.5
side-upper,0,-2,-4.25,175.5,139.5,185.5,185.5,170.75
side-upper,0,-2,-4.0,183.0,147.0,193.0,193.0,172.0
side-upper,0,-2,-3.75,183.25,147.25,193.25,193.25,171.25
side-upper,0,-2,-3.5,183.5,147.5,193.5,193.5,170.5
side-upper,0,-2,-3.25,183.75,147.75,193.75,193.75,169.75
side-upper,0,-2,-3.0,184.0,148.0,194.0,194.0,169.0
side-upper,0,-2,-2.75,183.25,147.25,193.25,193.25,172.25
side-upper,0,-2,-2.5,182.5,146.5,192.5,192.5,176.5
side-upper,0,-2,-2.25,181.75,145.75,191.75,191.75,179.0
side-upper,0,-2,-2.0,181.0,145.0,191.0,191.0,179.0
side-upper,0,-2,-1.75,181.5,146.25,192.0,192.0,181.25
side-upper,0,-2,-1.5,182.0,147.5,193.0,193.0,183.5
side-upper,0,-2,-1.25,182.5,148.75,194.0,194.0,185.75
side-upper,0,-2,-1.0,183.0,150.0,195.0,195.0,188.0
side-upper,0,-2,-0.75,176.75,143.75,188.75,188.75,180.0
side-upper,0,-2,-0.5,170.5,137.5,182.5,182.5,172.0
side-upper,0,-2,-0.25,164.25,131.25,176.25,176.25,164.0
side-upper,0,-2,0.0,158.0,125.0,170.0,170.0,156.0
side-upper,0,-2,0.25,157.25,123.0,169.0,169.0,160.25
side-upper,0,-2,0.5,156.5,121.0,168.0,168.0,164.5
side-upper,0,-2,0.75,155.75,119.0,167.0,167.0,167.0
side-upper,0,-2,1.0,155.0,117.0,166.0,166.0,166.0
side-upper,0,-2,1.25,158.25,120.25,169.25,169.25,169.25
side-upper,0,-2,1.5,161.5,123.5,172.5,172.5,172.5
side-upper,0,-2,1.75,164.75,126.75,175.75,175.75,175.75
side-upper,0,-2,2.0,168.0,130.0,179.0,179.0,177.0
side-upper,0,-2,2.25,170.0,132.5,181.25,181.25,176.0
side-upper,0,-2,2.5,172.0,135.0,183.5,183.5,175.0
side-upper,0,-2,2.75,174.0,137.5,185.75,185.75,174.0
side-upper,0,-2,3.0,176.0,140.0,188.0,188.0,173.0
side-upper,0,-2,3.25,176.0,140.0,188.0,188.0,176.25
side-upper,0,-2,3.5,176.0,140.0,188.0,188.0,178.5
side-upper,0,-2,3.75,176.0,140.0,188.0,188.0,177.25
side-upper,0,-2,4.0,176.0,140.0,188.0,188.0,179.0
side-upper,0,-2,4.25,176.25,140.25,188.25,188.25,182.5
side-upper,0,-2,4.5,176.5,140.5,188.5,188.5,186.0
side-upper,0,-2,4.75,176.75,140.75,188.75,188.75,186.75
side-upper,0,-2,5.0,177.0,141.0,189.0,189.0,187.0
side-upper,0,-2,5.25,178.25,142.25,190.25,190.25,188.75
side-upper,0,-2,5.5,179.5,143.5,191.5,191.5,190.5
side-upper,0,-2,5.75,180.75,144.75,192.75,192.75,192.25
side-upper,0,-2,6.0,182.0,146.0,194.0,194.0,192.0
side-upper,0,-2,6.25,183.25,147.25,195.25,195.25,195.25
side-upper,0,-2,6.5,184.5,148.5,196.5,196.5,196.5
side-upper,0,-2,6.75,185.75,149.75,197.75,197.75,199.75
side-upper,0,-2,7.0,187.0,151.0,199.0,199.0,204.0
side-upper,0,-1,-7.0,166.0,130.0,178.0,178.0,152.0
side-upper,0,-1,-6.75,164.75,128.75,176.75,176.75,157.5
side-upper,0,-1,-6.5,163.5,127.5,175.5,175.5,163.0
side-upper,0,-1,-6.25,162.25,126.25,174.25,174.25,163.25
side-upper,0,-1,-6.0,161.0,125.0,173.0,173.0,169.0
side-upper,0,-1,-5.75,160.25,124.25,171.75,171.75,168.5
side-upper,0,-1,-5.5,159.5,123.5,170.5,170.5,167.5
side-upper,0,-1,-5.25,158.75,122.75,169.25,169.25,164.25
side-upper,0,-1,-5.0,158.0,122.0,168.0,168.0,164.0
side-upper,0,-1,-4.75,161.25,126.0,171.25,171.25,168.25
side-upper,0,-1,-4.5,164.5,130.0,174.5,174.5,169.5
side-upper,0,-1,-4.25,167.75,134.0,177.75,177.75,170.75
side-upper,0,-1,-4.0,171.0,138.0,181.0,181.0,172.0
side-upper,0,-1,-3.75,170.5,137.5,180.5,180.5,171.25
side-upper,0,-1,-3.5,170.0,137.0,180.0,180.0,170.5
side-upper,0,-1,-3.25,169.5,136.5,179.5,179.5,169.75
side-upper,0,-1,-3.0,169.0,136.0,179.0,179.0,169.0
side-upper,0,-1,-2.75,169.0,136.0,179.0,179.0,172.25
side-upper,0,-1,-2.5,169.0,136.0,179.0,179.0,176.5
side-upper,0,-1,-2.25,169.0,136.0,179.0,179.0,179.0
side-upper,0,-1,-2.0,169.0,136.0,179.0,179.0,179.0
side-upper,0,-1,-1.75,171.25,138.25,181.75,181.75,181.25
side-upper,0,-1,-1.5,173.5,140.5,184.5,184.5,183.5
side-upper,0,-1,-1.25,175.75,142.75,187.25,187.25,185.75
side-upper,0,-1,-1.0,178.0,145.0,190.0,190.0,188.0
side-upper,0,-1,-0.75,171.5,138.5,183.5,183.5,180.0
side-upper,0,-1,-0.5,165.0,132.0,177.0,177.0,172.0
side-upper,0,-1,-0.25,158.5,125.5,170.5,170.5,164.0
side-upper,0,-1,0.0,152.0,119.0,164.0,164.0,156.0
side-upper,0,-1,0.25,153.75,120.0,165.75,165.75,160.25
side-upper,0,-1,0.5,155.5,121.0,167.5,167.5,164.5
side-upper,0,-1,0.75,157.25,122.0,169.25,169.25,167.0
side-upper,0,-1,1.0,159.0,123.0,171.0,171.0,166.0
side-upper,0,-1,1.25,161.75,125.75,173.75,173.75,169.25
side-upper,0,-1,1.5,164.5,128.5,176.5,176.5,172.5
side-upper,0,-1,1.75,167.25,131.25,179.25,179.25,175.75
side-upper,0,-1,2.0,170.0,134.0,182.0,182.0,177.0
side-upper,0,-1,2.25,170.25,134.25,181.75,181.75,176.0
side-upper,0,-1,2.5,170.5,134.5,181.5,181.5,175.0
side-upper,0,-1,2.75,170.75,134.75,181.25,181.25,174.0
side-upper,0,-1,3.0,171.0,135.0,181.0,181.0,173.0
side-upper,0,-1,3.25,169.75,133.75,179.75,179.75,176.25
side-upper,0,-1,3.5,168.5,132.5,178.5,178.5,178.5
side-upper,0,-1,3.75,167.25,131.25,177.25,177.25,177.25
side-upper,0,-1,4.0,166.0,130.0,176.0,176.0,179.0
side-upper,0,-1,4.25,166.5,131.25,177.0,177.0,182.5
side-upper,0,-1,4.5,167.0,132.5,178.0,178.0,186.0
side-upper,0,-1,4.75,167.5,133.75,179.0,179.0,186.75
side-upper,0,-1,5.0,168.0,135.0,180.0,180.0,187.0
side-upper,0,-1,5.25,170.5,137.5,182.0,182.0,188.75
side-upper,0,-1,5.5,173.0,140.0,184.0,184.0,190.5
side-upper,0,-1,5.75,175.5,142.5,186.0,186.0,192.25
side-upper,0,-1,6.0,178.0,145.0,188.0,188.0,192.0
side-upper,0,-1,6.25,181.5,148.5,191.5,191.5,195.25
side-upper,0,-1,6.5,185.0,152.0,195.0,195.0,196.5
side-upper,0,-1,6.75,188.5,155.5,198.5,198.5,199.75
side-upper,0,-1,7.0,192.0,159.0,202.0,202.0,204.0
side-upper,0,0,-7.0,133.0,102.0,146.0,146.0,152.0
side-upper,0,0,-6.75,138.75,107.75,151.75,151.75,157.5
side-upper,0,0,-6.5,144.5,113.5,157.5,157.5,163.0
side-upper,0,0,-6.25,150.25,119.25,163.25,163.25,163.25
side-upper,0,0,-6.0,156.0,125.0,169.0,169.0,169.0
side-upper,0,0,-5.75,156.25,125.25,168.5,168.5,168.5
side-upper,0,0,-5.5,156.5,125.5,168.0,168.0,167.5
side-upper,0,0,-5.25,156.75,125.75,167.5,167.5,164.25
side-upper,0,0,-5.0,157.0,126.0,167.0,167.0,164.0
side-upper,0,0,-4.75,158.75,128.0,168.25,168.25,168.25
side-upper,0,0,-4.5,160.5,130.0,169.5,169.5,169.5
side-upper,0,0,-4.25,162.25,132.0,170.75,170.75,170.75
side-upper,0,0,-4.0,164.0,134.0,172.0,172.0,172.0
side-upper,0,0,-3.75,163.25,133.25,171.25,171.25,171.25
side-upper,0,0,-3.5,162.5,132.5,170.5,170.5,170.5
side-upper,0,0,-3.25,161.75,131.75,169.75,169.75,169.75
side-upper,0,0,-3.0,161.0,131.0,169.0,169.0,169.0
side-upper,0,0,-2.75,161.0,130.75,169.5,169.5,172.25
side-upper,0,0,-2.5,161.0,130.5,170.0,170.0,176.5
side-upper,0,0,-2.25,161.0,130.25,170.5,170.5,179.0
side-upper,0,0,-2.0,161.0,130.0,171.0,171.0,179.0
side-upper,0,0,-1.75,163.25,132.25,173.5,173.5,181.25
side-upper,0,0,-1.5,165.5,134.5,176.0,176.0,183.5
side-upper,0,0,-1.25,167.75,136.75,178.5,178.5,185.75
side-upper,0,0,-1.0,170.0,139.0,181.0,181.0,188.0
side-upper,0,0,-0.75,163.25,132.25,174.75,174.75,180.0
side-upper,0,0,-0.5,156.5,125.5,168.5,168.5,172.0
side-upper,0,0,-0.25,149.75,118.75,162.25,162.25,164.0
side-upper,0,0,0.0,143.0,112.0,156.0,156.0,156.0
side-upper,0,0,0.25,148.0,115.75,160.25,160.25,160.25
side-upper,0,0,0.5,153.0,119.5,164.5,164.5,164.5
side-upper,0,0,0.75,158.0,123.25,168.75,168.75,167.0
side-upper,0,0,1.0,163.0,127.0,173.0,173.0,166.0
side-upper,0,0,1.25,164.0,128.0,174.0,174.0,169.25
side-upper,0,0,1.5,165.0,129.0,175.0,175.0,172.5
side-upper,0,0,1.75,166.0,130.0,176.0,176.0,175.75
side-upper,0,0,2.0,167.0,131.0,177.0,177.0,177.0
side-upper,0,0,2.25,166.0,130.75,176.0,176.0,176.0
side-upper,0,0,2.5,165.0,130.5,175.0,175.0,175.0
side-upper,0,0,2.75,164.0,130.25,174.0,174.0,174.0
side-upper,0,0,3.0,163.0,130.0,173.0,173.0,173.0
side-upper,0,0,3.25,163.25,130.25,173.25,173.25,176.25
side-upper,0,0,3.5,163.5,130.5,173.5,173.5,178.5
side-upper,0,0,3.75,163.75,130.75,173.75,173.75,177.25
side-upper,0,0,4.0,164.0,131.0,174.0,174.0,179.0
side-upper,0,0,4.25,165.75,133.25,175.75,175.75,182.5
side-upper,0,0,4.5,167.5,135.5,177.5,177.5,186.0
side-upper,0,0,4.75,169.25,137.75,179.25,179.25,186.75
side-upper,0,0,5.0,171.0,140.0,181.0,181.0,187.0
side-upper,0,0,5.25,172.5,141.5,182.5,182.5,188.75
side-upper,0,0,5.5,174.0,143.0,184.0,184.0,190.5
side-upper,0,0,5.75,175.5,144.5,185.5,185.5,192.25
side-upper,0,0,6.0,177.0,146.0,187.0,187.0,192.0
side-upper,0,0,6.25,181.25,150.25,191.25,191.25,195.25
side-upper,0,0,6.5,185.5,154.5,195.5,195.5,196.5
side-upper,0,0,6.75,189.75,158.75,199.75,199.75,199.75
side-upper,0,0,7.0,194.0,163.0,204.0,204.0,204.0
side-upper,0,1,-7.0,138.0,111.0,152.0,152.0,152.0
side-upper,0,1,-6.75,143.75,117.0,157.5,157.5,157.5
side-upper,0,1,-6.5,149.5,123.0,163.0,163.0,163.0
side-upper,0,1,-6.25,155.25,129.0,168.5,168.5,163.25
side-upper,0,1,-6.0,161.0,135.0,174.0,174.0,169.0
side-upper,0,1,-5.75,158.25,132.25,170.75,170.75,168.5
side-upper,0,1,-5.5,155.5,129.5,167.5,167.5,167.5
side-upper,0,1,-5.25,152.75,126.75,164.25,164.25,164.25
side-upper,0,1,-5.0,150.0,124.0,161.0,161.0,164.0
side-upper,0,1,-4.75,150.5,124.25,160.75,160.75,168.25
side-upper,0,1,-4.5,151.0,124.5,160.5,160.5,169.5
side-upper,0,1,-4.25,151.5,124.75,160.25,160.25,170.75
side-upper,0,1,-4.0,152.0,125.0,160.0,160.0,172.0
side-upper,0,1,-3.75,154.0,127.0,162.0,162.0,171.25
side-upper,0,1,-3.5,156.0,129.0,164.0,164.0,170.5
side-upper,0,1,-3.25,158.0,131.0,166.0,166.0,169.75
side-upper,0,1,-3.0,160.0,133.0,168.0,168.0,169.0
side-upper,0,1,-2.75,162.25,135.0,170.75,170.75,172.25
side-upper,0,1,-2.5,164.5,137.0,173.5,173.5,176.5
side-upper,0,1,-2.25,166.75,139.0,176.25,176.25,179.0
side-upper,0,1,-2.0,169.0,141.0,179.0,179.0,179.0
side-upper,0,1,-1.75,170.5,142.5,181.25,181.25,181.25
side-upper,0,1,-1.5,172.0,144.0,183.5,183.5,183.5
side-upper,0,1,-1.25,173.5,145.5,185.75,185.75,185.75
side-upper,0,1,-1.0,175.0,147.0,188.0,188.0,188.0
side-upper,0,1,-0.75,166.5,138.25,180.0,180.0,180.0
side-upper,0,1,-0.5,158.0,129.5,172.0,172.0,172.0
side-upper,0,1,-0.25,149.5,120.75,164.0,164.0,164.0
side-upper,0,1,0.0,141.0,112.0,156.0,156.0,156.0
side-upper,0,1,0.25,144.5,114.5,158.25,158.25,160.25
side-upper,0,1,0.5,148.0,117.0,160.5,160.5,164.5
side-upper,0,1,0.75,151.5,119.5,162.75,162.75,167.0
side-upper,0,1,1.0,155.0,122.0,165.0,165.0,166.0
side-upper,0,1,1.25,155.0,122.0,165.0,165.0,169.25
side-upper,0,1,1.5,155.0,122.0,165.0,165.0,172.5
side-upper,0,1,1.75,155.0,122.0,165.0,165.0,175.75
side-upper,0,1,2.0,155.0,122.0,165.0,165.0,177.0
side-upper,0,1,2.25,155.25,122.25,165.25,165.25,176.0
side-upper,0,1,2.5,155.5,122.5,165.5,165.5,175.0
side-upper,0,1,2.75,155.75,122.75,165.75,165.75,174.0
side-upper,0,1,3.0,156.0,123.0,166.0,166.0,173.0
side-upper,0,1,3.25,159.25,126.75,169.25,169.25,176.25
side-upper,0,1,3.5,162.5,130.5,172.5,172.5,178.5
side-upper,0,1,3.75,165.75,134.25,175.75,175.75,177.25
side-upper,0,1,4.0,169.0,138.0,179.0,179.0,179.0
side-upper,0,1,4.25,172.5,141.5,182.5,182.5,182.5
side-upper,0,1,4.5,176.0,145.0,186.0,186.0,186.0
side-upper,0,1,4.75,179.5,148.5,189.5,189.5,186.75
side-upper,0,1,5.0,183.0,152.0,193.0,193.0,187.0
side-upper,0,1,5.25,182.75,152.5,192.75,192.75,188.75
side-upper,0,1,5.5,182.5,153.0,192.5,192.5,190.5
side-upper,0,1,5.75,182.25,153.5,192.25,192.25,192.25
side-upper,0,1,6.0,182.0,154.0,192.0,192.0,192.0
side-upper,0,1,6.25,185.75,157.75,195.75,195.75,195.25
side-upper,0,1,6.5,189.5,161.5,199.5,199.5,196.5
side-upper,0,1,6.75,193.25,165.25,203.25,203.25,199.75
side-upper,0,1,7.0,197.0,169.0,207.0,207.0,204.0
side-upper,0,2,-7.0,139.0,111.0,149.0,149.0,152.0
side-upper,0,2,-6.75,140.75,112.75,150.75,150.75,157.5
side-upper,0,2,-6.5,142.5,114.5,152.5,152.5,163.0
side-upper,0,2,-6.25,144.25,116.25,154.25,154.25,163.25
side-upper,0,2,-6.0,146.0,118.0,156.0,156.0,169.0
side-upper,0,2,-5.75,147.75,120.25,158.0,158.0,168.5
side-upper,0,2,-5.5,149.5,122.5,160.0,160.0,167.5
side-upper,0,2,-5.25,151.25,124.75,162.0,162.0,164.25
side-upper,0,2,-5.0,153.0,127.0,164.0,164.0,164.0
side-upper,0,2,-4.75,151.5,125.5,162.5,162.5,168.25
side-upper,0,2,-4.5,150.0,124.0,161.0,161.0,169.5
side-upper,0,2,-4.25,148.5,122.5,159.5,159.5,170.75
side-upper,0,2,-4.0,147.0,121.0,158.0,158.0,172.0
side-upper,0,2,-3.75,149.5,123.5,160.5,160.5,171.25
side-upper,0,2,-3.5,152.0,126.0,163.0,163.0,170.5
side-upper,0,2,-3.25,154.5,128.5,165.5,165.5,169.75
side-upper,0,2,-3.0,157.0,131.0,168.0,168.0,169.0
side-upper,0,2,-2.75,161.0,134.5,172.25,172.25,172.25
side-upper,0,2,-2.5,165.0,138.0,176.5,176.5,176.5
side-upper,0,2,-2.25,169.0,141.5,180.75,180.75,179.0
side-upper,0,2,-2.0,173.0,145.0,185.0,185.0,179.0
side-upper,0,2,-1.75,169.0,141.0,181.25,181.25,181.25
side-upper,0,2,-1.5,165.0,137.0,177.5,177.5,183.5
side-upper,0,2,-1.25,161.0,133.0,173.75,173.75,185.75
side-upper,0,2,-1.0,157.0,129.0,170.0,170.0,188.0
side-upper,0,2,-0.75,152.0,123.25,165.0,165.0,180.0
side-upper,0,2,-0.5,147.0,117.5,160.0,160.0,172.0
side-upper,0,2,-0.25,142.0,111.75,155.0,155.0,164.0
side-upper,0,2,0.0,137.0,106.0,150.0,150.0,156.0
side-upper,0,2,0.25,138.75,108.5,151.0,151.0,160.25
side-upper,0,2,0.5,140.5,111.0,152.0,152.0,164.5
side-upper,0,2,0.75,142.25,113.5,153.0,153.0,167.0
side-upper,0,2,1.0,144.0,116.0,154.0,154.0,166.0
side-upper,0,2,1.25,145.0,117.0,155.0,155.0,169.25
side-upper,0,2,1.5,146.0,118.0,156.0,156.0,172.5
side-upper,0,2,1.75,147.0,119.0,157.0,157.0,175.75
side-upper,0,2,2.0,148.0,120.0,158.0,158.0,177.0
side-upper,0,2,2.25,151.75,123.0,161.75,161.75,176.0
side-upper,0,2,2.5,155.5,126.0,165.5,165.5,175.0
side-upper,0,2,2.75,159.25,129.0,169.25,169.25,174.0
side-upper,0,2,3.0,163.0,132.0,173.0,173.0,173.0
side-upper,0,2,3.25,166.25,134.75,176.25,176.25,176.25
side-upper,0,2,3.5,169.5,137.5,179.5,179.5,178.5
side-upper,0,2,3.75,172.75,140.25,182.75,182.75,177.25
side-upper,0,2,4.0,176.0,143.0,186.0,186.0,179.0
side-upper,0,2,4.25,176.25,143.75,186.25,186.25,182.5
side-upper,0,2,4.5,176.5,144.5,186.5,186.5,186.0
side-upper,0,2,4.75,176.75,145.25,186.75,186.75,186.75
side-upper,0,2,5.0,177.0,146.0,187.0,187.0,187.0
side-upper,0,2,5.25,178.25,148.0,188.75,188.75,188.75
side-upper,0,2,5.5,179.5,150.0,190.5,190.5,190.5
side-upper,0,2,5.75,180.75,152.0,192.25,192.25,192.25
side-upper,0,2,6.0,182.0,154.0,194.0,194.0,192.0
side-upper,0,2,6.25,189.5,162.0,200.75,200.75,195.25
side-upper,0,2,6.5,197.0,170.0,207.5,207.5,196.5
side-upper,0,2,6.75,204.5,178.0,214.25,214.25,199.75
side-upper,0,2,7.0,212.0,186.0,221.0,221.0,204.0
side-middle,0,-2,-7.0,120.5,95.5,132.0,132.0,106.0
side-middle,0,-2,-6.75,123.25,97.75,134.5,134.5,113.0
side-middle,0,-2,-6.5,126.0,100.0,137.0,137.0,120.0
side-middle,0,-2,-6.25,128.5,102.5,139.5,139.5,125.0
side-middle,0,-2,-6.0,131.0,105.0,142.0,142.0,130.0
side-middle,0,-2,-5.75,133.5,107.5,144.5,144.5,135.0
side-middle,0,-2,-5.5,136.0,110.0,147.0,147.0,140.0
side-middle,0,-2,-5.25,141.0,115.0,152.0,152.0,145.5
side-middle,0,-2,-5.0,146.0,120.0,157.0,157.0,151.0
side-middle,0,-2,-4.75,151.0,125.0,162.0,162.0,156.5
side-middle,0,-2,-4.5,156.0,130.0,167.0,167.0,162.0
side-middle,0,-2,-4.25,158.0,131.5,168.75,168.75,163.0
side-middle,0,-2,-4.0,160.0,133.0,170.5,170.5,165.0
side-middle,0,-2,-3.75,162.0,134.5,172.25,172.25,165.5
side-middle,0,-2,-3.5,164.0,136.0,174.0,174.0,167.0
side-middle,0,-2,-3.25,165.5,137.5,175.5,175.5,169.25
side-middle,0,-2,-3.0,167.0,139.0,177.0,177.0,172.5
side-middle,0,-2,-2.75,168.5,140.5,178.5,178.5,174.25
side-middle,0,-2,-2.5,170.0,142.0,180.0,180.0,177.0
side-middle,0,-2,-2.25,168.75,140.75,178.75,178.75,178.75
side-middle,0,-2,-2.0,167.5,139.5,177.5,177.5,180.0
side-middle,0,-2,-1.75,166.25,138.25,176.25,176.25,180.5
side-middle,0,-2,-1.5,165.0,137.0,175.0,175.0,181.0
side-middle,0,-2,-1.25,154.0,126.0,164.0,164.0,172.75
side-middle,0,-2,-1.0,143.0,115.0,153.0,153.0,159.5
side-middle,0,-2,-0.75,132.0,104.0,142.0,142.0,146.25
side-middle,0,-2,-0.5,121.0,93.0,131.0,131.0,133.0
side-middle,0,-2,-0.25,125.25,97.75,135.0,135.0,135.0
side-middle,0,-2,0.0,129.5,102.5,139.0,139.0,139.0
side-middle,0,-2,0.25,133.75,107.25,143.0,143.0,132.25
side-middle,0,-2,0.5,138.0,112.0,147.0,147.0,123.0
side-middle,0,-2,0.75,140.75,114.25,150.0,150.0,129.25
side-middle,0,-2,1.0,143.5,116.5,153.0,153.0,135.5
side-middle,0,-2,1.25,146.25,118.75,156.0,156.0,141.75
side-middle,0,-2,1.5,149.0,121.0,159.0,159.0,148.0
side-middle,0,-2,1.75,152.0,123.25,162.0,162.0,153.0
side-middle,0,-2,2.0,155.0,125.5,165.0,165.0,158.0
side-middle,0,-2,2.25,158.0,127.75,168.0,168.0,163.0
side-middle,0,-2,2.5,161.0,130.0,171.0,171.0,168.0
side-middle,0,-2,2.75,162.5,131.5,172.75,172.75,169.75
side-middle,0,-2,3.0,164.0,133.0,174.5,174.5,171.5
side-middle,0,-2,3.25,165.5,134.5,176.25,176.25,173.25
side-middle,0,-2,3.5,167.0,136.0,178.0,178.0,174.0
side-middle,0,-2,3.75,169.75,138.75,180.75,180.75,177.0
side-middle,0,-2,4.0,172.5,141.5,183.5,183.5,179.5
side-middle,0,-2,4.25,175.25,144.25,186.25,186.25,181.75
side-middle,0,-2,4.5,178.0,147.0,189.0,189.0,184.0
side-middle,0,-2,4.75,182.75,151.75,193.5,193.5,187.25
side-middle,0,-2,5.0,187.5,156.5,198.0,198.0,190.5
side-middle,0,-2,5.25,192.25,161.25,202.5,202.5,193.75
side-middle,0,-2,5.5,197.0,166.0,207.0,207.0,197.0
side-middle,0,-2,5.75,201.25,171.0,211.25,211.25,196.75
side-middle,0,-2,6.0,205.5,176.0,215.5,215.5,196.5
side-middle,0,-2,6.25,209.75,181.0,219.75,219.75,196.25
side-middle,0,-2,6.5,214.0,186.0,224.0,224.0,196.0
side-middle,0,-2,6.75,216.25,188.75,226.0,226.0,193.0
side-middle,0,-2,7.0,218.5,191.5,228.0,228.0,190.0
side-middle,0,-1,-7.0,109.0,86.5,119.0,119.0,106.0
side-middle,0,-1,-6.75,116.0,92.75,126.0,126.0,113.0
side-middle,0,-1,-6.5,123.0,99.0,133.0,133.0,120.0
side-middle,0,-1,-6.25,126.5,102.0,136.75,136.75,125.0
side-middle,0,-1,-6.0,130.0,105.0,140.5,140.5,130.0
side-middle,0,-1,-5.75,133.5,108.0,144.25,144.25,135.0
side-middle,0,-1,-5.5,137.0,111.0,148.0,148.0,140.0
side-middle,0,-1,-5.25,141.25,114.75,152.0,152.0,145.5
side-middle,0,-1,-5.0,145.5,118.5,156.0,156.0,151.0
side-middle,0,-1,-4.75,149.75,122.25,160.0,160.0,156.5
side-middle,0,-1,-4.5,154.0,126.0,164.0,164.0,162.0
side-middle,0,-1,-4.25,154.5,126.5,164.5,164.5,163.0
side-middle,0,-1,-4.0,155.0,127.0,165.0,165.0,165.0
side-middle,0,-1,-3.75,155.5,127.5,165.5,165.5,165.5
side-middle,0,-1,-3.5,156.0,128.0,166.0,166.0,167.0
side-middle,0,-1,-3.25,159.25,131.25,169.25,169.25,169.25
side-middle,0,-1,-3.0,162.5,134.5,172.5,172.5,172.5
side-middle,0,-1,-2.75,165.75,137.75,175.75,175.75,174.25
side-middle,0,-1,-2.5,169.0,141.0,179.0,179.0,177.0
side-middle,0,-1,-2.25,170.0,142.25,179.5,179.5,178.75
side-middle,0,-1,-2.0,171.0,143.5,180.0,180.0,180.0
side-middle,0,-1,-1.75,172.0,144.75,180.5,180.5,180.5
side-middle,0,-1,-1.5,173.0,146.0,181.0,181.0,181.0
side-middle,0,-1,-1.25,157.25,130.25,165.25,165.25,172.75
side-middle,0,-1,-1.0,141.5,114.5,149.5,149.5,159.5
side-middle,0,-1,-0.75,125.75,98.75,133.75,133.75,146.25
side-middle,0,-1,-0.5,110.0,83.0,118.0,118.0,133.0
side-middle,0,-1,-0.25,114.5,87.75,122.75,122.75,135.0
side-middle,0,-1,0.0,119.0,92.5,127.5,127.5,139.0
side-middle,0,-1,0.25,123.5,97.25,132.25,132.25,132.25
side-middle,0,-1,0.5,128.0,102.0,137.0,137.0,123.0
side-middle,0,-1,0.75,132.5,106.5,141.5,141.5,129.25
side-middle,0,-1,1.0,137.0,111.0,146.0,146.0,135.5
side-middle,0,-1,1.25,141.5,115.5,150.5,150.5,141.75
side-middle,0,-1,1.5,146.0,120.0,155.0,155.0,148.0
side-middle,0,-1,1.75,149.25,122.75,159.0,159.0,153.0
side-middle,0,-1,2.0,152.5,125.5,163.0,163.0,158.0
side-middle,0,-1,2.25,155.75,128.25,167.0,167.0,163.0
side-middle,0,-1,2.5,159.0,131.0,171.0,171.0,168.0
side-middle,0,-1,2.75,160.25,131.5,171.75,171.75,169.75
side-middle,0,-1,3.0,161.5,132.0,172.5,172.5,171.5
side-middle,0,-1,3.25,162.75,132.5,173.25,173.25,173.25
side-middle,0,-1,3.5,164.0,133.0,174.0,174.0,174.0
side-middle,0,-1,3.75,167.0,135.5,177.0,177.0,177.0
side-middle,0,-1,4.0,170.0,138.0,180.0,180.0,179.5
side-middle,0,-1,4.25,173.0,140.5,183.0,183.0,181.75
side-middle,0,-1,4.5,176.0,143.0,186.0,186.0,184.0
side-middle,0,-1,4.75,180.5,148.0,190.5,190.5,187.25
side-middle,0,-1,5.0,185.0,153.0,195.0,195.0,190.5
side-middle,0,-1,5.25,189.5,158.0,199.5,199.5,193.75
side-middle,0,-1,5.5,194.0,163.0,204.0,204.0,197.0
side-middle,0,-1,5.75,195.5,165.25,205.5,205.5,196.75
side-middle,0,-1,6.0,197.0,167.5,207.0,207.0,196.5
side-middle,0,-1,6.25,198.5,169.75,208.5,208.5,196.25
side-middle,0,-1,6.5,200.0,172.0,210.0,210.0,196.0
side-middle,0,-1,6.75,199.0,171.0,209.0,209.0,193.0
side-middle,0,-1,7.0,198.0,170.0,208.0,208.0,190.0
side-middle,0,0,-7.0,96.5,79.0,106.0,106.0,106.0
side-middle,0,0,-6.75,103.75,85.5,113.0,113.0,113.0
side-middle,0,0,-6.5,111.0,92.0,120.0,120.0,120.0
side-middle,0,0,-6.25,115.75,95.5,125.0,125.0,125.0
side-middle,0,0,-6.0,120.5,99.0,130.0,130.0,130.0
side-middle,0,0,-5.75,125.25,102.5,135.0,135.0,135.0
side-middle,0,0,-5.5,130.0,106.0,140.0,140.0,140.0
side-middle,0,0,-5.25,135.5,110.5,145.5,145.5,145.5
side-middle,0,0,-5.0,141.0,115.0,151.0,151.0,151.0
side-middle,0,0,-4.75,146.5,119.5,156.5,156.5,156.5
side-middle,0,0,-4.5,152.0,124.0,162.0,162.0,162.0
side-middle,0,0,-4.25,153.0,124.25,163.0,163.0,163.0
side-middle,0,0,-4.0,154.0,124.5,164.0,164.0,165.0
side-middle,0,0,-3.75,155.0,124.75,165.0,165.0,165.5
side-middle,0,0,-3.5,156.0,125.0,166.0,166.0,167.0
side-middle,0,0,-3.25,159.25,128.5,168.75,168.75,169.25
side-middle,0,0,-3.0,162.5,132.0,171.5,171.5,172.5
side-middle,0,0,-2.75,165.75,135.5,174.25,174.25,174.25
side-middle,0,0,-2.5,169.0,139.0,177.0,177.0,177.0
side-middle,0,0,-2.25,171.25,142.0,179.25,179.25,178.75
side-middle,0,0,-2.0,173.5,145.0,181.5,181.5,180.0
side-middle,0,0,-1.75,175.75,148.0,183.75,183.75,180.5
side-middle,0,0,-1.5,178.0,151.0,186.0,186.0,181.0
side-middle,0,0,-1.25,164.5,137.75,172.75,172.75,172.75
side-middle,0,0,-1.0,151.0,124.5,159.5,159.5,159.5
side-middle,0,0,-0.75,137.5,111.25,146.25,146.25,146.25
side-middle,0,0,-0.5,124.0,98.0,133.0,133.0,133.0
side-middle,0,0,-0.25,121.75,96.25,130.5,130.5,135.0
side-middle,0,0,0.0,119.5,94.5,128.0,128.0,139.0
side-middle,0,0,0.25,117.25,92.75,125.5,125.5,132.25
side-middle,0,0,0.5,115.0,91.0,123.0,123.0,123.0
side-middle,0,0,0.75,121.0,96.5,129.25,129.25,129.25
side-middle,0,0,1.0,127.0,102.0,135.5,135.5,135.5
side-middle,0,0,1.25,133.0,107.5,141.75,141.75,141.75
side-middle,0,0,1.5,139.0,113.0,148.0,148.0,148.0
side-middle,0,0,1.75,143.75,117.25,153.0,153.0,153.0
side-middle,0,0,2.0,148.5,121.5,158.0,158.0,158.0
side-middle,0,0,2.25,153.25,125.75,163.0,163.0,163.0
side-middle,0,0,2.5,158.0,130.0,168.0,168.0,168.0
side-middle,0,0,2.75,159.75,131.0,169.75,169.75,169.75
side-middle,0,0,3.0,161.5,132.0,171.5,171.5,171.5
side-middle,0,0,3.25,163.25,133.0,173.25,173.25,173.25
side-middle,0,0,3.5,165.0,134.0,175.0,175.0,174.0
side-middle,0,0,3.75,167.25,135.75,177.25,177.25,177.0
side-middle,0,0,4.0,169.5,137.5,179.5,179.5,179.5
side-middle,0,0,4.25,171.75,139.25,181.75,181.75,181.75
side-middle,0,0,4.5,174.0,141.0,184.0,184.0,184.0
side-middle,0,0,4.75,177.0,144.5,187.25,187.25,187.25
side-middle,0,0,5.0,180.0,148.0,190.5,190.5,190.5
side-middle,0,0,5.25,183.0,151.5,193.75,193.75,193.75
side-middle,0,0,5.5,186.0,155.0,197.0,197.0,197.0
side-middle,0,0,5.75,186.0,155.0,196.75,196.75,196.75
side-middle,0,0,6.0,186.0,155.0,196.5,196.5,196.5
side-middle,0,0,6.25,186.0,155.0,196.25,196.25,196.25
side-middle,0,0,6.5,186.0,155.0,196.0,196.0,196.0
side-middle,0,0,6.75,183.0,152.75,193.0,193.0,193.0
side-middle,0,0,7.0,180.0,150.5,190.0,190.0,190.0
side-middle,0,1,-7.0,87.0,73.0,92.5,92.5,106.0
side-middle,0,1,-6.75,89.5,75.0,95.25,95.25,113.0
side-middle,0,1,-6.5,92.0,77.0,98.0,98.0,120.0
side-middle,0,1,-6.25,98.0,81.0,104.0,104.0,125.0
side-middle,0,1,-6.0,104.0,85.0,110.0,110.0,130.0
side-middle,0,1,-5.75,110.0,89.0,116.0,116.0,135.0
side-middle,0,1,-5.5,116.0,93.0,122.0,122.0,140.0
side-middle,0,1,-5.25,124.5,100.25,131.5,131.5,145.5
side-middle,0,1,-5.0,133.0,107.5,141.0,141.0,151.0
side-middle,0,1,-4.75,141.5,114.75,150.5,150.5,156.5
side-middle,0,1,-4.5,150.0,122.0,160.0,160.0,162.0
side-middle,0,1,-4.25,152.5,123.75,162.5,162.5,163.0
side-middle,0,1,-4.0,155.0,125.5,165.0,165.0,165.0
side-middle,0,1,-3.75,157.5,127.25,167.5,167.5,165.5
side-middle,0,1,-3.5,160.0,129.0,170.0,170.0,167.0
side-middle,0,1,-3.25,161.25,130.25,171.25,171.25,169.25
side-middle,0,1,-3.0,162.5,131.5,172.5,172.5,172.5
side-middle,0,1,-2.75,163.75,132.75,173.75,173.75,174.25
side-middle,0,1,-2.5,165.0,134.0,175.0,175.0,177.0
side-middle,0,1,-2.25,167.75,137.5,177.75,177.75,178.75
side-middle,0,1,-2.0,170.5,141.0,180.5,180.5,180.0
side-middle,0,1,-1.75,173.25,144.5,183.25,183.25,180.5
side-middle,0,1,-1.5,176.0,148.0,186.0,186.0,181.0
side-middle,0,1,-1.25,170.75,143.25,180.5,180.5,172.75
side-middle,0,1,-1.0,165.5,138.5,175.0,175.0,159.5
side-middle,0,1,-0.75,160.25,133.75,169.5,169.5,146.25
side-middle,0,1,-0.5,155.0,129.0,164.0,164.0,133.0
side-middle,0,1,-0.25,142.75,118.0,152.0,152.0,135.0
side-middle,0,1,0.0,130.5,107.0,140.0,140.0,139.0
side-middle,0,1,0.25,118.25,96.0,128.0,128.0,132.25
side-middle,0,1,0.5,106.0,85.0,116.0,116.0,123.0
side-middle,0,1,0.75,111.75,90.0,121.25,121.25,129.25
side-middle,0,1,1.0,117.5,95.0,126.5,126.5,135.5
side-middle,0,1,1.25,123.25,100.0,131.75,131.75,141.75
side-middle,0,1,1.5,129.0,105.0,137.0,137.0,148.0
side-middle,0,1,1.75,134.5,109.5,143.0,143.0,153.0
side-middle,0,1,2.0,140.0,114.0,149.0,149.0,158.0
side-middle,0,1,2.25,145.5,118.5,155.0,155.0,163.0
side-middle,0,1,2.5,151.0,123.0,161.0,161.0,168.0
side-middle,0,1,2.75,154.25,125.5,164.25,164.25,169.75
side-middle,0,1,3.0,157.5,128.0,167.5,167.5,171.5
side-middle,0,1,3.25,160.75,130.5,170.75,170.75,173.25
side-middle,0,1,3.5,164.0,133.0,174.0,174.0,174.0
side-middle,0,1,3.75,166.25,134.75,176.25,176.25,177.0
side-middle,0,1,4.0,168.5,136.5,178.5,178.5,179.5
side-middle,0,1,4.25,170.75,138.25,180.75,180.75,181.75
side-middle,0,1,4.5,173.0,140.0,183.0,183.0,184.0
side-middle,0,1,4.75,174.75,141.75,184.75,184.75,187.25
side-middle,0,1,5.0,176.5,143.5,186.5,186.5,190.5
side-middle,0,1,5.25,178.25,145.25,188.25,188.25,193.75
side-middle,0,1,5.5,180.0,147.0,190.0,190.0,197.0
side-middle,0,1,5.75,179.0,146.5,189.0,189.0,196.75
side-middle,0,1,6.0,178.0,146.0,188.0,188.0,196.5
side-middle,0,1,6.25,177.0,145.5,187.0,187.0,196.25
side-middle,0,1,6.5,176.0,145.0,186.0,186.0,196.0
side-middle,0,1,6.75,173.75,142.75,183.75,183.75,193.0
side-middle,0,1,7.0,171.5,140.5,181.5,181.5,190.0
side-middle,0,2,-7.0,88.5,76.5,89.5,89.5,106.0
side-middle,0,2,-6.75,87.75,74.75,89.75,89.75,113.0
side-middle,0,2,-6.5,87.0,73.0,90.0,90.0,120.0
side-middle,0,2,-6.25,92.0,75.75,95.0,95.0,125.0
side-middle,0,2,-6.0,97.0,78.5,100.0,100.0,130.0
side-middle,0,2,-5.75,102.0,81.25,105.0,105.0,135.0
side-middle,0,2,-5.5,107.0,84.0,110.0,110.0,140.0
side-middle,0,2,-5.25,115.0,91.0,119.25,119.25,145.5
side-middle,0,2,-5.0,123.0,98.0,128.5,128.5,151.0
side-middle,0,2,-4.75,131.0,105.0,137.75,137.75,156.5
side-middle,0,2,-4.5,139.0,112.0,147.0,147.0,162.0
side-middle,0,2,-4.25,143.5,115.0,152.0,152.0,163.0
side-middle,0,2,-4.0,148.0,118.0,157.0,157.0,165.0
side-middle,0,2,-3.75,152.5,121.0,162.0,162.0,165.5
side-middle,0,2,-3.5,157.0,124.0,167.0,167.0,167.0
side-middle,0,2,-3.25,158.25,125.75,168.5,168.5,169.25
side-middle,0,2,-3.0,159.5,127.5,170.0,170.0,172.5
side-middle,0,2,-2.75,160.75,129.25,171.5,171.5,174.25
side-middle,0,2,-2.5,162.0,131.0,173.0,173.0,177.0
side-middle,0,2,-2.25,163.5,133.25,174.75,174.75,178.75
side-middle,0,2,-2.0,165.0,135.5,176.5,176.5,180.0
side-middle,0,2,-1.75,166.5,137.75,178.25,178.25,180.5
side-middle,0,2,-1.5,168.0,140.0,180.0,180.0,181.0
side-middle,0,2,-1.25,168.5,141.0,180.75,180.75,172.75
side-middle,0,2,-1.0,169.0,142.0,181.5,181.5,159.5
side-middle,0,2,-0.75,169.5,143.0,182.25,182.25,146.25
side-middle,0,2,-0.5,170.0,144.0,183.0,183.0,133.0
side-middle,0,2,-0.25,155.0,130.5,166.75,166.75,135.0
side-middle,0,2,0.0,140.0,117.0,150.5,150.5,139.0
side-middle,0,2,0.25,125.0,103.5,134.25,134.25,132.25
side-middle,0,2,0.5,110.0,90.0,118.0,118.0,123.0
side-middle,0,2,0.75,113.25,92.25,121.25,121.25,129.25
side-middle,0,2,1.0,116.5,94.5,124.5,124.5,135.5
side-middle,0,2,1.25,119.75,96.75,127.75,127.75,141.75
side-middle,0,2,1.5,123.0,99.0,131.0,131.0,148.0
side-middle,0,2,1.75,127.5,102.5,136.0,136.0,153.0
side-middle,0,2,2.0,132.0,106.0,141.0,141.0,158.0
side-middle,0,2,2.25,136.5,109.5,146.0,146.0,163.0
side-middle,0,2,2.5,141.0,113.0,151.0,151.0,168.0
side-middle,0,2,2.75,145.25,116.5,155.25,155.25,169.75
side-middle,0,2,3.0,149.5,120.0,159.5,159.5,171.5
side-middle,0,2,3.25,153.75,123.5,163.75,163.75,173.25
side-middle,0,2,3.5,158.0,127.0,168.0,168.0,174.0
side-middle,0,2,3.75,161.0,129.5,171.0,171.0,177.0
side-middle,0,2,4.0,164.0,132.0,174.0,174.0,179.5
side-middle,0,2,4.25,167.0,134.5,177.0,177.0,181.75
side-middle,0,2,4.5,170.0,137.0,180.0,180.0,184.0
side-middle,0,2,4.75,171.0,138.0,181.0,181.0,187.25
side-middle,0,2,5.0,172.0,139.0,182.0,182.0,190.5
side-middle,0,2,5.25,173.0,140.0,183.0,183.0,193.75
side-middle,0,2,5.5,174.0,141.0,184.0,184.0,197.0
side-middle,0,2,5.75,173.5,140.5,183.5,183.5,196.75
side-middle,0,2,6.0,173.0,140.0,183.0,183.0,196.5
side-middle,0,2,6.25,172.5,139.5,182.5,182.5,196.25
side-middle,0,2,6.5,172.0,139.0,182.0,182.0,196.0
side-middle,0,2,6.75,170.75,138.25,180.75,180.75,193.0
side-middle,0,2,7.0,169.5,137.5,179.5,179.5,190.0
side-lower,0,-2,-7.0,103.0,90.0,107.0,107.0,100.0
side-lower,0,-2,-6.75,110.75,96.0,115.5,115.5,101.0
side-lower,0,-2,-6.5,118.5,102.0,124.0,124.0,100.0
side-lower,0,-2,-6.25,126.25,108.0,132.5,132.5,99.75
side-lower,0,-2,-6.0,134.0,114.0,141.0,141.0,102.0
side-lower,0,-2,-5.75,137.5,115.75,144.75,144.75,105.0
side-lower,0,-2,-5.5,141.0,117.5,148.5,148.5,112.0
side-lower,0,-2,-5.25,144.5,119.25,152.25,152.25,119.0
side-lower,0,-2,-5.0,148.0,121.0,156.0,156.0,126.0
side-lower,0,-2,-4.75,152.25,123.0,160.25,160.25,129.75
side-lower,0,-2,-4.5,156.5,125.0,164.5,164.5,133.5
side-lower,0,-2,-4.25,160.75,127.0,168.75,168.75,137.25
side-lower,0,-2,-4.0,165.0,129.0,173.0,173.0,141.0
side-lower,0,-2,-3.75,165.0,128.5,173.25,173.25,143.25
side-lower,0,-2,-3.5,165.0,128.0,173.5,173.5,145.5
side-lower,0,-2,-3.25,165.0,127.5,173.75,173.75,147.75
side-lower,0,-2,-3.0,165.0,127.0,174.0,174.0,150.0
side-lower,0,-2,-2.75,164.0,128.75,171.75,171.75,153.5
side-lower,0,-2,-2.5,163.0,130.5,169.5,169.5,157.0
side-lower,0,-2,-2.25,162.0,132.25,167.25,167.25,160.5
side-lower,0,-2,-2.0,161.0,134.0,165.0,165.0,164.0
side-lower,0,-2,-1.75,146.5,119.5,150.5,150.5,153.75
side-lower,0,-2,-1.5,132.0,105.0,136.0,136.0,143.5
side-lower,0,-2,-1.25,117.5,90.5,121.5,121.5,137.25
side-lower,0,-2,-1.0,103.0,76.0,107.0,107.0,143.0
side-lower,0,-2,-0.75,107.75,80.75,111.75,111.75,139.75
side-lower,0,-2,-0.5,112.5,85.5,116.5,116.5,136.5
side-lower,0,-2,-0.25,117.25,90.25,121.25,121.25,125.25
side-lower,0,-2,0.0,122.0,95.0,126.0,126.0,126.0
side-lower,0,-2,0.25,127.5,100.5,132.0,132.0,119.75
side-lower,0,-2,0.5,133.0,106.0,138.0,138.0,116.0
side-lower,0,-2,0.75,138.5,111.5,144.0,144.0,111.0
side-lower,0,-2,1.0,144.0,117.0,150.0,150.0,110.0
side-lower,0,-2,1.25,145.75,118.75,152.25,152.25,119.0
side-lower,0,-2,1.5,147.5,120.5,154.5,154.5,128.0
side-lower,0,-2,1.75,149.25,122.25,156.75,156.75,137.0
side-lower,0,-2,2.0,151.0,124.0,159.0,159.0,146.0
side-lower,0,-2,2.25,155.25,127.5,163.25,163.25,149.25
side-lower,0,-2,2.5,159.5,131.0,167.5,167.5,152.5
side-lower,0,-2,2.75,163.75,134.5,171.75,171.75,155.75
side-lower,0,-2,3.0,168.0,138.0,176.0,176.0,159.0
side-lower,0,-2,3.25,166.25,135.75,174.5,174.5,160.25
side-lower,0,-2,3.5,164.5,133.5,173.0,173.0,164.5
side-lower,0,-2,3.75,162.75,131.25,171.5,171.5,168.75
side-lower,0,-2,4.0,161.0,129.0,170.0,170.0,169.0
side-lower,0,-2,4.25,163.0,130.75,172.25,172.25,171.0
side-lower,0,-2,4.5,165.0,132.5,174.5,174.5,173.0
side-lower,0,-2,4.75,167.0,134.25,176.75,176.75,174.5
side-lower,0,-2,5.0,169.0,136.0,179.0,179.0,175.0
side-lower,0,-2,5.25,167.25,136.25,176.5,176.5,170.25
side-lower,0,-2,5.5,165.5,136.5,174.0,174.0,170.0
side-lower,0,-2,5.75,163.75,136.75,171.5,171.5,171.5
side-lower,0,-2,6.0,162.0,137.0,169.0,169.0,169.0
side-lower,0,-2,6.25,158.75,131.0,166.0,166.0,166.0
side-lower,0,-2,6.5,155.5,125.0,163.0,163.0,171.0
side-lower,0,-2,6.75,152.25,119.0,160.0,160.0,175.25
side-lower,0,-2,7.0,149.0,113.0,157.0,157.0,179.0
side-lower,0,-1,-7.0,95.0,84.0,100.0,100.0,100.0
side-lower,0,-1,-6.75,100.5,87.75,105.75,105.75,101.0
side-lower,0,-1,-6.5,106.0,91.5,111.5,111.5,100.0
side-lower,0,-1,-6.25,111.5,95.25,117.25,117.25,99.75
side-lower,0,-1,-6.0,117.0,99.0,123.0,123.0,102.0
side-lower,0,-1,-5.75,121.0,101.25,126.75,126.75,105.0
side-lower,0,-1,-5.5,125.0,103.5,130.5,130.5,112.0
side-lower,0,-1,-5.25,129.0,105.75,134.25,134.25,119.0
side-lower,0,-1,-5.0,133.0,108.0,138.0,138.0,126.0
side-lower,0,-1,-4.75,135.5,110.0,141.25,141.25,129.75
side-lower,0,-1,-4.5,138.0,112.0,144.5,144.5,133.5
side-lower,0,-1,-4.25,140.5,114.0,147.75,147.75,137.25
side-lower,0,-1,-4.0,143.0,116.0,151.0,151.0,141.0
side-lower,0,-1,-3.75,149.5,121.5,158.0,158.0,143.25
side-lower,0,-1,-3.5,156.0,127.0,165.0,165.0,145.5
side-lower,0,-1,-3.25,162.5,132.5,172.0,172.0,147.75
side-lower,0,-1,-3.0,169.0,138.0,179.0,179.0,150.0
side-lower,0,-1,-2.75,166.25,136.75,175.5,175.5,153.5
side-lower,0,-1,-2.5,163.5,135.5,172.0,172.0,157.0
side-lower,0,-1,-2.25,160.75,134.25,168.5,168.5,160.5
side-lower,0,-1,-2.0,158.0,133.0,165.0,165.0,164.0
side-lower,0,-1,-1.75,147.25,122.25,154.25,154.25,153.75
side-lower,0,-1,-1.5,136.5,111.5,143.5,143.5,143.5
side-lower,0,-1,-1.25,125.75,100.75,132.75,132.75,137.25
side-lower,0,-1,-1.0,115.0,90.0,122.0,122.0,143.0
side-lower,0,-1,-0.75,111.5,86.5,118.5,118.5,139.75
side-lower,0,-1,-0.5,108.0,83.0,115.0,115.0,136.5
side-lower,0,-1,-0.25,104.5,79.5,111.5,111.5,125.25
side-lower,0,-1,0.0,101.0,76.0,108.0,108.0,126.0
side-lower,0,-1,0.25,107.0,81.5,114.25,114.25,119.75
side-lower,0,-1,0.5,113.0,87.0,120.5,120.5,116.0
side-lower,0,-1,0.75,119.0,92.5,126.75,126.75,111.0
side-lower,0,-1,1.0,125.0,98.0,133.0,133.0,110.0
side-lower,0,-1,1.25,133.25,106.25,141.25,141.25,119.0
side-lower,0,-1,1.5,141.5,114.5,149.5,149.5,128.0
side-lower,0,-1,1.75,149.75,122.75,157.75,157.75,137.0
side-lower,0,-1,2.0,158.0,131.0,166.0,166.0,146.0
side-lower,0,-1,2.25,160.5,132.75,168.5,168.5,149.25
side-lower,0,-1,2.5,163.0,134.5,171.0,171.0,152.5
side-lower,0,-1,2.75,165.5,136.25,173.5,173.5,155.75
side-lower,0,-1,3.0,168.0,138.0,176.0,176.0,159.0
side-lower,0,-1,3.25,166.0,135.5,174.25,174.25,160.25
side-lower,0,-1,3.5,164.0,133.0,172.5,172.5,164.5
side-lower,0,-1,3.75,162.0,130.5,170.75,170.75,168.75
side-lower,0,-1,4.0,160.0,128.0,169.0,169.0,169.0
side-lower,0,-1,4.25,161.75,129.5,171.0,171.0,171.0
side-lower,0,-1,4.5,163.5,131.0,173.0,173.0,173.0
side-lower,0,-1,4.75,165.25,132.5,175.0,175.0,174.5
side-lower,0,-1,5.0,167.0,134.0,177.0,177.0,175.0
side-lower,0,-1,5.25,160.5,129.25,170.25,170.25,170.25
side-lower,0,-1,5.5,154.0,124.5,163.5,163.5,170.0
side-lower,0,-1,5.75,147.5,119.75,156.75,156.75,171.5
side-lower,0,-1,6.0,141.0,115.0,150.0,150.0,169.0
side-lower,0,-1,6.25,148.0,120.25,157.25,157.25,166.0
side-lower,0,-1,6.5,155.0,125.5,164.5,164.5,171.0
side-lower,0,-1,6.75,162.0,130.75,171.75,171.75,175.25
side-lower,0,-1,7.0,169.0,136.0,179.0,179.0,179.0
side-lower,0,0,-7.0,99.0,91.0,102.0,102.0,100.0
side-lower,0,0,-6.75,97.75,88.5,101.0,101.0,101.0
side-lower,0,0,-6.5,96.5,86.0,100.0,100.0,100.0
side-lower,0,0,-6.25,95.25,83.5,99.0,99.0,99.75
side-lower,0,0,-6.0,94.0,81.0,98.0,98.0,102.0
side-lower,0,0,-5.75,101.0,86.75,105.0,105.0,105.0
side-lower,0,0,-5.5,108.0,92.5,112.0,112.0,112.0
side-lower,0,0,-5.25,115.0,98.25,119.0,119.0,119.0
side-lower,0,0,-5.0,122.0,104.0,126.0,126.0,126.0
side-lower,0,0,-4.75,125.0,106.5,129.75,129.75,129.75
side-lower,0,0,-4.5,128.0,109.0,133.5,133.5,133.5
side-lower,0,0,-4.25,131.0,111.5,137.25,137.25,137.25
side-lower,0,0,-4.0,134.0,114.0,141.0,141.0,141.0
side-lower,0,0,-3.75,136.0,116.0,143.25,143.25,143.25
side-lower,0,0,-3.5,138.0,118.0,145.5,145.5,145.5
side-lower,0,0,-3.25,140.0,120.0,147.75,147.75,147.75
side-lower,0,0,-3.0,142.0,122.0,150.0,150.0,150.0
side-lower,0,0,-2.75,145.0,124.0,153.5,153.5,153.5
side-lower,0,0,-2.5,148.0,126.0,157.0,157.0,157.0
side-lower,0,0,-2.25,151.0,128.0,160.5,160.5,160.5
side-lower,0,0,-2.0,154.0,130.0,164.0,164.0,164.0
side-lower,0,0,-1.75,153.0,128.5,162.75,162.75,153.75
side-lower,0,0,-1.5,152.0,127.0,161.5,161.5,143.5
side-lower,0,0,-1.25,151.0,125.5,160.25,160.25,137.25
side-lower,0,0,-1.0,150.0,124.0,159.0,159.0,143.0
side-lower,0,0,-0.75,138.75,112.75,147.75,147.75,139.75
side-lower,0,0,-0.5,127.5,101.5,136.5,136.5,136.5
side-lower,0,0,-0.25,116.25,90.25,125.25,125.25,125.25
side-lower,0,0,0.0,105.0,79.0,114.0,114.0,126.0
side-lower,0,0,0.25,103.75,77.25,113.0,113.0,119.75
side-lower,0,0,0.5,102.5,75.5,112.0,112.0,116.0
side-lower,0,0,0.75,101.25,73.75,111.0,111.0,111.0
side-lower,0,0,1.0,100.0,72.0,110.0,110.0,110.0
side-lower,0,0,1.25,109.5,81.0,119.0,119.0,119.0
side-lower,0,0,1.5,119.0,90.0,128.0,128.0,128.0
side-lower,0,0,1.75,128.5,99.0,137.0,137.0,137.0
side-lower,0,0,2.0,138.0,108.0,146.0,146.0,146.0
side-lower,0,0,2.25,140.75,110.5,149.25,149.25,149.25
side-lower,0,0,2.5,143.5,113.0,152.5,152.5,152.5
side-lower,0,0,2.75,146.25,115.5,155.75,155.75,155.75
side-lower,0,0,3.0,149.0,118.0,159.0,159.0,159.0
side-lower,0,0,3.25,149.5,118.25,159.25,159.25,160.25
side-lower,0,0,3.5,150.0,118.5,159.5,159.5,164.5
side-lower,0,0,3.75,150.5,118.75,159.75,159.75,168.75
side-lower,0,0,4.0,151.0,119.0,160.0,160.0,169.0
side-lower,0,0,4.25,152.25,120.25,161.25,161.25,171.0
side-lower,0,0,4.5,153.5,121.5,162.5,162.5,173.0
side-lower,0,0,4.75,154.75,122.75,163.75,163.75,174.5
side-lower,0,0,5.0,156.0,124.0,165.0,165.0,175.0
side-lower,0,0,5.25,154.25,123.25,164.0,164.0,170.25
side-lower,0,0,5.5,152.5,122.5,163.0,163.0,170.0
side-lower,0,0,5.75,150.75,121.75,162.0,162.0,171.5
side-lower,0,0,6.0,149.0,121.0,161.0,161.0,169.0
side-lower,0,0,6.25,154.25,125.5,166.0,166.0,166.0
side-lower,0,0,6.5,159.5,130.0,171.0,171.0,171.0
side-lower,0,0,6.75,164.75,134.5,176.0,176.0,175.25
side-lower,0,0,7.0,170.0,139.0,181.0,181.0,179.0
side-lower,0,1,-7.0,91.0,86.0,93.0,93.0,100.0
side-lower,0,1,-6.75,93.0,87.25,95.25,95.25,101.0
side-lower,0,1,-6.5,95.0,88.5,97.5,97.5,100.0
side-lower,0,1,-6.25,97.0,89.75,99.75,99.75,99.75
side-lower,0,1,-6.0,99.0,91.0,102.0,102.0,102.0
side-lower,0,1,-5.75,96.75,88.0,99.75,99.75,105.0
side-lower,0,1,-5.5,94.5,85.0,97.5,97.5,112.0
side-lower,0,1,-5.25,92.25,82.0,95.25,95.25,119.0
side-lower,0,1,-5.0,90.0,79.0,93.0,93.0,126.0
side-lower,0,1,-4.75,93.0,82.0,96.5,96.5,129.75
side-lower,0,1,-4.5,96.0,85.0,100.0,100.0,133.5
side-lower,0,1,-4.25,99.0,88.0,103.5,103.5,137.25
side-lower,0,1,-4.0,102.0,91.0,107.0,107.0,141.0
side-lower,0,1,-3.75,110.75,99.25,115.75,115.75,143.25
side-lower,0,1,-3.5,119.5,107.5,124.5,124.5,145.5
side-lower,0,1,-3.25,128.25,115.75,133.25,133.25,147.75
side-lower,0,1,-3.0,137.0,124.0,142.0,142.0,150.0
side-lower,0,1,-2.75,136.75,121.75,143.0,143.0,153.5
side-lower,0,1,-2.5,136.5,119.5,144.0,144.0,157.0
side-lower,0,1,-2.25,136.25,117.25,145.0,145.0,160.5
side-lower,0,1,-2.0,136.0,115.0,146.0,146.0,164.0
side-lower,0,1,-1.75,143.75,122.0,153.75,153.75,153.75
side-lower,0,1,-1.5,151.5,129.0,161.5,161.5,143.5
side-lower,0,1,-1.25,159.25,136.0,169.25,169.25,137.25
side-lower,0,1,-1.0,167.0,143.0,177.0,177.0,143.0
side-lower,0,1,-0.75,157.0,132.5,167.25,167.25,139.75
side-lower,0,1,-0.5,147.0,122.0,157.5,157.5,136.5
side-lower,0,1,-0.25,137.0,111.5,147.75,147.75,125.25
side-lower,0,1,0.0,127.0,101.0,138.0,138.0,126.0
side-lower,0,1,0.25,115.75,89.25,127.0,127.0,119.75
side-lower,0,1,0.5,104.5,77.5,116.0,116.0,116.0
side-lower,0,1,0.75,93.25,65.75,105.0,105.0,111.0
side-lower,0,1,1.0,82.0,54.0,94.0,94.0,110.0
side-lower,0,1,1.25,86.75,58.0,98.25,98.25,119.0
side-lower,0,1,1.5,91.5,62.0,102.5,102.5,128.0
side-lower,0,1,1.75,96.25,66.0,106.75,106.75,137.0
side-lower,0,1,2.0,101.0,70.0,111.0,111.0,146.0
side-lower,0,1,2.25,108.75,77.75,118.75,118.75,149.25
side-lower,0,1,2.5,116.5,85.5,126.5,126.5,152.5
side-lower,0,1,2.75,124.25,93.25,134.25,134.25,155.75
side-lower,0,1,3.0,132.0,101.0,142.0,142.0,159.0
side-lower,0,1,3.25,135.75,104.75,145.75,145.75,160.25
side-lower,0,1,3.5,139.5,108.5,149.5,149.5,164.5
side-lower,0,1,3.75,143.25,112.25,153.25,153.25,168.75
side-lower,0,1,4.0,147.0,116.0,157.0,157.0,169.0
side-lower,0,1,4.25,148.5,117.75,158.0,158.0,171.0
side-lower,0,1,4.5,150.0,119.5,159.0,159.0,173.0
side-lower,0,1,4.75,151.5,121.25,160.0,160.0,174.5
side-lower,0,1,5.0,153.0,123.0,161.0,161.0,175.0
side-lower,0,1,5.25,156.25,126.75,165.5,165.5,170.25
side-lower,0,1,5.5,159.5,130.5,170.0,170.0,170.0
side-lower,0,1,5.75,162.75,134.25,174.5,174.5,171.5
side-lower,0,1,6.0,166.0,138.0,179.0,179.0,169.0
side-lower,0,1,6.25,165.0,137.0,177.75,177.75,166.0
side-lower,0,1,6.5,164.0,136.0,176.5,176.5,171.0
side-lower,0,1,6.75,163.0,135.0,175.25,175.25,175.25
side-lower,0,1,7.0,162.0,134.0,174.0,174.0,179.0
side-lower,0,2,-7.0,94.0,92.0,97.0,97.0,100.0
side-lower,0,2,-6.75,92.25,89.5,95.0,95.0,101.0
side-lower,0,2,-6.5,90.5,87.0,93.0,93.0,100.0
side-lower,0,2,-6.25,88.75,84.5,91.0,91.0,99.75
side-lower,0,2,-6.0,87.0,82.0,89.0,89.0,102.0
side-lower,0,2,-5.75,88.25,83.0,90.75,90.75,105.0
side-lower,0,2,-5.5,89.5,84.0,92.5,92.5,112.0
side-lower,0,2,-5.25,90.75,85.0,94.25,94.25,119.0
side-lower,0,2,-5.0,92.0,86.0,96.0,96.0,126.0
side-lower,0,2,-4.75,95.0,89.0,99.0,99.0,129.75
side-lower,0,2,-4.5,98.0,92.0,102.0,102.0,133.5
side-lower,0,2,-4.25,101.0,95.0,105.0,105.0,137.25
side-lower,0,2,-4.0,104.0,98.0,108.0,108.0,141.0
side-lower,0,2,-3.75,99.75,93.25,104.0,104.0,143.25
side-lower,0,2,-3.5,95.5,88.5,100.0,100.0,145.5
side-lower,0,2,-3.25,91.25,83.75,96.0,96.0,147.75
side-lower,0,2,-3.0,87.0,79.0,92.0,92.0,150.0
side-lower,0,2,-2.75,92.75,82.75,99.0,99.0,153.5
side-lower,0,2,-2.5,98.5,86.5,106.0,106.0,157.0
side-lower,0,2,-2.25,104.25,90.25,113.0,113.0,160.5
side-lower,0,2,-2.0,110.0,94.0,120.0,120.0,164.0
side-lower,0,2,-1.75,116.0,99.25,125.75,125.75,153.75
side-lower,0,2,-1.5,122.0,104.5,131.5,131.5,143.5
side-lower,0,2,-1.25,128.0,109.75,137.25,137.25,137.25
side-lower,0,2,-1.0,134.0,115.0,143.0,143.0,143.0
side-lower,0,2,-0.75,130.5,110.25,139.75,139.75,139.75
side-lower,0,2,-0.5,127.0,105.5,136.5,136.5,136.5
side-lower,0,2,-0.25,123.5,100.75,133.25,133.25,125.25
side-lower,0,2,0.0,120.0,96.0,130.0,130.0,126.0
side-lower,0,2,0.25,109.75,84.75,119.75,119.75,119.75
side-lower,0,2,0.5,99.5,73.5,109.5,109.5,116.0
side-lower,0,2,0.75,89.25,62.25,99.25,99.25,111.0
side-lower,0,2,1.0,79.0,51.0,89.0,89.0,110.0
side-lower,0,2,1.25,83.75,54.75,93.5,93.5,119.0
side-lower,0,2,1.5,88.5,58.5,98.0,98.0,128.0
side-lower,0,2,1.75,93.25,62.25,102.5,102.5,137.0
side-lower,0,2,2.0,98.0,66.0,107.0,107.0,146.0
side-lower,0,2,2.25,110.25,78.25,119.25,119.25,149.25
side-lower,0,2,2.5,122.5,90.5,131.5,131.5,152.5
side-lower,0,2,2.75,134.75,102.75,143.75,143.75,155.75
side-lower,0,2,3.0,147.0,115.0,156.0,156.0,159.0
side-lower,0,2,3.25,151.0,119.25,160.25,160.25,160.25
side-lower,0,2,3.5,155.0,123.5,164.5,164.5,164.5
side-lower,0,2,3.75,159.0,127.75,168.75,168.75,168.75
side-lower,0,2,4.0,163.0,132.0,173.0,173.0,169.0
side-lower,0,2,4.25,164.0,133.25,173.5,173.5,171.0
side-lower,0,2,4.5,165.0,134.5,174.0,174.0,173.0
side-lower,0,2,4.75,166.0,135.75,174.5,174.5,174.5
side-lower,0,2,5.0,167.0,137.0,175.0,175.0,175.0
side-lower,0,2,5.25,166.75,136.5,176.0,176.0,170.25
side-lower,0,2,5.5,166.5,136.0,177.0,177.0,170.0
side-lower,0,2,5.75,166.25,135.5,178.0,178.0,171.5
side-lower,0,2,6.0,166.0,135.0,179.0,179.0,169.0
side-lower,0,2,6.25,167.5,138.25,179.75,179.75,166.0
side-lower,0,2,6.5,169.0,141.5,180.5,180.5,171.0
side-lower,0,2,6.75,170.5,144.75,181.25,181.25,175.25
side-lower,0,2,7.0,172.0,148.0,182.0,182.0,179.0
lower-neck,0,-2,-7.0,167.0,136.0,178.0,178.0,177.0
lower-neck,0,-2,-6.75,167.5,136.0,178.25,178.25,175.25
lower-neck,0,-2,-6.5,168.0,136.0,178.5,178.5,173.5
lower-neck,0,-2,-6.25,168.5,136.0,178.75,178.75,171.75
lower-neck,0,-2,-6.0,169.0,136.0,179.0,179.0,170.0
lower-neck,0,-2,-5.75,168.5,135.5,178.5,178.5,169.75
lower-neck,0,-2,-5.5,168.0,135.0,178.0,178.0,169.5
lower-neck,0,-2,-5.25,167.5,134.5,177.5,177.5,169.25
lower-neck,0,-2,-5.0,167.0,134.0,177.0,177.0,169.0
lower-neck,0,-2,-4.75,164.25,131.5,174.0,174.0,166.75
lower-neck,0,-2,-4.5,161.5,129.0,171.0,171.0,164.5
lower-neck,0,-2,-4.25,158.75,126.5,168.0,168.0,162.25
lower-neck,0,-2,-4.0,156.0,124.0,165.0,165.0,159.0
lower-neck,0,-2,-3.75,155.25,123.75,164.0,164.0,154.75
lower-neck,0,-2,-3.5,154.5,123.5,163.0,163.0,150.5
lower-neck,0,-2,-3.25,153.75,123.25,162.0,162.0,146.25
lower-neck,0,-2,-3.0,153.0,123.0,161.0,161.0,142.0
lower-neck,0,-2,-2.75,156.5,126.5,164.5,164.5,145.5
lower-neck,0,-2,-2.5,160.0,130.0,168.0,168.0,149.0
lower-neck,0,-2,-2.25,163.5,133.5,171.5,171.5,152.5
lower-neck,0,-2,-2.0,167.0,137.0,175.0,175.0,156.0
lower-neck,0,-2,-1.75,168.0,138.5,176.5,176.5,161.75
lower-neck,0,-2,-1.5,169.0,140.0,178.0,178.0,167.5
lower-neck,0,-2,-1.25,170.0,141.5,179.5,179.5,173.25
lower-neck,0,-2,-1.0,171.0,143.0,181.0,181.0,179.0
lower-neck,0,-2,-0.75,169.25,141.25,179.75,179.75,178.0
lower-neck,0,-2,-0.5,167.5,139.5,178.5,178.5,177.0
lower-neck,0,-2,-0.25,165.75,137.75,177.25,177.25,176.0
lower-neck,0,-2,0.0,164.0,136.0,176.0,176.0,175.0
lower-neck,0,-2,0.25,163.0,135.0,175.0,175.0,170.25
lower-neck,0,-2,0.5,162.0,134.0,174.0,174.0,165.5
lower-neck,0,-2,0.75,161.0,133.0,173.0,173.0,162.0
lower-neck,0,-2,1.0,160.0,132.0,172.0,172.0,162.0
lower-neck,0,-2,1.25,160.5,132.0,171.5,171.5,162.75
lower-neck,0,-2,1.5,161.0,132.0,171.0,171.0,163.5
lower-neck,0,-2,1.75,161.5,132.0,170.5,170.5,164.25
lower-neck,0,-2,2.0,162.0,132.0,170.0,170.0,165.0
lower-neck,0,-2,2.25,162.75,132.75,170.75,170.75,162.5
lower-neck,0,-2,2.5,163.5,133.5,171.5,171.5,160.0
lower-neck,0,-2,2.75,164.25,134.25,172.25,172.25,157.5
lower-neck,0,-2,3.0,165.0,135.0,173.0,173.0,155.0
lower-neck,0,-2,3.25,164.75,134.75,172.75,172.75,154.25
lower-neck,0,-2,3.5,164.5,134.5,172.5,172.5,154.0
lower-neck,0,-2,3.75,164.25,134.25,172.25,172.25,155.0
lower-neck,0,-2,4.0,164.0,134.0,172.0,172.0,156.0
lower-neck,0,-2,4.25,165.75,135.75,173.25,173.25,156.75
lower-neck,0,-2,4.5,167.5,137.5,174.5,174.5,157.5
lower-neck,0,-2,4.75,169.25,139.25,175.75,175.75,158.25
lower-neck,0,-2,5.0,171.0,141.0,177.0,177.0,159.0
lower-neck,0,-2,5.25,169.5,139.5,175.5,175.5,158.25
lower-neck,0,-2,5.5,168.0,138.0,174.0,174.0,157.5
lower-neck,0,-2,5.75,166.5,136.5,172.5,172.5,156.75
lower-neck,0,-2,6.0,165.0,135.0,171.0,171.0,156.0
lower-neck,0,-2,6.25,166.75,137.5,173.25,173.25,155.75
lower-neck,0,-2,6.5,168.5,140.0,175.5,175.5,155.5
lower-neck,0,-2,6.75,170.25,142.5,177.75,177.75,155.25
lower-neck,0,-2,7.0,172.0,145.0,180.0,180.0,155.0
lower-neck,0,-1,-7.0,167.0,134.0,177.0,177.0,177.0
lower-neck,0,-1,-6.75,165.5,132.75,175.25,175.25,175.25
lower-neck,0,-1,-6.5,164.0,131.5,173.5,173.5,173.5
lower-neck,0,-1,-6.25,162.5,130.25,171.75,171.75,171.75
lower-neck,0,-1,-6.0,161.0,129.0,170.0,170.0,170.0
lower-neck,0,-1,-5.75,160.75,128.75,169.75,169.75,169.75
lower-neck,0,-1,-5.5,160.5,128.5,169.5,169.5,169.5
lower-neck,0,-1,-5.25,160.25,128.25,169.25,169.25,169.25
lower-neck,0,-1,-5.0,160.0,128.0,169.0,169.0,169.0
lower-neck,0,-1,-4.75,157.75,125.75,166.75,166.75,166.75
lower-neck,0,-1,-4.5,155.5,123.5,164.5,164.5,164.5
lower-neck,0,-1,-4.25,153.25,121.25,162.25,162.25,162.25
lower-neck,0,-1,-4.0,151.0,119.0,160.0,160.0,159.0
lower-neck,0,-1,-3.75,150.0,118.25,159.25,159.25,154.75
lower-neck,0,-1,-3.5,149.0,117.5,158.5,158.5,150.5
lower-neck,0,-1,-3.25,148.0,116.75,157.75,157.75,146.25
lower-neck,0,-1,-3.0,147.0,116.0,157.0,157.0,142.0
lower-neck,0,-1,-2.75,151.0,120.0,161.0,161.0,145.5
lower-neck,0,-1,-2.5,155.0,124.0,165.0,165.0,149.0
lower-neck,0,-1,-2.25,159.0,128.0,169.0,169.0,152.5
lower-neck,0,-1,-2.0,163.0,132.0,173.0,173.0,156.0
lower-neck,0,-1,-1.75,165.5,134.5,175.5,175.5,161.75
lower-neck,0,-1,-1.5,168.0,137.0,178.0,178.0,167.5
lower-neck,0,-1,-1.25,170.5,139.5,180.5,180.5,173.25
lower-neck,0,-1,-1.0,173.0,142.0,183.0,183.0,179.0
lower-neck,0,-1,-0.75,171.0,140.0,181.0,181.0,178.0
lower-neck,0,-1,-0.5,169.0,138.0,179.0,179.0,177.0
lower-neck,0,-1,-0.25,167.0,136.0,177.0,177.0,176.0
lower-neck,0,-1,0.0,165.0,134.0,175.0,175.0,175.0
lower-neck,0,-1,0.25,162.75,131.75,172.75,172.75,170.25
lower-neck,0,-1,0.5,160.5,129.5,170.5,170.5,165.5
lower-neck,0,-1,0.75,158.25,127.25,168.25,168.25,162.0
lower-neck,0,-1,1.0,156.0,125.0,166.0,166.0,162.0
lower-neck,0,-1,1.25,156.75,126.0,166.25,166.25,162.75
lower-neck,0,-1,1.5,157.5,127.0,166.5,166.5,163.5
lower-neck,0,-1,1.75,158.25,128.0,166.75,166.75,164.25
lower-neck,0,-1,2.0,159.0,129.0,167.0,167.0,165.0
lower-neck,0,-1,2.25,159.5,129.5,167.5,167.5,162.5
lower-neck,0,-1,2.5,160.0,130.0,168.0,168.0,160.0
lower-neck,0,-1,2.75,160.5,130.5,168.5,168.5,157.5
lower-neck,0,-1,3.0,161.0,131.0,169.0,169.0,155.0
lower-neck,0,-1,3.25,161.25,131.25,169.25,169.25,154.25
lower-neck,0,-1,3.5,161.5,131.5,169.5,169.5,154.0
lower-neck,0,-1,3.75,161.75,131.75,169.75,169.75,155.0
lower-neck,0,-1,4.0,162.0,132.0,170.0,170.0,156.0
lower-neck,0,-1,4.25,162.5,132.5,170.5,170.5,156.75
lower-neck,0,-1,4.5,163.0,133.0,171.0,171.0,157.5
lower-neck,0,-1,4.75,163.5,133.5,171.5,171.5,158.25
lower-neck,0,-1,5.0,164.0,134.0,172.0,172.0,159.0
lower-neck,0,-1,5.25,161.5,132.0,170.0,170.0,158.25
lower-neck,0,-1,5.5,159.0,130.0,168.0,168.0,157.5
lower-neck,0,-1,5.75,156.5,128.0,166.0,166.0,156.75
lower-neck,0,-1,6.0,154.0,126.0,164.0,164.0,156.0
lower-neck,0,-1,6.25,155.0,127.25,164.5,164.5,155.75
lower-neck,0,-1,6.5,156.0,128.5,165.0,165.0,155.5
lower-neck,0,-1,6.75,157.0,129.75,165.5,165.5,155.25
lower-neck,0,-1,7.0,158.0,131.0,166.0,166.0,155.0
lower-neck,0,0,-7.0,169.0,136.0,179.0,179.0,177.0
lower-neck,0,0,-6.75,168.75,136.5,178.25,178.25,175.25
lower-neck,0,0,-6.5,168.5,137.0,177.5,177.5,173.5
lower-neck,0,0,-6.25,168.25,137.5,176.75,176.75,171.75
lower-neck,0,0,-6.0,168.0,138.0,176.0,176.0,170.0
lower-neck,0,0,-5.75,168.0,138.0,176.0,176.0,169.75
lower-neck,0,0,-5.5,168.0,138.0,176.0,176.0,169.5
lower-neck,0,0,-5.25,168.0,138.0,176.0,176.0,169.25
lower-neck,0,0,-5.0,168.0,138.0,176.0,176.0,169.0
lower-neck,0,0,-4.75,163.25,133.0,171.75,171.75,166.75
lower-neck,0,0,-4.5,158.5,128.0,167.5,167.5,164.5
lower-neck,0,0,-4.25,153.75,123.0,163.25,163.25,162.25
lower-neck,0,0,-4.0,149.0,118.0,159.0,159.0,159.0
lower-neck,0,0,-3.75,144.75,113.75,154.75,154.75,154.75
lower-neck,0,0,-3.5,140.5,109.5,150.5,150.5,150.5
lower-neck,0,0,-3.25,136.25,105.25,146.25,146.25,146.25
lower-neck,0,0,-3.0,132.0,101.0,142.0,142.0,142.0
lower-neck,0,0,-2.75,135.75,104.5,145.5,145.5,145.5
lower-neck,0,0,-2.5,139.5,108.0,149.0,149.0,149.0
lower-neck,0,0,-2.25,143.25,111.5,152.5,152.5,152.5
lower-neck,0,0,-2.0,147.0,115.0,156.0,156.0,156.0
lower-neck,0,0,-1.75,152.75,120.75,161.75,161.75,161.75
lower-neck,0,0,-1.5,158.5,126.5,167.5,167.5,167.5
lower-neck,0,0,-1.25,164.25,132.25,173.25,173.25,173.25
lower-neck,0,0,-1.0,170.0,138.0,179.0,179.0,179.0
lower-neck,0,0,-0.75,169.0,137.0,178.0,178.0,178.0
lower-neck,0,0,-0.5,168.0,136.0,177.0,177.0,177.0
lower-neck,0,0,-0.25,167.0,135.0,176.0,176.0,176.0
lower-neck,0,0,0.0,166.0,134.0,175.0,175.0,175.0
lower-neck,0,0,0.25,161.25,129.25,170.25,170.25,170.25
lower-neck,0,0,0.5,156.5,124.5,165.5,165.5,165.5
lower-neck,0,0,0.75,151.75,119.75,160.75,160.75,162.0
lower-neck,0,0,1.0,147.0,115.0,156.0,156.0,162.0
lower-neck,0,0,1.25,146.5,114.75,155.75,155.75,162.75
lower-neck,0,0,1.5,146.0,114.5,155.5,155.5,163.5
lower-neck,0,0,1.75,145.5,114.25,155.25,155.25,164.25
lower-neck,0,0,2.0,145.0,114.0,155.0,155.0,165.0
lower-neck,0,0,2.25,144.75,114.0,154.25,154.25,162.5
lower-neck,0,0,2.5,144.5,114.0,153.5,153.5,160.0
lower-neck,0,0,2.75,144.25,114.0,152.75,152.75,157.5
lower-neck,0,0,3.0,144.0,114.0,152.0,152.0,155.0
lower-neck,0,0,3.25,144.5,115.0,153.0,153.0,154.25
lower-neck,0,0,3.5,145.0,116.0,154.0,154.0,154.0
lower-neck,0,0,3.75,145.5,117.0,155.0,155.0,155.0
lower-neck,0,0,4.0,146.0,118.0,156.0,156.0,156.0
lower-neck,0,0,4.25,146.75,118.75,156.75,156.75,156.75
lower-neck,0,0,4.5,147.5,119.5,157.5,157.5,157.5
lower-neck,0,0,4.75,148.25,120.25,158.25,158.25,158.25
lower-neck,0,0,5.0,149.0,121.0,159.0,159.0,159.0
lower-neck,0,0,5.25,148.75,121.0,158.25,158.25,158.25
lower-neck,0,0,5.5,148.5,121.0,157.5,157.5,157.5
lower-neck,0,0,5.75,148.25,121.0,156.75,156.75,156.75
lower-neck,0,0,6.0,148.0,121.0,156.0,156.0,156.0
lower-neck,0,0,6.25,147.5,120.75,155.75,155.75,155.75
lower-neck,0,0,6.5,147.0,120.5,155.5,155.5,155.5
lower-neck,0,0,6.75,146.5,120.25,155.25,155.25,155.25
lower-neck,0,0,7.0,146.0,120.0,155.0,155.0,155.0
lower-neck,0,1,-7.0,166.0,133.0,176.0,176.0,177.0
lower-neck,0,1,-6.75,162.25,130.75,171.75,171.75,175.25
lower-neck,0,1,-6.5,158.5,128.5,167.5,167.5,173.5
lower-neck,0,1,-6.25,154.75,126.25,163.25,163.25,171.75
lower-neck,0,1,-6.0,151.0,124.0,159.0,159.0,170.0
lower-neck,0,1,-5.75,152.75,125.75,160.75,160.75,169.75
lower-neck,0,1,-5.5,154.5,127.5,162.5,162.5,169.5
lower-neck,0,1,-5.25,156.25,129.25,164.25,164.25,169.25
lower-neck,0,1,-5.0,158.0,131.0,166.0,166.0,169.0
lower-neck,0,1,-4.75,153.0,125.25,161.0,161.0,166.75
lower-neck,0,1,-4.5,148.0,119.5,156.0,156.0,164.5
lower-neck,0,1,-4.25,143.0,113.75,151.0,151.0,162.25
lower-neck,0,1,-4.0,138.0,108.0,146.0,146.0,159.0
lower-neck,0,1,-3.75,128.75,98.5,137.25,137.25,154.75
lower-neck,0,1,-3.5,119.5,89.0,128.5,128.5,150.5
lower-neck,0,1,-3.25,110.25,79.5,119.75,119.75,146.25
lower-neck,0,1,-3.0,101.0,70.0,111.0,111.0,142.0
lower-neck,0,1,-2.75,100.25,69.0,110.0,110.0,145.5
lower-neck,0,1,-2.5,99.5,68.0,109.0,109.0,149.0
lower-neck,0,1,-2.25,98.75,67.0,108.0,108.0,152.5
lower-neck,0,1,-2.0,98.0,66.0,107.0,107.0,156.0
lower-neck,0,1,-1.75,105.75,73.75,114.75,114.75,161.75
lower-neck,0,1,-1.5,113.5,81.5,122.5,122.5,167.5
lower-neck,0,1,-1.25,121.25,89.25,130.25,130.25,173.25
lower-neck,0,1,-1.0,129.0,97.0,138.0,138.0,179.0
lower-neck,0,1,-0.75,135.0,103.0,144.0,144.0,178.0
lower-neck,0,1,-0.5,141.0,109.0,150.0,150.0,177.0
lower-neck,0,1,-0.25,147.0,115.0,156.0,156.0,176.0
lower-neck,0,1,0.0,153.0,121.0,162.0,162.0,175.0
lower-neck,0,1,0.25,153.5,121.5,162.0,162.0,170.25
lower-neck,0,1,0.5,154.0,122.0,162.0,162.0,165.5
lower-neck,0,1,0.75,154.5,122.5,162.0,162.0,162.0
lower-neck,0,1,1.0,155.0,123.0,162.0,162.0,162.0
lower-neck,0,1,1.25,155.0,124.0,162.75,162.75,162.75
lower-neck,0,1,1.5,155.0,125.0,163.5,163.5,163.5
lower-neck,0,1,1.75,155.0,126.0,164.25,164.25,164.25
lower-neck,0,1,2.0,155.0,127.0,165.0,165.0,165.0
lower-neck,0,1,2.25,152.5,124.5,162.5,162.5,162.5
lower-neck,0,1,2.5,150.0,122.0,160.0,160.0,160.0
lower-neck,0,1,2.75,147.5,119.5,157.5,157.5,157.5
lower-neck,0,1,3.0,145.0,117.0,155.0,155.0,155.0
lower-neck,0,1,3.25,144.5,117.0,154.25,154.25,154.25
lower-neck,0,1,3.5,144.0,117.0,153.5,153.5,154.0
lower-neck,0,1,3.75,143.5,117.0,152.75,152.75,155.0
lower-neck,0,1,4.0,143.0,117.0,152.0,152.0,156.0
lower-neck,0,1,4.25,141.25,115.25,150.25,150.25,156.75
lower-neck,0,1,4.5,139.5,113.5,148.5,148.5,157.5
lower-neck,0,1,4.75,137.75,111.75,146.75,146.75,158.25
lower-neck,0,1,5.0,136.0,110.0,145.0,145.0,159.0
lower-neck,0,1,5.25,135.75,110.25,144.5,144.5,158.25
lower-neck,0,1,5.5,135.5,110.5,144.0,144.0,157.5
lower-neck,0,1,5.75,135.25,110.75,143.5,143.5,156.75
lower-neck,0,1,6.0,135.0,111.0,143.0,143.0,156.0
lower-neck,0,1,6.25,133.25,109.25,141.25,141.25,155.75
lower-neck,0,1,6.5,131.5,107.5,139.5,139.5,155.5
lower-neck,0,1,6.75,129.75,105.75,137.75,137.75,155.25
lower-neck,0,1,7.0,128.0,104.0,136.0,136.0,155.0
lower-neck,0,2,-7.0,153.0,122.0,163.0,163.0,177.0
lower-neck,0,2,-6.75,150.75,120.75,159.75,159.75,175.25
lower-neck,0,2,-6.5,148.5,119.5,156.5,156.5,173.5
lower-neck,0,2,-6.25,146.25,118.25,153.25,153.25,171.75
lower-neck,0,2,-6.0,144.0,117.0,150.0,150.0,170.0
lower-neck,0,2,-5.75,139.25,112.25,145.75,145.75,169.75
lower-neck,0,2,-5.5,134.5,107.5,141.5,141.5,169.5
lower-neck,0,2,-5.25,129.75,102.75,137.25,137.25,169.25
lower-neck,0,2,-5.0,125.0,98.0,133.0,133.0,169.0
lower-neck,0,2,-4.75,118.75,91.5,127.25,127.25,166.75
lower-neck,0,2,-4.5,112.5,85.0,121.5,121.5,164.5
lower-neck,0,2,-4.25,106.25,78.5,115.75,115.75,162.25
lower-neck,0,2,-4.0,100.0,72.0,110.0,110.0,159.0
lower-neck,0,2,-3.75,95.5,67.5,106.0,106.0,154.75
lower-neck,0,2,-3.5,91.0,63.0,102.0,102.0,150.5
lower-neck,0,2,-3.25,86.5,58.5,98.0,98.0,146.25
lower-neck,0,2,-3.0,82.0,54.0,94.0,94.0,142.0
lower-neck,0,2,-2.75,81.25,53.25,92.75,92.75,145.5
lower-neck,0,2,-2.5,80.5,52.5,91.5,91.5,149.0
lower-neck,0,2,-2.25,79.75,51.75,90.25,90.25,152.5
lower-neck,0,2,-2.0,79.0,51.0,89.0,89.0,156.0
lower-neck,0,2,-1.75,82.5,54.0,91.5,91.5,161.75
lower-neck,0,2,-1.5,86.0,57.0,94.0,94.0,167.5
lower-neck,0,2,-1.25,89.5,60.0,96.5,96.5,173.25
lower-neck,0,2,-1.0,93.0,63.0,99.0,99.0,179.0
lower-neck,0,2,-0.75,96.5,66.5,102.0,102.0,178.0
lower-neck,0,2,-0.5,100.0,70.0,105.0,105.0,177.0
lower-neck,0,2,-0.25,103.5,73.5,108.0,108.0,176.0
lower-neck,0,2,0.0,107.0,77.0,111.0,111.0,175.0
lower-neck,0,2,0.25,108.5,78.75,112.0,112.0,170.25
lower-neck,0,2,0.5,110.0,80.5,113.0,113.0,165.5
lower-neck,0,2,0.75,111.5,82.25,114.0,114.0,162.0
lower-neck,0,2,1.0,113.0,84.0,115.0,115.0,162.0
lower-neck,0,2,1.25,116.5,88.5,119.75,119.75,162.75
lower-neck,0,2,1.5,120.0,93.0,124.5,124.5,163.5
lower-neck,0,2,1.75,123.5,97.5,129.25,129.25,164.25
lower-neck,0,2,2.0,127.0,102.0,134.0,134.0,165.0
lower-neck,0,2,2.25,125.5,101.0,132.25,132.25,162.5
lower-neck,0,2,2.5,124.0,100.0,130.5,130.5,160.0
lower-neck,0,2,2.75,122.5,99.0,128.75,128.75,157.5
lower-neck,0,2,3.0,121.0,98.0,127.0,127.0,155.0
lower-neck,0,2,3.25,123.25,100.25,129.25,129.25,154.25
lower-neck,0,2,3.5,125.5,102.5,131.5,131.5,154.0
lower-neck,0,2,3.75,127.75,104.75,133.75,133.75,155.0
lower-neck,0,2,4.0,130.0,107.0,136.0,136.0,156.0
lower-neck,0,2,4.25,127.5,105.25,133.75,133.75,156.75
lower-neck,0,2,4.5,125.0,103.5,131.5,131.5,157.5
lower-neck,0,2,4.75,122.5,101.75,129.25,129.25,158.25
lower-neck,0,2,5.0,120.0,100.0,127.0,127.0,159.0
lower-neck,0,2,5.25,121.0,101.5,127.75,127.75,158.25
lower-neck,0,2,5.5,122.0,103.0,128.5,128.5,157.5
lower-neck,0,2,5.75,123.0,104.5,129.25,129.25,156.75
lower-neck,0,2,6.0,124.0,106.0,130.0,130.0,156.0
lower-neck,0,2,6.25,119.0,101.75,125.5,125.5,155.75
lower-neck,0,2,6.5,114.0,97.5,121.0,121.0,155.5
lower-neck,0,2,6.75,109.0,93.25,116.5,116.5,155.25
lower-neck,0,2,7.0,104.0,89.0,112.0,112.0,155.0
side-upper,0.8,-2,-7.0,156.93538845059737,123.66740023511662,167.8831280659649,167.8831280659649,159.55507263171856
side-upper,0.8,-2,-6.75,156.55207705347544,122.91203833842313,167.29866879760291,167.29866879760291,161.0986231457716
side-upper,0.8,-2,-6.5,156.1687656563535,122.15667644172963,166.71420952924092,166.71420952924092,162.6421736598246
side-upper,0.8,-2,-6.25,155.78545425923153,121.40131454503614,166.12975026087895,166.12975026087895,164.18572417387765
side-upper,0.8,-2,-6.0,155.4021428621096,120.64595264834264,165.54529099251695,165.54529099251695,165.54529099251695
side-upper,0.8,-2,-5.75,156.55048164909027,121.82610631052789,166.63264067955777,166.63264067955777,166.3012701939689
side-upper,0.8,-2,-5.5,157.69882043607097,123.00625997271314,167.7199903665986,167.7199903665986,166.87326570000712
side-upper,0.8,-2,-5.25,158.84715922305168,124.18641363489839,168.80734005363942,168.80734005363942,167.44526120604536
side-upper,0.8,-2,-5.0,159.99549801003235,125.36656729708363,169.89468974068023,169.89468974068023,168.01725671208357
side-upper,0.8,-2,-4.75,163.00134648028006,128.42141747245168,172.93191547026078,172.93191547026078,168.57414234780066
side-upper,0.8,-2,-4.5,166.00719495052778,131.47626764781972,175.9691411998413,175.9691411998413,169.13102798351775
side-upper,0.8,-2,-4.25,169.0130434207755,134.53111782318774,179.0063669294218,179.0063669294218,169.68791361923485
side-upper,0.8,-2,-4.0,172.0188918910232,137.5859679985558,182.04359265900234,182.04359265900234,170.24479925495194
side-upper,0.8,-2,-3.75,173.05130599899883,138.6336590240604,183.15686537464612,183.15686537464612,170.830197885042
side-upper,0.8,-2,-3.5,174.08372010697445,139.68135004956503,184.2701380902899,184.2701380902899,171.41559651513205
side-upper,0.8,-2,-3.25,175.11613421495008,140.72904107506963,185.38341080593364,185.38341080593364,172.00099514522208
side-upper,0.8,-2,-3.0,176.1485483229257,141.77673210057424,186.4966835215774,186.4966835215774,172.58639377531216
side-upper,0.8,-2,-2.75,176.1477216692173,141.81124081649202,186.59113655264935,186.59113655264935,173.4866391243171
side-upper,0.8,-2,-2.5,176.14689501550896,141.8457495324098,186.6855895837213,186.6855895837213,174.38688447332208
side-upper,0.8,-2,-2.25,176.1460683618006,141.88025824832755,186.78004261479325,186.78004261479325,175.28712982232707
side-upper,0.8,-2,-2.0,176.1452417080922,141.91476696424533,186.87449564586518,186.87449564586518,176.78262554014978
side-upper,0.8,-2,-1.75,175.63339774992158,141.47820745101473,186.49604485964414,186.49604485964414,176.11000972707203
side-upper,0.8,-2,-1.5,175.12155379175098,141.0416479377841,186.1175940734231,186.1175940734231,176.03264428281204
side-upper,0.8,-2,-1.25,174.60970983358038,140.6050884245535,185.73914328720207,185.73914328720207,175.95527883855203
side-upper,0.8,-2,-1.0,174.09786587540978,140.16852891132288,185.36069250098103,185.36069250098103,175.87791339429205
side-upper,0.8,-2,-0.75,171.7659109278377,137.69032125520133,183.08373160614278,183.08373160614278,173.81933603411608
side-upper,0.8,-2,-0.5,169.43395598026558,135.21211359907977,180.80677071130452,180.80677071130452,171.76075867394007
side-upper,0.8,-2,-0.25,167.1020010326935,132.73390594295822,178.52980981646627,178.52980981646627,169.70218131376407
side-upper,0.8,-2,0.0,164.7700460851214,130.25569828683666,176.25284892162801,176.25284892162801,167.64360395358807
side-upper,0.8,-2,0.25,163.87540528225526,128.96590239791269,175.35590878613124,175.35590878613124,167.95352763960992
side-upper,0.8,-2,0.5,162.98076447938914,127.67610650898871,174.4589686506345,174.4589686506345,168.26345132563176
side-upper,0.8,-2,0.75,162.08612367652302,126.38631062006473,173.5620285151377,173.5620285151377,168.57337501165364
side-upper,0.8,-2,1.0,161.19148287365687,125.09651473114076,172.66508837964096,172.66508837964096,168.88329869767549
side-upper,0.8,-2,1.25,162.53349154754892,126.31502291710775,174.0060890544824,174.0060890544824,169.97095723515167
side-upper,0.8,-2,1.5,163.875500221441,127.53353110307475,175.3470897293239,175.3470897293239,171.0586157726279
side-upper,0.8,-2,1.75,165.21750889533308,128.75203928904176,176.6880904041654,176.6880904041654,172.14627431010408
side-upper,0.8,-2,2.0,166.55951756922514,129.97054747500874,178.02909107900683,178.02909107900683,173.23393284758026
side-upper,0.8,-2,2.25,168.00593411966315,131.53545238269413,179.48510508611903,179.48510508611903,173.58614572298194
side-upper,0.8,-2,2.5,169.4523506701012,133.10035729037952,180.9411190932312,180.9411190932312,173.93835859838362
side-upper,0.8,-2,2.75,170.89876722053924,134.6652621980649,182.3971331003434,182.3971331003434,174.29057147378526
side-upper,0.8,-2,3.0,172.34518377097726,136.2301671057503,183.85314710745558,183.85314710745558,174.64278434918694
side-upper,0.8,-2,3.25,172.98840529088613,136.97156260031025,184.52534980825078,184.52534980825078,175.3788206983591
side-upper,0.8,-2,3.5,173.631626810795,137.7129580948702,185.19755250904598,185.19755250904598,176.30850155430136
side-upper,0.8,-2,3.75,174.2748483307039,138.45435358943013,185.86975520984114,185.86975520984114,178.80230532226986
side-upper,0.8,-2,4.0,174.91806985061277,139.19574908399008,186.54195791063634,186.54195791063634,180.37685952819194
side-upper,0.8,-2,4.25,175.38461725784498,139.74817255710067,187.0356675735633,187.0356675735633,181.24204596005023
side-upper,0.8,-2,4.5,175.85116466507714,140.3005960302113,187.52937723649026,187.52937723649026,183.21934539929612
side-upper,0.8,-2,4.75,176.31771207230935,140.8530195033219,188.02308689941722,188.02308689941722,185.196644838542
side-upper,0.8,-2,5.0,176.78425947954153,141.40544297643248,188.51679656234418,188.51679656234418,187.17394427778788
side-upper,0.8,-2,5.25,177.70886656356814,142.34160249824043,189.39819824794398,189.39819824794398,189.3243448890813
side-upper,0.8,-2,5.5,178.63347364759477,143.27776202004839,190.27959993354375,190.27959993354375,190.27959993354375
side-upper,0.8,-2,5.75,179.55808073162137,144.21392154185634,191.16100161914355,191.16100161914355,191.16100161914355
side-upper,0.8,-2,6.0,180.48268781564798,145.1500810636643,192.04240330474335,192.04240330474335,192.04240330474335
side-upper,0.8,-2,6.25,181.88081392438013,146.521257792043,193.41351444414494,193.41351444414494,195.41895504892477
side-upper,0.8,-2,6.5,183.2789400331123,147.89243452042174,194.78462558354659,194.78462558354659,199.06941069546002
side-upper,0.8,-2,6.75,184.67706614184448,149.2636112488005,196.15573672294823,196.15573672294823,202.71986634199527
side-upper,0.8,-2,7.0,186.07519225057663,150.6347879771792,197.52684786234983,197.52684786234983,206.37032198853052
side-upper,0.8,-1,-7.0,155.0816075718306,121.48799454992852,167.11712533017237,167.11712533017237,159.55507263171856
side-upper,0.8,-1,-6.75,155.54660480518916,121.71930334789923,167.4122668038103,167.4122668038103,161.0986231457716
side-upper,0.8,-1,-6.5,156.01160203854772,121.95061214586994,167.70740827744822,167.70740827744822,162.6421736598246
side-upper,0.8,-1,-6.25,156.47659927190628,122.18192094384065,168.00254975108615,168.00254975108615,164.18572417387765
side-upper,0.8,-1,-6.0,156.94159650526484,122.41322974181136,168.29769122472408,168.29769122472408,165.54529099251695
side-upper,0.8,-1,-5.75,157.78110746012152,123.3521879106546,168.87634398293505,168.87634398293505,166.3012701939689
side-upper,0.8,-1,-5.5,158.6206184149782,124.29114607949786,169.45499674114603,169.45499674114603,166.87326570000712
side-upper,0.8,-1,-5.25,159.46012936983487,125.23010424834112,170.033649499357,170.033649499357,167.44526120604536
side-upper,0.8,-1,-5.0,160.29964032469158,126.16906241718436,170.612302257568,170.612302257568,168.01725671208357
side-upper,0.8,-1,-4.75,162.13761106512962,128.21716231212056,172.2938078428288,172.2938078428288,168.57414234780066
side-upper,0.8,-1,-4.5,163.97558180556769,130.26526220705676,173.97531342808963,173.97531342808963,169.13102798351775
side-upper,0.8,-1,-4.25,165.81355254600572,132.31336210199296,175.65681901335046,175.65681901335046,169.68791361923485
side-upper,0.8,-1,-4.0,167.65152328644376,134.36146199692917,177.33832459861128,177.33832459861128,170.24479925495194
side-upper,0.8,-1,-3.75,168.3567478247332,135.15142545666893,178.0491149864809,178.0491149864809,170.830197885042
side-upper,0.8,-1,-3.5,169.06197236302265,135.9413889164087,178.75990537435055,178.75990537435055,171.41559651513205
side-upper,0.8,-1,-3.25,169.7671969013121,136.7313523761485,179.4706957622202,179.4706957622202,172.00099514522208
side-upper,0.8,-1,-3.0,170.47242143960153,137.52131583588826,180.18148615008982,180.18148615008982,172.58639377531216
side-upper,0.8,-1,-2.75,170.68673980110054,137.74812433421448,180.5578315328355,180.5578315328355,173.4866391243171
side-upper,0.8,-1,-2.5,170.90105816259955,137.97493283254073,180.93417691558116,180.93417691558116,174.38688447332208
side-upper,0.8,-1,-2.25,171.11537652409856,138.20174133086695,181.31052229832682,181.31052229832682,175.28712982232707
side-upper,0.8,-1,-2.0,171.32969488559758,138.42854982919317,181.6868676810725,181.6868676810725,176.78262554014978
side-upper,0.8,-1,-1.75,170.78875719364964,137.92803489820875,181.4103962329086,181.4103962329086,176.11000972707203
side-upper,0.8,-1,-1.5,170.2478195017017,137.42751996722433,181.1339247847447,181.1339247847447,176.03264428281204
side-upper,0.8,-1,-1.25,169.70688180975378,136.9270050362399,180.8574533365808,180.8574533365808,175.95527883855203
side-upper,0.8,-1,-1.0,169.16594411780585,136.42649010525548,180.5809818884169,180.5809818884169,175.87791339429205
side-upper,0.8,-1,-0.75,166.84853995998012,133.9195567612388,178.3699176462768,178.3699176462768,173.81933603411608
side-upper,0.8,-1,-0.5,164.53113580215438,131.41262341722208,176.15885340413672,176.15885340413672,171.76075867394007
side-upper,0.8,-1,-0.25,162.21373164432865,128.9056900732054,173.94778916199664,173.94778916199664,169.70218131376407
side-upper,0.8,-1,0.0,159.8963274865029,126.39875672918869,171.73672491985656,171.73672491985656,167.64360395358807
side-upper,0.8,-1,0.25,159.93628407696008,125.96518811320101,171.68827265014556,171.68827265014556,167.95352763960992
side-upper,0.8,-1,0.5,159.97624066741722,125.53161949721331,171.63982038043457,171.63982038043457,168.26345132563176
side-upper,0.8,-1,0.75,160.01619725787435,125.09805088122563,171.5913681107236,171.5913681107236,168.57337501165364
side-upper,0.8,-1,1.0,160.05615384833152,124.66448226523795,171.54291584101261,171.54291584101261,168.88329869767549
side-upper,0.8,-1,1.25,161.60269149414012,126.05592994368332,172.99269446861473,172.99269446861473,169.97095723515167
side-upper,0.8,-1,1.5,163.14922913994874,127.4473776221287,174.44247309621687,174.44247309621687,171.0586157726279
side-upper,0.8,-1,1.75,164.69576678575737,128.83882530057406,175.892251723819,175.892251723819,172.14627431010408
side-upper,0.8,-1,2.0,166.24230443156597,130.23027297901945,177.3420303514211,177.3420303514211,173.23393284758026
side-upper,0.8,-1,2.25,166.94484489106145,131.06694790918965,177.94878399453165,177.94878399453165,173.58614572298194
side-upper,0.8,-1,2.5,167.64738535055693,131.90362283935985,178.55553763764215,178.55553763764215,173.93835859838362
side-upper,0.8,-1,2.75,168.3499258100524,132.74029776953003,179.16229128075264,179.16229128075264,174.29057147378526
side-upper,0.8,-1,3.0,169.0524662695479,133.57697269970024,179.7690449238632,179.7690449238632,174.64278434918694
side-upper,0.8,-1,3.25,169.19689752470606,133.90320325372628,179.92099857494537,179.92099857494537,175.3788206983591
side-upper,0.8,-1,3.5,169.34132877986423,134.22943380775234,180.07295222602755,180.07295222602755,176.30850155430136
side-upper,0.8,-1,3.75,169.4857600350224,134.5556643617784,180.22490587710973,180.22490587710973,178.80230532226986
side-upper,0.8,-1,4.0,169.6301912901806,134.88189491580445,180.37685952819194,180.37685952819194,180.37685952819194
side-upper,0.8,-1,4.25,170.41580223502018,135.9232502355277,181.225533922535,181.225533922535,181.24204596005023
side-upper,0.8,-1,4.5,171.20141317985974,136.9646055552509,182.07420831687807,182.07420831687807,183.21934539929612
side-upper,0.8,-1,4.75,171.98702412469936,138.00596087497414,182.92288271122115,182.92288271122115,185.196644838542
side-upper,0.8,-1,5.0,172.77263506953892,139.04731619469737,183.7715571055642,183.7715571055642,187.17394427778788
side-upper,0.8,-1,5.25,174.6433166067174,141.0405103905411,185.57325723651272,185.57325723651272,189.3243448890813
side-upper,0.8,-1,5.5,176.5139981438959,143.03370458638483,187.3749573674612,187.3749573674612,190.27959993354375
side-upper,0.8,-1,5.75,178.38467968107437,145.02689878222859,189.17665749840972,189.17665749840972,191.16100161914355
side-upper,0.8,-1,6.0,180.25536121825283,147.0200929780723,190.97835762935824,190.97835762935824,192.04240330474335
side-upper,0.8,-1,6.25,183.08205490782728,149.94507220270384,193.74643700494227,193.74643700494227,195.41895504892477
side-upper,0.8,-1,6.5,185.9087485974017,152.87005142733534,196.51451638052626,196.51451638052626,199.06941069546002
side-upper,0.8,-1,6.75,188.73544228697617,155.79503065196684,199.28259575611025,199.28259575611025,202.71986634199527
side-upper,0.8,-1,7.0,191.56213597655062,158.72000987659834,202.05067513169428,202.05067513169428,206.37032198853052
side-upper,0.8,0,-7.0,147.28080830783497,115.90141495928381,159.55507263171856,159.55507263171856,159.55507263171856
side-upper,0.8,0,-6.75,148.88631313952038,117.57389767486046,161.0986231457716,161.0986231457716,161.0986231457716
side-upper,0.8,0,-6.5,150.49181797120576,119.2463803904371,162.6421736598246,162.6421736598246,162.6421736598246
side-upper,0.8,0,-6.25,152.09732280289117,120.91886310601373,164.18572417387765,164.18572417387765,164.18572417387765
side-upper,0.8,0,-6.0,153.70282763457658,122.59134582159038,165.72927468793068,165.72927468793068,165.54529099251695
side-upper,0.8,0,-5.75,154.6732854456157,123.64540159169249,166.3012701939689,166.3012701939689,166.3012701939689
side-upper,0.8,0,-5.5,155.6437432566548,124.6994573617946,166.87326570000712,166.87326570000712,166.87326570000712
side-upper,0.8,0,-5.25,156.6142010676939,125.7535131318967,167.44526120604536,167.44526120604536,167.44526120604536
side-upper,0.8,0,-5.0,157.58465887873302,126.8075689019988,168.01725671208357,168.01725671208357,168.01725671208357
side-upper,0.8,0,-4.75,158.480346310688,127.82226744817802,168.57414234780066,168.57414234780066,168.57414234780066
side-upper,0.8,0,-4.5,159.37603374264296,128.83696599435726,169.13102798351775,169.13102798351775,169.13102798351775
side-upper,0.8,0,-4.25,160.27172117459793,129.85166454053646,169.68791361923485,169.68791361923485,169.68791361923485
side-upper,0.8,0,-4.0,161.16740860655293,130.8663630867157,170.24479925495194,170.24479925495194,170.24479925495194
side-upper,0.8,0,-3.75,161.76803004137713,131.47802968970834,170.830197885042,170.830197885042,170.830197885042
side-upper,0.8,0,-3.5,162.36865147620134,132.08969629270098,171.41559651513205,171.41559651513205,171.41559651513205
side-upper,0.8,0,-3.25,162.96927291102554,132.7013628956936,172.00099514522208,172.00099514522208,172.00099514522208
side-upper,0.8,0,-3.0,163.56989434584975,133.31302949868623,172.58639377531216,172.58639377531216,172.58639377531216
side-upper,0.8,0,-2.75,164.1905063091633,133.84427378055213,173.4866391243171,173.4866391243171,173.4866391243171
side-upper,0.8,0,-2.5,164.8111182724769,134.375518062418,174.38688447332208,174.38688447332208,174.38688447332208
side-upper,0.8,0,-2.25,165.43173023579047,134.90676234428386,175.28712982232707,175.28712982232707,175.28712982232707
side-upper,0.8,0,-2.0,166.05234219910403,135.43800662614976,176.187375171332,176.187375171332,176.78262554014978
side-upper,0.8,0,-1.75,165.61025000231655,134.920504616195,176.11000972707203,176.11000972707203,176.11000972707203
side-upper,0.8,0,-1.5,165.16815780552903,134.40300260624025,176.03264428281204,176.03264428281204,176.03264428281204
side-upper,0.8,0,-1.25,164.72606560874152,133.8855005962855,175.95527883855203,175.95527883855203,175.95527883855203
side-upper,0.8,0,-1.0,164.28397341195404,133.36799858633074,175.87791339429205,175.87791339429205,175.87791339429205
side-upper,0.8,0,-0.75,162.09435580511408,130.90525299957284,173.81933603411608,173.81933603411608,173.81933603411608
side-upper,0.8,0,-0.5,159.90473819827412,128.4425074128149,171.76075867394007,171.76075867394007,171.76075867394007
side-upper,0.8,0,-0.25,157.71512059143416,125.97976182605697,169.70218131376407,169.70218131376407,169.70218131376407
side-upper,0.8,0,0.0,155.5255029845942,123.51701623929904,167.64360395358807,167.64360395358807,167.64360395358807
side-upper,0.8,0,0.25,156.08503037329024,123.55273608931823,167.95352763960992,167.95352763960992,167.95352763960992
side-upper,0.8,0,0.5,156.64455776198628,123.58845593933742,168.26345132563176,168.26345132563176,168.26345132563176
side-upper,0.8,0,0.75,157.20408515068232,123.62417578935661,168.57337501165364,168.57337501165364,168.57337501165364
side-upper,0.8,0,1.0,157.76361253937836,123.6598956393758,168.88329869767549,168.88329869767549,168.88329869767549
side-upper,0.8,0,1.25,159.02343745132384,124.768603050282,169.97095723515167,169.97095723515167,169.97095723515167
side-upper,0.8,0,1.5,160.2832623632693,125.87731046118819,171.0586157726279,171.0586157726279,171.0586157726279
side-upper,0.8,0,1.75,161.54308727521476,126.98601787209438,172.14627431010408,172.14627431010408,172.14627431010408
side-upper,0.8,0,2.0,162.80291218716025,128.09472528300057,173.23393284758026,173.23393284758026,173.23393284758026
side-upper,0.8,0,2.25,163.22162952229854,128.7074315496675,173.58614572298194,173.58614572298194,173.58614572298194
side-upper,0.8,0,2.5,163.64034685743684,129.3201378163344,173.93835859838362,173.93835859838362,173.93835859838362
side-upper,0.8,0,2.75,164.05906419257514,129.93284408300136,174.29057147378526,174.29057147378526,174.29057147378526
side-upper,0.8,0,3.0,164.47778152771343,130.54555034966828,174.64278434918694,174.64278434918694,174.64278434918694
side-upper,0.8,0,3.25,165.2151084861776,131.52058329278606,175.3788206983591,175.3788206983591,175.3788206983591
side-upper,0.8,0,3.5,165.9524354446418,132.4956162359038,176.1148570475313,176.1148570475313,176.30850155430136
side-upper,0.8,0,3.75,166.689762403106,133.47064917902156,176.85089339670347,176.85089339670347,178.80230532226986
side-upper,0.8,0,4.0,167.42708936157015,134.44568212213935,177.58692974587564,177.58692974587564,180.37685952819194
side-upper,0.8,0,4.25,168.85813931551132,136.16683649381451,179.04852070268714,179.04852070268714,181.24204596005023
side-upper,0.8,0,4.5,170.28918926945252,137.8879908654897,180.51011165949865,180.51011165949865,183.21934539929612
side-upper,0.8,0,4.75,171.72023922339372,139.60914523716488,181.97170261631015,181.97170261631015,185.196644838542
side-upper,0.8,0,5.0,173.1512891773349,141.33029960884005,183.43329357312166,183.43329357312166,187.17394427778788
side-upper,0.8,0,5.25,175.26747791443802,143.6544946232737,185.5170950304386,185.5170950304386,189.3243448890813
side-upper,0.8,0,5.5,177.38366665154112,145.97868963770733,187.6008964877556,187.6008964877556,190.27959993354375
side-upper,0.8,0,5.75,179.49985538864425,148.30288465214096,189.68469794507254,189.68469794507254,191.16100161914355
side-upper,0.8,0,6.0,181.61604412574735,150.62707966657462,191.76849940238952,191.76849940238952,192.04240330474335
side-upper,0.8,0,6.25,185.35016223179153,154.59051041211688,195.41895504892477,195.41895504892477,195.41895504892477
side-upper,0.8,0,6.5,189.08428033783568,158.55394115765918,199.06941069546002,199.06941069546002,199.06941069546002
side-upper,0.8,0,6.75,192.81839844387986,162.51737190320148,202.71986634199527,202.71986634199527,202.71986634199527
side-upper,0.8,0,7.0,196.552516549924,166.48080264874375,206.37032198853052,206.37032198853052,206.37032198853052
side-upper,0.8,1,-7.0,144.01540422494202,114.77291688442946,155.58499564110673,155.58499564110673,159.55507263171856
side-upper,0.8,1,-6.75,145.66609259589603,116.74428033728603,157.30919892419735,157.30919892419735,161.0986231457716
side-upper,0.8,1,-6.5,147.31678096685008,118.71564379014262,159.03340220728793,159.03340220728793,162.6421736598246
side-upper,0.8,1,-6.25,148.96746933780412,120.68700724299921,160.75760549037852,160.75760549037852,164.18572417387765
side-upper,0.8,1,-6.0,150.61815770875813,122.65837069585578,162.48180877346914,162.48180877346914,165.54529099251695
side-upper,0.8,1,-5.75,151.29985376790492,123.44355785809601,162.85886951516994,162.85886951516994,166.3012701939689
side-upper,0.8,1,-5.5,151.9815498270517,124.22874502033622,163.23593025687074,163.23593025687074,166.87326570000712
side-upper,0.8,1,-5.25,152.6632458861985,125.01393218257644,163.61299099857155,163.61299099857155,167.44526120604536
side-upper,0.8,1,-5.0,153.34494194534528,125.79911934481667,163.99005174027235,163.99005174027235,168.01725671208357
side-upper,0.8,1,-4.75,153.83903969750622,126.29054659261526,164.16254710304193,164.16254710304193,168.57414234780066
side-upper,0.8,1,-4.5,154.33313744966716,126.78197384041384,164.3350424658115,164.3350424658115,169.13102798351775
side-upper,0.8,1,-4.25,154.8272352018281,127.27340108821242,164.5075378285811,164.5075378285811,169.68791361923485
side-upper,0.8,1,-4.0,155.32133295398907,127.764828336011,164.68003319135067,164.68003319135067,170.24479925495194
side-upper,0.8,1,-3.75,156.60160185886218,128.96567899430286,165.94902502260425,165.94902502260425,170.830197885042
side-upper,0.8,1,-3.5,157.88187076373532,130.1665296525947,167.21801685385785,167.21801685385785,171.41559651513205
side-upper,0.8,1,-3.25,159.16213966860843,131.36738031088655,168.48700868511145,168.48700868511145,172.00099514522208
side-upper,0.8,1,-3.0,160.44240857348154,132.56823096917842,169.75600051636502,169.75600051636502,172.58639377531216
side-upper,0.8,1,-2.75,161.7373619952339,133.70200766995072,171.3750817860124,171.3750817860124,173.4866391243171
side-upper,0.8,1,-2.5,163.03231541698625,134.83578437072305,172.99416305565975,172.99416305565975,174.38688447332208
side-upper,0.8,1,-2.25,164.32726883873863,135.96956107149535,174.6132443253071,174.6132443253071,175.28712982232707
side-upper,0.8,1,-2.0,165.622222260491,137.10333777226765,176.2323255949545,176.2323255949545,176.78262554014978
side-upper,0.8,1,-1.75,164.7261397581927,136.0528250469293,175.74435666501438,175.74435666501438,176.11000972707203
side-upper,0.8,1,-1.5,163.83005725589442,135.00231232159098,175.25638773507433,175.25638773507433,176.03264428281204
side-upper,0.8,1,-1.25,162.93397475359612,133.95179959625267,174.76841880513427,174.76841880513427,175.95527883855203
side-upper,0.8,1,-1.0,162.03789225129782,132.90128687091433,174.28044987519417,174.28044987519417,175.87791339429205
side-upper,0.8,1,-0.75,159.34869300744853,129.91194309672116,171.67096507507102,171.67096507507102,173.81933603411608
side-upper,0.8,1,-0.5,156.65949376359924,126.92259932252797,169.06148027494783,169.06148027494783,171.76075867394007
side-upper,0.8,1,-0.25,153.97029451974993,123.93325554833478,166.45199547482466,166.45199547482466,169.70218131376407
side-upper,0.8,1,0.0,151.28109527590064,120.94391177414161,163.8425106747015,163.8425106747015,167.64360395358807
side-upper,0.8,1,0.25,151.4666075921996,120.7548257583185,163.63656173976938,163.63656173976938,167.95352763960992
side-upper,0.8,1,0.5,151.65211990849858,120.56573974249541,163.43061280483727,163.43061280483727,168.26345132563176
side-upper,0.8,1,0.75,151.83763222479755,120.37665372667232,163.22466386990516,163.22466386990516,168.57337501165364
side-upper,0.8,1,1.0,152.0231445410965,120.18756771084921,163.01871493497305,163.01871493497305,168.88329869767549
side-upper,0.8,1,1.25,153.15380920674914,121.16761867585635,163.93174309027572,163.93174309027572,169.97095723515167
side-upper,0.8,1,1.5,154.28447387240178,122.14766964086346,164.84477124557839,164.84477124557839,171.0586157726279
side-upper,0.8,1,1.75,155.4151385380544,123.12772060587056,165.75779940088105,165.75779940088105,172.14627431010408
side-upper,0.8,1,2.0,156.54580320370704,124.1077715708777,166.67082755618372,166.67082755618372,173.23393284758026
side-upper,0.8,1,2.25,157.76397396963984,125.33827548413466,167.86279526936306,167.86279526936306,173.58614572298194
side-upper,0.8,1,2.5,158.98214473557266,126.56877939739162,169.0547629825424,169.0547629825424,173.93835859838362
side-upper,0.8,1,2.75,160.20031550150546,127.79928331064858,170.24673069572174,170.24673069572174,174.29057147378526
side-upper,0.8,1,3.0,161.41848626743825,129.02978722390554,171.4386984089011,171.4386984089011,174.64278434918694
side-upper,0.8,1,3.25,163.37179493662666,131.1141076723136,173.3952104368769,173.3952104368769,175.3788206983591
side-upper,0.8,1,3.5,165.32510360581503,133.19842812072164,175.35172246485274,175.35172246485274,176.30850155430136
side-upper,0.8,1,3.75,167.2784122750034,135.2827485691297,177.30823449282855,177.30823449282855,178.80230532226986
side-upper,0.8,1,4.0,169.2317209441918,137.36706901753777,179.26474652080435,179.26474652080435,180.37685952819194
side-upper,0.8,1,4.25,171.18548820656306,139.60110362221496,181.24204596005023,181.24204596005023,181.24204596005023
side-upper,0.8,1,4.5,173.13925546893432,141.83513822689213,183.21934539929612,183.21934539929612,183.21934539929612
side-upper,0.8,1,4.75,175.0930227313056,144.06917283156932,185.196644838542,185.196644838542,185.196644838542
side-upper,0.8,1,5.0,177.04678999367687,146.3032074362465,187.17394427778788,187.17394427778788,187.17394427778788
side-upper,0.8,1,5.25,179.19002194377157,148.8179376511821,189.3243448890813,189.3243448890813,189.3243448890813
side-upper,0.8,1,5.5,181.33325389386624,151.33266786611767,191.4747455003747,191.4747455003747,190.27959993354375
side-upper,0.8,1,5.75,183.47648584396092,153.84739808105326,193.62514611166813,193.62514611166813,191.16100161914355
side-upper,0.8,1,6.0,185.61971779405562,156.36212829598887,195.77554672296154,195.77554672296154,192.04240330474335
side-upper,0.8,1,6.25,190.04244504665192,161.1473813965694,200.02650786181727,200.02650786181727,195.41895504892477
side-upper,0.8,1,6.5,194.46517229924825,165.9326344971499,204.27746900067297,204.27746900067297,199.06941069546002
side-upper,0.8,1,6.75,198.88789955184458,170.71788759773042,208.5284301395287,208.5284301395287,202.71986634199527
side-upper,0.8,1,7.0,203.3106268044409,175.50314069831094,212.77939127838442,212.77939127838442,206.37032198853052
side-upper,0.8,2,-7.0,139.55140242863206,111.46571402309525,149.76567317799095,149.76567317799095,159.55507263171856
side-upper,0.8,2,-6.75,140.87042099534642,113.03479332038222,151.26043368460745,151.26043368460745,161.0986231457716
side-upper,0.8,2,-6.5,142.18943956206076,114.6038726176692,152.75519419122398,152.75519419122398,162.6421736598246
side-upper,0.8,2,-6.25,143.5084581287751,116.17295191495619,154.2499546978405,154.2499546978405,164.18572417387765
side-upper,0.8,2,-6.0,144.82747669548945,117.74203121224316,155.744715204457,155.744715204457,165.54529099251695
side-upper,0.8,2,-5.75,145.85483919230148,118.93259364997311,156.7428034090172,156.7428034090172,166.3012701939689
side-upper,0.8,2,-5.5,146.88220168911351,120.12315608770305,157.74089161357742,157.74089161357742,166.87326570000712
side-upper,0.8,2,-5.25,147.90956418592555,121.31371852543298,158.73897981813764,158.73897981813764,167.44526120604536
side-upper,0.8,2,-5.0,148.93692668273758,122.50428096316293,159.73706802269783,159.73706802269783,168.01725671208357
side-upper,0.8,2,-4.75,149.84323771903104,123.4337731409153,160.55693354070368,160.55693354070368,168.57414234780066
side-upper,0.8,2,-4.5,150.74954875532447,124.3632653186677,161.37679905870954,161.37679905870954,169.13102798351775
side-upper,0.8,2,-4.25,151.6558597916179,125.29275749642008,162.19666457671536,162.19666457671536,169.68791361923485
side-upper,0.8,2,-4.0,152.56217082791136,126.22224967417247,163.01653009472122,163.01653009472122,170.24479925495194
side-upper,0.8,2,-3.75,154.377991594728,127.92884583915594,164.86578168770197,164.86578168770197,170.830197885042
side-upper,0.8,2,-3.5,156.19381236154464,129.6354420041394,166.71503328068272,166.71503328068272,171.41559651513205
side-upper,0.8,2,-3.25,158.00963312836126,131.34203816912287,168.56428487366347,168.56428487366347,172.00099514522208
side-upper,0.8,2,-3.0,159.8254538951779,133.04863433410637,170.41353646664422,170.41353646664422,172.58639377531216
side-upper,0.8,2,-2.75,161.18817164617735,134.18238285421893,172.0058087350206,172.0058087350206,173.4866391243171
side-upper,0.8,2,-2.5,162.55088939717683,135.31613137433152,173.598081003397,173.598081003397,174.38688447332208
side-upper,0.8,2,-2.25,163.9136071481763,136.4498798944441,175.1903532717734,175.1903532717734,175.28712982232707
side-upper,0.8,2,-2.0,165.2763248991758,137.58362841455667,176.78262554014978,176.78262554014978,176.78262554014978
side-upper,0.8,2,-1.75,163.5179250377075,135.59925878402285,175.26039161853382,175.26039161853382,176.11000972707203
side-upper,0.8,2,-1.5,161.7595251762392,133.61488915348903,173.73815769691785,173.73815769691785,176.03264428281204
side-upper,0.8,2,-1.25,160.00112531477092,131.6305195229552,172.2159237753019,172.2159237753019,175.95527883855203
side-upper,0.8,2,-1.0,158.24272545330263,129.6461498924214,170.69368985368592,170.69368985368592,175.87791339429205
side-upper,0.8,2,-0.75,155.23059304262364,126.41597874265841,167.6189262739597,167.6189262739597,173.81933603411608
side-upper,0.8,2,-0.5,152.21846063194462,123.18580759289543,164.54416269423342,164.54416269423342,171.76075867394007
side-upper,0.8,2,-0.25,149.2063282212656,119.95563644313245,161.46939911450718,161.46939911450718,169.70218131376407
side-upper,0.8,2,0.0,146.19419581058662,116.72546529336947,158.39463553478095,158.39463553478095,167.64360395358807
side-upper,0.8,2,0.25,146.12094060968536,116.68060148218572,157.9804233693189,157.9804233693189,167.95352763960992
side-upper,0.8,2,0.5,146.04768540878413,116.63573767100196,157.56621120385688,157.56621120385688,168.26345132563176
side-upper,0.8,2,0.75,145.9744302078829,116.5908738598182,157.15199903839485,157.15199903839485,168.57337501165364
side-upper,0.8,2,1.0,145.90117500698165,116.54601004863446,156.73778687293282,156.73778687293282,168.88329869767549
side-upper,0.8,2,1.25,147.433996119807,117.97047490603076,158.0911158078942,158.0911158078942,169.97095723515167
side-upper,0.8,2,1.5,148.96681723263237,119.39493976342706,159.4444447428556,159.4444447428556,171.0586157726279
side-upper,0.8,2,1.75,150.4996383454577,120.81940462082336,160.79777367781702,160.79777367781702,172.14627431010408
side-upper,0.8,2,2.0,152.03245945828306,122.24386947821966,162.1511026127784,162.1511026127784,173.23393284758026
side-upper,0.8,2,2.25,154.33846026163772,124.23311941032294,164.4435504641749,164.4435504641749,173.58614572298194
side-upper,0.8,2,2.5,156.64446106499238,126.22236934242622,166.73599831557138,166.73599831557138,173.93835859838362
side-upper,0.8,2,2.75,158.95046186834705,128.21161927452948,169.02844616696785,169.02844616696785,174.29057147378526
side-upper,0.8,2,3.0,161.2564626717017,130.20086920663277,171.32089401836436,171.32089401836436,174.64278434918694
side-upper,0.8,2,3.25,163.72836973251478,132.54975303382452,173.81469778633286,173.81469778633286,175.3788206983591
side-upper,0.8,2,3.5,166.20027679332784,134.89863686101626,176.30850155430136,176.30850155430136,176.30850155430136
side-upper,0.8,2,3.75,168.6721838541409,137.247520688208,178.80230532226986,178.80230532226986,178.80230532226986
side-upper,0.8,2,4.0,171.14409091495398,139.59640451539974,181.29610909023836,181.29610909023836,180.37685952819194
side-upper,0.8,2,4.25,173.07311254636437,141.74899282856498,183.2595123853672,183.2595123853672,181.24204596005023
side-upper,0.8,2,4.5,175.00213417777474,143.90158114173022,185.22291568049604,185.22291568049604,183.21934539929612
side-upper,0.8,2,4.75,176.9311558091851,146.05416945489546,187.18631897562489,187.18631897562489,185.196644838542
side-upper,0.8,2,5.0,178.8601774405955,148.2067577680607,189.14972227075373,189.14972227075373,187.17394427778788
side-upper,0.8,2,5.25,181.5815527567687,151.38601618812015,191.89994381606428,191.89994381606428,189.3243448890813
side-upper,0.8,2,5.5,184.30292807294188,154.5652746081796,194.65016536137483,194.65016536137483,190.27959993354375
side-upper,0.8,2,5.75,187.0243033891151,157.74453302823903,197.4003869066854,197.4003869066854,191.16100161914355
side-upper,0.8,2,6.0,189.7456787052883,160.9237914482985,200.15060845199596,200.15060845199596,192.04240330474335
side-upper,0.8,2,6.25,195.0454723711127,166.74114908716234,205.22400566737628,205.22400566737628,195.41895504892477
side-upper,0.8,2,6.5,200.34526603693712,172.5585067260262,210.29740288275656,210.29740288275656,199.06941069546002
side-upper,0.8,2,6.75,205.64505970276156,178.37586436489005,215.37080009813687,215.37080009813687,202.71986634199527
side-upper,0.8,2,7.0,210.94485336858597,184.1932220037539,220.44419731351718,220.44419731351718,206.37032198853052
side-middle,0.8,-2,-7.0,123.50434629827129,98.8949952929733,133.75774933639144,133.75774933639144,110.35789450916678
side-middle,0.8,-2,-6.75,125.35488879175671,100.44281619150712,135.85111245086603,135.85111245086603,113.93743732731465
side-middle,0.8,-2,-6.5,127.20543128524214,101.99063709004096,137.94447556534058,137.94447556534058,117.51698014546253
side-middle,0.8,-2,-6.25,130.22943397741437,104.82968702879994,140.9947827753213,140.9947827753213,122.65616201170042
side-middle,0.8,-2,-6.0,133.25343666958662,107.66873696755891,144.04508998530204,144.04508998530204,127.79534387793832
side-middle,0.8,-2,-5.75,136.27743936175887,110.5077869063179,147.09539719528277,147.09539719528277,132.93452574417623
side-middle,0.8,-2,-5.5,139.3014420539311,113.34683684507688,150.1457044052635,150.1457044052635,138.07370761041412
side-middle,0.8,-2,-5.25,142.52572394628228,116.40233665265805,153.32860667068587,153.32860667068587,142.7371477735834
side-middle,0.8,-2,-5.0,145.75000583863346,119.45783646023924,156.51150893610827,156.51150893610827,147.40058793675263
side-middle,0.8,-2,-4.75,148.97428773098466,122.5133362678204,159.69441120153064,159.69441120153064,152.06402809992187
side-middle,0.8,-2,-4.5,152.19856962333583,125.56883607540158,162.877313466953,162.877313466953,156.72746826309114
side-middle,0.8,-2,-4.25,154.5288344698019,127.70636227895523,165.14451604789383,165.14451604789383,159.50419189235046
side-middle,0.8,-2,-4.0,156.859099316268,129.84388848250887,167.41171862883462,167.41171862883462,162.2809155216098
side-middle,0.8,-2,-3.75,159.18936416273408,131.98141468606252,169.6789212097754,169.6789212097754,165.05763915086914
side-middle,0.8,-2,-3.5,161.51962900920017,134.11894088961617,171.94612379071623,171.94612379071623,167.83436278012846
side-middle,0.8,-2,-3.25,162.57510940088005,135.0640429583816,172.98364047159885,172.98364047159885,169.67664562186394
side-middle,0.8,-2,-3.0,163.63058979255993,136.00914502714707,174.02115715248146,174.02115715248146,171.5189284635994
side-middle,0.8,-2,-2.75,164.68607018423984,136.95424709591254,175.05867383336408,175.05867383336408,173.36121130533485
side-middle,0.8,-2,-2.5,165.74155057591972,137.89934916467797,176.0961905142467,176.0961905142467,175.20349414707033
side-middle,0.8,-2,-2.25,163.33091368601964,135.46413932902993,173.64233552636972,173.64233552636972,173.64233552636972
side-middle,0.8,-2,-2.0,160.92027679611954,133.02892949338187,171.18848053849274,171.18848053849274,172.79263948312786
side-middle,0.8,-2,-1.75,158.50963990621946,130.5937196577338,168.7346255506158,168.7346255506158,171.58721215115662
side-middle,0.8,-2,-1.5,156.0990030163194,128.15850982208576,166.2807705627388,166.2807705627388,170.38178481918538
side-middle,0.8,-2,-1.25,151.34648209443532,123.46218762640223,161.44462389109847,161.44462389109847,164.43404426389395
side-middle,0.8,-2,-1.0,146.59396117255127,118.76586543071869,156.60847721945814,156.60847721945814,158.48630370860252
side-middle,0.8,-2,-0.75,141.84144025066723,114.06954323503516,151.7723305478178,151.7723305478178,152.5385631533111
side-middle,0.8,-2,-0.5,137.08891932878316,109.37322103935162,146.93618387617747,146.93618387617747,146.93618387617747
side-middle,0.8,-2,-0.25,137.0626176524051,109.51503459697639,146.8596808892521,146.8596808892521,146.8596808892521
side-middle,0.8,-2,0.0,137.03631597602703,109.65684815460118,146.7831779023267,146.7831779023267,145.7068261220159
side-middle,0.8,-2,0.25,137.01001429964893,109.79866171222596,146.70667491540132,146.70667491540132,140.42950838786518
side-middle,0.8,-2,0.5,136.98371262327086,109.94047526985074,146.63017192847593,146.63017192847593,137.64834144361092
side-middle,0.8,-2,0.75,139.76084924584455,112.50684944988674,149.4625513047713,149.4625513047713,138.12275254929304
side-middle,0.8,-2,1.0,142.53798586841828,115.07322362992275,152.2949306810667,152.2949306810667,141.04999034078568
side-middle,0.8,-2,1.25,145.31512249099197,117.63959780995876,155.12731005736208,155.12731005736208,143.97722813227833
side-middle,0.8,-2,1.5,148.09225911356566,120.20597198999477,157.95968943365745,157.95968943365745,146.90446592377097
side-middle,0.8,-2,1.75,150.83869938096694,122.4898164546029,160.82310817921098,160.82310817921098,151.04546207741132
side-middle,0.8,-2,2.0,153.58513964836825,124.77366091921103,163.68652692476448,163.68652692476448,155.18645823105166
side-middle,0.8,-2,2.25,156.33157991576957,127.05750538381915,166.54994567031798,166.54994567031798,159.327454384692
side-middle,0.8,-2,2.5,159.07802018317085,129.34134984842728,169.4133644158715,169.4133644158715,163.46845053833235
side-middle,0.8,-2,2.75,161.38026247183467,131.3570166566474,171.77587725749453,171.77587725749453,166.3047789167515
side-middle,0.8,-2,3.0,163.68250476049846,133.37268346486752,174.13839009911757,174.13839009911757,169.14110729517068
side-middle,0.8,-2,3.25,165.98474704916225,135.38835027308764,176.50090294074062,176.50090294074062,171.97743567358984
side-middle,0.8,-2,3.5,168.28698933782607,137.40401708130776,178.86341578236363,178.86341578236363,174.813764052009
side-middle,0.8,-2,3.75,171.06954019346944,140.1198892198608,181.61279514478832,181.61279514478832,177.30880156001234
side-middle,0.8,-2,4.0,173.85209104911283,142.83576135841386,184.362174507213,184.362174507213,179.80383906801566
side-middle,0.8,-2,4.25,176.63464190475622,145.55163349696693,187.1115538696377,187.1115538696377,182.29887657601898
side-middle,0.8,-2,4.5,179.4171927603996,148.26750563551997,189.8609332320624,189.8609332320624,184.79391408402233
side-middle,0.8,-2,4.75,183.13499949051624,152.22357233906743,193.51615635258253,193.51615635258253,186.94676116492354
side-middle,0.8,-2,5.0,186.85280622063286,156.1796390426149,197.17137947310263,197.17137947310263,189.09960824582475
side-middle,0.8,-2,5.25,190.57061295074948,160.13570574616233,200.82660259362277,200.82660259362277,191.25245532672596
side-middle,0.8,-2,5.5,194.28841968086613,164.0917724497098,204.48182571414287,204.48182571414287,193.40530240762718
side-middle,0.8,-2,5.75,197.82161123029164,168.14885738237479,207.96010517135352,207.96010517135352,193.73081191678432
side-middle,0.8,-2,6.0,201.35480277971712,172.20594231503975,211.43838462856417,211.43838462856417,194.05632142594152
side-middle,0.8,-2,6.25,204.8879943291426,176.26302724770468,214.9166640857748,214.9166640857748,194.38183093509872
side-middle,0.8,-2,6.5,208.4211858785681,180.32011218036968,218.39494354298546,218.39494354298546,194.70734044425586
side-middle,0.8,-2,6.75,209.8458352165186,182.2366850392067,219.78984515888604,219.78984515888604,193.79326892846575
side-middle,0.8,-2,7.0,211.27048455446908,184.15325789804376,221.1847467747866,221.1847467747866,192.8791974126756
side-middle,0.8,-1,-7.0,112.77671852724441,91.046263822221,122.36557425037017,122.36557425037017,110.35789450916678
side-middle,0.8,-1,-6.75,115.86618962340256,93.47356695830325,125.71285243895784,125.71285243895784,113.93743732731465
side-middle,0.8,-1,-6.5,118.9556607195607,95.9008700943855,129.0601306275455,129.0601306275455,117.51698014546253
side-middle,0.8,-1,-6.25,123.11529632825298,99.48197412754843,133.28757205381498,133.28757205381498,122.65616201170042
side-middle,0.8,-1,-6.0,127.27493193694525,103.06307816071134,137.51501348008446,137.51501348008446,127.79534387793832
side-middle,0.8,-1,-5.75,131.43456754563752,106.64418219387427,141.74245490635397,141.74245490635397,132.93452574417623
side-middle,0.8,-1,-5.5,135.5942031543298,110.2252862270372,145.96989633262345,145.96989633262345,138.07370761041412
side-middle,0.8,-1,-5.25,139.21620027921463,113.38024471986746,149.56523196129015,149.56523196129015,142.7371477735834
side-middle,0.8,-1,-5.0,142.83819740409947,116.53520321269772,153.16056758995683,153.16056758995683,147.40058793675263
side-middle,0.8,-1,-4.75,146.46019452898432,119.69016170552797,156.75590321862353,156.75590321862353,152.06402809992187
side-middle,0.8,-1,-4.5,150.08219165386916,122.84512019835823,160.35123884729023,160.35123884729023,156.72746826309114
side-middle,0.8,-1,-4.25,152.41616838332126,124.91726989432439,162.60738401647228,162.60738401647228,159.50419189235046
side-middle,0.8,-1,-4.0,154.75014511277334,126.98941959029057,164.86352918565436,164.86352918565436,162.2809155216098
side-middle,0.8,-1,-3.75,157.08412184222544,129.06156928625674,167.11967435483643,167.11967435483643,165.05763915086914
side-middle,0.8,-1,-3.5,159.41809857167755,131.13371898222292,169.37581952401848,169.37581952401848,167.83436278012846
side-middle,0.8,-1,-3.25,161.0143829219457,132.74530629069642,170.84815226332853,170.84815226332853,169.67664562186394
side-middle,0.8,-1,-3.0,162.61066727221385,134.35689359916992,172.32048500263858,172.32048500263858,171.5189284635994
side-middle,0.8,-1,-2.75,164.20695162248197,135.96848090764342,173.79281774194862,173.79281774194862,173.36121130533485
side-middle,0.8,-1,-2.5,165.80323597275012,137.58006821611693,175.26515048125867,175.26515048125867,175.20349414707033
side-middle,0.8,-1,-2.25,163.75337316735255,135.71040289294814,173.0774161749947,173.0774161749947,173.64233552636972
side-middle,0.8,-1,-2.0,161.703510361955,133.84073756977938,170.8896818687307,170.8896818687307,172.79263948312786
side-middle,0.8,-1,-1.75,159.65364755655747,131.97107224661062,168.7019475624667,168.7019475624667,171.58721215115662
side-middle,0.8,-1,-1.5,157.60378475115994,130.10140692344186,166.5142132562027,166.5142132562027,170.38178481918538
side-middle,0.8,-1,-1.25,151.66050029199704,124.34351776135554,160.53901113571254,160.53901113571254,164.43404426389395
side-middle,0.8,-1,-1.0,145.71721583283417,118.58562859926921,154.56380901522238,154.56380901522238,158.48630370860252
side-middle,0.8,-1,-0.75,139.7739313736713,112.8277394371829,148.5886068947322,148.5886068947322,152.5385631533111
side-middle,0.8,-1,-0.5,133.8306469145084,107.06985027509657,142.61340477424207,142.61340477424207,146.93618387617747
side-middle,0.8,-1,-0.25,133.03264976856553,106.42301221025399,141.85878021504243,141.85878021504243,146.8596808892521
side-middle,0.8,-1,0.0,132.23465262262263,105.7761741454114,141.1041556558428,141.1041556558428,145.7068261220159
side-middle,0.8,-1,0.25,131.43665547667973,105.1293360805688,140.34953109664315,140.34953109664315,140.42950838786518
side-middle,0.8,-1,0.5,130.63865833073686,104.48249801572622,139.5949065374435,139.5949065374435,137.64834144361092
side-middle,0.8,-1,0.75,133.949816802521,107.61701559075888,143.05591022929445,143.05591022929445,138.12275254929304
side-middle,0.8,-1,1.0,137.26097527430517,110.75153316579156,146.51691392114537,146.51691392114537,141.04999034078568
side-middle,0.8,-1,1.25,140.57213374608932,113.88605074082422,149.97791761299632,149.97791761299632,143.97722813227833
side-middle,0.8,-1,1.5,143.88329221787347,117.02056831585688,153.43892130484727,153.43892130484727,146.90446592377097
side-middle,0.8,-1,1.75,147.12558212576482,119.79079064977394,156.88165180747757,156.88165180747757,151.04546207741132
side-middle,0.8,-1,2.0,150.36787203365617,122.56101298369099,160.3243823101079,160.3243823101079,155.18645823105166
side-middle,0.8,-1,2.25,153.61016194154752,125.33123531760805,163.76711281273822,163.76711281273822,159.327454384692
side-middle,0.8,-1,2.5,156.8524518494389,128.1014576515251,167.20984331536852,167.20984331536852,163.46845053833235
side-middle,0.8,-1,2.75,159.22661786390447,129.98154793985066,169.59271702757127,169.59271702757127,166.3047789167515
side-middle,0.8,-1,3.0,161.60078387837004,131.8616382281762,171.97559073977402,171.97559073977402,169.14110729517068
side-middle,0.8,-1,3.25,163.9749498928356,133.74172851650172,174.35846445197677,174.35846445197677,171.97743567358984
side-middle,0.8,-1,3.5,166.34911590730118,135.62181880482729,176.74133816417952,176.74133816417952,174.813764052009
side-middle,0.8,-1,3.75,169.1131274900688,138.15403607171953,179.4685892549121,179.4685892549121,177.30880156001234
side-middle,0.8,-1,4.0,171.87713907283637,140.68625333861175,182.19584034564468,182.19584034564468,179.80383906801566
side-middle,0.8,-1,4.25,174.641150655604,143.21847060550397,184.92309143637726,184.92309143637726,182.29887657601898
side-middle,0.8,-1,4.5,177.4051622383716,145.7506878723962,187.65034252710984,187.65034252710984,184.79391408402233
side-middle,0.8,-1,4.75,180.52560264585236,149.09362532085032,190.75313398124734,190.75313398124734,186.94676116492354
side-middle,0.8,-1,5.0,183.64604305333307,152.43656276930443,193.85592543538485,193.85592543538485,189.09960824582475
side-middle,0.8,-1,5.25,186.7664834608138,155.77950021775854,196.95871688952235,196.95871688952235,191.25245532672596
side-middle,0.8,-1,5.5,189.88692386829456,159.12243766621265,200.06150834365985,200.06150834365985,193.40530240762718
side-middle,0.8,-1,5.75,191.61287357032575,161.25927578722448,201.78211353507118,201.78211353507118,193.73081191678432
side-middle,0.8,-1,6.0,193.33882327235696,163.39611390823632,203.5027187264825,203.5027187264825,194.05632142594152
side-middle,0.8,-1,6.25,195.06477297438818,165.53295202924812,205.22332391789382,205.22332391789382,194.38183093509872
side-middle,0.8,-1,6.5,196.79072267641936,167.66979015025996,206.94392910930515,206.94392910930515,194.70734044425586
side-middle,0.8,-1,6.75,196.29193862511073,167.27455227478958,206.7582284136954,206.7582284136954,193.79326892846575
side-middle,0.8,-1,7.0,195.79315457380207,166.87931439931918,206.57252771808567,206.57252771808567,192.8791974126756
side-middle,0.8,0,-7.0,102.21644917812918,84.30302290207281,110.35789450916678,110.35789450916678,110.35789450916678
side-middle,0.8,0,-6.75,105.55609364451428,86.7010914758426,113.93743732731465,113.93743732731465,113.93743732731465
side-middle,0.8,0,-6.5,108.89573811089936,89.09916004961238,117.51698014546253,117.51698014546253,117.51698014546253
side-middle,0.8,0,-6.25,113.89006171826776,93.06415978291898,122.65616201170042,122.65616201170042,122.65616201170042
side-middle,0.8,0,-6.0,118.88438532563615,97.02915951622556,127.79534387793832,127.79534387793832,127.79534387793832
side-middle,0.8,0,-5.75,123.87870893300455,100.99415924953215,132.93452574417623,132.93452574417623,132.93452574417623
side-middle,0.8,0,-5.5,128.87303254037295,104.95915898283874,138.07370761041412,138.07370761041412,138.07370761041412
side-middle,0.8,0,-5.25,133.40031182379775,108.59605469934215,142.7371477735834,142.7371477735834,142.7371477735834
side-middle,0.8,0,-5.0,137.92759110722255,112.23295041584555,147.40058793675263,147.40058793675263,147.40058793675263
side-middle,0.8,0,-4.75,142.45487039064736,115.86984613234895,152.06402809992187,152.06402809992187,152.06402809992187
side-middle,0.8,0,-4.5,146.98214967407216,119.50674184885236,156.72746826309114,156.72746826309114,156.72746826309114
side-middle,0.8,0,-4.25,149.76446826338025,121.80184411131972,159.50419189235046,159.50419189235046,159.50419189235046
side-middle,0.8,0,-4.0,152.54678685268834,124.09694637378708,162.2809155216098,162.2809155216098,162.2809155216098
side-middle,0.8,0,-3.75,155.3291054419964,126.39204863625443,165.05763915086914,165.05763915086914,165.05763915086914
side-middle,0.8,0,-3.5,158.1114240313045,128.6871508987218,167.83436278012846,167.83436278012846,167.83436278012846
side-middle,0.8,0,-3.25,160.09255048455051,130.7276454567925,169.67664562186394,169.67664562186394,169.67664562186394
side-middle,0.8,0,-3.0,162.07367693779656,132.7681400148632,171.5189284635994,171.5189284635994,171.5189284635994
side-middle,0.8,0,-2.75,164.05480339104258,134.80863457293393,173.36121130533485,173.36121130533485,173.36121130533485
side-middle,0.8,0,-2.5,166.0359298442886,136.84912913100462,175.20349414707033,175.20349414707033,175.20349414707033
side-middle,0.8,0,-2.25,164.92428317666622,136.13461955616452,173.9980668150991,173.9980668150991,173.64233552636972
side-middle,0.8,0,-2.0,163.81263650904387,135.4201099813244,172.79263948312786,172.79263948312786,172.79263948312786
side-middle,0.8,0,-1.75,162.70098984142152,134.7056004064843,171.58721215115662,171.58721215115662,171.58721215115662
side-middle,0.8,0,-1.5,161.58934317379914,133.99109083164421,170.38178481918538,170.38178481918538,170.38178481918538
side-middle,0.8,0,-1.25,155.64482923628503,128.45033481986303,164.43404426389395,164.43404426389395,164.43404426389395
side-middle,0.8,0,-1.0,149.7003152987709,122.90957880808183,158.48630370860252,158.48630370860252,158.48630370860252
side-middle,0.8,0,-0.75,143.75580136125677,117.36882279630063,152.5385631533111,152.5385631533111,152.5385631533111
side-middle,0.8,0,-0.5,137.81128742374267,111.82806678451945,146.59082259801966,146.59082259801966,146.93618387617747
side-middle,0.8,0,-0.25,134.95747118948532,109.24460514457186,143.74199563796483,143.74199563796483,146.8596808892521
side-middle,0.8,0,0.0,132.10365495522797,106.6611435046243,140.89316867791,140.89316867791,145.7068261220159
side-middle,0.8,0,0.25,129.24983872097064,104.07768186467675,138.04434171785522,138.04434171785522,140.42950838786518
side-middle,0.8,0,0.5,126.39602248671329,101.49422022472916,135.1955147578004,135.1955147578004,137.64834144361092
side-middle,0.8,0,0.75,129.23005168749148,104.09263777886473,138.12275254929304,138.12275254929304,138.12275254929304
side-middle,0.8,0,1.0,132.0640808882697,106.69105533300028,141.04999034078568,141.04999034078568,141.04999034078568
side-middle,0.8,0,1.25,134.8981100890479,109.28947288713584,143.97722813227833,143.97722813227833,143.97722813227833
side-middle,0.8,0,1.5,137.73213928982608,111.8878904412714,146.90446592377097,146.90446592377097,146.90446592377097
side-middle,0.8,0,1.75,141.68509299399807,115.2587091308643,151.04546207741132,151.04546207741132,151.04546207741132
side-middle,0.8,0,2.0,145.63804669817006,118.62952782045723,155.18645823105166,155.18645823105166,155.18645823105166
side-middle,0.8,0,2.25,149.59100040234205,122.00034651005014,159.327454384692,159.327454384692,159.327454384692
side-middle,0.8,0,2.5,153.543954106514,125.37116519964306,163.46845053833235,163.46845053833235,163.46845053833235
side-middle,0.8,0,2.75,156.3354203906429,127.53970340246266,166.3047789167515,166.3047789167515,166.3047789167515
side-middle,0.8,0,3.0,159.12688667477175,129.70824160528227,169.14110729517068,169.14110729517068,169.14110729517068
side-middle,0.8,0,3.25,161.91835295890064,131.87677980810187,171.97743567358984,171.97743567358984,171.97743567358984
side-middle,0.8,0,3.5,164.70981924302953,134.04531801092148,174.813764052009,174.813764052009,174.813764052009
side-middle,0.8,0,3.75,167.19600412132536,136.1960517297798,177.30880156001234,177.30880156001234,177.30880156001234
side-middle,0.8,0,4.0,169.6821889996212,138.34678544863817,179.80383906801566,179.80383906801566,179.80383906801566
side-middle,0.8,0,4.25,172.16837387791702,140.49751916749653,182.29887657601898,182.29887657601898,182.29887657601898
side-middle,0.8,0,4.5,174.65455875621285,142.64825288635487,184.79391408402233,184.79391408402233,184.79391408402233
side-middle,0.8,0,4.75,176.7778956822778,144.9017593273583,186.94676116492354,186.94676116492354,186.94676116492354
side-middle,0.8,0,5.0,178.90123260834275,147.1552657683617,189.09960824582475,189.09960824582475,189.09960824582475
side-middle,0.8,0,5.25,181.02456953440768,149.4087722093651,191.25245532672596,191.25245532672596,191.25245532672596
side-middle,0.8,0,5.5,183.14790646047263,151.66227865036853,193.40530240762718,193.40530240762718,193.40530240762718
side-middle,0.8,0,5.75,183.46770643337572,152.2534661837209,193.73081191678432,193.73081191678432,193.73081191678432
side-middle,0.8,0,6.0,183.7875064062788,152.84465371707324,194.05632142594152,194.05632142594152,194.05632142594152
side-middle,0.8,0,6.25,184.1073063791819,153.43584125042563,194.38183093509872,194.38183093509872,194.38183093509872
side-middle,0.8,0,6.5,184.427106352085,154.02702878377798,194.70734044425586,194.70734044425586,194.70734044425586
side-middle,0.8,0,6.75,183.12458665272862,152.5988373063641,193.79326892846575,193.79326892846575,193.79326892846575
side-middle,0.8,0,7.0,181.82206695337226,151.17064582895017,192.8791974126756,192.8791974126756,192.8791974126756
side-middle,0.8,1,-7.0,94.78853085209107,80.25172521512003,100.12209506166221,100.12209506166221,110.35789450916678
side-middle,0.8,1,-6.75,97.02694319130856,81.29408626438178,102.58292795680399,102.58292795680399,113.93743732731465
side-middle,0.8,1,-6.5,99.26535553052608,82.3364473136435,105.04376085194576,105.04376085194576,117.51698014546253
side-middle,0.8,1,-6.25,104.33081199138749,85.9999833862619,110.40539587035795,110.40539587035795,122.65616201170042
side-middle,0.8,1,-6.0,109.3962684522489,89.6635194588803,115.76703088877015,115.76703088877015,127.79534387793832
side-middle,0.8,1,-5.75,114.46172491311032,93.3270555314987,121.12866590718235,121.12866590718235,132.93452574417623
side-middle,0.8,1,-5.5,119.52718137397173,96.9905916041171,126.49030092559454,126.49030092559454,138.07370761041412
side-middle,0.8,1,-5.25,125.20889545023587,101.46674089529753,132.6296144469884,132.6296144469884,142.7371477735834
side-middle,0.8,1,-5.0,130.89060952650004,105.94289018647795,138.76892796838226,138.76892796838226,147.40058793675263
side-middle,0.8,1,-4.75,136.57232360276421,110.41903947765837,144.90824148977612,144.90824148977612,152.06402809992187
side-middle,0.8,1,-4.5,142.25403767902836,114.8951887688388,151.04755501116998,151.04755501116998,156.72746826309114
side-middle,0.8,1,-4.25,145.86151572305738,117.80422900703726,154.8974838539097,154.8974838539097,159.50419189235046
side-middle,0.8,1,-4.0,149.46899376708637,120.71326924523574,158.7474126966494,158.7474126966494,162.2809155216098
side-middle,0.8,1,-3.75,153.07647181111537,123.62230948343421,162.59734153938913,162.59734153938913,165.05763915086914
side-middle,0.8,1,-3.5,156.68394985514436,126.53134972163267,166.44727038212886,166.44727038212886,167.83436278012846
side-middle,0.8,1,-3.25,158.72854479209118,128.60908300595707,168.52863166739127,168.52863166739127,169.67664562186394
side-middle,0.8,1,-3.0,160.773139729038,130.6868162902815,170.60999295265364,170.60999295265364,171.5189284635994
side-middle,0.8,1,-2.75,162.81773466598483,132.76454957460592,172.69135423791602,172.69135423791602,173.36121130533485
side-middle,0.8,1,-2.5,164.86232960293165,134.84228285893033,174.77271552317842,174.77271552317842,175.20349414707033
side-middle,0.8,1,-2.25,164.88516098090832,135.37737942930943,174.8069334566895,174.8069334566895,173.64233552636972
side-middle,0.8,1,-2.0,164.90799235888497,135.91247599968855,174.84115139020062,174.84115139020062,172.79263948312786
side-middle,0.8,1,-1.75,164.9308237368616,136.44757257006768,174.8753693237117,174.8753693237117,171.58721215115662
side-middle,0.8,1,-1.5,164.95365511483828,136.98266914044677,174.90958725722282,174.90958725722282,170.38178481918538
side-middle,0.8,1,-1.25,160.3430413434071,132.99962735098558,170.24755584049646,170.24755584049646,164.43404426389395
side-middle,0.8,1,-1.0,155.7324275719759,129.01658556152438,165.5855244237701,165.5855244237701,158.48630370860252
side-middle,0.8,1,-0.75,151.12181380054471,125.03354377206315,160.92349300704373,160.92349300704373,152.5385631533111
side-middle,0.8,1,-0.5,146.51120002911352,121.05050198260196,156.26146159031737,156.26146159031737,146.93618387617747
side-middle,0.8,1,-0.25,141.3920349453871,116.41507006394873,150.98414385616664,150.98414385616664,146.8596808892521
side-middle,0.8,1,0.0,136.2728698616607,111.77963814529552,145.7068261220159,145.7068261220159,145.7068261220159
side-middle,0.8,1,0.25,131.1537047779343,107.1442062266423,140.42950838786518,140.42950838786518,140.42950838786518
side-middle,0.8,1,0.5,126.0345396942079,102.50877430798909,135.15219065371446,135.15219065371446,137.64834144361092
side-middle,0.8,1,0.75,127.32450884521728,103.48071452758482,136.39216325787768,136.39216325787768,138.12275254929304
side-middle,0.8,1,1.0,128.61447799622664,104.45265474718056,137.6321358620409,137.6321358620409,141.04999034078568
side-middle,0.8,1,1.25,129.90444714723603,105.42459496677631,138.8721084662041,138.8721084662041,143.97722813227833
side-middle,0.8,1,1.5,131.19441629824541,106.39653518637205,140.11208107036734,140.11208107036734,146.90446592377097
side-middle,0.8,1,1.75,135.3927275417542,109.83579885031544,144.48348785115147,144.48348785115147,151.04546207741132
side-middle,0.8,1,2.0,139.59103878526298,113.27506251425882,148.85489463193562,148.85489463193562,155.18645823105166
side-middle,0.8,1,2.25,143.78935002877176,116.71432617820221,153.22630141271975,153.22630141271975,159.327454384692
side-middle,0.8,1,2.5,147.98766127228055,120.1535898421456,157.59770819350388,157.59770819350388,163.46845053833235
side-middle,0.8,1,2.75,151.40209037549542,122.86486300635376,161.10458452230057,161.10458452230057,166.3047789167515
side-middle,0.8,1,3.0,154.8165194787103,125.57613617056191,164.61146085109726,164.61146085109726,169.14110729517068
side-middle,0.8,1,3.25,158.23094858192516,128.28740933477008,168.11833717989393,168.11833717989393,171.97743567358984
side-middle,0.8,1,3.5,161.64537768514003,130.9986824989782,171.62521350869062,171.62521350869062,174.813764052009
side-middle,0.8,1,3.75,164.12065400859672,133.06645937200204,174.11853420654734,174.11853420654734,177.30880156001234
side-middle,0.8,1,4.0,166.59593033205337,135.13423624502587,176.61185490440408,176.61185490440408,179.80383906801566
side-middle,0.8,1,4.25,169.07120665551005,137.2020131180497,179.10517560226083,179.10517560226083,182.29887657601898
side-middle,0.8,1,4.5,171.5464829789667,139.26978999107357,181.59849630011757,181.59849630011757,184.79391408402233
side-middle,0.8,1,4.75,172.94776069604617,140.668562147162,183.0157543699505,183.0157543699505,186.94676116492354
side-middle,0.8,1,5.0,174.34903841312558,142.06733430325045,184.4330124397835,184.4330124397835,189.09960824582475
side-middle,0.8,1,5.25,175.75031613020502,143.46610645933887,185.85027050961645,185.85027050961645,191.25245532672596
side-middle,0.8,1,5.5,177.1515938472845,144.8648786154273,187.26752857944942,187.26752857944942,193.40530240762718
side-middle,0.8,1,5.75,176.85620954324474,144.74627059617762,186.98543968599563,186.98543968599563,193.73081191678432
side-middle,0.8,1,6.0,176.56082523920503,144.62766257692795,186.70335079254187,186.70335079254187,194.05632142594152
side-middle,0.8,1,6.25,176.2654409351653,144.50905455767827,186.42126189908805,186.42126189908805,194.38183093509872
side-middle,0.8,1,6.5,175.97005663112554,144.3904465384286,186.1391730056343,186.1391730056343,194.70734044425586
side-middle,0.8,1,6.75,174.71170041683632,142.9533113802126,185.14016706835517,185.14016706835517,193.79326892846575
side-middle,0.8,1,7.0,173.4533442025471,141.5161762219966,184.1411611310761,184.1411611310761,192.8791974126756
side-middle,0.8,2,-7.0,93.09231282962601,81.28723072322309,95.362682602067,95.362682602067,110.35789450916678
side-middle,0.8,2,-6.75,94.13067115287515,80.86395279661633,96.59472667650535,96.59472667650535,113.93743732731465
side-middle,0.8,2,-6.5,95.16902947612431,80.44067487000959,97.8267707509437,97.8267707509437,117.51698014546253
side-middle,0.8,2,-6.25,99.34041245581886,82.9574621845045,102.4664202770303,102.4664202770303,122.65616201170042
side-middle,0.8,2,-6.0,103.51179543551342,85.47424949899938,107.1060698031169,107.1060698031169,127.79534387793832
side-middle,0.8,2,-5.75,107.68317841520798,87.99103681349428,111.7457193292035,111.7457193292035,132.93452574417623
side-middle,0.8,2,-5.5,111.85456139490253,90.50782412798918,116.3853688552901,116.3853688552901,138.07370761041412
side-middle,0.8,2,-5.25,117.54813512510869,94.81583769557757,122.83276508625809,122.83276508625809,142.7371477735834
side-middle,0.8,2,-5.0,123.24170885531484,99.12385126316596,129.2801613172261,129.2801613172261,147.40058793675263
side-middle,0.8,2,-4.75,128.935282585521,103.43186483075435,135.72755754819406,135.72755754819406,152.06402809992187
side-middle,0.8,2,-4.5,134.62885631572715,107.73987839834274,142.17495377916205,142.17495377916205,156.72746826309114
side-middle,0.8,2,-4.25,138.94017457520636,111.17670739251199,147.035010389949,147.035010389949,159.50419189235046
side-middle,0.8,2,-4.0,143.25149283468556,114.61353638668125,151.89506700073593,151.89506700073593,162.2809155216098
side-middle,0.8,2,-3.75,147.56281109416474,118.05036538085051,156.7551236115229,156.7551236115229,165.05763915086914
side-middle,0.8,2,-3.5,151.87412935364395,121.48719437501975,161.61518022230985,161.61518022230985,167.83436278012846
side-middle,0.8,2,-3.25,154.2254061416391,123.84460402447371,164.25796304050112,164.25796304050112,169.67664562186394
side-middle,0.8,2,-3.0,156.57668292963422,126.20201367392765,166.90074585869243,166.90074585869243,171.5189284635994
side-middle,0.8,2,-2.75,158.92795971762936,128.5594233233816,169.54352867688374,169.54352867688374,173.36121130533485
side-middle,0.8,2,-2.5,161.2792365056245,130.91683297283555,172.18631149507502,172.18631149507502,175.20349414707033
side-middle,0.8,2,-2.25,162.03839418051044,132.21358654065733,173.104970832964,173.104970832964,173.64233552636972
side-middle,0.8,2,-2.0,162.79755185539636,133.51034010847914,174.02363017085295,174.02363017085295,172.79263948312786
side-middle,0.8,2,-1.75,163.5567095302823,134.80709367630095,174.9422895087419,174.9422895087419,171.58721215115662
side-middle,0.8,2,-1.5,164.31586720516822,136.10384724412273,175.8609488466309,175.8609488466309,170.38178481918538
side-middle,0.8,2,-1.25,161.2897192796779,133.80133213873262,172.73582164160803,172.73582164160803,164.43404426389395
side-middle,0.8,2,-1.0,158.2635713541876,131.4988170333425,169.61069443658516,169.61069443658516,158.48630370860252
side-middle,0.8,2,-0.75,155.2374234286973,129.1963019279524,166.4855672315623,166.4855672315623,152.5385631533111
side-middle,0.8,2,-0.5,152.21127550320702,126.89378682256229,163.36044002653944,163.36044002653944,146.93618387617747
side-middle,0.8,2,-0.25,146.24745876109444,121.5327459935836,156.9324153808073,156.9324153808073,146.8596808892521
side-middle,0.8,2,0.0,140.28364201898182,116.17170516460492,150.50439073507516,150.50439073507516,145.7068261220159
side-middle,0.8,2,0.25,134.31982527686924,110.81066433562623,144.07636608934305,144.07636608934305,140.42950838786518
side-middle,0.8,2,0.5,128.35600853475665,105.44962350664754,137.64834144361092,137.64834144361092,137.64834144361092
side-middle,0.8,2,0.75,127.91373406057072,104.67000003440683,137.0504966372662,137.0504966372662,138.12275254929304
side-middle,0.8,2,1.0,127.47145958638478,103.8903765621661,136.4526518309215,136.4526518309215,141.04999034078568
side-middle,0.8,2,1.25,127.02918511219883,103.11075308992538,135.8548070245768,135.8548070245768,143.97722813227833
side-middle,0.8,2,1.5,126.5869106380129,102.33112961768467,135.25696221823208,135.25696221823208,146.90446592377097
side-middle,0.8,2,1.75,130.19456763859063,105.13265473734819,139.07724476624065,139.07724476624065,151.04546207741132
side-middle,0.8,2,2.0,133.80222463916834,107.9341798570117,142.8975273142492,142.8975273142492,155.18645823105166
side-middle,0.8,2,2.25,137.40988163974606,110.73570497667522,146.71780986225778,146.71780986225778,159.327454384692
side-middle,0.8,2,2.5,141.01753864032378,113.53723009633873,150.53809241026636,150.53809241026636,163.46845053833235
side-middle,0.8,2,2.75,144.86132378735863,116.63274942866983,154.48203209441962,154.48203209441962,166.3047789167515
side-middle,0.8,2,3.0,148.7051089343935,119.7282687610009,158.4259717785729,158.4259717785729,169.14110729517068
side-middle,0.8,2,3.25,152.5488940814284,122.82378809333198,162.36991146272618,162.36991146272618,171.97743567358984
side-middle,0.8,2,3.5,156.39267922846324,125.91930742566308,166.31385114687944,166.31385114687944,174.813764052009
side-middle,0.8,2,3.75,159.1393984808907,128.21081995680922,169.06855406633235,169.06855406633235,177.30880156001234
side-middle,0.8,2,4.0,161.88611773331814,130.50233248795536,171.82325698578524,171.82325698578524,179.80383906801566
side-middle,0.8,2,4.25,164.6328369857456,132.7938450191015,174.57795990523812,174.57795990523812,182.29887657601898
side-middle,0.8,2,4.5,167.37955623817305,135.08535755024764,177.332662824691,177.332662824691,184.79391408402233
side-middle,0.8,2,4.75,168.56806744095985,136.1717387393336,178.52704501197633,178.52704501197633,186.94676116492354
side-middle,0.8,2,5.0,169.75657864374668,137.25811992841957,179.72142719926165,179.72142719926165,189.09960824582475
side-middle,0.8,2,5.25,170.9450898465335,138.34450111750556,180.91580938654698,180.91580938654698,191.25245532672596
side-middle,0.8,2,5.5,172.1336010493203,139.4308823065915,182.11019157383228,182.11019157383228,193.40530240762718
side-middle,0.8,2,5.75,171.8952891830972,139.28894905499732,181.88823112582048,181.88823112582048,193.73081191678432
side-middle,0.8,2,6.0,171.65697731687405,139.14701580340312,181.66627067780865,181.66627067780865,194.05632142594152
side-middle,0.8,2,6.25,171.4186654506509,139.00508255180893,181.44431022979686,181.44431022979686,194.38183093509872
side-middle,0.8,2,6.5,171.1803535844278,138.86314930021473,181.22234978178506,181.22234978178506,194.70734044425586
side-middle,0.8,2,6.75,170.40888775339127,138.03398616266236,180.4789805213297,180.4789805213297,193.79326892846575
side-middle,0.8,2,7.0,169.6374219223548,137.20482302511002,179.73561126087435,179.73561126087435,192.8791974126756
side-lower,0.8,-2,-7.0,110.60435590358497,94.68673439474213,115.51028993522807,115.51028993522807,102.55666309409551
side-lower,0.8,-2,-6.75,115.40643286573392,97.94721658022272,120.85550281842117,120.85550281842117,101.76711069370809
side-lower,0.8,-2,-6.5,120.20850982788286,101.2076987657033,126.20071570161426,126.20071570161426,103.86232718442943
side-lower,0.8,-2,-6.25,125.01058679003181,104.46818095118388,131.54592858480734,131.54592858480734,105.95754367515079
side-lower,0.8,-2,-6.0,129.81266375218075,107.72866313666447,136.89114146800043,136.89114146800043,108.05276016587214
side-lower,0.8,-2,-5.75,133.8135385813932,110.47656143410416,141.21263945922144,141.21263945922144,111.31669108640078
side-lower,0.8,-2,-5.5,137.81441341060565,113.22445973154385,145.53413745044247,145.53413745044247,114.58062200692942
side-lower,0.8,-2,-5.25,141.81528823981813,115.97235802898354,149.8556354416635,149.8556354416635,117.84455292745804
side-lower,0.8,-2,-5.0,145.81616306903058,118.72025632642323,154.17713343288452,154.17713343288452,121.10848384798668
side-lower,0.8,-2,-4.75,148.48918064929103,120.53589735872686,157.07159451096993,157.07159451096993,124.91059049734491
side-lower,0.8,-2,-4.5,151.1621982295515,122.35153839103049,159.96605558905532,159.96605558905532,128.71269714670316
side-lower,0.8,-2,-4.25,153.83521580981198,124.1671794233341,162.86051666714073,162.86051666714073,132.5148037960614
side-lower,0.8,-2,-4.0,156.50823339007243,125.98282045563774,165.75497774522614,165.75497774522614,136.31691044541964
side-lower,0.8,-2,-3.75,156.97517164545593,126.48719837529292,166.17681804786577,166.17681804786577,139.7854346079318
side-lower,0.8,-2,-3.5,157.4421099008394,126.99157629494812,166.59865835050542,166.59865835050542,143.25395877044397
side-lower,0.8,-2,-3.25,157.90904815622287,127.4959542146033,167.02049865314507,167.02049865314507,146.72248293295615
side-lower,0.8,-2,-3.0,158.37598641160633,128.00033213425849,167.4423389557847,167.4423389557847,150.1910070954683
side-lower,0.8,-2,-2.75,154.66721714483106,125.13967734299854,163.2204439857735,163.2204439857735,151.43289434463185
side-lower,0.8,-2,-2.5,150.95844787805575,122.27902255173859,158.99854901576228,158.99854901576228,152.6747815937954
side-lower,0.8,-2,-2.25,147.24967861128044,119.41836776047866,154.77665404575106,154.77665404575106,153.91666884295896
side-lower,0.8,-2,-2.0,143.54090934450517,116.55771296921871,150.55475907573987,150.55475907573987,150.55475907573987
side-lower,0.8,-2,-1.75,138.53668251395902,111.83419876873677,145.32687725458453,145.32687725458453,145.32687725458453
side-lower,0.8,-2,-1.5,133.53245568341288,107.11068456825481,140.09899543342922,140.09899543342922,145.01016991335004
side-lower,0.8,-2,-1.25,128.5282288528667,102.38717036777284,134.87111361227392,134.87111361227392,139.6637749747988
side-lower,0.8,-2,-1.0,123.52400202232056,97.6636561672909,129.64323179111858,129.64323179111858,134.31738003624756
side-lower,0.8,-2,-0.75,123.64685934452078,97.60162189536888,129.89288259353555,129.89288259353555,131.69820642521603
side-lower,0.8,-2,-0.5,123.76971666672101,97.53958762344686,130.14253339595254,130.14253339595254,130.14253339595254
side-lower,0.8,-2,-0.25,123.89257398892124,97.47755335152485,130.39218419836953,130.39218419836953,130.39218419836953
side-lower,0.8,-2,0.0,124.01543131112146,97.41551907960284,130.6418350007865,130.6418350007865,126.48269445850033
side-lower,0.8,-2,0.25,127.8935851258183,101.00101013305056,134.74282011075496,134.74282011075496,125.45854036804468
side-lower,0.8,-2,0.5,131.77173894051515,104.58650118649828,138.8438052207234,138.8438052207234,124.434386277589
side-lower,0.8,-2,0.75,135.64989275521197,108.171992239946,142.94479033069183,142.94479033069183,123.41023218713332
side-lower,0.8,-2,1.0,139.5280465699088,111.7574832933937,147.0457754406603,147.0457754406603,122.38607809667766
side-lower,0.8,-2,1.25,143.32145558994108,115.24821567815863,151.0266179137081,151.0266179137081,126.5553628595296
side-lower,0.8,-2,1.5,147.11486460997338,118.73894806292355,155.0074603867559,155.0074603867559,130.72464762238155
side-lower,0.8,-2,1.75,150.90827363000565,122.22968044768848,158.9883028598037,158.9883028598037,134.89393238523348
side-lower,0.8,-2,2.0,154.70168265003792,125.7204128324534,162.9691453328515,162.9691453328515,139.0632171480854
side-lower,0.8,-2,2.25,156.8525673687347,127.47113398138674,165.23067305945395,165.23067305945395,143.06802383886338
side-lower,0.8,-2,2.5,159.00345208743147,129.22185513032008,167.4922007860564,167.4922007860564,147.07283052964132
side-lower,0.8,-2,2.75,161.1543368061282,130.97257627925342,169.75372851265882,169.75372851265882,151.07763722041926
side-lower,0.8,-2,3.0,163.305221524825,132.72329742818673,172.0152562392613,172.0152562392613,155.08244391119723
side-lower,0.8,-2,3.25,163.61363433047956,132.7308233361067,172.45741356157905,172.45741356157905,156.8451367023381
side-lower,0.8,-2,3.5,163.92204713613415,132.73834924402667,172.89957088389684,172.89957088389684,159.34632050036248
side-lower,0.8,-2,3.75,164.23045994178875,132.74587515194662,173.3417282062146,173.3417282062146,163.57095444612347
side-lower,0.8,-2,4.0,164.53887274744335,132.7534010598666,173.78388552853235,173.78388552853235,167.79558839188448
side-lower,0.8,-2,4.25,164.4435910570491,132.76677604113263,173.68072320845687,173.68072320845687,169.24615456478716
side-lower,0.8,-2,4.5,164.34830936665486,132.78015102239866,173.57756088838136,173.57756088838136,169.13436525531225
side-lower,0.8,-2,4.75,164.25302767626061,132.79352600366468,173.47439856830582,173.47439856830582,169.02257594583733
side-lower,0.8,-2,5.0,164.15774598586637,132.8069009849307,173.37123624823033,173.37123624823033,168.9107866363624
side-lower,0.8,-2,5.25,163.12351792605975,131.99350182524978,172.08213212104843,172.08213212104843,168.26075617887386
side-lower,0.8,-2,5.5,162.08928986625313,131.18010266556882,170.79302799386656,170.79302799386656,169.63426509447953
side-lower,0.8,-2,5.75,161.0550618064465,130.3667035058879,169.50392386668466,169.50392386668466,169.50392386668466
side-lower,0.8,-2,6.0,160.02083374663988,129.55330434620697,168.2148197395028,168.2148197395028,168.2148197395028
side-lower,0.8,-2,6.25,158.87257557093767,127.95344961626859,167.13913037824176,167.13913037824176,169.07869868942834
side-lower,0.8,-2,6.5,157.7243173952355,126.35359488633019,166.06344101698073,166.06344101698073,167.8939077084487
side-lower,0.8,-2,6.75,156.5760592195333,124.7537401563918,164.98775165571968,164.98775165571968,168.87158056628306
side-lower,0.8,-2,7.0,155.4278010438311,123.1538854264534,163.91206229445865,163.91206229445865,169.84925342411745
side-lower,0.8,-1,-7.0,101.57969830570156,90.36875876821105,105.6176032567601,105.6176032567601,102.55666309409551
side-lower,0.8,-1,-6.75,105.19740667417916,92.45688024939449,109.56722670700395,109.56722670700395,101.76711069370809
side-lower,0.8,-1,-6.5,108.81511504265677,94.54500173057791,113.51685015724779,113.51685015724779,103.86232718442943
side-lower,0.8,-1,-6.25,112.43282341113436,96.63312321176133,117.46647360749164,117.46647360749164,105.95754367515079
side-lower,0.8,-1,-6.0,116.05053177961197,98.72124469294477,121.41609705773547,121.41609705773547,108.05276016587214
side-lower,0.8,-1,-5.75,120.05307020464173,101.33633748216039,125.62659086373088,125.62659086373088,111.31669108640078
side-lower,0.8,-1,-5.5,124.0556086296715,103.95143027137601,129.83708466972627,129.83708466972627,114.58062200692942
side-lower,0.8,-1,-5.25,128.05814705470127,106.56652306059162,134.04757847572168,134.04757847572168,117.84455292745804
side-lower,0.8,-1,-5.0,132.060685479731,109.18161584980724,138.2580722817171,138.2580722817171,121.10848384798668
side-lower,0.8,-1,-4.75,135.510488540056,111.69568700738793,142.0553932000193,142.0553932000193,124.91059049734491
side-lower,0.8,-1,-4.5,138.96029160038097,114.20975816496863,145.8527141183215,145.8527141183215,128.71269714670316
side-lower,0.8,-1,-4.25,142.41009466070594,116.72382932254932,149.65003503662373,149.65003503662373,132.5148037960614
side-lower,0.8,-1,-4.0,145.85989772103093,119.23790048013001,153.44735595492594,153.44735595492594,136.31691044541964
side-lower,0.8,-1,-3.75,148.12462542438848,121.22318507044163,155.8967534814379,155.8967534814379,139.7854346079318
side-lower,0.8,-1,-3.5,150.38935312774606,123.20846966075325,158.34615100794989,158.34615100794989,143.25395877044397
side-lower,0.8,-1,-3.25,152.6540808311036,125.19375425106489,160.79554853446186,160.79554853446186,146.72248293295615
side-lower,0.8,-1,-3.0,154.91880853446116,127.17903884137651,163.24494606097383,163.24494606097383,150.1910070954683
side-lower,0.8,-1,-2.75,153.22540505854727,125.85571223381979,161.3594494933435,161.3594494933435,151.43289434463185
side-lower,0.8,-1,-2.5,151.53200158263337,124.53238562626305,159.47395292571318,159.47395292571318,152.6747815937954
side-lower,0.8,-1,-2.25,149.83859810671947,123.20905901870631,157.58845635808285,157.58845635808285,153.91666884295896
side-lower,0.8,-1,-2.0,148.14519463080558,121.88573241114958,155.70295979045252,155.70295979045252,150.55475907573987
side-lower,0.8,-1,-1.75,142.9342927670928,116.82879709611771,150.35656485190128,150.35656485190128,145.32687725458453
side-lower,0.8,-1,-1.5,137.72339090338005,111.77186178108583,145.01016991335004,145.01016991335004,145.01016991335004
side-lower,0.8,-1,-1.25,132.5124890396673,106.71492646605395,139.6637749747988,139.6637749747988,139.6637749747988
side-lower,0.8,-1,-1.0,127.30158717595454,101.65799115102209,134.31738003624756,134.31738003624756,134.31738003624756
side-lower,0.8,-1,-0.75,124.62903495428468,98.86823501831336,131.69820642521603,131.69820642521603,131.69820642521603
side-lower,0.8,-1,-0.5,121.95648273261482,96.07847888560462,129.07903281418447,129.07903281418447,130.14253339595254
side-lower,0.8,-1,-0.25,119.28393051094496,93.28872275289591,126.45985920315292,126.45985920315292,130.39218419836953
side-lower,0.8,-1,0.0,116.6113782892751,90.49896662018718,123.84068559212137,123.84068559212137,126.48269445850033
side-lower,0.8,-1,0.25,119.18950927029184,92.82238891326776,126.56998553242495,126.56998553242495,125.45854036804468
side-lower,0.8,-1,0.5,121.76764025130856,95.14581120634833,129.2992854727285,129.2992854727285,124.434386277589
side-lower,0.8,-1,0.75,124.34577123232529,97.4692334994289,132.0285854130321,132.0285854130321,123.41023218713332
side-lower,0.8,-1,1.0,126.92390221334203,99.79265579250948,134.75788535333567,134.75788535333567,122.38607809667766
side-lower,0.8,-1,1.25,131.80913181609304,104.36768156169356,139.7344910990205,139.7344910990205,126.5553628595296
side-lower,0.8,-1,1.5,136.6943614188441,108.94270733087762,144.7110968447053,144.7110968447053,130.72464762238155
side-lower,0.8,-1,1.75,141.57959102159512,113.5177331000617,149.68770259039013,149.68770259039013,134.89393238523348
side-lower,0.8,-1,2.0,146.46482062434615,118.09275886924578,154.66430833607498,154.66430833607498,139.0632171480854
side-lower,0.8,-1,2.25,149.38626341927082,120.57361247132373,157.67893311332284,157.67893311332284,143.06802383886338
side-lower,0.8,-1,2.5,152.3077062141955,123.05446607340168,160.69355789057073,160.69355789057073,147.07283052964132
side-lower,0.8,-1,2.75,155.2291490091202,125.53531967547963,163.7081826678186,163.7081826678186,151.07763722041926
side-lower,0.8,-1,3.0,158.15059180404486,128.01617327755758,166.72280744506645,166.72280744506645,155.08244391119723
side-lower,0.8,-1,3.25,158.68379149229602,128.19437178941783,167.38159155236536,167.38159155236536,156.8451367023381
side-lower,0.8,-1,3.5,159.2169911805472,128.37257030127807,168.04037565966428,168.04037565966428,159.34632050036248
side-lower,0.8,-1,3.75,159.75019086879837,128.5507688131383,168.6991597669632,168.6991597669632,163.57095444612347
side-lower,0.8,-1,4.0,160.28339055704953,128.72896732499854,169.3579438742621,169.3579438742621,167.79558839188448
side-lower,0.8,-1,4.25,160.07954572381038,128.65022376183902,169.24615456478716,169.24615456478716,169.24615456478716
side-lower,0.8,-1,4.5,159.87570089057124,128.57148019867952,169.13436525531225,169.13436525531225,169.13436525531225
side-lower,0.8,-1,4.75,159.6718560573321,128.49273663552,169.02257594583733,169.02257594583733,169.02257594583733
side-lower,0.8,-1,5.0,159.46801122409295,128.41399307236048,168.9107866363624,168.9107866363624,168.9107866363624
side-lower,0.8,-1,5.25,158.7112572724428,127.99008400673827,168.16773047546678,168.16773047546678,168.26075617887386
side-lower,0.8,-1,5.5,157.95450332079264,127.56617494111605,167.42467431457115,167.42467431457115,169.63426509447953
side-lower,0.8,-1,5.75,157.19774936914246,127.14226587549383,166.68161815367552,166.68161815367552,169.50392386668466
side-lower,0.8,-1,6.0,156.4409954174923,126.71835680987161,165.9385619927799,165.9385619927799,168.2148197395028
side-lower,0.8,-1,6.25,157.32344190484815,127.00964166875461,166.9162348506143,166.9162348506143,169.07869868942834
side-lower,0.8,-1,6.5,158.20588839220403,127.3009265276376,167.8939077084487,167.8939077084487,167.8939077084487
side-lower,0.8,-1,6.75,159.08833487955988,127.5922113865206,168.87158056628306,168.87158056628306,168.87158056628306
side-lower,0.8,-1,7.0,159.97078136691573,127.88349624540359,169.84925342411745,169.84925342411745,169.84925342411745
side-lower,0.8,0,-7.0,96.54903247848938,88.21962041635337,99.67189420298673,99.67189420298673,102.55666309409551
side-lower,0.8,0,-6.75,98.42809450141283,88.95018963622917,101.76711069370809,101.76711069370809,101.76711069370809
side-lower,0.8,0,-6.5,100.30715652433626,89.68075885610497,103.86232718442943,103.86232718442943,103.86232718442943
side-lower,0.8,0,-6.25,102.1862185472597,90.41132807598078,105.95754367515079,105.95754367515079,105.95754367515079
side-lower,0.8,0,-6.0,104.06528057018315,91.14189729585657,108.05276016587214,108.05276016587214,108.05276016587214
side-lower,0.8,0,-5.75,107.12779689099108,93.17846879992118,111.31669108640078,111.31669108640078,111.31669108640078
side-lower,0.8,0,-5.5,110.19031321179901,95.21504030398579,114.58062200692942,114.58062200692942,114.58062200692942
side-lower,0.8,0,-5.25,113.25282953260694,97.2516118080504,117.84455292745804,117.84455292745804,117.84455292745804
side-lower,0.8,0,-5.0,116.31534585341488,99.28818331211501,121.10848384798668,121.10848384798668,121.10848384798668
side-lower,0.8,0,-4.75,119.72721844109802,102.08753834953096,124.91059049734491,124.91059049734491,124.91059049734491
side-lower,0.8,0,-4.5,123.13909102878117,104.8868933869469,128.71269714670316,128.71269714670316,128.71269714670316
side-lower,0.8,0,-4.25,126.5509636164643,107.68624842436283,132.5148037960614,132.5148037960614,132.5148037960614
side-lower,0.8,0,-4.0,129.96283620414744,110.48560346177878,136.31691044541964,136.31691044541964,136.31691044541964
side-lower,0.8,0,-3.75,133.0769276129691,113.15044068659796,139.7854346079318,139.7854346079318,139.7854346079318
side-lower,0.8,0,-3.5,136.19101902179074,115.81527791141716,143.25395877044397,143.25395877044397,143.25395877044397
side-lower,0.8,0,-3.25,139.3051104306124,118.48011513623636,146.72248293295615,146.72248293295615,146.72248293295615
side-lower,0.8,0,-3.0,142.419201839434,121.14495236105554,150.1910070954683,150.1910070954683,150.1910070954683
side-lower,0.8,0,-2.75,143.4369240822563,121.66918635658759,151.43289434463185,151.43289434463185,151.43289434463185
side-lower,0.8,0,-2.5,144.45464632507858,122.19342035211962,152.6747815937954,152.6747815937954,152.6747815937954
side-lower,0.8,0,-2.25,145.47236856790087,122.71765434765166,153.91666884295896,153.91666884295896,153.91666884295896
side-lower,0.8,0,-2.0,146.49009081072316,123.24188834318369,155.1585560921225,155.1585560921225,150.55475907573987
side-lower,0.8,0,-1.75,144.09537909335947,120.44081348533528,152.80722263637216,152.80722263637216,145.32687725458453
side-lower,0.8,0,-1.5,141.70066737599575,117.63973862748688,150.4558891806218,150.4558891806218,145.01016991335004
side-lower,0.8,0,-1.25,139.30595565863206,114.83866376963847,148.10455572487143,148.10455572487143,139.6637749747988
side-lower,0.8,0,-1.0,136.91124394126837,112.03758891179007,145.75322226912107,145.75322226912107,134.31738003624756
side-lower,0.8,0,-0.75,132.0345534461732,106.85240961578587,140.9355903164659,140.9355903164659,131.69820642521603
side-lower,0.8,0,-0.5,127.15786295107799,101.66723031978168,136.11795836381071,136.11795836381071,130.14253339595254
side-lower,0.8,0,-0.25,122.28117245598281,96.48205102377749,131.30032641115554,131.30032641115554,130.39218419836953
side-lower,0.8,0,0.0,117.40448196088762,91.2968717277733,126.48269445850033,126.48269445850033,126.48269445850033
side-lower,0.8,0,0.25,116.32030293250153,89.81242025953645,125.45854036804468,125.45854036804468,125.45854036804468
side-lower,0.8,0,0.5,115.23612390411544,88.3279687912996,124.434386277589,124.434386277589,124.434386277589
side-lower,0.8,0,0.75,114.15194487572936,86.84351732306276,123.41023218713332,123.41023218713332,123.41023218713332
side-lower,0.8,0,1.0,113.06776584734327,85.3590658548259,122.38607809667766,122.38607809667766,122.38607809667766
side-lower,0.8,0,1.25,117.30140909128329,89.17749977978815,126.5553628595296,126.5553628595296,126.5553628595296
side-lower,0.8,0,1.5,121.5350523352233,92.99593370475037,130.72464762238155,130.72464762238155,130.72464762238155
side-lower,0.8,0,1.75,125.7686955791633,96.81436762971259,134.89393238523348,134.89393238523348,134.89393238523348
side-lower,0.8,0,2.0,130.00233882310332,100.63280155467484,139.0632171480854,139.0632171480854,139.0632171480854
side-lower,0.8,0,2.25,133.972973016475,104.2802435540425,143.06802383886338,143.06802383886338,143.06802383886338
side-lower,0.8,0,2.5,137.94360720984668,107.92768555341017,147.07283052964132,147.07283052964132,147.07283052964132
side-lower,0.8,0,2.75,141.91424140321834,111.57512755277784,151.07763722041926,151.07763722041926,151.07763722041926
side-lower,0.8,0,3.0,145.88487559659004,115.2225695521455,155.08244391119723,155.08244391119723,155.08244391119723
side-lower,0.8,0,3.25,147.62745116921553,116.78491357339487,156.8451367023381,156.8451367023381,156.8451367023381
side-lower,0.8,0,3.5,149.37002674184106,118.34725759464423,158.607829493479,158.607829493479,159.34632050036248
side-lower,0.8,0,3.75,151.11260231446659,119.90960161589359,160.37052228461988,160.37052228461988,163.57095444612347
side-lower,0.8,0,4.0,152.85517788709208,121.47194563714297,162.13321507576075,162.13321507576075,167.79558839188448
side-lower,0.8,0,4.25,153.5284280714879,122.30494705193902,162.90453430796893,162.90453430796893,169.24615456478716
side-lower,0.8,0,4.5,154.20167825588368,123.13794846673508,163.67585354017712,163.67585354017712,169.13436525531225
side-lower,0.8,0,4.75,154.87492844027946,123.97094988153114,164.4471727723853,164.4471727723853,169.02257594583733
side-lower,0.8,0,5.0,155.54817862467524,124.8039512963272,165.2184920045935,165.2184920045935,168.9107866363624
side-lower,0.8,0,5.25,155.9394250608881,125.53254432174639,165.86436888541598,165.86436888541598,168.26075617887386
side-lower,0.8,0,5.5,156.33067149710098,126.26113734716557,166.51024576623848,166.51024576623848,169.63426509447953
side-lower,0.8,0,5.75,156.72191793331385,126.98973037258477,167.156122647061,167.156122647061,169.50392386668466
side-lower,0.8,0,6.0,157.11316436952671,127.71832339800396,167.8019995278835,167.8019995278835,168.2148197395028
side-lower,0.8,0,6.25,158.38417654035732,128.8776155762042,169.07869868942834,169.07869868942834,169.07869868942834
side-lower,0.8,0,6.5,159.6551887111879,130.03690775440444,170.35539785097316,170.35539785097316,167.8939077084487
side-lower,0.8,0,6.75,160.92620088201846,131.19619993260466,171.632097012518,171.632097012518,168.87158056628306
side-lower,0.8,0,7.0,162.19721305284907,132.3554921108049,172.90879617406281,172.90879617406281,169.84925342411745
side-lower,0.8,1,-7.0,94.64987286363858,89.24520849669173,97.29807364159066,97.29807364159066,102.55666309409551
side-lower,0.8,1,-6.75,95.03285477924868,88.87284059070507,97.79382717922576,97.79382717922576,101.76711069370809
side-lower,0.8,1,-6.5,95.41583669485877,88.50047268471837,98.28958071686085,98.28958071686085,103.86232718442943
side-lower,0.8,1,-6.25,95.79881861046887,88.12810477873168,98.78533425449595,98.78533425449595,105.95754367515079
side-lower,0.8,1,-6.0,96.18180052607897,87.75573687274502,99.28108779213105,99.28108779213105,108.05276016587214
side-lower,0.8,1,-5.75,97.43232477409458,88.37045326472432,100.72048099349698,100.72048099349698,111.31669108640078
side-lower,0.8,1,-5.5,98.68284902211019,88.98516965670362,102.15987419486294,102.15987419486294,114.58062200692942
side-lower,0.8,1,-5.25,99.93337327012578,89.59988604868292,103.5992673962289,103.5992673962289,117.84455292745804
side-lower,0.8,1,-5.0,101.18389751814139,90.21460244066222,105.03866059759483,105.03866059759483,121.10848384798668
side-lower,0.8,1,-4.75,103.79429504502889,92.4409952671057,107.94547020129626,107.94547020129626,124.91059049734491
side-lower,0.8,1,-4.5,106.40469257191639,94.6673880935492,110.85227980499766,110.85227980499766,128.71269714670316
side-lower,0.8,1,-4.25,109.01509009880388,96.89378091999271,113.75908940869908,113.75908940869908,132.5148037960614
side-lower,0.8,1,-4.0,111.62548762569138,99.1201737464362,116.66589901240052,116.66589901240052,136.31691044541964
side-lower,0.8,1,-3.75,114.82383087145661,101.6801013845245,120.25599979914558,120.25599979914558,139.7854346079318
side-lower,0.8,1,-3.5,118.02217411722185,104.24002902261282,123.84610058589067,123.84610058589067,143.25395877044397
side-lower,0.8,1,-3.25,121.22051736298708,106.79995666070113,127.43620137263574,127.43620137263574,146.72248293295615
side-lower,0.8,1,-3.0,124.41886060875231,109.35988429878944,131.0263021593808,131.0263021593808,150.1910070954683
side-lower,0.8,1,-2.75,127.21384712387672,111.0565594519913,134.33889450240807,134.33889450240807,151.43289434463185
side-lower,0.8,1,-2.5,130.00883363900112,112.75323460519317,137.65148684543533,137.65148684543533,152.6747815937954
side-lower,0.8,1,-2.25,132.80382015412553,114.44990975839505,140.96407918846262,140.96407918846262,153.91666884295896
side-lower,0.8,1,-2.0,135.59880666924994,116.14658491159692,144.27667153148988,144.27667153148988,150.55475907573987
side-lower,0.8,1,-1.75,136.36465807029873,116.0375198797217,145.26492260824503,145.26492260824503,145.32687725458453
side-lower,0.8,1,-1.5,137.13050947134752,115.92845484784647,146.2531736850002,146.2531736850002,145.01016991335004
side-lower,0.8,1,-1.25,137.89636087239631,115.81938981597123,147.24142476175538,147.24142476175538,139.6637749747988
side-lower,0.8,1,-1.0,138.6622122734451,115.71032478409602,148.22967583851053,148.22967583851053,134.31738003624756
side-lower,0.8,1,-0.75,133.86161345286433,110.26786357798997,143.55392567530419,143.55392567530419,131.69820642521603
side-lower,0.8,1,-0.5,129.06101463228356,104.82540237188394,138.87817551209784,138.87817551209784,130.14253339595254
side-lower,0.8,1,-0.25,124.26041581170276,99.3829411657779,134.2024253488915,134.2024253488915,130.39218419836953
side-lower,0.8,1,0.0,119.45981699112198,93.94047995967185,129.52667518568515,129.52667518568515,126.48269445850033
side-lower,0.8,1,0.25,115.1448000413251,88.98983037514076,125.25918182454768,125.25918182454768,125.45854036804468
side-lower,0.8,1,0.5,110.82978309152821,84.03918079060966,120.99168846341018,120.99168846341018,124.434386277589
side-lower,0.8,1,0.75,106.51476614173134,79.08853120607856,116.72419510227269,116.72419510227269,123.41023218713332
side-lower,0.8,1,1.0,102.19974919193446,74.13788162154746,112.45670174113522,112.45670174113522,122.38607809667766
side-lower,0.8,1,1.25,104.95891341748118,76.35772523586434,115.08904474430379,115.08904474430379,126.5553628595296
side-lower,0.8,1,1.5,107.71807764302793,78.57756885018122,117.72138774747238,117.72138774747238,130.72464762238155
side-lower,0.8,1,1.75,110.47724186857467,80.7974124644981,120.35373075064095,120.35373075064095,134.89393238523348
side-lower,0.8,1,2.0,113.23640609412139,83.01725607881497,122.98607375380953,122.98607375380953,139.0632171480854
side-lower,0.8,1,2.25,118.88662539920739,88.45334275690658,128.60063120880818,128.60063120880818,143.06802383886338
side-lower,0.8,1,2.5,124.53684470429337,93.8894294349982,134.21518866380686,134.21518866380686,147.07283052964132
side-lower,0.8,1,2.75,130.18706400937938,99.32551611308983,139.82974611880553,139.82974611880553,151.07763722041926
side-lower,0.8,1,3.0,135.83728331446537,104.76160279118145,145.44430357380418,145.44430357380418,155.08244391119723
side-lower,0.8,1,3.25,139.44292788160539,108.38500229489776,149.01453507912652,149.01453507912652,156.8451367023381
side-lower,0.8,1,3.5,143.0485724487454,112.00840179861406,152.58476658444883,152.58476658444883,159.34632050036248
side-lower,0.8,1,3.75,146.6542170158854,115.63180130233036,156.15499808977114,156.15499808977114,163.57095444612347
side-lower,0.8,1,4.0,150.2598615830254,119.25520080604667,159.72522959509348,159.72522959509348,167.79558839188448
side-lower,0.8,1,4.25,151.98706270941167,121.18021923210173,161.51573401213716,161.51573401213716,169.24615456478716
side-lower,0.8,1,4.5,153.71426383579794,123.1052376581568,163.30623842918084,163.30623842918084,169.13436525531225
side-lower,0.8,1,4.75,155.4414649621842,125.03025608421186,165.09674284622452,165.09674284622452,169.02257594583733
side-lower,0.8,1,5.0,157.16866608857046,126.95527451026692,166.8872472632682,166.8872472632682,168.9107866363624
side-lower,0.8,1,5.25,158.19063945465075,128.32063032793084,168.26075617887386,168.26075617887386,168.26075617887386
side-lower,0.8,1,5.5,159.21261282073107,129.68598614559477,169.63426509447953,169.63426509447953,169.63426509447953
side-lower,0.8,1,5.75,160.23458618681138,131.0513419632587,171.0077740100852,171.0077740100852,169.50392386668466
side-lower,0.8,1,6.0,161.25655955289167,132.41669778092262,172.3812829256909,172.3812829256909,168.2148197395028
side-lower,0.8,1,6.25,160.97600165222374,132.66098717214055,171.93712356502044,171.93712356502044,169.07869868942834
side-lower,0.8,1,6.5,160.69544375155579,132.90527656335848,171.49296420435002,171.49296420435002,167.8939077084487
side-lower,0.8,1,6.75,160.41488585088786,133.1495659545764,171.0488048436796,171.0488048436796,168.87158056628306
side-lower,0.8,1,7.0,160.13432795021993,133.39385534579432,170.60464548300916,170.60464548300916,169.84925342411745
side-lower,0.8,2,-7.0,99.87285252664643,96.57197298826048,102.55666309409551,102.55666309409551,102.55666309409551
side-lower,0.8,2,-6.75,98.41743015874634,94.62987533391217,101.18227876234332,101.18227876234332,101.76711069370809
side-lower,0.8,2,-6.5,96.96200779084624,92.68777767956385,99.80789443059112,99.80789443059112,103.86232718442943
side-lower,0.8,2,-6.25,95.50658542294616,90.74568002521552,98.43351009883892,98.43351009883892,105.95754367515079
side-lower,0.8,2,-6.0,94.05116305504606,88.8035823708672,97.05912576708671,97.05912576708671,108.05276016587214
side-lower,0.8,2,-5.75,94.19500249133951,88.53143455453271,97.36656002152229,97.36656002152229,111.31669108640078
side-lower,0.8,2,-5.5,94.33884192763296,88.25928673819823,97.67399427595785,97.67399427595785,114.58062200692942
side-lower,0.8,2,-5.25,94.48268136392639,87.98713892186373,97.98142853039342,97.98142853039342,117.84455292745804
side-lower,0.8,2,-5.0,94.62652080021984,87.71499110552924,98.28886278482899,98.28886278482899,121.10848384798668
side-lower,0.8,2,-4.75,95.80204542289684,88.62643157509197,99.64062589595808,99.64062589595808,124.91059049734491
side-lower,0.8,2,-4.5,96.97757004557386,89.53787204465472,100.99238900708717,100.99238900708717,128.71269714670316
side-lower,0.8,2,-4.25,98.15309466825086,90.44931251421745,102.34415211821626,102.34415211821626,132.5148037960614
side-lower,0.8,2,-4.0,99.32861929092786,91.3607529837802,103.69591522934535,103.69591522934535,136.31691044541964
side-lower,0.8,2,-3.75,100.64148169519194,92.03413115676719,105.30887758105739,105.30887758105739,139.7854346079318
side-lower,0.8,2,-3.5,101.95434409945602,92.70750932975419,106.92183993276944,106.92183993276944,143.25395877044397
side-lower,0.8,2,-3.25,103.26720650372012,93.38088750274119,108.53480228448149,108.53480228448149,146.72248293295615
side-lower,0.8,2,-3.0,104.5800689079842,94.05426567572817,110.14776463619353,110.14776463619353,150.1910070954683
side-lower,0.8,2,-2.75,107.15869477606502,95.42912652688732,113.1750972473522,113.1750972473522,151.43289434463185
side-lower,0.8,2,-2.5,109.73732064414584,96.80398737804646,116.20242985851085,116.20242985851085,152.6747815937954
side-lower,0.8,2,-2.25,112.31594651222666,98.1788482292056,119.22976246966951,119.22976246966951,153.91666884295896
side-lower,0.8,2,-2.0,114.89457238030748,99.55370908036474,122.25709508082818,122.25709508082818,150.55475907573987
side-lower,0.8,2,-1.75,116.58735811034259,100.15004488671593,124.15162510907882,124.15162510907882,145.32687725458453
side-lower,0.8,2,-1.5,118.28014384037769,100.74638069306714,126.04615513732946,126.04615513732946,145.01016991335004
side-lower,0.8,2,-1.25,119.9729295704128,101.34271649941833,127.9406851655801,127.9406851655801,139.6637749747988
side-lower,0.8,2,-1.0,121.66571530044791,101.93905230576954,129.83521519383075,129.83521519383075,134.31738003624756
side-lower,0.8,2,-0.75,118.92435173476562,98.11407979272644,127.23955890671715,127.23955890671715,131.69820642521603
side-lower,0.8,2,-0.5,116.18298816908333,94.28910727968338,124.64390261960355,124.64390261960355,130.14253339595254
side-lower,0.8,2,-0.25,113.44162460340104,90.46413476664031,122.04824633248995,122.04824633248995,130.39218419836953
side-lower,0.8,2,0.0,110.70026103771875,86.63916225359722,119.45259004537635,119.45259004537635,126.48269445850033
side-lower,0.8,2,0.25,107.69629345516611,82.61897828284961,116.56028218719413,116.56028218719413,125.45854036804468
side-lower,0.8,2,0.5,104.69232587261348,78.59879431210197,113.66797432901191,113.66797432901191,124.434386277589
side-lower,0.8,2,0.75,101.68835829006085,74.57861034135435,110.77566647082969,110.77566647082969,123.41023218713332
side-lower,0.8,2,1.0,98.68439070750821,70.55842637060672,107.88335861264748,107.88335861264748,122.38607809667766
side-lower,0.8,2,1.25,102.31799082486596,73.52140085509957,111.53472117313883,111.53472117313883,126.5553628595296
side-lower,0.8,2,1.5,105.9515909422237,76.48437533959242,115.1860837336302,115.1860837336302,130.72464762238155
side-lower,0.8,2,1.75,109.58519105958145,79.44734982408526,118.83744629412156,118.83744629412156,134.89393238523348
side-lower,0.8,2,2.0,113.21879117693919,82.41032430857811,122.48880885461291,122.48880885461291,139.0632171480854
side-lower,0.8,2,2.25,120.28950159585726,89.31953633242875,129.59086979316982,129.59086979316982,143.06802383886338
side-lower,0.8,2,2.5,127.36021201477533,96.2287483562794,136.69293073172668,136.69293073172668,147.07283052964132
side-lower,0.8,2,2.75,134.4309224336934,103.13796038013004,143.79499167028357,143.79499167028357,151.07763722041926
side-lower,0.8,2,3.0,141.50163285261146,110.04717240398068,150.89705260884045,150.89705260884045,155.08244391119723
side-lower,0.8,2,3.25,145.6948227817751,114.39013319900776,155.12168655460147,155.12168655460147,156.8451367023381
side-lower,0.8,2,3.5,149.8880127109387,118.73309399403483,159.34632050036248,159.34632050036248,159.34632050036248
side-lower,0.8,2,3.75,154.08120264010233,123.07605478906191,163.57095444612347,163.57095444612347,163.57095444612347
side-lower,0.8,2,4.0,158.27439256926596,127.41901558408898,167.79558839188448,167.79558839188448,167.79558839188448
side-lower,0.8,2,4.25,159.74727167226396,129.08758617380192,169.32718970952595,169.32718970952595,169.24615456478716
side-lower,0.8,2,4.5,161.22015077526197,130.7561567635149,170.85879102716746,170.85879102716746,169.13436525531225
side-lower,0.8,2,4.75,162.69302987825995,132.42472735322787,172.390392344809,172.390392344809,169.02257594583733
side-lower,0.8,2,5.0,164.16590898125796,134.0932979429408,173.92199366245046,173.92199366245046,168.9107866363624
side-lower,0.8,2,5.25,164.17832259420388,134.48186867499288,174.13470263913646,174.13470263913646,168.26075617887386
side-lower,0.8,2,5.5,164.19073620714983,134.87043940704496,174.34741161582244,174.34741161582244,169.63426509447953
side-lower,0.8,2,5.75,164.20314982009575,135.259010139097,174.56012059250844,174.56012059250844,169.50392386668466
side-lower,0.8,2,6.0,164.21556343304167,135.64758087114907,174.7728295691944,174.7728295691944,168.2148197395028
side-lower,0.8,2,6.25,161.0053104284192,133.78342472917726,171.12744855803584,171.12744855803584,169.07869868942834
side-lower,0.8,2,6.5,157.79505742379672,131.91926858720547,167.4820675468773,167.4820675468773,167.8939077084487
side-lower,0.8,2,6.75,154.58480441917425,130.05511244523365,163.83668653571874,163.83668653571874,168.87158056628306
side-lower,0.8,2,7.0,151.37455141455177,128.19095630326183,160.19130552456016,160.19130552456016,169.84925342411745
lower-neck,0.8,-2,-7.0,166.81918711912448,134.72726686472947,176.2357597302425,176.2357597302425,176.2357597302425
lower-neck,0.8,-2,-6.75,166.15382683580995,134.2471753947798,175.51962885973944,175.51962885973944,175.51962885973944
lower-neck,0.8,-2,-6.5,165.48846655249542,133.7670839248301,174.8034979892364,174.8034979892364,174.47597907460187
lower-neck,0.8,-2,-6.25,164.8231062691809,133.2869924548804,174.08736711873337,174.08736711873337,173.24561765693156
lower-neck,0.8,-2,-6.0,164.15774598586637,132.8069009849307,173.37123624823033,173.37123624823033,172.0152562392613
lower-neck,0.8,-2,-5.75,162.985312295423,131.70867400678816,172.25612384526335,172.25612384526335,170.69214404071258
lower-neck,0.8,-2,-5.5,161.81287860497966,130.61044702864558,171.14101144229636,171.14101144229636,169.36903184216388
lower-neck,0.8,-2,-5.25,160.64044491453632,129.51222005050303,170.02589903932937,170.02589903932937,168.04591964361515
lower-neck,0.8,-2,-5.0,159.46801122409295,128.41399307236048,168.9107866363624,168.9107866363624,166.72280744506645
lower-neck,0.8,-2,-4.75,158.4880530742385,127.51148262835216,167.98771297842018,167.98771297842018,163.81271656159913
lower-neck,0.8,-2,-4.5,157.5080949243841,126.60897218434384,167.06463932047794,167.06463932047794,160.90262567813184
lower-neck,0.8,-2,-4.25,156.52813677452968,125.70646174033551,166.1415656625357,166.1415656625357,157.99253479466455
lower-neck,0.8,-2,-4.0,155.54817862467524,124.8039512963272,165.2184920045935,165.2184920045935,155.08244391119723
lower-neck,0.8,-2,-3.75,155.95330049064904,125.34178209981212,165.63568081926218,165.63568081926218,152.67290882684898
lower-neck,0.8,-2,-3.5,156.35842235662284,125.87961290329706,166.05286963393084,166.05286963393084,150.2633737425007
lower-neck,0.8,-2,-3.25,156.76354422259664,126.417443706782,166.4700584485995,166.4700584485995,147.85383865815243
lower-neck,0.8,-2,-3.0,157.16866608857046,126.95527451026692,166.8872472632682,166.8872472632682,145.44430357380418
lower-neck,0.8,-2,-2.75,158.91797681174234,128.7397803684354,168.64593386306376,168.64593386306376,146.80749083256325
lower-neck,0.8,-2,-2.5,160.6672875349142,130.52428622660386,170.40462046285933,170.40462046285933,148.17067809132232
lower-neck,0.8,-2,-2.25,162.41659825808608,132.30879208477234,172.1633070626549,172.1633070626549,149.53386535008138
lower-neck,0.8,-2,-2.0,164.16590898125796,134.0932979429408,173.92199366245046,173.92199366245046,150.89705260884045
lower-neck,0.8,-2,-1.75,165.25580145936524,135.25183161846746,175.07347922180668,175.07347922180668,154.04401607114482
lower-neck,0.8,-2,-1.5,166.34569393747256,136.4103652939941,176.22496478116284,176.22496478116284,157.19097953344922
lower-neck,0.8,-2,-1.25,167.43558641557985,137.56889896952072,177.376450340519,177.376450340519,160.33794299575362
lower-neck,0.8,-2,-1.0,168.52547889368714,138.72743264504737,178.52793589987522,178.52793589987522,163.484906458058
lower-neck,0.8,-2,-0.75,167.6335474803397,137.9348759816708,177.6947885212873,177.6947885212873,164.31569855547326
lower-neck,0.8,-2,-0.5,166.74161606699226,137.14231931829428,176.86164114269943,176.86164114269943,165.14649065288856
lower-neck,0.8,-2,-0.25,165.8496846536448,136.34976265491775,176.02849376411154,176.02849376411154,165.97728275030386
lower-neck,0.8,-2,0.0,164.95775324029736,135.5572059915412,175.19534638552364,175.19534638552364,166.80807484771913
lower-neck,0.8,-2,0.25,162.87912517237982,133.77589024081016,172.97516313830502,172.97516313830502,165.6146060948457
lower-neck,0.8,-2,0.5,160.80049710446224,131.99457449007915,170.7549798910864,170.7549798910864,164.42113734197227
lower-neck,0.8,-2,0.75,158.7218690365447,130.21325873934813,168.5347966438678,168.5347966438678,163.2276685890988
lower-neck,0.8,-2,1.0,156.64324096862714,128.4319429886171,166.31461339664918,166.31461339664918,162.03419983622538
lower-neck,0.8,-2,1.25,154.91597805556574,127.30922189001032,164.27384589412134,164.27384589412134,161.2980634201874
lower-neck,0.8,-2,1.5,153.18871514250432,126.18650079140355,162.23307839159352,162.23307839159352,160.56192700414942
lower-neck,0.8,-2,1.75,151.4614522294429,125.06377969279677,160.1923108890657,160.1923108890657,159.82579058811143
lower-neck,0.8,-2,2.0,149.7341893163815,123.94105859419,158.15154338653787,158.15154338653787,158.15154338653787
lower-neck,0.8,-2,2.25,148.73758138019213,123.24842626265684,156.95357747692998,156.95357747692998,156.95357747692998
lower-neck,0.8,-2,2.5,147.74097344400272,122.55579393112369,155.7556115673221,155.7556115673221,155.7556115673221
lower-neck,0.8,-2,2.75,146.7443655078133,121.86316159959053,154.5576456577142,154.5576456577142,154.5576456577142
lower-neck,0.8,-2,3.0,145.74775757162394,121.17052926805738,153.35967974810632,153.35967974810632,153.35967974810632
lower-neck,0.8,-2,3.25,145.00609947154948,120.47844945358206,152.44752579741623,152.44752579741623,152.44752579741623
lower-neck,0.8,-2,3.5,144.26444137147502,119.78636963910674,151.53537184672618,151.53537184672618,151.53537184672618
lower-neck,0.8,-2,3.75,143.52278327140056,119.09428982463143,150.62321789603612,150.62321789603612,150.62321789603612
lower-neck,0.8,-2,4.0,142.78112517132612,118.40221001015611,149.71106394534604,149.71106394534604,149.71106394534604
lower-neck,0.8,-2,4.25,142.39155784724966,118.05413182474476,149.1400439762623,149.1400439762623,149.1400439762623
lower-neck,0.8,-2,4.5,142.00199052317322,117.7060536393334,148.5690240071785,148.5690240071785,148.5690240071785
lower-neck,0.8,-2,4.75,141.61242319909678,117.35797545392205,147.99800403809473,147.99800403809473,147.99800403809473
lower-neck,0.8,-2,5.0,141.22285587502034,117.0098972685107,147.42698406901098,147.42698406901098,147.42698406901098
lower-neck,0.8,-2,5.25,141.1927070002737,117.13944526598726,147.42366424390337,147.42366424390337,147.42366424390337
lower-neck,0.8,-2,5.5,141.16255812552708,117.26899326346384,147.42034441879576,147.42034441879576,147.42034441879576
lower-neck,0.8,-2,5.75,141.13240925078048,117.39854126094042,147.41702459368815,147.41702459368815,147.41702459368815
lower-neck,0.8,-2,6.0,141.10226037603385,117.52808925841698,147.41370476858052,147.41370476858052,147.41370476858052
lower-neck,0.8,-2,6.25,142.09449476893766,118.7631239778726,148.58038842958112,148.58038842958112,148.58038842958112
lower-neck,0.8,-2,6.5,143.08672916184148,119.9981586973282,149.7470720905817,149.7470720905817,149.7470720905817
lower-neck,0.8,-2,6.75,144.0789635547453,121.23319341678379,150.91375575158227,150.91375575158227,150.91375575158227
lower-neck,0.8,-2,7.0,145.0711979476491,122.4682281362394,152.08043941258288,152.08043941258288,152.08043941258288
lower-neck,0.8,-1,-7.0,167.6224307694277,135.32264120957808,177.41722039241546,177.41722039241546,176.2357597302425
lower-neck,0.8,-1,-6.75,166.8515412639316,134.6803311721502,176.5088866764447,176.5088866764447,175.51962885973944
lower-neck,0.8,-1,-6.5,166.08065175843552,134.03802113472233,175.60055296047392,175.60055296047392,174.47597907460187
lower-neck,0.8,-1,-6.25,165.30976225293944,133.39571109729445,174.69221924450312,174.69221924450312,173.24561765693156
lower-neck,0.8,-1,-6.0,164.53887274744335,132.7534010598666,173.78388552853235,173.78388552853235,172.0152562392613
lower-neck,0.8,-1,-5.75,163.47500219984488,131.74729262614957,172.6774001149648,172.6774001149648,170.69214404071258
lower-neck,0.8,-1,-5.5,162.41113165224644,130.74118419243257,171.57091470139721,171.57091470139721,169.36903184216388
lower-neck,0.8,-1,-5.25,161.347261104648,129.73507575871557,170.46442928782966,170.46442928782966,168.04591964361515
lower-neck,0.8,-1,-5.0,160.28339055704953,128.72896732499854,169.3579438742621,169.3579438742621,166.72280744506645
lower-neck,0.8,-1,-4.75,158.42633738956016,126.91471190303466,167.55176167463677,167.55176167463677,163.81271656159913
lower-neck,0.8,-1,-4.5,156.5692842220708,125.10045648107075,165.74557947501143,165.74557947501143,160.90262567813184
lower-neck,0.8,-1,-4.25,154.71223105458145,123.28620105910684,163.93939727538609,163.93939727538609,157.99253479466455
lower-neck,0.8,-1,-4.0,152.85517788709208,121.47194563714297,162.13321507576075,162.13321507576075,155.08244391119723
lower-neck,0.8,-1,-3.75,152.20634881107543,120.91775942936889,161.53121870559391,161.53121870559391,152.67290882684898
lower-neck,0.8,-1,-3.5,151.55751973505875,120.36357322159482,160.9292223354271,160.9292223354271,150.2633737425007
lower-neck,0.8,-1,-3.25,150.90869065904207,119.80938701382075,160.3272259652603,160.3272259652603,147.85383865815243
lower-neck,0.8,-1,-3.0,150.2598615830254,119.25520080604667,159.72522959509348,159.72522959509348,145.44430357380418
lower-neck,0.8,-1,-2.75,152.26349432958554,121.29615450055725,161.74281929429122,161.74281929429122,146.80749083256325
lower-neck,0.8,-1,-2.5,154.2671270761457,123.33710819506783,163.76040899348897,163.76040899348897,148.17067809132232
lower-neck,0.8,-1,-2.25,156.27075982270583,125.3780618895784,165.7779986926867,165.7779986926867,149.53386535008138
lower-neck,0.8,-1,-2.0,158.27439256926596,127.41901558408898,167.79558839188448,167.79558839188448,150.89705260884045
lower-neck,0.8,-1,-1.75,160.17696924491585,129.36177168238243,169.75798884364707,169.75798884364707,154.04401607114482
lower-neck,0.8,-1,-1.5,162.07954592056575,131.30452778067584,171.7203892954097,171.7203892954097,157.19097953344922
lower-neck,0.8,-1,-1.25,163.98212259621565,133.24728387896926,173.68278974717234,173.68278974717234,160.33794299575362
lower-neck,0.8,-1,-1.0,165.88469927186554,135.1900399772627,175.64519019893493,175.64519019893493,163.484906458058
lower-neck,0.8,-1,-0.75,165.33440628895033,134.66951607754783,175.1556988876917,175.1556988876917,164.31569855547326
lower-neck,0.8,-1,-0.5,164.78411330603512,134.14899217783295,174.66620757644841,174.66620757644841,165.14649065288856
lower-neck,0.8,-1,-0.25,164.2338203231199,133.62846827811805,174.17671626520513,174.17671626520513,165.97728275030386
lower-neck,0.8,-1,0.0,163.68352734020468,133.10794437840318,173.6872249539619,173.6872249539619,166.80807484771913
lower-neck,0.8,-1,0.25,162.16850024473405,131.6476271334397,172.09449628778376,172.09449628778376,165.6146060948457
lower-neck,0.8,-1,0.5,160.65347314926345,130.18730988847622,170.5017676216056,170.5017676216056,164.42113734197227
lower-neck,0.8,-1,0.75,159.13844605379285,128.72699264351274,168.9090389554275,168.9090389554275,163.2276685890988
lower-neck,0.8,-1,1.0,157.62341895832225,127.26667539854925,167.31631028924934,167.31631028924934,162.03419983622538
lower-neck,0.8,-1,1.25,157.1340669371108,126.90281289184844,166.60055444857147,166.60055444857147,161.2980634201874
lower-neck,0.8,-1,1.5,156.64471491589933,126.53895038514764,165.88479860789357,165.88479860789357,160.56192700414942
lower-neck,0.8,-1,1.75,156.15536289468787,126.17508787844683,165.1690427672157,165.1690427672157,159.82579058811143
lower-neck,0.8,-1,2.0,155.6660108734764,125.81122537174602,164.45328692653783,164.45328692653783,158.15154338653787
lower-neck,0.8,-1,2.25,155.78287988740476,126.03767722272076,164.43858440031818,164.43858440031818,156.95357747692998
lower-neck,0.8,-1,2.5,155.8997489013331,126.26412907369547,164.42388187409853,164.42388187409853,155.7556115673221
lower-neck,0.8,-1,2.75,156.01661791526146,126.49058092467018,164.40917934787888,164.40917934787888,154.5576456577142
lower-neck,0.8,-1,3.0,156.13348692918984,126.71703277564492,164.39447682165923,164.39447682165923,153.35967974810632
lower-neck,0.8,-1,3.25,156.34083226692783,127.01306553580406,164.58854138658273,164.58854138658273,152.44752579741623
lower-neck,0.8,-1,3.5,156.54817760466585,127.3090982959632,164.78260595150627,164.78260595150627,151.53537184672618
lower-neck,0.8,-1,3.75,156.75552294240384,127.60513105612233,164.9766705164298,164.9766705164298,150.62321789603612
lower-neck,0.8,-1,4.0,156.96286828014183,127.90116381628147,165.1707350813533,165.1707350813533,149.71106394534604
lower-neck,0.8,-1,4.25,156.97969639277352,128.02845457255228,165.17278664970763,165.17278664970763,149.1400439762623
lower-neck,0.8,-1,4.5,156.99652450540518,128.15574532882306,165.17483821806192,165.17483821806192,148.5690240071785
lower-neck,0.8,-1,4.75,157.01335261803683,128.28303608509387,165.1768897864162,165.1768897864162,147.99800403809473
lower-neck,0.8,-1,5.0,157.03018073066852,128.41032684136468,165.17894135477053,165.17894135477053,147.42698406901098
lower-neck,0.8,-1,5.25,156.56787255594193,128.19038057978634,164.7397655071211,164.7397655071211,147.42366424390337
lower-neck,0.8,-1,5.5,156.10556438121534,127.970434318208,164.30058965947165,164.30058965947165,147.42034441879576
lower-neck,0.8,-1,5.75,155.64325620648873,127.75048805662966,163.86141381182222,163.86141381182222,147.41702459368815
lower-neck,0.8,-1,6.0,155.18094803176214,127.53054179505133,163.42223796417278,163.42223796417278,147.41370476858052
lower-neck,0.8,-1,6.25,155.18951551322638,127.79249428115048,163.42717226055032,163.42717226055032,148.58038842958112
lower-neck,0.8,-1,6.5,155.19808299469062,128.05444676724963,163.43210655692786,163.43210655692786,149.7470720905817
lower-neck,0.8,-1,6.75,155.20665047615486,128.31639925334878,163.4370408533054,163.4370408533054,150.91375575158227
lower-neck,0.8,-1,7.0,155.2152179576191,128.57835173944792,163.44197514968297,163.44197514968297,152.08043941258288
lower-neck,0.8,0,-7.0,167.36954369676954,135.25676720937778,176.9367019099424,176.9367019099424,176.2357597302425
lower-neck,0.8,0,-6.75,166.3534631537834,134.62339976408,175.70634049227215,175.70634049227215,175.51962885973944
lower-neck,0.8,0,-6.5,165.33738261079725,133.99003231878226,174.47597907460187,174.47597907460187,174.47597907460187
lower-neck,0.8,0,-6.25,164.32130206781113,133.3566648734845,173.24561765693156,173.24561765693156,173.24561765693156
lower-neck,0.8,0,-6.0,163.305221524825,132.72329742818673,172.0152562392613,172.0152562392613,172.0152562392613
lower-neck,0.8,0,-5.75,162.01656409462996,131.54651639052946,170.69214404071258,170.69214404071258,170.69214404071258
lower-neck,0.8,0,-5.5,160.72790666443493,130.36973535287217,169.36903184216388,169.36903184216388,169.36903184216388
lower-neck,0.8,0,-5.25,159.4392492342399,129.19295431521488,168.04591964361515,168.04591964361515,168.04591964361515
lower-neck,0.8,0,-5.0,158.15059180404486,128.01617327755758,166.72280744506645,166.72280744506645,166.72280744506645
lower-neck,0.8,0,-4.75,155.08416275218116,124.81777234620456,163.81271656159913,163.81271656159913,163.81271656159913
lower-neck,0.8,0,-4.5,152.01773370031745,121.61937141485154,160.90262567813184,160.90262567813184,160.90262567813184
lower-neck,0.8,0,-4.25,148.95130464845374,118.42097048349852,157.99253479466455,157.99253479466455,157.99253479466455
lower-neck,0.8,0,-4.0,145.88487559659004,115.2225695521455,155.08244391119723,155.08244391119723,155.08244391119723
lower-neck,0.8,0,-3.75,143.37297752605886,112.60732786190448,152.67290882684898,152.67290882684898,152.67290882684898
lower-neck,0.8,0,-3.5,140.86107945552772,109.99208617166347,150.2633737425007,150.2633737425007,150.2633737425007
lower-neck,0.8,0,-3.25,138.34918138499654,107.37684448142247,147.85383865815243,147.85383865815243,147.85383865815243
lower-neck,0.8,0,-3.0,135.83728331446537,104.76160279118145,145.44430357380418,145.44430357380418,145.44430357380418
lower-neck,0.8,0,-2.75,137.2533706990019,106.08299519438125,146.80749083256325,146.80749083256325,146.80749083256325
lower-neck,0.8,0,-2.5,138.66945808353842,107.40438759758106,148.17067809132232,148.17067809132232,148.17067809132232
lower-neck,0.8,0,-2.25,140.08554546807494,108.72578000078087,149.53386535008138,149.53386535008138,149.53386535008138
lower-neck,0.8,0,-2.0,141.50163285261146,110.04717240398068,150.89705260884045,150.89705260884045,150.89705260884045
lower-neck,0.8,0,-1.75,144.69732472371788,113.2017584149263,154.04401607114482,154.04401607114482,154.04401607114482
lower-neck,0.8,0,-1.5,147.89301659482433,116.35634442587192,157.19097953344922,157.19097953344922,157.19097953344922
lower-neck,0.8,0,-1.25,151.08870846593078,119.51093043681755,160.33794299575362,160.33794299575362,160.33794299575362
lower-neck,0.8,0,-1.0,154.2844003370372,122.66551644776317,163.484906458058,163.484906458058,163.484906458058
lower-neck,0.8,0,-0.75,155.14700168002437,123.53484330725243,164.31569855547326,164.31569855547326,164.31569855547326
lower-neck,0.8,0,-0.5,156.00960302301155,124.40417016674168,165.14649065288856,165.14649065288856,165.14649065288856
lower-neck,0.8,0,-0.25,156.87220436599875,125.27349702623093,165.97728275030386,165.97728275030386,165.97728275030386
lower-neck,0.8,0,0.0,157.73480570898593,126.14282388572019,166.80807484771913,166.80807484771913,166.80807484771913
lower-neck,0.8,0,0.25,156.56707365176382,125.07773343217346,165.6146060948457,165.6146060948457,165.6146060948457
lower-neck,0.8,0,0.5,155.39934159454174,124.01264297862673,164.42113734197227,164.42113734197227,164.42113734197227
lower-neck,0.8,0,0.75,154.23160953731963,122.94755252508001,163.2276685890988,163.2276685890988,163.2276685890988
lower-neck,0.8,0,1.0,153.06387748009752,121.88246207153328,162.03419983622538,162.03419983622538,162.03419983622538
lower-neck,0.8,0,1.25,152.31672621727313,121.38690769444648,161.2980634201874,161.2980634201874,161.2980634201874
lower-neck,0.8,0,1.5,151.56957495444874,120.89135331735969,160.56192700414942,160.56192700414942,160.56192700414942
lower-neck,0.8,0,1.75,150.82242369162435,120.39579894027287,159.82579058811143,159.82579058811143,159.82579058811143
lower-neck,0.8,0,2.0,150.07527242879996,119.90024456318608,159.08965417207344,159.08965417207344,158.15154338653787
lower-neck,0.8,0,2.25,149.7722433725678,119.8454190864185,158.74332759139543,158.74332759139543,156.95357747692998
lower-neck,0.8,0,2.5,149.4692143163356,119.79059360965093,158.39700101071742,158.39700101071742,155.7556115673221
lower-neck,0.8,0,2.75,149.16618526010342,119.73576813288335,158.0506744300394,158.0506744300394,154.5576456577142
lower-neck,0.8,0,3.0,148.86315620387126,119.68094265611577,157.7043478493614,157.7043478493614,153.35967974810632
lower-neck,0.8,0,3.25,148.84129277000886,119.89266225023226,157.71848775627586,157.71848775627586,152.44752579741623
lower-neck,0.8,0,3.5,148.81942933614644,120.10438184434877,157.73262766319036,157.73262766319036,151.53537184672618
lower-neck,0.8,0,3.75,148.79756590228402,120.31610143846527,157.74676757010485,157.74676757010485,150.62321789603612
lower-neck,0.8,0,4.0,148.77570246842163,120.52782103258176,157.76090747701932,157.76090747701932,149.71106394534604
lower-neck,0.8,0,4.25,148.66533548512143,120.59988008137631,157.6415259698587,157.6415259698587,149.1400439762623
lower-neck,0.8,0,4.5,148.55496850182126,120.67193913017086,157.52214446269807,157.52214446269807,148.5690240071785
lower-neck,0.8,0,4.75,148.4446015185211,120.7439981789654,157.4027629555374,157.4027629555374,147.99800403809473
lower-neck,0.8,0,5.0,148.3342345352209,120.81605722775996,157.2833814483768,157.2833814483768,147.42698406901098
lower-neck,0.8,0,5.25,147.8592399939336,120.58852256651554,156.71969145058958,156.71969145058958,147.42366424390337
lower-neck,0.8,0,5.5,147.38424545264635,120.36098790527112,156.15600145280234,156.15600145280234,147.42034441879576
lower-neck,0.8,0,5.75,146.9092509113591,120.1334532440267,155.59231145501514,155.59231145501514,147.41702459368815
lower-neck,0.8,0,6.0,146.4342563700718,119.90591858278228,155.02862145722793,155.02862145722793,147.41370476858052
lower-neck,0.8,0,6.25,145.96784605674154,119.68313450715014,154.5307438004231,154.5307438004231,148.58038842958112
lower-neck,0.8,0,6.5,145.50143574341126,119.46035043151804,154.03286614361826,154.03286614361826,149.7470720905817
lower-neck,0.8,0,6.75,145.035025430081,119.23756635588592,153.53498848681343,153.53498848681343,150.91375575158227
lower-neck,0.8,0,7.0,144.56861511675072,119.01478228025378,153.0371108300086,153.0371108300086,152.08043941258288
lower-neck,0.8,1,-7.0,161.65092188103284,130.40613302465346,171.04115653486994,171.04115653486994,176.2357597302425
lower-neck,0.8,1,-6.75,159.91361207328413,129.23470297660344,169.02315373436534,169.02315373436534,175.51962885973944
lower-neck,0.8,1,-6.5,158.17630226553538,128.06327292855343,167.0051509338607,167.0051509338607,174.47597907460187
lower-neck,0.8,1,-6.25,156.43899245778664,126.89184288050342,164.9871481333561,164.9871481333561,173.24561765693156
lower-neck,0.8,1,-6.0,154.70168265003792,125.7204128324534,162.9691453328515,162.9691453328515,172.0152562392613
lower-neck,0.8,1,-5.75,152.64246714361497,123.8134993416515,160.89293608365736,160.89293608365736,170.69214404071258
lower-neck,0.8,1,-5.5,150.58325163719203,121.9065858508496,158.81672683446322,158.81672683446322,169.36903184216388
lower-neck,0.8,1,-5.25,148.5240361307691,119.99967236004768,156.74051758526912,156.74051758526912,168.04591964361515
lower-neck,0.8,1,-5.0,146.46482062434615,118.09275886924578,154.66430833607498,154.66430833607498,166.72280744506645
lower-neck,0.8,1,-4.75,142.34920017403545,113.72776954060305,150.76403553907758,150.76403553907758,163.81271656159913
lower-neck,0.8,1,-4.5,138.23357972372474,109.36278021196031,146.8637627420802,146.8637627420802,160.90262567813184
lower-neck,0.8,1,-4.25,134.11795927341404,104.99779088331758,142.9634899450828,142.9634899450828,157.99253479466455
lower-neck,0.8,1,-4.0,130.00233882310332,100.63280155467484,139.0632171480854,139.0632171480854,155.08244391119723
lower-neck,0.8,1,-3.75,125.81085564085784,96.22891518570987,135.04393129951643,135.04393129951643,152.67290882684898
lower-neck,0.8,1,-3.5,121.61937245861236,91.8250288167449,131.02464545094747,131.02464545094747,150.2633737425007
lower-neck,0.8,1,-3.25,117.42788927636687,87.42114244777994,127.0053596023785,127.0053596023785,147.85383865815243
lower-neck,0.8,1,-3.0,113.23640609412139,83.01725607881497,122.98607375380953,122.98607375380953,145.44430357380418
lower-neck,0.8,1,-2.75,113.23200236482585,82.86552313625575,122.86175752901038,122.86175752901038,146.80749083256325
lower-neck,0.8,1,-2.5,113.22759863553028,82.71379019369654,122.73744130421122,122.73744130421122,148.17067809132232
lower-neck,0.8,1,-2.25,113.22319490623474,82.56205725113733,122.61312507941207,122.61312507941207,149.53386535008138
lower-neck,0.8,1,-2.0,113.21879117693919,82.41032430857811,122.48880885461291,122.48880885461291,150.89705260884045
lower-neck,0.8,1,-1.75,116.85409733632376,85.95308405318899,125.8968841653608,125.8968841653608,154.04401607114482
lower-neck,0.8,1,-1.5,120.48940349570833,89.49584379779986,129.30495947610868,129.30495947610868,157.19097953344922
lower-neck,0.8,1,-1.25,124.1247096550929,93.03860354241075,132.71303478685658,132.71303478685658,160.33794299575362
lower-neck,0.8,1,-1.0,127.76001581447747,96.58136328702163,136.12111009760446,136.12111009760446,163.484906458058
lower-neck,0.8,1,-0.75,130.71649154361853,99.5441443438034,138.8738237990073,138.8738237990073,164.31569855547326
lower-neck,0.8,1,-0.5,133.6729672727596,102.50692540058516,141.62653750041014,141.62653750041014,165.14649065288856
lower-neck,0.8,1,-0.25,136.62944300190065,105.46970645736693,144.37925120181296,144.37925120181296,165.97728275030386
lower-neck,0.8,1,0.0,139.58591873104172,108.43248751414869,147.13196490321582,147.13196490321582,166.80807484771913
lower-neck,0.8,1,0.25,140.36287150498094,109.42631455261522,147.84609618704522,147.84609618704522,165.6146060948457
lower-neck,0.8,1,0.5,141.13982427892014,110.42014159108176,148.56022747087462,148.56022747087462,164.42113734197227
lower-neck,0.8,1,0.75,141.91677705285935,111.4139686295483,149.27435875470402,149.27435875470402,163.2276685890988
lower-neck,0.8,1,1.0,142.69372982679857,112.40779566801483,149.98849003853343,149.98849003853343,162.03419983622538
lower-neck,0.8,1,1.25,142.63162490536686,112.80784003705979,150.1639606409856,150.1639606409856,161.2980634201874
lower-neck,0.8,1,1.5,142.56951998393515,113.20788440610477,150.3394312434378,150.3394312434378,160.56192700414942
lower-neck,0.8,1,1.75,142.50741506250344,113.60792877514973,150.51490184589,150.51490184589,159.82579058811143
lower-neck,0.8,1,2.0,142.44531014107173,114.0079731441947,150.69037244834217,150.69037244834217,158.15154338653787
lower-neck,0.8,1,2.25,141.86111082657294,113.78688756045239,150.18106880623375,150.18106880623375,156.95357747692998
lower-neck,0.8,1,2.5,141.27691151207412,113.56580197671006,149.67176516412533,149.67176516412533,155.7556115673221
lower-neck,0.8,1,2.75,140.6927121975753,113.34471639296774,149.1624615220169,149.1624615220169,154.5576456577142
lower-neck,0.8,1,3.0,140.10851288307651,113.12363080922543,148.6531578799085,148.6531578799085,153.35967974810632
lower-neck,0.8,1,3.25,139.66866306084177,112.98152952629408,148.19157727183278,148.19157727183278,152.44752579741623
lower-neck,0.8,1,3.5,139.22881323860702,112.83942824336273,147.7299966637571,147.7299966637571,151.53537184672618
lower-neck,0.8,1,3.75,138.78896341637227,112.69732696043138,147.2684160556814,147.2684160556814,150.62321789603612
lower-neck,0.8,1,4.0,138.34911359413752,112.55522567750005,146.8068354476057,146.8068354476057,149.71106394534604
lower-neck,0.8,1,4.25,137.67986556940036,112.17195986943435,146.09451665277334,146.09451665277334,149.1400439762623
lower-neck,0.8,1,4.5,137.0106175446632,111.78869406136866,145.38219785794095,145.38219785794095,148.5690240071785
lower-neck,0.8,1,4.75,136.34136951992608,111.40542825330297,144.66987906310857,144.66987906310857,147.99800403809473
lower-neck,0.8,1,5.0,135.67212149518892,111.02216244523727,143.9575602682762,143.9575602682762,147.42698406901098
lower-neck,0.8,1,5.25,134.86847225049382,110.5553125018572,143.05352963120444,143.05352963120444,147.42366424390337
lower-neck,0.8,1,5.5,134.0648230057987,110.08846255847713,142.14949899413267,142.14949899413267,147.42034441879576
lower-neck,0.8,1,5.75,133.2611737611036,109.62161261509706,141.24546835706093,141.24546835706093,147.41702459368815
lower-neck,0.8,1,6.0,132.4575245164085,109.154762671717,140.34143771998916,140.34143771998916,147.41370476858052
lower-neck,0.8,1,6.25,131.22514794176203,108.26783800119829,139.09715800135018,139.09715800135018,148.58038842958112
lower-neck,0.8,1,6.5,129.99277136711555,107.38091333067956,137.85287828271117,137.85287828271117,149.7470720905817
lower-neck,0.8,1,6.75,128.7603947924691,106.49398866016085,136.6085985640722,136.6085985640722,150.91375575158227
lower-neck,0.8,1,7.0,127.52801821782262,105.60706398964214,135.36431884543322,135.36431884543322,152.08043941258288
lower-neck,0.8,2,-7.0,149.40938127813456,119.88942459396718,158.52701906034747,158.52701906034747,176.2357597302425
lower-neck,0.8,2,-6.75,146.93904760107813,117.8564392688238,155.6567081554257,155.6567081554257,175.51962885973944
lower-neck,0.8,2,-6.5,144.4687139240217,115.82345394368045,152.78639725050388,152.78639725050388,174.47597907460187
lower-neck,0.8,2,-6.25,141.99838024696524,113.79046861853708,149.91608634558207,149.91608634558207,173.24561765693156
lower-neck,0.8,2,-6.0,139.5280465699088,111.7574832933937,147.0457754406603,147.0457754406603,172.0152562392613
lower-neck,0.8,2,-5.75,136.3770104807671,108.76627641817265,143.97380291882914,143.97380291882914,170.69214404071258
lower-neck,0.8,2,-5.5,133.2259743916254,105.7750695429516,140.90183039699798,140.90183039699798,169.36903184216388
lower-neck,0.8,2,-5.25,130.07493830248373,102.78386266773053,137.82985787516682,137.82985787516682,168.04591964361515
lower-neck,0.8,2,-5.0,126.92390221334203,99.79265579250948,134.75788535333567,134.75788535333567,166.72280744506645
lower-neck,0.8,2,-4.75,123.45986812184233,96.18425830808857,131.66493353917116,131.66493353917116,163.81271656159913
lower-neck,0.8,2,-4.5,119.99583403034265,92.57586082366768,128.57198172500665,128.57198172500665,160.90262567813184
lower-neck,0.8,2,-4.25,116.53179993884297,88.9674633392468,125.47902991084216,125.47902991084216,157.99253479466455
lower-neck,0.8,2,-4.0,113.06776584734327,85.3590658548259,122.38607809667766,122.38607809667766,155.08244391119723
lower-neck,0.8,2,-3.75,110.35076168349107,82.5537697965063,119.90373400779205,119.90373400779205,152.67290882684898
lower-neck,0.8,2,-3.5,107.63375751963886,79.74847373818668,117.42138991890644,117.42138991890644,150.2633737425007
lower-neck,0.8,2,-3.25,104.91675335578665,76.94317767986706,114.93904583002083,114.93904583002083,147.85383865815243
lower-neck,0.8,2,-3.0,102.19974919193446,74.13788162154746,112.45670174113522,112.45670174113522,145.44430357380418
lower-neck,0.8,2,-2.75,101.3209095708279,73.24301780881228,111.31336595901328,111.31336595901328,146.80749083256325
lower-neck,0.8,2,-2.5,100.44206994972134,72.34815399607709,110.17003017689134,110.17003017689134,148.17067809132232
lower-neck,0.8,2,-2.25,99.56323032861478,71.4532901833419,109.02669439476941,109.02669439476941,149.53386535008138
lower-neck,0.8,2,-2.0,98.68439070750821,70.55842637060672,107.88335861264748,107.88335861264748,150.89705260884045
lower-neck,0.8,2,-1.75,99.76842663861234,71.5938418877598,108.36051073043669,108.36051073043669,154.04401607114482
lower-neck,0.8,2,-1.5,100.85246256971647,72.62925740491286,108.8376628482259,108.8376628482259,157.19097953344922
lower-neck,0.8,2,-1.25,101.93649850082059,73.66467292206593,109.31481496601512,109.31481496601512,160.33794299575362
lower-neck,0.8,2,-1.0,103.02053443192472,74.70008843921902,109.79196708380432,109.79196708380432,163.484906458058
lower-neck,0.8,2,-0.75,104.80864468573537,76.54625465838333,111.03177795706472,111.03177795706472,164.31569855547326
lower-neck,0.8,2,-0.5,106.59675493954605,78.39242087754766,112.2715888303251,112.2715888303251,165.14649065288856
lower-neck,0.8,2,-0.25,108.38486519335672,80.238587096712,113.51139970358547,113.51139970358547,165.97728275030386
lower-neck,0.8,2,0.0,110.17297544716737,82.08475331587633,114.75121057684586,114.75121057684586,166.80807484771913
lower-neck,0.8,2,0.25,111.59269695423907,83.81074484300706,116.01325191046088,116.01325191046088,165.6146060948457
lower-neck,0.8,2,0.5,113.01241846131074,85.53673637013779,117.27529324407591,117.27529324407591,164.42113734197227
lower-neck,0.8,2,0.75,114.43213996838244,87.26272789726852,118.53733457769093,118.53733457769093,163.2276685890988
lower-neck,0.8,2,1.0,115.85186147545413,88.98871942439925,119.79937591130596,119.79937591130596,162.03419983622538
lower-neck,0.8,2,1.25,116.65418400625316,90.33208089582325,121.00084385488043,121.00084385488043,161.2980634201874
lower-neck,0.8,2,1.5,117.4565065370522,91.67544236724729,122.2023117984549,122.2023117984549,160.56192700414942
lower-neck,0.8,2,1.75,118.25882906785125,93.01880383867129,123.40377974202937,123.40377974202937,159.82579058811143
lower-neck,0.8,2,2.0,119.06115159865028,94.3621653100953,124.60524768560384,124.60524768560384,158.15154338653787
lower-neck,0.8,2,2.25,119.24360788321137,94.97974220321726,124.980801195581,124.980801195581,156.95357747692998
lower-neck,0.8,2,2.5,119.42606416777244,95.5973190963392,125.35635470555815,125.35635470555815,155.7556115673221
lower-neck,0.8,2,2.75,119.60852045233351,96.21489598946116,125.7319082155353,125.7319082155353,154.5576456577142
lower-neck,0.8,2,3.0,119.79097673689459,96.8324728825831,126.10746172551245,126.10746172551245,153.35967974810632
lower-neck,0.8,2,3.25,119.84231244861917,97.24253656076593,126.15337001896873,126.15337001896873,152.44752579741623
lower-neck,0.8,2,3.5,119.89364816034376,97.65260023894875,126.19927831242502,126.19927831242502,151.53537184672618
lower-neck,0.8,2,3.75,119.94498387206833,98.06266391713157,126.2451866058813,126.2451866058813,150.62321789603612
lower-neck,0.8,2,4.0,119.99631958379291,98.4727275953144,126.2910948993376,126.2910948993376,149.71106394534604
lower-neck,0.8,2,4.25,118.91924835066652,97.82090386152925,125.18183241966406,125.18183241966406,149.1400439762623
lower-neck,0.8,2,4.5,117.84217711754013,97.1690801277441,124.07256993999053,124.07256993999053,148.5690240071785
lower-neck,0.8,2,4.75,116.76510588441374,96.51725639395895,122.963307460317,122.963307460317,147.99800403809473
lower-neck,0.8,2,5.0,115.68803465128735,95.8654326601738,121.85404498064347,121.85404498064347,147.42698406901098
lower-neck,0.8,2,5.25,114.58618688002906,95.24373698861586,120.67875453857553,120.67875453857553,147.42366424390337
lower-neck,0.8,2,5.5,113.48433910877077,94.62204131705795,119.5034640965076,119.5034640965076,147.42034441879576
lower-neck,0.8,2,5.75,112.38249133751249,94.00034564550002,118.32817365443967,118.32817365443967,147.41702459368815
lower-neck,0.8,2,6.0,111.2806435662542,93.37864997394209,117.15288321237175,117.15288321237175,147.41370476858052
lower-neck,0.8,2,6.25,109.77791079006215,92.33904926729561,115.65699534729957,115.65699534729957,148.58038842958112
lower-neck,0.8,2,6.5,108.27517801387012,91.29944856064911,114.1611074822274,114.1611074822274,149.7470720905817
lower-neck,0.8,2,6.75,106.77244523767806,90.25984785400263,112.66521961715522,112.66521961715522,150.91375575158227
lower-neck,0.8,2,7.0,105.26971246148602,89.22024714735613,111.16933175208304,111.16933175208304,152.08043941258288
side-upper,1.2,-2,-7.0,149.02750575254151,118.95745662254618,159.30238575828417,159.30238575828417,158.48505942967032
side-upper,1.2,-2,-6.75,150.31645033226226,119.64220202794826,160.5152742794707,160.5152742794707,159.91411614448975
side-upper,1.2,-2,-6.5,151.605394911983,120.32694743335034,161.7281628006572,161.7281628006572,161.34317285930922
side-upper,1.2,-2,-6.25,152.89433949170376,121.01169283875242,162.9410513218437,162.9410513218437,162.77222957412866
side-upper,1.2,-2,-6.0,154.1832840714245,121.6964382441545,164.15393984303023,164.15393984303023,164.15393984303023
side-upper,1.2,-2,-5.75,155.51080526020633,122.87533490075504,165.44274515660425,165.44274515660425,165.06575521382024
side-upper,1.2,-2,-5.5,156.83832644898817,124.05423155735556,166.73155047017826,166.73155047017826,165.93022413869235
side-upper,1.2,-2,-5.25,158.16584763777,125.23312821395609,168.02035578375228,168.02035578375228,166.79469306356447
side-upper,1.2,-2,-5.0,159.49336882655183,126.41202487055662,169.3091610973263,169.3091610973263,167.6591619884366
side-upper,1.2,-2,-4.75,161.26788853610282,128.15205372622387,171.12036473115322,171.12036473115322,168.451875742088
side-upper,1.2,-2,-4.5,163.0424082456538,129.89208258189115,172.93156836498014,172.93156836498014,169.24458949573938
side-upper,1.2,-2,-4.25,164.8169279552048,131.6321114375584,174.74277199880706,174.74277199880706,170.03730324939076
side-upper,1.2,-2,-4.0,166.5914476647558,133.37214029322564,176.55397563263398,176.55397563263398,170.83001700304214
side-upper,1.2,-2,-3.75,167.80122056091597,134.5444015604667,177.8545969281556,177.8545969281556,171.64358641477062
side-upper,1.2,-2,-3.5,169.0109934570761,135.71666282770775,179.1552182236772,179.1552182236772,172.4571558264991
side-upper,1.2,-2,-3.25,170.2207663532363,136.88892409494878,180.4558395191988,180.4558395191988,173.27072523822758
side-upper,1.2,-2,-3.0,171.43053924939642,138.06118536218983,181.7564608147204,181.7564608147204,174.08429464995606
side-upper,1.2,-2,-2.75,171.75793709352678,138.34267402536761,182.1942608093256,182.1942608093256,174.58763257193706
side-upper,1.2,-2,-2.5,172.08533493765714,138.62416268854537,182.63206080393084,182.63206080393084,175.09097049391806
side-upper,1.2,-2,-2.25,172.4127327817875,138.90565135172312,183.06986079853607,183.06986079853607,175.59430841589904
side-upper,1.2,-2,-2.0,172.74013062591786,139.18714001490088,183.50766079314127,183.50766079314127,176.09764633788004
side-upper,1.2,-2,-1.75,172.23147079164622,138.60353423695085,183.09598741194696,183.09598741194696,175.68273386856174
side-upper,1.2,-2,-1.5,171.72281095737452,138.01992845900085,182.6843140307526,182.6843140307526,175.26782139924342
side-upper,1.2,-2,-1.25,171.21415112310285,137.43632268105085,182.27264064955824,182.27264064955824,174.85290892992512
side-upper,1.2,-2,-1.0,170.7054912888312,136.85271690310083,181.86096726836394,181.86096726836394,174.43799646060683
side-upper,1.2,-2,-0.75,169.6141239404776,135.59973101017997,180.82525648874136,180.82525648874136,173.44558497718742
side-upper,1.2,-2,-0.5,168.52275659212398,134.3467451172591,179.78954570911878,179.78954570911878,172.45317349376808
side-upper,1.2,-2,-0.25,167.43138924377038,133.09375922433824,178.75383492949624,178.75383492949624,171.46076201034867
side-upper,1.2,-2,0.0,166.34002189541678,131.84077333141738,177.71812414987366,177.71812414987366,170.4683505269293
side-upper,1.2,-2,0.25,165.77383303966133,131.07209513507922,177.16810877898277,177.16810877898277,170.22765506948554
side-upper,1.2,-2,0.5,165.20764418390584,130.30341693874104,176.6180934080919,176.6180934080919,169.98695961204174
side-upper,1.2,-2,0.75,164.64145532815036,129.53473874240285,176.06807803720102,176.06807803720102,169.74626415459795
side-upper,1.2,-2,1.0,164.0752664723949,128.7660605460647,175.51806266631013,175.51806266631013,169.50556869715416
side-upper,1.2,-2,1.25,164.5815542332034,129.17460586633842,176.02333558286102,176.02333558286102,170.15426680474712
side-upper,1.2,-2,1.5,165.0878419940119,129.58315118661213,176.52860849941192,176.52860849941192,170.80296491234006
side-upper,1.2,-2,1.75,165.59412975482041,129.99169650688583,177.03388141596284,177.03388141596284,171.451663019933
side-upper,1.2,-2,2.0,166.10041751562892,130.40024182715956,177.53915433251373,177.53915433251373,172.10036112752596
side-upper,1.2,-2,2.25,167.06727310201262,131.40175064277014,178.50946506117535,178.50946506117535,172.98190145053604
side-upper,1.2,-2,2.5,168.03412868839635,132.4032594583807,179.47977578983694,179.47977578983694,173.86344177354613
side-upper,1.2,-2,2.75,169.00098427478008,133.40476827399124,180.45008651849852,180.45008651849852,174.7449820965562
side-upper,1.2,-2,3.0,169.96783986116378,134.40627708960182,181.42039724716014,181.42039724716014,175.6265224195663
side-upper,1.2,-2,3.25,170.82833474860166,135.34599063876723,182.29608531780502,182.29608531780502,176.687674332666
side-upper,1.2,-2,3.5,171.68882963603957,136.28570418793265,183.17177338844994,183.17177338844994,177.74882624576574
side-upper,1.2,-2,3.75,172.54932452347748,137.22541773709804,184.04746145909488,184.04746145909488,178.80997815886548
side-upper,1.2,-2,4.0,173.40981941091536,138.16513128626346,184.92314952973976,184.92314952973976,180.32497819004905
side-upper,1.2,-2,4.25,174.21098153300858,139.02790314946225,185.72971013597444,185.72971013597444,182.71568425696975
side-upper,1.2,-2,4.5,175.01214365510177,139.89067501266106,186.5362707422091,186.5362707422091,184.1579706597488
side-upper,1.2,-2,4.75,175.81330577719496,140.75344687585985,187.34283134844378,187.34283134844378,185.69860735052617
side-upper,1.2,-2,5.0,176.61446789928817,141.61621873905864,188.14939195467844,188.14939195467844,187.69256580489088
side-upper,1.2,-2,5.25,177.66838441764966,142.70257240083805,189.1883263149985,189.1883263149985,189.1883263149985
side-upper,1.2,-2,5.5,178.72230093601118,143.78892606261746,190.22726067531855,190.22726067531855,190.4600545999317
side-upper,1.2,-2,5.75,179.77621745437267,144.87527972439688,191.26619503563862,191.26619503563862,192.74049585821484
side-upper,1.2,-2,6.0,180.8301339727342,145.9616333861763,192.30512939595866,192.30512939595866,195.02093711649798
side-upper,1.2,-2,6.25,182.25623909272161,147.49100816349926,193.73497637470243,193.73497637470243,198.23376837493396
side-upper,1.2,-2,6.5,183.682344212709,149.0203829408222,195.16482335344617,195.16482335344617,201.44659963336997
side-upper,1.2,-2,6.75,185.10844933269644,150.54975771814514,196.59467033218993,196.59467033218993,204.65943089180595
side-upper,1.2,-2,7.0,186.53455445268384,152.07913249546812,198.02451731093367,198.02451731093367,207.87226215024197
side-upper,1.2,-1,-7.0,150.19179243597821,119.1038994137975,161.43501786096624,161.43501786096624,158.48505942967032
side-upper,1.2,-1,-6.75,151.52662898196658,119.99667676290076,162.7017549211518,162.7017549211518,159.91411614448975
side-upper,1.2,-1,-6.5,152.86146552795492,120.88945411200405,163.96849198133737,163.96849198133737,161.34317285930922
side-upper,1.2,-1,-6.25,154.1963020739433,121.78223146110733,165.23522904152293,165.23522904152293,162.77222957412866
side-upper,1.2,-1,-6.0,155.53113861993165,122.67500881021058,166.5019661017085,166.5019661017085,164.15393984303023
side-upper,1.2,-1,-5.75,156.67466252874564,123.78972384221538,167.48251255211986,167.48251255211986,165.06575521382024
side-upper,1.2,-1,-5.5,157.81818643755963,124.90443887422018,168.46305900253122,168.46305900253122,165.93022413869235
side-upper,1.2,-1,-5.25,158.96171034637365,126.01915390622497,169.44360545294262,169.44360545294262,166.79469306356447
side-upper,1.2,-1,-5.0,160.10523425518764,127.13386893822977,170.424151903354,170.424151903354,167.6591619884366
side-upper,1.2,-1,-4.75,161.4063040585524,128.5049431109629,171.61442313155175,171.61442313155175,168.451875742088
side-upper,1.2,-1,-4.5,162.70737386191712,129.87601728369603,172.80469435974953,172.80469435974953,169.24458949573938
side-upper,1.2,-1,-4.25,164.00844366528185,131.24709145642916,173.99496558794726,173.99496558794726,170.03730324939076
side-upper,1.2,-1,-4.0,165.3095134686466,132.6181656291623,175.18523681614505,175.18523681614505,170.83001700304214
side-upper,1.2,-1,-3.75,166.20951915669747,133.5591740628929,176.10587196520007,176.10587196520007,171.64358641477062
side-upper,1.2,-1,-3.5,167.10952484474836,134.50018249662355,177.0265071142551,177.0265071142551,172.4571558264991
side-upper,1.2,-1,-3.25,168.00953053279926,135.44119093035417,177.94714226331013,177.94714226331013,173.27072523822758
side-upper,1.2,-1,-3.0,168.90953622085013,136.38219936408478,178.86777741236517,178.86777741236517,174.08429464995606
side-upper,1.2,-1,-2.75,169.11117113965645,136.57979033089308,179.2123085266151,179.2123085266151,174.58763257193706
side-upper,1.2,-1,-2.5,169.31280605846277,136.77738129770137,179.556839640865,179.556839640865,175.09097049391806
side-upper,1.2,-1,-2.25,169.5144409772691,136.97497226450966,179.90137075511493,179.90137075511493,175.59430841589904
side-upper,1.2,-1,-2.0,169.7160758960754,137.17256323131795,180.24590186936484,180.24590186936484,176.09764633788004
side-upper,1.2,-1,-1.75,169.05917692603998,136.4491310900956,179.76177314913122,179.76177314913122,175.68273386856174
side-upper,1.2,-1,-1.5,168.40227795600453,135.7256989488732,179.2776444288976,179.2776444288976,175.26782139924342
side-upper,1.2,-1,-1.25,167.7453789859691,135.0022668076508,178.79351570866396,178.79351570866396,174.85290892992512
side-upper,1.2,-1,-1.0,167.08848001593367,134.27883466642845,178.30938698843033,178.30938698843033,174.43799646060683
side-upper,1.2,-1,-0.75,166.00289530657668,132.99136150110948,177.3023044050782,177.3023044050782,173.44558497718742
side-upper,1.2,-1,-0.5,164.91731059721968,131.7038883357905,176.29522182172602,176.29522182172602,172.45317349376808
side-upper,1.2,-1,-0.25,163.83172588786272,130.41641517047157,175.28813923837384,175.28813923837384,171.46076201034867
side-upper,1.2,-1,0.0,162.74614117850572,129.1289420051526,174.2810566550217,174.2810566550217,170.4683505269293
side-upper,1.2,-1,0.25,162.4905797840607,128.59783144985084,173.98527563268246,173.98527563268246,170.22765506948554
side-upper,1.2,-1,0.5,162.23501838961568,128.06672089454906,173.68949461034327,173.68949461034327,169.98695961204174
side-upper,1.2,-1,0.75,161.97945699517066,127.53561033924728,173.39371358800406,173.39371358800406,169.74626415459795
side-upper,1.2,-1,1.0,161.72389560072565,127.0044997839455,173.09793256566482,173.09793256566482,169.50556869715416
side-upper,1.2,-1,1.25,162.44716066687374,127.58957992342565,173.74604763462494,173.74604763462494,170.15426680474712
side-upper,1.2,-1,1.5,163.17042573302183,128.1746600629058,174.39416270358504,174.39416270358504,170.80296491234006
side-upper,1.2,-1,1.75,163.8936907991699,128.75974020238593,175.04227777254516,175.04227777254516,171.451663019933
side-upper,1.2,-1,2.0,164.61695586531798,129.34482034186607,175.6903928415053,175.6903928415053,172.10036112752596
side-upper,1.2,-1,2.25,165.48135853032886,130.2670179698469,176.50938454072264,176.50938454072264,172.98190145053604
side-upper,1.2,-1,2.5,166.34576119533978,131.1892155978277,177.32837623994,177.32837623994,173.86344177354613
side-upper,1.2,-1,2.75,167.2101638603507,132.11141322580852,178.14736793915736,178.14736793915736,174.7449820965562
side-upper,1.2,-1,3.0,168.0745665253616,133.03361085378936,178.96635963837474,178.96635963837474,175.6265224195663
side-upper,1.2,-1,3.25,168.84491216469698,133.9592962457103,179.73359671836147,179.73359671836147,176.687674332666
side-upper,1.2,-1,3.5,169.61525780403235,134.88498163763126,180.50083379834825,180.50083379834825,177.74882624576574
side-upper,1.2,-1,3.75,170.38560344336776,135.8106670295522,181.26807087833504,181.26807087833504,178.80997815886548
side-upper,1.2,-1,4.0,171.1559490827031,136.73635242147316,182.03530795832177,182.03530795832177,180.32497819004905
side-upper,1.2,-1,4.25,172.2121356003804,137.96314035998492,183.0966393090353,183.0966393090353,182.71568425696975
side-upper,1.2,-1,4.5,173.26832211805765,139.18992829849668,184.1579706597488,184.1579706597488,184.1579706597488
side-upper,1.2,-1,4.75,174.3245086357349,140.41671623700844,185.2193020104623,185.2193020104623,185.69860735052617
side-upper,1.2,-1,5.0,175.3806951534122,141.6435041755202,186.28063336117583,186.28063336117583,187.69256580489088
side-upper,1.2,-1,5.25,177.1064432405497,143.5274114245847,187.97736586868643,187.97736586868643,189.1883263149985
side-upper,1.2,-1,5.5,178.83219132768727,145.4113186736492,189.67409837619707,189.67409837619707,190.4600545999317
side-upper,1.2,-1,5.75,180.55793941482483,147.29522592271366,191.3708308837077,191.3708308837077,192.74049585821484
side-upper,1.2,-1,6.0,182.28368750196233,149.17913317177815,193.0675633912183,193.0675633912183,195.02093711649798
side-upper,1.2,-1,6.25,184.7302929685616,151.91374861022595,195.44666267894104,195.44666267894104,198.23376837493396
side-upper,1.2,-1,6.5,187.17689843516084,154.64836404867378,197.82576196666375,197.82576196666375,201.44659963336997
side-upper,1.2,-1,6.75,189.6235039017601,157.3829794871216,200.20486125438646,200.20486125438646,204.65943089180595
side-upper,1.2,-1,7.0,192.07010936835934,160.1175949255694,202.5839605421092,202.5839605421092,207.87226215024197
side-upper,1.2,0,-7.0,147.21785933768936,117.10800050570703,158.48505942967032,158.48505942967032,158.48505942967032
side-upper,1.2,0,-6.75,148.63546600939384,118.31242896302848,159.91411614448975,159.91411614448975,159.91411614448975
side-upper,1.2,0,-6.5,150.05307268109829,119.51685742034994,161.34317285930922,161.34317285930922,161.34317285930922
side-upper,1.2,0,-6.25,151.47067935280273,120.72128587767139,162.77222957412866,162.77222957412866,162.77222957412866
side-upper,1.2,0,-6.0,152.8882860245072,121.92571433499285,164.2012862889481,164.2012862889481,164.15393984303023
side-upper,1.2,0,-5.75,153.9540515770453,123.03961287900806,165.06575521382024,165.06575521382024,165.06575521382024
side-upper,1.2,0,-5.5,155.01981712958343,124.15351142302328,165.93022413869235,165.93022413869235,165.93022413869235
side-upper,1.2,0,-5.25,156.08558268212155,125.26740996703849,166.79469306356447,166.79469306356447,166.79469306356447
side-upper,1.2,0,-5.0,157.15134823465965,126.3813085110537,167.6591619884366,167.6591619884366,167.6591619884366
side-upper,1.2,0,-4.75,158.13073300304706,127.42739927637493,168.451875742088,168.451875742088,168.451875742088
side-upper,1.2,0,-4.5,159.1101177714345,128.47349004169615,169.24458949573938,169.24458949573938,169.24458949573938
side-upper,1.2,0,-4.25,160.0895025398219,129.51958080701738,170.03730324939076,170.03730324939076,170.03730324939076
side-upper,1.2,0,-4.0,161.0688873082093,130.5656715723386,170.83001700304214,170.83001700304214,170.83001700304214
side-upper,1.2,0,-3.75,161.88649659818657,131.39004186185582,171.64358641477062,171.64358641477062,171.64358641477062
side-upper,1.2,0,-3.5,162.70410588816384,132.21441215137304,172.4571558264991,172.4571558264991,172.4571558264991
side-upper,1.2,0,-3.25,163.5217151781411,133.0387824408903,173.27072523822758,173.27072523822758,173.27072523822758
side-upper,1.2,0,-3.0,164.33932446811838,133.8631527304075,174.08429464995606,174.08429464995606,174.08429464995606
side-upper,1.2,0,-2.75,164.65716917056457,134.12260771065752,174.58763257193706,174.58763257193706,174.58763257193706
side-upper,1.2,0,-2.5,164.97501387301077,134.3820626909075,175.09097049391806,175.09097049391806,175.09097049391806
side-upper,1.2,0,-2.25,165.292858575457,134.6415176711575,175.59430841589904,175.59430841589904,175.59430841589904
side-upper,1.2,0,-2.0,165.61070327790318,134.90097265140747,176.09764633788004,176.09764633788004,176.09764633788004
side-upper,1.2,0,-1.75,164.9702048470094,134.1339749409196,175.68273386856174,175.68273386856174,175.68273386856174
side-upper,1.2,0,-1.5,164.32970641611564,133.3669772304317,175.26782139924342,175.26782139924342,175.26782139924342
side-upper,1.2,0,-1.25,163.68920798522188,132.59997951994382,174.85290892992512,174.85290892992512,174.85290892992512
side-upper,1.2,0,-1.0,163.0487095543281,131.83298180945596,174.43799646060683,174.43799646060683,174.43799646060683
side-upper,1.2,0,-0.75,161.9840790385512,130.52394831863543,173.44558497718742,173.44558497718742,173.44558497718742
side-upper,1.2,0,-0.5,160.91944852277425,129.2149148278149,172.45317349376808,172.45317349376808,172.45317349376808
side-upper,1.2,0,-0.25,159.85481800699733,127.90588133699438,171.46076201034867,171.46076201034867,171.46076201034867
side-upper,1.2,0,0.0,158.79018749122042,126.59684784617387,170.4683505269293,170.4683505269293,170.4683505269293
side-upper,1.2,0,0.25,158.65826398440268,126.17090115893069,170.22765506948554,170.22765506948554,170.22765506948554
side-upper,1.2,0,0.5,158.52634047758494,125.74495447168752,169.98695961204174,169.98695961204174,169.98695961204174
side-upper,1.2,0,0.75,158.39441697076717,125.31900778444435,169.74626415459795,169.74626415459795,169.74626415459795
side-upper,1.2,0,1.0,158.26249346394943,124.89306109720117,169.50556869715416,169.50556869715416,169.50556869715416
side-upper,1.2,0,1.25,159.0487153378956,125.52996323039459,170.15426680474712,170.15426680474712,170.15426680474712
side-upper,1.2,0,1.5,159.8349372118418,126.16686536358799,170.80296491234006,170.80296491234006,170.80296491234006
side-upper,1.2,0,1.75,160.621159085788,126.8037674967814,171.451663019933,171.451663019933,171.451663019933
side-upper,1.2,0,2.0,161.4073809597342,127.44066962997482,172.10036112752596,172.10036112752596,172.10036112752596
side-upper,1.2,0,2.25,162.35923921358608,128.4436410809209,172.98190145053604,172.98190145053604,172.98190145053604
side-upper,1.2,0,2.5,163.31109746743795,129.446612531867,173.86344177354613,173.86344177354613,173.86344177354613
side-upper,1.2,0,2.75,164.2629557212898,130.4495839828131,174.7449820965562,174.7449820965562,174.7449820965562
side-upper,1.2,0,3.0,165.21481397514168,131.4525554337592,175.6265224195663,175.6265224195663,175.6265224195663
side-upper,1.2,0,3.25,166.2869653028863,132.69870418371403,176.687674332666,176.687674332666,176.687674332666
side-upper,1.2,0,3.5,167.35911663063095,133.9448529336689,177.74882624576574,177.74882624576574,177.74882624576574
side-upper,1.2,0,3.75,168.4312679583756,135.19100168362377,178.80997815886548,178.80997815886548,178.80997815886548
side-upper,1.2,0,4.0,169.50341928612022,136.4371504335786,179.87113007196518,179.87113007196518,180.32497819004905
side-upper,1.2,0,4.25,171.00709166710817,138.17182073813257,181.37814057481526,181.37814057481526,182.71568425696975
side-upper,1.2,0,4.5,172.5107640480961,139.9064910426865,182.8851510776653,182.8851510776653,184.1579706597488
side-upper,1.2,0,4.75,174.01443642908404,141.64116134724043,184.3921615805154,184.3921615805154,185.69860735052617
side-upper,1.2,0,5.0,175.51810881007196,143.37583165179439,185.89917208336544,185.89917208336544,187.69256580489088
side-upper,1.2,0,5.25,177.84079001299034,145.96391354583955,188.17961334164858,188.17961334164858,189.1883263149985
side-upper,1.2,0,5.5,180.16347121590866,148.55199543988473,190.4600545999317,190.4600545999317,190.4600545999317
side-upper,1.2,0,5.75,182.48615241882698,151.14007733392992,192.74049585821484,192.74049585821484,192.74049585821484
side-upper,1.2,0,6.0,184.80883362174535,153.72815922797508,195.02093711649798,195.02093711649798,195.02093711649798
side-upper,1.2,0,6.25,188.17896216188245,157.56487569668718,198.23376837493396,198.23376837493396,198.23376837493396
side-upper,1.2,0,6.5,191.54909070201958,161.4015921653993,201.44659963336997,201.44659963336997,201.44659963336997
side-upper,1.2,0,6.75,194.91921924215671,165.23830863411143,204.65943089180595,204.65943089180595,204.65943089180595
side-upper,1.2,0,7.0,198.28934778229382,169.07502510282353,207.87226215024197,207.87226215024197,207.87226215024197
side-upper,1.2,1,-7.0,143.32984166128233,114.73199214800573,154.01346630771985,154.01346630771985,158.48505942967032
side-upper,1.2,1,-6.75,144.70802675143085,116.07506646075763,155.50701944445973,155.50701944445973,159.91411614448975
side-upper,1.2,1,-6.5,146.08621184157934,117.41814077350952,157.0005725811996,157.0005725811996,161.34317285930922
side-upper,1.2,1,-6.25,147.46439693172783,118.76121508626142,158.49412571793948,158.49412571793948,162.77222957412866
side-upper,1.2,1,-6.0,148.84258202187635,120.10428939901331,159.98767885467936,159.98767885467936,164.15393984303023
side-upper,1.2,1,-5.75,149.8991287536367,121.25271910132591,160.91068676247764,160.91068676247764,165.06575521382024
side-upper,1.2,1,-5.5,150.95567548539702,122.40114880363849,161.83369467027592,161.83369467027592,165.93022413869235
side-upper,1.2,1,-5.25,152.0122222171574,123.54957850595108,162.7567025780742,162.7567025780742,166.79469306356447
side-upper,1.2,1,-5.0,153.06876894891772,124.69800820826367,163.67971048587248,163.67971048587248,167.6591619884366
side-upper,1.2,1,-4.75,154.037973442341,125.69813832290198,164.49234108447655,164.49234108447655,168.451875742088
side-upper,1.2,1,-4.5,155.00717793576428,126.69826843754029,165.30497168308062,165.30497168308062,169.24458949573938
side-upper,1.2,1,-4.25,155.97638242918757,127.6983985521786,166.1176022816847,166.1176022816847,170.03730324939076
side-upper,1.2,1,-4.0,156.94558692261086,128.6985286668169,166.93023288028877,166.93023288028877,170.83001700304214
side-upper,1.2,1,-3.75,157.9555311775448,129.65197532186212,167.94994900944374,167.94994900944374,171.64358641477062
side-upper,1.2,1,-3.5,158.96547543247874,130.60542197690734,168.9696651385987,168.9696651385987,172.4571558264991
side-upper,1.2,1,-3.25,159.97541968741268,131.55886863195255,169.98938126775369,169.98938126775369,173.27072523822758
side-upper,1.2,1,-3.0,160.98536394234662,132.51231528699776,171.00909739690866,171.00909739690866,174.08429464995606
side-upper,1.2,1,-2.75,161.4626577289198,132.8624287529775,171.68215337777585,171.68215337777585,174.58763257193706
side-upper,1.2,1,-2.5,161.93995151549296,133.21254221895722,172.355209358643,172.355209358643,175.09097049391806
side-upper,1.2,1,-2.25,162.41724530206614,133.56265568493694,173.0282653395102,173.0282653395102,175.59430841589904
side-upper,1.2,1,-2.0,162.8945390886393,133.9127691509167,173.70132132037736,173.70132132037736,176.09764633788004
side-upper,1.2,1,-1.75,162.11359415074028,132.95362486497442,173.13669853162133,173.13669853162133,175.68273386856174
side-upper,1.2,1,-1.5,161.33264921284126,131.9944805790321,172.57207574286534,172.57207574286534,175.26782139924342
side-upper,1.2,1,-1.25,160.55170427494224,131.0353362930898,172.0074529541093,172.0074529541093,174.85290892992512
side-upper,1.2,1,-1.0,159.77075933704322,130.07619200714754,171.4428301653533,171.4428301653533,174.43799646060683
side-upper,1.2,1,-0.75,158.4792084988576,128.55182078075185,170.1797496861899,170.1797496861899,173.44558497718742
side-upper,1.2,1,-0.5,157.18765766067196,127.02744955435618,168.9166692070265,168.9166692070265,172.45317349376808
side-upper,1.2,1,-0.25,155.89610682248633,125.5030783279605,167.6535887278631,167.6535887278631,171.46076201034867
side-upper,1.2,1,0.0,154.60455598430073,123.97870710156482,166.3905082486997,166.3905082486997,170.4683505269293
side-upper,1.2,1,0.25,154.37938234466387,123.51928202540252,165.99948592548537,165.99948592548537,170.22765506948554
side-upper,1.2,1,0.5,154.15420870502703,123.05985694924023,165.60846360227106,165.60846360227106,169.98695961204174
side-upper,1.2,1,0.75,153.9290350653902,122.60043187307792,165.21744127905674,165.21744127905674,169.74626415459795
side-upper,1.2,1,1.0,153.70386142575333,122.14100679691563,164.82641895584243,164.82641895584243,169.50556869715416
side-upper,1.2,1,1.25,154.61957121775515,122.90839684392887,165.5751647829731,165.5751647829731,170.15426680474712
side-upper,1.2,1,1.5,155.53528100975694,123.67578689094212,166.32391061010378,166.32391061010378,170.80296491234006
side-upper,1.2,1,1.75,156.45099080175873,124.44317693795536,167.07265643723443,167.07265643723443,171.451663019933
side-upper,1.2,1,2.0,157.36670059376053,125.21056698496861,167.8214022643651,167.8214022643651,172.10036112752596
side-upper,1.2,1,2.25,158.75579828832667,126.56898974209327,169.14232299838255,169.14232299838255,172.98190145053604
side-upper,1.2,1,2.5,160.1448959828928,127.92741249921792,170.46324373240003,170.46324373240003,173.86344177354613
side-upper,1.2,1,2.75,161.5339936774589,129.28583525634258,171.7841644664175,171.7841644664175,174.7449820965562
side-upper,1.2,1,3.0,162.92309137202506,130.64425801346724,173.10508520043496,173.10508520043496,175.6265224195663
side-upper,1.2,1,3.25,164.5809921322234,132.4007537022863,174.75799689718423,174.75799689718423,176.687674332666
side-upper,1.2,1,3.5,166.23889289242175,134.15724939110532,176.41090859393353,176.41090859393353,177.74882624576574
side-upper,1.2,1,3.75,167.89679365262012,135.91374507992438,178.0638202906828,178.0638202906828,178.80997815886548
side-upper,1.2,1,4.0,169.55469441281846,137.67024076874344,179.71673198743207,179.71673198743207,180.32497819004905
side-upper,1.2,1,4.25,171.54239758946753,139.88924615034813,181.71069044179677,181.71069044179677,182.71568425696975
side-upper,1.2,1,4.5,173.5301007661166,142.1082515319528,183.70464889616147,183.70464889616147,184.1579706597488
side-upper,1.2,1,4.75,175.51780394276565,144.32725691355745,185.69860735052617,185.69860735052617,185.69860735052617
side-upper,1.2,1,5.0,177.50550711941472,146.54626229516214,187.69256580489088,187.69256580489088,187.69256580489088
side-upper,1.2,1,5.25,180.29492653634082,149.68459915143234,190.429631413759,190.429631413759,189.1883263149985
side-upper,1.2,1,5.5,183.0843459532669,152.82293600770254,193.16669702262712,193.16669702262712,190.4600545999317
side-upper,1.2,1,5.75,185.87376537019298,155.96127286397277,195.90376263149523,195.90376263149523,192.74049585821484
side-upper,1.2,1,6.0,188.66318478711906,159.09960972024297,198.64082824036336,198.64082824036336,195.02093711649798
side-upper,1.2,1,6.25,192.66189141462763,163.7005762253824,202.40766369738913,202.40766369738913,198.23376837493396
side-upper,1.2,1,6.5,196.66059804213614,168.30154273052182,206.17449915441492,206.17449915441492,201.44659963336997
side-upper,1.2,1,6.75,200.65930466964465,172.90250923566126,209.9413346114407,209.9413346114407,204.65943089180595
side-upper,1.2,1,7.0,204.65801129715322,177.5034757408007,213.70817006846647,213.70817006846647,207.87226215024197
side-upper,1.2,2,-7.0,138.2792977120186,111.05554372160503,148.219862370415,148.219862370415,158.48505942967032
side-upper,1.2,2,-6.75,139.60092973763582,112.36741706758846,149.74351925836905,149.74351925836905,159.91411614448975
side-upper,1.2,2,-6.5,140.92256176325304,113.6792904135719,151.2671761463231,151.2671761463231,161.34317285930922
side-upper,1.2,2,-6.25,142.2441937888703,114.99116375955533,152.79083303427714,152.79083303427714,162.77222957412866
side-upper,1.2,2,-6.0,143.5658258144875,116.30303710553878,154.3144899222312,154.3144899222312,164.15393984303023
side-upper,1.2,2,-5.75,144.85648562273224,117.67322343044339,155.59411973015824,155.59411973015824,165.06575521382024
side-upper,1.2,2,-5.5,146.147145430977,119.043409755348,156.87374953808532,156.87374953808532,165.93022413869235
side-upper,1.2,2,-5.25,147.43780523922175,120.4135960802526,158.1533793460124,158.1533793460124,166.79469306356447
side-upper,1.2,2,-5.0,148.72846504746647,121.78378240515721,159.43300915393945,159.43300915393945,167.6591619884366
side-upper,1.2,2,-4.75,150.07881778954228,123.13495091024568,160.72202368131514,160.72202368131514,168.451875742088
side-upper,1.2,2,-4.5,151.42917053161807,124.48611941533416,162.01103820869082,162.01103820869082,169.24458949573938
side-upper,1.2,2,-4.25,152.77952327369385,125.83728792042263,163.3000527360665,163.3000527360665,170.03730324939076
side-upper,1.2,2,-4.0,154.12987601576967,127.1884564255111,164.5890672634422,164.5890672634422,170.83001700304214
side-upper,1.2,2,-3.75,155.47446276478888,128.4345008770017,165.9657135425722,165.9657135425722,171.64358641477062
side-upper,1.2,2,-3.5,156.81904951380807,129.6805453284923,167.3423598217022,167.3423598217022,172.4571558264991
side-upper,1.2,2,-3.25,158.16363626282728,130.92658977998286,168.71900610083222,168.71900610083222,173.27072523822758
side-upper,1.2,2,-3.0,159.5082230118465,132.17263423147347,170.09565237996222,170.09565237996222,174.08429464995606
side-upper,1.2,2,-2.75,160.01092936052433,132.50871074315222,170.74753506816558,170.74753506816558,174.58763257193706
side-upper,1.2,2,-2.5,160.51363570920216,132.84478725483095,171.3994177563689,171.3994177563689,175.09097049391806
side-upper,1.2,2,-2.25,161.01634205787997,133.18086376650967,172.0513004445722,172.0513004445722,175.59430841589904
side-upper,1.2,2,-2.0,161.5190484065578,133.51694027818843,172.70318313277556,172.70318313277556,176.09764633788004
side-upper,1.2,2,-1.75,160.40585849946325,132.21966423210938,171.7258851429872,171.7258851429872,175.68273386856174
side-upper,1.2,2,-1.5,159.29266859236867,130.92238818603033,170.74858715319888,170.74858715319888,175.26782139924342
side-upper,1.2,2,-1.25,158.17947868527412,129.62511213995128,169.77128916341053,169.77128916341053,174.85290892992512
side-upper,1.2,2,-1.0,157.06628877817957,128.32783609387224,168.7939911736222,168.7939911736222,174.43799646060683
side-upper,1.2,2,-0.75,155.40903361508765,126.51650032304468,167.10533729169748,167.10533729169748,173.44558497718742
side-upper,1.2,2,-0.5,153.75177845199573,124.70516455221713,165.41668340977276,165.41668340977276,172.45317349376808
side-upper,1.2,2,-0.25,152.09452328890382,122.89382878138957,163.72802952784804,163.72802952784804,171.46076201034867
side-upper,1.2,2,0.0,150.4372681258119,121.08249301056202,162.03937564592331,162.03937564592331,170.4683505269293
side-upper,1.2,2,0.25,150.10256339540794,120.63426199323351,161.5323864419075,161.5323864419075,170.22765506948554
side-upper,1.2,2,0.5,149.76785866500398,120.186030975905,161.0253972378917,161.0253972378917,169.98695961204174
side-upper,1.2,2,0.75,149.43315393460003,119.73779995857649,160.5184080338759,160.5184080338759,169.74626415459795
side-upper,1.2,2,1.0,149.09844920419607,119.28956894124798,160.01141882986008,160.01141882986008,169.50556869715416
side-upper,1.2,2,1.25,150.2789846686037,120.3293169602916,161.0483090961969,161.0483090961969,170.15426680474712
side-upper,1.2,2,1.5,151.45952013301132,121.36906497933523,162.08519936253373,162.08519936253373,170.80296491234006
side-upper,1.2,2,1.75,152.64005559741895,122.40881299837886,163.12208962887058,163.12208962887058,171.451663019933
side-upper,1.2,2,2.0,153.82059106182658,123.44856101742249,164.1589798952074,164.1589798952074,172.10036112752596
side-upper,1.2,2,2.25,155.73778577054847,125.207191168386,166.03262829902553,166.03262829902553,172.98190145053604
side-upper,1.2,2,2.5,157.65498047927036,126.9658213193495,167.90627670284368,167.90627670284368,173.86344177354613
side-upper,1.2,2,2.75,159.57217518799226,128.724451470313,169.7799251066618,169.7799251066618,174.7449820965562
side-upper,1.2,2,3.0,161.48936989671415,130.4830816212765,171.65357351047993,171.65357351047993,175.6265224195663
side-upper,1.2,2,3.25,163.64828195761675,132.6033528207233,173.82142468037222,173.82142468037222,176.687674332666
side-upper,1.2,2,3.5,165.8071940185193,134.7236240201701,175.9892758502645,175.9892758502645,177.74882624576574
side-upper,1.2,2,3.75,167.96610607942188,136.84389521961688,178.1571270201568,178.1571270201568,178.80997815886548
side-upper,1.2,2,4.0,170.12501814032447,138.96416641906367,180.32497819004905,180.32497819004905,180.32497819004905
side-upper,1.2,2,4.25,172.50712317158786,141.5172452985058,182.71568425696975,182.71568425696975,182.71568425696975
side-upper,1.2,2,4.5,174.88922820285123,144.0703241779479,185.10639032389045,185.10639032389045,184.1579706597488
side-upper,1.2,2,4.75,177.2713332341146,146.62340305739,187.49709639081115,187.49709639081115,185.69860735052617
side-upper,1.2,2,5.0,179.65343826537799,149.17648193683212,189.88780245773185,189.88780245773185,187.69256580489088
side-upper,1.2,2,5.25,182.82917224295272,152.7273634723876,193.0074779298066,193.0074779298066,189.1883263149985
side-upper,1.2,2,5.5,186.00490622052743,156.2782450079431,196.12715340188134,196.12715340188134,190.4600545999317
side-upper,1.2,2,5.75,189.18064019810217,159.8291265434986,199.2468288739561,199.2468288739561,192.74049585821484
side-upper,1.2,2,6.0,192.35637417567688,163.38000807905408,202.36650434603087,202.36650434603087,195.02093711649798
side-upper,1.2,2,6.25,196.56294613858628,168.2344845803969,206.3284408500831,206.3284408500831,198.23376837493396
side-upper,1.2,2,6.5,200.76951810149563,173.08896108173968,210.29037735413533,210.29037735413533,201.44659963336997
side-upper,1.2,2,6.75,204.976090064405,177.94343758308247,214.25231385818756,214.25231385818756,204.65943089180595
side-upper,1.2,2,7.0,209.18266202731442,182.7979140844253,218.2142503622398,218.2142503622398,207.87226215024197
side-middle,1.2,-2,-7.0,125.24609122217224,101.28429025663297,134.85679543302132,134.85679543302132,115.23616397507291
side-middle,1.2,-2,-6.75,127.04319995007265,102.70416258910177,136.94133697511518,136.94133697511518,117.68500410320458
side-middle,1.2,-2,-6.5,128.84030867797307,104.12403492157057,139.025878517209,139.025878517209,120.13384423133624
side-middle,1.2,-2,-6.25,131.50267155705336,106.52377711707231,141.7811396117114,141.7811396117114,124.27615813523002
side-middle,1.2,-2,-6.0,134.16503443613368,108.92351931257406,144.53640070621378,144.53640070621378,128.4184720391238
side-middle,1.2,-2,-5.75,136.82739731521397,111.32326150807582,147.29166180071618,147.29166180071618,132.56078594301758
side-middle,1.2,-2,-5.5,139.48976019429426,113.72300370357756,150.0469228952186,150.0469228952186,136.70309984691136
side-middle,1.2,-2,-5.25,142.23434519058466,116.24569618733693,152.79093225120624,152.79093225120624,140.87779181312214
side-middle,1.2,-2,-5.0,144.97893018687506,118.76838867109632,155.5349416071939,155.5349416071939,145.0524837793329
side-middle,1.2,-2,-4.75,147.72351518316546,121.29108115485568,158.2789509631816,158.2789509631816,149.22717574554366
side-middle,1.2,-2,-4.5,150.46810017945586,123.81377363861506,161.02296031916924,161.02296031916924,153.40186771175445
side-middle,1.2,-2,-4.25,152.5363451427503,125.70239585445162,163.0666103135276,163.0666103135276,156.4333349413651
side-middle,1.2,-2,-4.0,154.60459010604472,127.5910180702882,165.11026030788597,165.11026030788597,159.46480217097573
side-middle,1.2,-2,-3.75,156.6728350693392,129.47964028612478,167.15391030224433,167.15391030224433,162.49626940058636
side-middle,1.2,-2,-3.5,158.74108003263362,131.36826250196134,169.1975602966027,169.1975602966027,165.527736630197
side-middle,1.2,-2,-3.25,159.2485647095019,131.77221250481006,169.68234966820387,169.68234966820387,166.75755912586834
side-middle,1.2,-2,-3.0,159.75604938637014,132.17616250765877,170.16713903980508,170.16713903980508,167.98738162153967
side-middle,1.2,-2,-2.75,160.2635340632384,132.5801125105075,170.65192841140623,170.65192841140623,169.217204117211
side-middle,1.2,-2,-2.5,160.77101874010668,132.9840625133562,171.13671778300744,171.13671778300744,170.44702661288233
side-middle,1.2,-2,-2.25,159.02793552238631,131.22435940541217,169.35709333256457,169.35709333256457,169.08250559874045
side-middle,1.2,-2,-2.0,157.28485230466595,129.46465629746814,167.57746888212174,167.57746888212174,167.71798458459858
side-middle,1.2,-2,-1.75,155.54176908694558,127.70495318952408,165.79784443167887,165.79784443167887,166.3534635704567
side-middle,1.2,-2,-1.5,153.7986858692252,125.94525008158004,164.01821998123603,164.01821998123603,164.98894255631487
side-middle,1.2,-2,-1.25,151.242926485512,123.44334812427887,161.40510968343239,161.40510968343239,161.74202690294015
side-middle,1.2,-2,-1.0,148.68716710179876,120.94144616697771,158.79199938562877,158.79199938562877,158.79199938562877
side-middle,1.2,-2,-0.75,146.13140771808557,118.43954420967654,156.17888908782516,156.17888908782516,156.17888908782516
side-middle,1.2,-2,-0.5,143.57564833437235,115.93764225237538,153.5657787900215,153.5657787900215,153.5657787900215
side-middle,1.2,-2,-0.25,142.96468036861103,115.35496364858912,152.9162911582983,152.9162911582983,152.5791176784213
side-middle,1.2,-2,0.0,142.3537124028497,114.77228504480286,152.26680352657505,152.26680352657505,149.77852204948405
side-middle,1.2,-2,0.25,141.7427444370884,114.1896064410166,151.6173158948518,151.6173158948518,147.81247318220616
side-middle,1.2,-2,0.5,141.13177647132707,113.60692783723033,150.96782826312858,150.96782826312858,145.30030430728561
side-middle,1.2,-2,0.75,142.84734263372212,115.16100816969711,152.70800158019176,152.70800158019176,145.5849699089743
side-middle,1.2,-2,1.0,144.56290879611714,116.71508850216391,154.44817489725494,154.44817489725494,146.85058857527315
side-middle,1.2,-2,1.25,146.27847495851216,118.26916883463069,156.18834821431813,156.18834821431813,148.11620724157203
side-middle,1.2,-2,1.5,147.9940411209072,119.82324916709749,157.9285215313813,157.9285215313813,149.3818259078709
side-middle,1.2,-2,1.75,150.55818749458086,122.06435069887073,160.55846762910727,160.55846762910727,152.42540368923164
side-middle,1.2,-2,2.0,153.12233386825454,124.305452230644,163.18841372683323,163.18841372683323,155.46898147059238
side-middle,1.2,-2,2.25,155.6864802419282,126.54655376241726,165.8183598245592,165.8183598245592,158.51255925195312
side-middle,1.2,-2,2.5,158.25062661560185,128.7876552941905,168.44830592228516,168.44830592228516,161.55613703331386
side-middle,1.2,-2,2.75,160.8485267675917,131.11794361479585,171.08747542108978,171.08747542108978,164.5857733314006
side-middle,1.2,-2,3.0,163.44642691958154,133.44823193540117,173.7266449198944,173.7266449198944,167.61540962948732
side-middle,1.2,-2,3.25,166.0443270715714,135.77852025600652,176.365814418699,176.365814418699,170.64504592757407
side-middle,1.2,-2,3.5,168.64222722356124,138.10880857661186,179.0049839175036,179.0049839175036,173.67468222566077
side-middle,1.2,-2,3.75,171.43367575402206,140.85555493874693,181.7901242961868,181.7901242961868,176.21818641418673
side-middle,1.2,-2,4.0,174.2251242844829,143.602301300882,184.57526467487003,184.57526467487003,178.7616906027127
side-middle,1.2,-2,4.25,177.01657281494371,146.34904766301707,187.36040505355325,187.36040505355325,181.30519479123865
side-middle,1.2,-2,4.5,179.80802134540454,149.09579402515214,190.14554543223645,190.14554543223645,183.8486989797646
side-middle,1.2,-2,4.75,182.91861021059913,152.43263800757785,193.21971311369475,193.21971311369475,185.68731327864722
side-middle,1.2,-2,5.0,186.02919907579374,155.76948199000356,196.29388079515303,196.29388079515303,187.52592757752979
side-middle,1.2,-2,5.25,189.13978794098836,159.10632597242926,199.36804847661128,199.36804847661128,189.36454187641237
side-middle,1.2,-2,5.5,192.25037680618294,162.44316995485497,202.44221615806958,202.44221615806958,191.203156175295
side-middle,1.2,-2,5.75,194.97381954480917,165.5966542001877,205.1117842302193,205.1117842302193,191.881948851327
side-middle,1.2,-2,6.0,197.69726228343535,168.75013844552043,207.7813523023691,207.7813523023691,192.560741527359
side-middle,1.2,-2,6.25,200.42070502206155,171.90362269085318,210.45092037451883,210.45092037451883,193.239534203391
side-middle,1.2,-2,6.5,203.1441477606878,175.0571069361859,213.1204884466686,213.1204884466686,193.918326879423
side-middle,1.2,-2,6.75,203.87902813908426,176.37166457170986,213.78207575881927,213.78207575881927,193.21829946110444
side-middle,1.2,-2,7.0,204.61390851748075,177.6862222072338,214.44366307096993,214.44366307096993,192.51827204278584
side-middle,1.2,-1,-7.0,116.16425449878126,94.87711924267319,125.04403717071489,125.04403717071489,115.23616397507291
side-middle,1.2,-1,-6.75,118.33226378269296,96.38648363537368,127.51324037220942,127.51324037220942,117.68500410320458
side-middle,1.2,-1,-6.5,120.50027306660466,97.89584802807417,129.98244357370396,129.98244357370396,120.13384423133624
side-middle,1.2,-1,-6.25,123.93616188396193,100.75149428069972,133.54330261416285,133.54330261416285,124.27615813523002
side-middle,1.2,-1,-6.0,127.37205070131921,103.60714053332525,137.10416165462175,137.10416165462175,128.4184720391238
side-middle,1.2,-1,-5.75,130.80793951867648,106.46278678595078,140.6650206950806,140.6650206950806,132.56078594301758
side-middle,1.2,-1,-5.5,134.24382833603374,109.31843303857633,144.2258797355395,144.2258797355395,136.70309984691136
side-middle,1.2,-1,-5.25,137.6323060873035,112.23807003939206,147.6442173061623,147.6442173061623,140.87779181312214
side-middle,1.2,-1,-5.0,141.02078383857327,115.15770704020778,151.06255487678504,151.06255487678504,145.0524837793329
side-middle,1.2,-1,-4.75,144.40926158984303,118.07734404102351,154.48089244740783,154.48089244740783,149.22717574554366
side-middle,1.2,-1,-4.5,147.7977393411128,120.99698104183923,157.8992300180306,157.8992300180306,153.40186771175445
side-middle,1.2,-1,-4.25,150.2535817514302,123.17353607683759,160.32319781465532,160.32319781465532,156.4333349413651
side-middle,1.2,-1,-4.0,152.70942416174765,125.35009111183595,162.74716561128,162.74716561128,159.46480217097573
side-middle,1.2,-1,-3.75,155.1652665720651,127.52664614683431,165.17113340790468,165.17113340790468,162.49626940058636
side-middle,1.2,-1,-3.5,157.6211089823825,129.70320118183267,167.59510120452939,167.59510120452939,165.527736630197
side-middle,1.2,-1,-3.25,158.40943266574217,130.44343555778198,168.31331950542904,168.31331950542904,166.75755912586834
side-middle,1.2,-1,-3.0,159.19775634910184,131.18366993373127,169.03153780632866,169.03153780632866,167.98738162153967
side-middle,1.2,-1,-2.75,159.9860800324615,131.92390430968058,169.74975610722828,169.74975610722828,169.217204117211
side-middle,1.2,-1,-2.5,160.77440371582117,132.6641386856299,170.46797440812793,170.46797440812793,170.44702661288233
side-middle,1.2,-1,-2.25,159.06164698963363,131.0748193628143,168.68297731783395,168.68297731783395,169.08250559874045
side-middle,1.2,-1,-2.0,157.34889026344612,129.48550003999873,166.89798022753993,166.89798022753993,167.71798458459858
side-middle,1.2,-1,-1.75,155.63613353725862,127.89618071718313,165.11298313724592,165.11298313724592,166.3534635704567
side-middle,1.2,-1,-1.5,153.92337681107108,126.30686139436754,163.32798604695193,163.32798604695193,164.98894255631487
side-middle,1.2,-1,-1.25,150.90977255175966,123.47032274333432,160.2733706984753,160.2733706984753,161.74202690294015
side-middle,1.2,-1,-1.0,147.89616829244824,120.63378409230111,157.21875534999867,157.21875534999867,158.79199938562877
side-middle,1.2,-1,-0.75,144.88256403313682,117.79724544126792,154.16414000152204,154.16414000152204,156.17888908782516
side-middle,1.2,-1,-0.5,141.8689597738254,114.9607067902347,151.1095246530454,151.1095246530454,153.5657787900215
side-middle,1.2,-1,-0.25,140.7565135894951,113.92614226017193,150.010507496099,150.010507496099,152.5791176784213
side-middle,1.2,-1,0.0,139.6440674051648,112.89157773010915,148.91149033915258,148.91149033915258,149.77852204948405
side-middle,1.2,-1,0.25,138.5316212208345,111.85701320004637,147.81247318220616,147.81247318220616,147.81247318220616
side-middle,1.2,-1,0.5,137.4191750365042,110.8224486699836,146.71345602525975,146.71345602525975,145.30030430728561
side-middle,1.2,-1,0.75,139.11433049650904,112.34412103428113,148.4905446912498,148.4905446912498,145.5849699089743
side-middle,1.2,-1,1.0,140.80948595651387,113.86579339857865,150.26763335723982,150.26763335723982,146.85058857527315
side-middle,1.2,-1,1.25,142.5046414165187,115.38746576287616,152.04472202322984,152.04472202322984,148.11620724157203
side-middle,1.2,-1,1.5,144.19979687652352,116.90913812717369,153.8218106892199,153.8218106892199,149.3818259078709
side-middle,1.2,-1,1.75,147.0203659201908,119.3428462755128,156.74814591921267,156.74814591921267,152.42540368923164
side-middle,1.2,-1,2.0,149.8409349638581,121.77655442385192,159.67448114920543,159.67448114920543,155.46898147059238
side-middle,1.2,-1,2.25,152.6615040075254,124.21026257219103,162.6008163791982,162.6008163791982,158.51255925195312
side-middle,1.2,-1,2.5,155.48207305119269,126.64397072053015,165.52715160919098,165.52715160919098,161.55613703331386
side-middle,1.2,-1,2.75,158.24214129426474,129.0228437252664,168.34119219534875,168.34119219534875,164.5857733314006
side-middle,1.2,-1,3.0,161.0022095373368,131.40171673000262,171.15523278150653,171.15523278150653,167.61540962948732
side-middle,1.2,-1,3.25,163.76227778040885,133.78058973473884,173.9692733676643,173.9692733676643,170.64504592757407
side-middle,1.2,-1,3.5,166.5223460234809,136.1594627394751,176.78331395382207,176.78331395382207,173.67468222566077
side-middle,1.2,-1,3.75,169.2154463716933,138.68931662337255,179.47726420104416,179.47726420104416,176.21818641418673
side-middle,1.2,-1,4.0,171.90854671990573,141.21917050727,182.17121444826623,182.17121444826623,178.7616906027127
side-middle,1.2,-1,4.25,174.60164706811815,143.74902439116747,184.86516469548832,184.86516469548832,181.30519479123865
side-middle,1.2,-1,4.5,177.29474741633055,146.27887827506493,187.55911494271038,187.55911494271038,183.8486989797646
side-middle,1.2,-1,4.75,179.79397827932965,148.90065532621327,190.051810157035,190.051810157035,185.68731327864722
side-middle,1.2,-1,5.0,182.29320914232875,151.52243237736164,192.5445053713596,192.5445053713596,187.52592757752979
side-middle,1.2,-1,5.25,184.79244000532785,154.14420942851,195.03720058568422,195.03720058568422,189.36454187641237
side-middle,1.2,-1,5.5,187.29167086832695,156.76598647965835,197.52989580000883,197.52989580000883,191.203156175295
side-middle,1.2,-1,5.75,188.80619229735458,158.54472858595733,199.0963366262676,199.0963366262676,191.881948851327
side-middle,1.2,-1,6.0,190.32071372638222,160.32347069225628,200.6627774525264,200.6627774525264,192.560741527359
side-middle,1.2,-1,6.25,191.83523515540986,162.10221279855523,202.22921827878517,202.22921827878517,193.239534203391
side-middle,1.2,-1,6.5,193.3497565844375,163.8809549048542,203.79565910504397,203.79565910504397,193.918326879423
side-middle,1.2,-1,6.75,192.90926634206193,163.6980455780773,203.51498373448356,203.51498373448356,193.21829946110444
side-middle,1.2,-1,7.0,192.46877609968635,163.5151362513004,203.23430836392316,203.23430836392316,192.51827204278584
side-middle,1.2,0,-7.0,107.79061518988324,89.69153423787162,115.23616397507291,115.23616397507291,115.23616397507291
side-middle,1.2,0,-6.75,109.95037860949317,90.91669803374974,117.68500410320458,117.68500410320458,117.68500410320458
side-middle,1.2,0,-6.5,112.11014202910312,92.14186182962787,120.13384423133624,120.13384423133624,120.13384423133624
side-middle,1.2,0,-6.25,116.05346606992954,95.15979858752718,124.27615813523002,124.27615813523002,124.27615813523002
side-middle,1.2,0,-6.0,119.99679011075598,98.17773534542647,128.4184720391238,128.4184720391238,128.4184720391238
side-middle,1.2,0,-5.75,123.9401141515824,101.19567210332578,132.56078594301758,132.56078594301758,132.56078594301758
side-middle,1.2,0,-5.5,127.88343819240885,104.21360886122508,136.70309984691136,136.70309984691136,136.70309984691136
side-middle,1.2,0,-5.25,131.91213096791722,107.47104651109254,140.87779181312214,140.87779181312214,140.87779181312214
side-middle,1.2,0,-5.0,135.9408237434256,110.72848416096001,145.0524837793329,145.0524837793329,145.0524837793329
side-middle,1.2,0,-4.75,139.96951651893397,113.98592181082748,149.22717574554366,149.22717574554366,149.22717574554366
side-middle,1.2,0,-4.5,143.99820929444235,117.24335946069493,153.40186771175445,153.40186771175445,153.40186771175445
side-middle,1.2,0,-4.25,146.97210477362978,119.77916698195372,156.4333349413651,156.4333349413651,156.4333349413651
side-middle,1.2,0,-4.0,149.94600025281724,122.3149745032125,159.46480217097573,159.46480217097573,159.46480217097573
side-middle,1.2,0,-3.75,152.9198957320047,124.85078202447127,162.49626940058636,162.49626940058636,162.49626940058636
side-middle,1.2,0,-3.5,155.89379121119214,127.38658954573006,165.527736630197,165.527736630197,165.527736630197
side-middle,1.2,0,-3.25,157.15221425505956,128.6118048482762,166.75755912586834,166.75755912586834,166.75755912586834
side-middle,1.2,0,-3.0,158.41063729892699,129.83702015082235,167.98738162153967,167.98738162153967,167.98738162153967
side-middle,1.2,0,-2.75,159.6690603427944,131.06223545336852,169.217204117211,169.217204117211,169.217204117211
side-middle,1.2,0,-2.5,160.92748338666183,132.28745075591465,170.44702661288233,170.44702661288233,170.44702661288233
side-middle,1.2,0,-2.25,159.61612834813548,131.23251406495217,169.08250559874045,169.08250559874045,169.08250559874045
side-middle,1.2,0,-2.0,158.3047733096091,130.17757737398966,167.71798458459858,167.71798458459858,167.71798458459858
side-middle,1.2,0,-1.75,156.9934182710827,129.12264068302716,166.3534635704567,166.3534635704567,166.3534635704567
side-middle,1.2,0,-1.5,155.68206323255635,128.06770399206465,164.98894255631487,164.98894255631487,164.98894255631487
side-middle,1.2,0,-1.25,152.47483620868553,125.1896102319244,161.74202690294015,161.74202690294015,161.74202690294015
side-middle,1.2,0,-1.0,149.26760918481475,122.31151647178417,158.49511124956547,158.49511124956547,158.79199938562877
side-middle,1.2,0,-0.75,146.06038216094396,119.43342271164393,155.24819559619078,155.24819559619078,156.17888908782516
side-middle,1.2,0,-0.5,142.85315513707314,116.5553289515037,152.0012799428161,152.0012799428161,153.5657787900215
side-middle,1.2,0,-0.25,140.94071337661765,114.80548213485855,150.08079776778092,150.08079776778092,152.5791176784213
side-middle,1.2,0,0.0,139.02827161616216,113.05563531821343,148.16031559274575,148.16031559274575,149.77852204948405
side-middle,1.2,0,0.25,137.11582985570664,111.30578850156832,146.2398334177106,146.2398334177106,147.81247318220616
side-middle,1.2,0,0.5,135.20338809525114,109.55594168492317,144.31935124267542,144.31935124267542,145.30030430728561
side-middle,1.2,0,0.75,136.407385390477,110.57283685704073,145.5849699089743,145.5849699089743,145.5849699089743
side-middle,1.2,0,1.0,137.6113826857029,111.58973202915826,146.85058857527315,146.85058857527315,146.85058857527315
side-middle,1.2,0,1.25,138.81537998092875,112.60662720127578,148.11620724157203,148.11620724157203,148.11620724157203
side-middle,1.2,0,1.5,140.01937727615461,113.62352237339334,149.3818259078709,149.3818259078709,149.3818259078709
side-middle,1.2,0,1.75,142.9556027541587,116.08926873842817,152.42540368923164,152.42540368923164,152.42540368923164
side-middle,1.2,0,2.0,145.8918282321628,118.55501510346302,155.46898147059238,155.46898147059238,155.46898147059238
side-middle,1.2,0,2.25,148.8280537101669,121.02076146849785,158.51255925195312,158.51255925195312,158.51255925195312
side-middle,1.2,0,2.5,151.76427918817097,123.4865078335327,161.55613703331386,161.55613703331386,161.55613703331386
side-middle,1.2,0,2.75,154.7247330814368,125.95373791404722,164.5857733314006,164.5857733314006,164.5857733314006
side-middle,1.2,0,3.0,157.6851869747026,128.42096799456175,167.61540962948732,167.61540962948732,167.61540962948732
side-middle,1.2,0,3.25,160.64564086796838,130.88819807507628,170.64504592757407,170.64504592757407,170.64504592757407
side-middle,1.2,0,3.5,163.6060947612342,133.3554281555908,173.67468222566077,173.67468222566077,173.67468222566077
side-middle,1.2,0,3.75,166.12820828017567,135.60566502571803,176.21818641418673,176.21818641418673,176.21818641418673
side-middle,1.2,0,4.0,168.65032179911714,137.85590189584525,178.7616906027127,178.7616906027127,178.7616906027127
side-middle,1.2,0,4.25,171.1724353180586,140.10613876597247,181.30519479123865,181.30519479123865,181.30519479123865
side-middle,1.2,0,4.5,173.69454883700007,142.3563756360997,183.8486989797646,183.8486989797646,183.8486989797646
side-middle,1.2,0,4.75,175.5137830480757,144.1927740276247,185.68731327864722,185.68731327864722,185.68731327864722
side-middle,1.2,0,5.0,177.33301725915132,146.0291724191497,187.52592757752979,187.52592757752979,187.52592757752979
side-middle,1.2,0,5.25,179.15225147022696,147.86557081067468,189.36454187641237,189.36454187641237,189.36454187641237
side-middle,1.2,0,5.5,180.97148568130257,149.70196920219968,191.203156175295,191.203156175295,191.203156175295
side-middle,1.2,0,5.75,181.5550553468984,150.40818609998928,191.881948851327,191.881948851327,191.881948851327
side-middle,1.2,0,6.0,182.1386250124942,151.1144029977789,192.560741527359,192.560741527359,192.560741527359
side-middle,1.2,0,6.25,182.72219467809003,151.82061989556854,193.239534203391,193.239534203391,193.239534203391
side-middle,1.2,0,6.5,183.30576434368584,152.52683679335814,193.918326879423,193.918326879423,193.918326879423
side-middle,1.2,0,6.75,182.36860221557066,151.6310801787961,193.21829946110444,193.21829946110444,193.21829946110444
side-middle,1.2,0,7.0,181.43144008745546,150.73532356423408,192.51827204278584,192.51827204278584,192.51827204278584
side-middle,1.2,1,-7.0,102.01470457539762,87.08872874874504,107.33687478542677,107.33687478542677,115.23616397507291
side-middle,1.2,1,-6.75,103.58991051124463,87.49046399936331,109.1587090998819,109.1587090998819,117.68500410320458
side-middle,1.2,1,-6.5,105.16511644709163,87.89219924998157,110.98054341433703,110.98054341433703,120.13384423133624
side-middle,1.2,1,-6.25,109.09560686018627,90.59627618357618,115.22227371824943,115.22227371824943,124.27615813523002
side-middle,1.2,1,-6.0,113.0260972732809,93.3003531171708,119.4640040221618,119.4640040221618,128.4184720391238
side-middle,1.2,1,-5.75,116.95658768637553,96.0044300507654,123.70573432607418,123.70573432607418,132.56078594301758
side-middle,1.2,1,-5.5,120.88707809947016,98.70850698436001,127.94746462998657,127.94746462998657,136.70309984691136
side-middle,1.2,1,-5.25,125.37177360784311,102.1450522227396,132.77638250244638,132.77638250244638,140.87779181312214
side-middle,1.2,1,-5.0,129.85646911621606,105.58159746111917,137.60530037490622,137.60530037490622,145.0524837793329
side-middle,1.2,1,-4.75,134.341164624589,109.01814269949875,142.43421824736603,142.43421824736603,149.22717574554366
side-middle,1.2,1,-4.5,138.82586013296196,112.45468793787835,147.26313611982584,147.26313611982584,153.40186771175445
side-middle,1.2,1,-4.25,142.35543244142556,115.36968118932262,151.04360169699498,151.04360169699498,156.4333349413651
side-middle,1.2,1,-4.0,145.88500474988916,118.28467444076689,154.8240672741641,154.8240672741641,159.46480217097573
side-middle,1.2,1,-3.75,149.41457705835273,121.19966769221116,158.6045328513332,158.6045328513332,162.49626940058636
side-middle,1.2,1,-3.5,152.94414936681633,124.11466094365544,162.38499842850234,162.38499842850234,165.527736630197
side-middle,1.2,1,-3.25,154.75405823681052,125.8527154864401,164.30603011087828,164.30603011087828,166.75755912586834
side-middle,1.2,1,-3.0,156.56396710680474,127.59077002922479,166.2270617932542,166.2270617932542,167.98738162153967
side-middle,1.2,1,-2.75,158.37387597679893,129.32882457200947,168.1480934756301,168.1480934756301,169.217204117211
side-middle,1.2,1,-2.5,160.18378484679312,131.06687911479415,170.06912515800605,170.06912515800605,170.44702661288233
side-middle,1.2,1,-2.25,159.55000994760252,130.76803119487113,169.45147262638324,169.45147262638324,169.08250559874045
side-middle,1.2,1,-2.0,158.91623504841192,130.46918327494814,168.83382009476045,168.83382009476045,167.71798458459858
side-middle,1.2,1,-1.75,158.28246014922132,130.17033535502512,168.21616756313767,168.21616756313767,166.3534635704567
side-middle,1.2,1,-1.5,157.64868525003072,129.8714874351021,167.59851503151486,167.59851503151486,164.98894255631487
side-middle,1.2,1,-1.25,154.65892057439896,127.34590122803404,164.5438146004758,164.5438146004758,161.74202690294015
side-middle,1.2,1,-1.0,151.6691558987672,124.82031502096598,161.48911416943673,161.48911416943673,158.79199938562877
side-middle,1.2,1,-0.75,148.67939122313544,122.29472881389792,158.43441373839767,158.43441373839767,156.17888908782516
side-middle,1.2,1,-0.5,145.68962654750368,119.76914260682986,155.3797133073586,155.3797133073586,153.5657787900215
side-middle,1.2,1,-0.25,142.99343524982527,117.33468936235977,152.5791176784213,152.5791176784213,152.5791176784213
side-middle,1.2,1,0.0,140.29724395214689,114.90023611788968,149.77852204948405,149.77852204948405,149.77852204948405
side-middle,1.2,1,0.25,137.6010526544685,112.46578287341958,146.9779264205468,146.9779264205468,147.81247318220616
side-middle,1.2,1,0.5,134.9048613567901,110.03132962894949,144.1773307916095,144.1773307916095,145.30030430728561
side-middle,1.2,1,0.75,135.21369795773114,110.14782921602436,144.4661954817812,144.4661954817812,145.5849699089743
side-middle,1.2,1,1.0,135.52253455867216,110.26432880309923,144.75506017195292,144.75506017195292,146.85058857527315
side-middle,1.2,1,1.25,135.83137115961318,110.38082839017412,145.04392486212464,145.04392486212464,148.11620724157203
side-middle,1.2,1,1.5,136.14020776055423,110.49732797724899,145.33278955229633,145.33278955229633,149.3818259078709
side-middle,1.2,1,1.75,138.87538810203884,112.6869972277607,148.1547658306317,148.1547658306317,152.42540368923164
side-middle,1.2,1,2.0,141.61056844352345,114.8766664782724,150.97674210896707,150.97674210896707,155.46898147059238
side-middle,1.2,1,2.25,144.34574878500806,117.0663357287841,153.79871838730244,153.79871838730244,158.51255925195312
side-middle,1.2,1,2.5,147.08092912649266,119.25600497929581,156.6206946656378,156.6206946656378,161.55613703331386
side-middle,1.2,1,2.75,150.21222108558982,121.80956425786695,159.83571175880735,159.83571175880735,164.5857733314006
side-middle,1.2,1,3.0,153.34351304468694,124.36312353643811,163.05072885197686,163.05072885197686,167.61540962948732
side-middle,1.2,1,3.25,156.47480500378407,126.91668281500925,166.26574594514636,166.26574594514636,170.64504592757407
side-middle,1.2,1,3.5,159.60609696288122,129.4702420935804,169.4807630383159,169.4807630383159,173.67468222566077
side-middle,1.2,1,3.75,162.07659611362857,131.58272680681716,171.98839253674242,171.98839253674242,176.21818641418673
side-middle,1.2,1,4.0,164.54709526437588,133.69521152005393,174.49602203516895,174.49602203516895,178.7616906027127
side-middle,1.2,1,4.25,167.0175944151232,135.80769623329067,177.0036515335955,177.0036515335955,181.30519479123865
side-middle,1.2,1,4.5,169.48809356587054,137.92018094652744,179.51128103202203,179.51128103202203,183.8486989797646
side-middle,1.2,1,4.75,170.8905365145309,139.24269037265967,180.93944726674624,180.93944726674624,185.68731327864722
side-middle,1.2,1,5.0,172.29297946319127,140.56519979879192,182.36761350147043,182.36761350147043,187.52592757752979
side-middle,1.2,1,5.25,173.6954224118516,141.88770922492418,183.79577973619465,183.79577973619465,189.36454187641237
side-middle,1.2,1,5.5,175.097865360512,143.2102186510564,185.22394597091886,185.22394597091886,191.203156175295
side-middle,1.2,1,5.75,175.2449304386128,143.38705943387367,185.44529496279443,185.44529496279443,191.881948851327
side-middle,1.2,1,6.0,175.39199551671368,143.5639002166909,185.66664395467,185.66664395467,192.560741527359
side-middle,1.2,1,6.25,175.53906059481454,143.74074099950815,185.88799294654558,185.88799294654558,193.239534203391
side-middle,1.2,1,6.5,175.68612567291535,143.9175817823254,186.10934193842115,186.10934193842115,193.918326879423
side-middle,1.2,1,6.75,174.75848306566323,142.9554866987056,185.3403328192904,185.3403328192904,193.21829946110444
side-middle,1.2,1,7.0,173.83084045841107,141.99339161508584,184.57132370015967,184.57132370015967,192.51827204278584
side-middle,1.2,2,-7.0,100.36387622080512,88.59987591437542,103.464044658366,103.464044658366,115.23616397507291
side-middle,1.2,2,-6.75,100.79578961984635,87.73838271037675,104.0905944456793,104.0905944456793,117.68500410320458
side-middle,1.2,2,-6.5,101.22770301888755,86.87688950637809,104.71714423299261,104.71714423299261,120.13384423133624
side-middle,1.2,2,-6.25,104.49781715439903,88.73181269674944,108.40108002830196,108.40108002830196,124.27615813523002
side-middle,1.2,2,-6.0,107.76793128991049,90.58673588712082,112.08501582361131,112.08501582361131,128.4184720391238
side-middle,1.2,2,-5.75,111.03804542542197,92.4416590774922,115.76895161892067,115.76895161892067,132.56078594301758
side-middle,1.2,2,-5.5,114.30815956093343,94.29658226786356,119.45288741423002,119.45288741423002,136.70309984691136
side-middle,1.2,2,-5.25,118.72656813267552,97.4586482576362,124.40772609354349,124.40772609354349,140.87779181312214
side-middle,1.2,2,-5.0,123.1449767044176,100.62071424740883,129.36256477285696,129.36256477285696,145.0524837793329
side-middle,1.2,2,-4.75,127.56338527615969,103.78278023718147,134.31740345217042,134.31740345217042,149.22717574554366
side-middle,1.2,2,-4.5,131.98179384790177,106.9448462269541,139.2722421314839,139.2722421314839,153.40186771175445
side-middle,1.2,2,-4.25,135.88643567953523,110.04169966355794,143.63528589500487,143.63528589500487,156.4333349413651
side-middle,1.2,2,-4.0,139.79107751116868,113.13855310016177,147.99832965852585,147.99832965852585,159.46480217097573
side-middle,1.2,2,-3.75,143.69571934280214,116.23540653676562,152.36137342204682,152.36137342204682,162.49626940058636
side-middle,1.2,2,-3.5,147.6003611744356,119.33225997336946,156.7244171855678,156.7244171855678,165.527736630197
side-middle,1.2,2,-3.25,149.98674155171295,121.50099339034516,159.38877514231768,159.38877514231768,166.75755912586834
side-middle,1.2,2,-3.0,152.37312192899032,123.66972680732084,162.05313309906754,162.05313309906754,167.98738162153967
side-middle,1.2,2,-2.75,154.75950230626768,125.83846022429654,164.7174910558174,164.7174910558174,169.217204117211
side-middle,1.2,2,-2.5,157.14588268354507,128.00719364127224,167.38184901256727,167.38184901256727,170.44702661288233
side-middle,1.2,2,-2.25,157.32068833643916,128.4471538629142,167.65594164619023,167.65594164619023,169.08250559874045
side-middle,1.2,2,-2.0,157.49549398933328,128.88711408455617,167.93003427981319,167.93003427981319,167.71798458459858
side-middle,1.2,2,-1.75,157.6702996422274,129.32707430619814,168.20412691343614,168.20412691343614,166.3534635704567
side-middle,1.2,2,-1.5,157.8451052951215,129.7670345278401,168.4782195470591,168.4782195470591,164.98894255631487
side-middle,1.2,2,-1.25,155.46749263126114,127.87983424730359,165.99859187403263,165.99859187403263,161.74202690294015
side-middle,1.2,2,-1.0,153.08987996740075,125.99263396676707,163.51896420100616,163.51896420100616,158.79199938562877
side-middle,1.2,2,-0.75,150.7122673035404,124.10543368623055,161.03933652797969,161.03933652797969,156.17888908782516
side-middle,1.2,2,-0.5,148.33465463968002,122.21823340569404,158.55970885495321,158.55970885495321,153.5657787900215
side-middle,1.2,2,-0.25,145.24490630736116,119.46863551134429,155.24485771803631,155.24485771803631,152.5791176784213
side-middle,1.2,2,0.0,142.1551579750423,116.71903761699454,151.93000658111941,151.93000658111941,149.77852204948405
side-middle,1.2,2,0.25,139.06540964272344,113.96943972264481,148.61515544420251,148.61515544420251,147.81247318220616
side-middle,1.2,2,0.5,135.97566131040458,111.21984182829506,145.30030430728561,145.30030430728561,145.30030430728561
side-middle,1.2,2,0.75,135.26530393924872,110.36897956740025,144.47838734875467,144.47838734875467,145.5849699089743
side-middle,1.2,2,1.0,134.55494656809284,109.51811730650542,143.6564703902237,143.6564703902237,146.85058857527315
side-middle,1.2,2,1.25,133.84458919693697,108.6672550456106,142.8345534316927,142.8345534316927,148.11620724157203
side-middle,1.2,2,1.5,133.13423182578111,107.81639278471579,142.01263647316176,142.01263647316176,149.3818259078709
side-middle,1.2,2,1.75,135.27731997485026,109.42614446344187,144.22372803098628,144.22372803098628,152.42540368923164
side-middle,1.2,2,2.0,137.4204081239194,111.03589614216796,146.4348195888108,146.4348195888108,155.46898147059238
side-middle,1.2,2,2.25,139.56349627298854,112.64564782089404,148.64591114663534,148.64591114663534,158.51255925195312
side-middle,1.2,2,2.5,141.7065844220577,114.25539949962013,150.85700270445986,150.85700270445986,161.55613703331386
side-middle,1.2,2,2.75,144.85222172912256,116.81155615384218,154.10196837507644,154.10196837507644,164.5857733314006
side-middle,1.2,2,3.0,147.99785903618746,119.36771280806423,157.34693404569305,157.34693404569305,167.61540962948732
side-middle,1.2,2,3.25,151.14349634325237,121.92386946228628,160.59189971630963,160.59189971630963,170.64504592757407
side-middle,1.2,2,3.5,154.28913365031724,124.48002611650833,163.8368653869262,163.8368653869262,173.67468222566077
side-middle,1.2,2,3.75,156.867631605314,126.6542836247755,166.46894552384796,166.46894552384796,176.21818641418673
side-middle,1.2,2,4.0,159.4461295603107,128.82854113304268,169.10102566076972,169.10102566076972,178.7616906027127
side-middle,1.2,2,4.25,162.02462751530743,131.00279864130985,171.73310579769145,171.73310579769145,181.30519479123865
side-middle,1.2,2,4.5,164.60312547030418,133.17705614957703,174.3651859346132,174.3651859346132,183.8486989797646
side-middle,1.2,2,4.75,165.96160541173182,134.3739628320767,175.75478552633245,175.75478552633245,185.68731327864722
side-middle,1.2,2,5.0,167.32008535315947,135.5708695145764,177.14438511805173,177.14438511805173,187.52592757752979
side-middle,1.2,2,5.25,168.67856529458712,136.7677761970761,178.533984709771,178.533984709771,189.36454187641237
side-middle,1.2,2,5.5,170.03704523601476,137.96468287957578,179.92358430149025,179.92358430149025,191.203156175295
side-middle,1.2,2,5.75,170.19327543865268,138.09304379818238,180.11399660356224,180.11399660356224,191.881948851327
side-middle,1.2,2,6.0,170.3495056412906,138.22140471678898,180.3044089056342,180.3044089056342,192.560741527359
side-middle,1.2,2,6.25,170.5057358439285,138.34976563539558,180.4948212077062,180.4948212077062,193.239534203391
side-middle,1.2,2,6.5,170.66196604656642,138.4781265540022,180.6852335097782,180.6852335097782,193.918326879423
side-middle,1.2,2,6.75,169.98413997361155,137.7834001525204,180.026568384957,180.026568384957,193.21829946110444
side-middle,1.2,2,7.0,169.3063139006567,137.08867375103858,179.36790326013582,179.36790326013582,192.51827204278584
side-lower,1.2,-2,-7.0,113.7460742863698,97.1963216572176,118.67565109649445,118.67565109649445,109.58856129430274
side-lower,1.2,-2,-6.75,117.46107276086929,99.60789671632054,122.8682149115574,122.8682149115574,110.91155669639781
side-lower,1.2,-2,-6.5,121.17607123536877,102.0194717754235,127.06077872662036,127.06077872662036,108.56506987498415
side-lower,1.2,-2,-6.25,124.89106970986825,104.43104683452646,131.2533425416833,131.2533425416833,109.48116894552614
side-lower,1.2,-2,-6.0,128.60606818436773,106.8426218936294,135.44590635674626,135.44590635674626,111.27782054010252
side-lower,1.2,-2,-5.75,132.02577866870718,109.2771312400231,139.21041381584746,139.21041381584746,114.07041948643186
side-lower,1.2,-2,-5.5,135.4454891530466,111.71164058641679,142.97492127494866,142.97492127494866,116.86301843276121
side-lower,1.2,-2,-5.25,138.865199637386,114.14614993281049,146.73942873404988,146.73942873404988,119.65561737909054
side-lower,1.2,-2,-5.0,142.28491012172546,116.58065927920418,150.50393619315108,150.50393619315108,122.44821632541988
side-lower,1.2,-2,-4.75,144.41002856807717,118.19099810685688,152.82116347588246,152.82116347588246,125.53832034737938
side-lower,1.2,-2,-4.5,146.53514701442884,119.80133693450958,155.1383907586138,155.1383907586138,128.6284243693389
side-lower,1.2,-2,-4.25,148.66026546078055,121.41167576216228,157.4556180413452,157.4556180413452,131.71852839129838
side-lower,1.2,-2,-4.0,150.78538390713226,123.02201458981497,159.77284532407657,159.77284532407657,134.8086324132579
side-lower,1.2,-2,-3.75,150.70630927102127,122.96112469728448,159.65807909309916,159.65807909309916,137.22448951564428
side-lower,1.2,-2,-3.5,150.62723463491025,122.90023480475396,159.54331286212178,159.54331286212178,139.6403466180307
side-lower,1.2,-2,-3.25,150.54815999879924,122.83934491222345,159.4285466311444,159.4285466311444,142.0562037204171
side-lower,1.2,-2,-3.0,150.46908536268825,122.77845501969296,159.313780400167,159.313780400167,144.47206082280348
side-lower,1.2,-2,-2.75,148.1089626325566,120.71622436204979,156.73239663279725,156.73239663279725,145.03527875162325
side-lower,1.2,-2,-2.5,145.74883990242498,118.6539937044066,154.15101286542753,154.15101286542753,145.59849668044302
side-lower,1.2,-2,-2.25,143.38871717229335,116.59176304676342,151.56962909805782,151.56962909805782,146.1617146092628
side-lower,1.2,-2,-2.0,141.0285944421617,114.52953238912025,148.98824533068807,148.98824533068807,146.72493253808253
side-lower,1.2,-2,-1.75,138.4727386622222,112.09254001032842,146.2835079784697,146.2835079784697,145.0837708084822
side-lower,1.2,-2,-1.5,135.91688288228272,109.65554763153662,143.57877062625127,143.57877062625127,143.44260907888187
side-lower,1.2,-2,-1.25,133.36102710234323,107.2185552527448,140.87403327403285,140.87403327403285,140.87403327403285
side-lower,1.2,-2,-1.0,130.80517132240374,104.78156287395298,138.16929592181447,138.16929592181447,138.16929592181447
side-lower,1.2,-2,-0.75,130.60707111777606,104.39600689131873,138.01530349756112,138.01530349756112,137.55430807516373
side-lower,1.2,-2,-0.5,130.40897091314838,104.01045090868448,137.86131107330777,137.86131107330777,135.57028376175202
side-lower,1.2,-2,-0.25,130.2108707085207,103.62489492605023,137.70731864905446,137.70731864905446,133.2752828327874
side-lower,1.2,-2,0.0,130.01277050389305,103.23933894341599,137.5533262248011,137.5533262248011,130.9802819038228
side-lower,1.2,-2,0.25,132.3547034716111,105.24867305468274,140.0284015151414,140.0284015151414,130.71438409061176
side-lower,1.2,-2,0.5,134.69663643932915,107.2580071659495,142.50347680548174,142.50347680548174,130.44848627740072
side-lower,1.2,-2,0.75,137.03856940704722,109.26734127721626,144.97855209582207,144.97855209582207,130.18258846418968
side-lower,1.2,-2,1.0,139.38050237476526,111.27667538848301,147.4536273861624,147.4536273861624,129.91669065097864
side-lower,1.2,-2,1.25,142.4392187657878,113.98609982090395,150.6353236031324,150.6353236031324,132.42988945134243
side-lower,1.2,-2,1.5,145.49793515681034,116.69552425332486,153.8170198201024,153.8170198201024,134.94308825170623
side-lower,1.2,-2,1.75,148.55665154783287,119.4049486857458,156.99871603707237,156.99871603707237,137.45628705207002
side-lower,1.2,-2,2.0,151.6153679388554,122.11437311816672,160.18041225404238,160.18041225404238,139.96948585243385
side-lower,1.2,-2,2.25,153.71396201925313,123.90747524592464,162.37598947545257,162.37598947545257,143.25808609321882
side-lower,1.2,-2,2.5,155.81255609965083,125.70057737368256,164.57156669686276,164.57156669686276,146.54668633400377
side-lower,1.2,-2,2.75,157.91115018004854,127.49367950144048,166.76714391827292,166.76714391827292,149.83528657478874
side-lower,1.2,-2,3.0,160.00974426044627,129.2867816291984,168.9627211396831,168.9627211396831,153.1238868155737
side-lower,1.2,-2,3.25,160.76742501653655,129.872549158827,169.78479521956132,169.78479521956132,155.358078933574
side-lower,1.2,-2,3.5,161.5251057726268,130.45831668845562,170.60686929943955,170.60686929943955,157.5922710515743
side-lower,1.2,-2,3.75,162.28278652871705,131.0440842180842,171.42894337931781,171.42894337931781,160.55856946159983
side-lower,1.2,-2,4.0,163.04046728480733,131.62985174771282,172.25101745919602,172.25101745919602,164.1661836569368
side-lower,1.2,-2,4.25,162.89543451649772,131.49732066121467,172.0884448773874,172.0884448773874,165.6603331717239
side-lower,1.2,-2,4.5,162.7504017481881,131.36478957471653,171.92587229557876,171.92587229557876,167.15448268651102
side-lower,1.2,-2,4.75,162.60536897987848,131.23225848821838,171.7632997137701,171.7632997137701,168.14832775115747
side-lower,1.2,-2,5.0,162.46033621156886,131.09972740172023,171.60072713196146,171.60072713196146,168.4666927606641
side-lower,1.2,-2,5.25,161.7223945243403,130.43780790761997,170.78629072002667,170.78629072002667,168.3709032691927
side-lower,1.2,-2,5.5,160.98445283711177,129.77588841351968,169.97185430809185,169.97185430809185,168.27511377772126
side-lower,1.2,-2,5.75,160.24651114988325,129.11396891941942,169.15741789615703,169.15741789615703,168.17932428624982
side-lower,1.2,-2,6.0,159.5085694626547,128.45204942531916,168.3429814842222,168.3429814842222,168.3429814842222
side-lower,1.2,-2,6.25,158.05971728321074,127.17957396226085,166.85997759766707,166.85997759766707,167.0504357427642
side-lower,1.2,-2,6.5,156.6108651037668,125.90709849920253,165.3769737111119,165.3769737111119,165.47178362123447
side-lower,1.2,-2,6.75,155.16201292432285,124.63462303614422,163.89396982455673,163.89396982455673,163.89396982455673
side-lower,1.2,-2,7.0,153.7131607448789,123.3621475730859,162.4109659380016,162.4109659380016,162.4109659380016
side-lower,1.2,-1,-7.0,105.61930520481779,93.62856929689583,109.58856129430274,109.58856129430274,109.58856129430274
side-lower,1.2,-1,-6.75,108.52140441365637,95.23489304252814,112.8356296074908,112.8356296074908,110.91155669639781
side-lower,1.2,-1,-6.5,111.42350362249495,96.84121678816047,116.08269792067885,116.08269792067885,108.56506987498415
side-lower,1.2,-1,-6.25,114.32560283133353,98.44754053379278,119.3297662338669,119.3297662338669,109.48116894552614
side-lower,1.2,-1,-6.0,117.2277020401721,100.05386427942508,122.57683454705497,122.57683454705497,111.27782054010252
side-lower,1.2,-1,-5.75,120.54547332869738,102.25795182875088,126.18664090582199,126.18664090582199,114.07041948643186
side-lower,1.2,-1,-5.5,123.86324461722268,104.46203937807667,129.796447264589,129.796447264589,116.86301843276121
side-lower,1.2,-1,-5.25,127.18101590574796,106.66612692740244,133.40625362335604,133.40625362335604,119.65561737909054
side-lower,1.2,-1,-5.0,130.49878719427323,108.87021447672824,137.01605998212307,137.01605998212307,122.44821632541988
side-lower,1.2,-1,-4.75,133.29458398915511,110.93267730713603,140.05953989183473,140.05953989183473,125.53832034737938
side-lower,1.2,-1,-4.5,136.090380784037,112.99514013754381,143.1030198015464,143.1030198015464,128.6284243693389
side-lower,1.2,-1,-4.25,138.88617757891888,115.05760296795158,146.14649971125806,146.14649971125806,131.71852839129838
side-lower,1.2,-1,-4.0,141.68197437380076,117.12006579835938,149.18997962096972,149.18997962096972,134.8086324132579
side-lower,1.2,-1,-3.75,142.91437799679005,118.07554174439107,150.54067513335093,150.54067513335093,137.22448951564428
side-lower,1.2,-1,-3.5,144.14678161977935,119.0310176904228,151.89137064573217,151.89137064573217,139.6403466180307
side-lower,1.2,-1,-3.25,145.37918524276864,119.98649363645453,153.2420661581134,153.2420661581134,142.0562037204171
side-lower,1.2,-1,-3.0,146.6115888657579,120.94196958248622,154.5927616704946,154.5927616704946,144.47206082280348
side-lower,1.2,-1,-2.75,145.44947532047524,119.79104657511478,153.3905587846345,153.3905587846345,145.03527875162325
side-lower,1.2,-1,-2.5,144.2873617751926,118.64012356774333,152.1883558987744,152.1883558987744,145.59849668044302
side-lower,1.2,-1,-2.25,143.12524822990994,117.48920056037187,150.98615301291431,150.98615301291431,146.1617146092628
side-lower,1.2,-1,-2.0,141.96313468462728,116.33827755300042,149.7839501270542,149.7839501270542,146.72493253808253
side-lower,1.2,-1,-1.75,139.32927044273112,113.68697511056705,147.09729973603606,147.09729973603606,145.0837708084822
side-lower,1.2,-1,-1.5,136.69540620083498,111.03567266813366,144.41064934501793,144.41064934501793,143.44260907888187
side-lower,1.2,-1,-1.25,134.06154195893885,108.38437022570028,141.7239989539998,141.7239989539998,140.87403327403285
side-lower,1.2,-1,-1.0,131.42767771704268,105.7330677832669,139.0373485629817,139.0373485629817,138.16929592181447
side-lower,1.2,-1,-0.75,129.90195103584676,104.02647408406186,137.55430807516373,137.55430807516373,137.55430807516373
side-lower,1.2,-1,-0.5,128.37622435465084,102.31988038485682,136.0712675873458,136.0712675873458,135.57028376175202
side-lower,1.2,-1,-0.25,126.8504976734549,100.61328668565177,134.58822709952787,134.58822709952787,133.2752828327874
side-lower,1.2,-1,0.0,125.32477099225898,98.90669298644673,133.1051866117099,133.1051866117099,130.9802819038228
side-lower,1.2,-1,0.25,126.542733049963,99.82950911927247,134.42097530271178,134.42097530271178,130.71438409061176
side-lower,1.2,-1,0.5,127.76069510766705,100.75232525209822,135.73676399371362,135.73676399371362,130.44848627740072
side-lower,1.2,-1,0.75,128.9786571653711,101.67514138492396,137.05255268471547,137.05255268471547,130.18258846418968
side-lower,1.2,-1,1.0,130.19661922307512,102.5979575177497,138.3683413757173,138.3683413757173,129.91669065097864
side-lower,1.2,-1,1.25,133.21474675159942,105.27296819694445,141.47556230829258,141.47556230829258,132.42988945134243
side-lower,1.2,-1,1.5,136.23287428012375,107.94797887613919,144.58278324086785,144.58278324086785,134.94308825170623
side-lower,1.2,-1,1.75,139.25100180864808,110.62298955533393,147.69000417344313,147.69000417344313,137.45628705207002
side-lower,1.2,-1,2.0,142.2691293371724,113.29800023452867,150.7972251060184,150.7972251060184,139.96948585243385
side-lower,1.2,-1,2.25,144.92697595219732,115.62866311272973,153.53534818502965,153.53534818502965,143.25808609321882
side-lower,1.2,-1,2.5,147.58482256722226,117.95932599093078,156.27347126404092,156.27347126404092,146.54668633400377
side-lower,1.2,-1,2.75,150.2426691822472,120.28998886913183,159.0115943430522,159.0115943430522,149.83528657478874
side-lower,1.2,-1,3.0,152.9005157972721,122.62065174733289,161.74971742206344,161.74971742206344,153.1238868155737
side-lower,1.2,-1,3.25,154.1836101443463,123.717287601169,163.11059624720698,163.11059624720698,155.358078933574
side-lower,1.2,-1,3.5,155.4667044914205,124.81392345500514,164.47147507235053,164.47147507235053,157.5922710515743
side-lower,1.2,-1,3.75,156.74979883849468,125.91055930884127,165.83235389749407,165.83235389749407,160.55856946159983
side-lower,1.2,-1,4.0,158.03289318556887,127.00719516267739,167.19323272263762,167.19323272263762,164.1661836569368
side-lower,1.2,-1,4.25,158.29568070860756,127.30599399100882,167.51159773214425,167.51159773214425,165.6603331717239
side-lower,1.2,-1,4.5,158.55846823164626,127.60479281934025,167.82996274165086,167.82996274165086,167.15448268651102
side-lower,1.2,-1,4.75,158.82125575468496,127.90359164767167,168.14832775115747,168.14832775115747,168.14832775115747
side-lower,1.2,-1,5.0,159.08404327772365,128.2023904760031,168.4666927606641,168.4666927606641,168.4666927606641
side-lower,1.2,-1,5.25,158.95888712593137,128.15460981598147,168.3709032691927,168.3709032691927,168.3709032691927
side-lower,1.2,-1,5.5,158.8337309741391,128.10682915595982,168.27511377772126,168.27511377772126,168.27511377772126
side-lower,1.2,-1,5.75,158.7085748223468,128.05904849593819,168.17932428624982,168.17932428624982,168.17932428624982
side-lower,1.2,-1,6.0,158.58341867055452,128.01126783591656,168.08353479477842,168.08353479477842,168.3429814842222
side-lower,1.2,-1,6.25,158.16620890095794,127.64601482741196,167.65740629076015,167.65740629076015,167.0504357427642
side-lower,1.2,-1,6.5,157.74899913136133,127.28076181890737,167.2312777867419,167.2312777867419,165.47178362123447
side-lower,1.2,-1,6.75,157.33178936176472,126.91550881040278,166.80514928272368,166.80514928272368,163.89396982455673
side-lower,1.2,-1,7.0,156.91457959216814,126.55025580189819,166.3790207787054,166.3790207787054,162.4109659380016
side-lower,1.2,0,-7.0,100.85300508173597,92.22771107271875,104.09121416179698,104.09121416179698,109.58856129430274
side-lower,1.2,0,-6.75,102.4155574486273,92.75580473468555,105.88786575637337,105.88786575637337,110.91155669639781
side-lower,1.2,0,-6.5,103.97810981551864,93.28389839665238,107.68451735094976,107.68451735094976,108.56506987498415
side-lower,1.2,0,-6.25,105.54066218240996,93.81199205861918,109.48116894552614,109.48116894552614,109.48116894552614
side-lower,1.2,0,-6.0,107.1032145493013,94.34008572058599,111.27782054010252,111.27782054010252,111.27782054010252
side-lower,1.2,0,-5.75,109.64738647410533,95.96147279697041,114.07041948643186,114.07041948643186,114.07041948643186
side-lower,1.2,0,-5.5,112.19155839890938,97.58285987335485,116.86301843276121,116.86301843276121,116.86301843276121
side-lower,1.2,0,-5.25,114.73573032371341,99.20424694973929,119.65561737909054,119.65561737909054,119.65561737909054
side-lower,1.2,0,-5.0,117.27990224851746,100.82563402612371,122.44821632541988,122.44821632541988,122.44821632541988
side-lower,1.2,0,-4.75,120.08090222838574,102.94211967470218,125.53832034737938,125.53832034737938,125.53832034737938
side-lower,1.2,0,-4.5,122.88190220825403,105.05860532328066,128.6284243693389,128.6284243693389,128.6284243693389
side-lower,1.2,0,-4.25,125.68290218812231,107.17509097185913,131.71852839129838,131.71852839129838,131.71852839129838
side-lower,1.2,0,-4.0,128.4839021679906,109.29157662043761,134.8086324132579,134.8086324132579,134.8086324132579
side-lower,1.2,0,-3.75,130.63079504820584,110.94087994952092,137.22448951564428,137.22448951564428,137.22448951564428
side-lower,1.2,0,-3.5,132.77768792842107,112.59018327860421,139.6403466180307,139.6403466180307,139.6403466180307
side-lower,1.2,0,-3.25,134.9245808086363,114.23948660768752,142.0562037204171,142.0562037204171,142.0562037204171
side-lower,1.2,0,-3.0,137.07147368885154,115.88878993677082,144.47206082280348,144.47206082280348,144.47206082280348
side-lower,1.2,0,-2.75,137.45909587967367,115.85846797072179,145.03527875162325,145.03527875162325,145.03527875162325
side-lower,1.2,0,-2.5,137.8467180704958,115.82814600467277,145.59849668044302,145.59849668044302,145.59849668044302
side-lower,1.2,0,-2.25,138.23434026131793,115.79782403862374,146.1617146092628,146.1617146092628,146.1617146092628
side-lower,1.2,0,-2.0,138.62196245214005,115.76750207257473,146.72493253808253,146.72493253808253,146.72493253808253
side-lower,1.2,0,-1.75,136.88772537244301,113.6421751741112,145.0837708084822,145.0837708084822,145.0837708084822
side-lower,1.2,0,-1.5,135.15348829274598,111.5168482756477,143.44260907888187,143.44260907888187,143.44260907888187
side-lower,1.2,0,-1.25,133.41925121304894,109.3915213771842,141.80144734928155,141.80144734928155,140.87403327403285
side-lower,1.2,0,-1.0,131.68501413335187,107.26619447872068,140.16028561968122,140.16028561968122,138.16929592181447
side-lower,1.2,0,-0.75,129.31840276567928,104.50566277639068,137.86528469071663,137.86528469071663,137.55430807516373
side-lower,1.2,0,-0.5,126.95179139800669,101.74513107406067,135.57028376175202,135.57028376175202,135.57028376175202
side-lower,1.2,0,-0.25,124.5851800303341,98.98459937173067,133.2752828327874,133.2752828327874,133.2752828327874
side-lower,1.2,0,0.0,122.21856866266151,96.22406766940065,130.9802819038228,130.9802819038228,130.9802819038228
side-lower,1.2,0,0.25,121.89876036246613,95.49067045503105,130.71438409061176,130.71438409061176,130.71438409061176
side-lower,1.2,0,0.5,121.57895206227074,94.75727324066145,130.44848627740072,130.44848627740072,130.44848627740072
side-lower,1.2,0,0.75,121.25914376207535,94.02387602629183,130.18258846418968,130.18258846418968,130.18258846418968
side-lower,1.2,0,1.0,120.93933546187998,93.29047881192223,129.91669065097864,129.91669065097864,129.91669065097864
side-lower,1.2,0,1.25,123.43157729505228,95.39059245144236,132.42988945134243,132.42988945134243,132.42988945134243
side-lower,1.2,0,1.5,125.92381912822457,97.49070609096248,134.94308825170623,134.94308825170623,134.94308825170623
side-lower,1.2,0,1.75,128.41606096139685,99.59081973048261,137.45628705207002,137.45628705207002,137.45628705207002
side-lower,1.2,0,2.0,130.90830279456915,101.69093337000274,139.96948585243385,139.96948585243385,139.96948585243385
side-lower,1.2,0,2.25,134.17314171729055,104.66068462102865,143.25808609321882,143.25808609321882,143.25808609321882
side-lower,1.2,0,2.5,137.43798064001192,107.63043587205458,146.54668633400377,146.54668633400377,146.54668633400377
side-lower,1.2,0,2.75,140.7028195627333,110.6001871230805,149.83528657478874,149.83528657478874,149.83528657478874
side-lower,1.2,0,3.0,143.9676584854547,113.56993837410641,153.1238868155737,153.1238868155737,153.1238868155737
side-lower,1.2,0,3.25,146.1511678828817,115.63660144962529,155.358078933574,155.358078933574,155.358078933574
side-lower,1.2,0,3.5,148.3346772803087,117.70326452514418,157.5922710515743,157.5922710515743,157.5922710515743
side-lower,1.2,0,3.75,150.5181866777357,119.76992760066307,159.8264631695746,159.8264631695746,160.55856946159983
side-lower,1.2,0,4.0,152.70169607516272,121.83659067618194,162.06065528757486,162.06065528757486,164.1661836569368
side-lower,1.2,0,4.25,153.7034441836558,122.93765856206957,163.15509706162754,163.15509706162754,165.6603331717239
side-lower,1.2,0,4.5,154.70519229214887,124.0387264479572,164.24953883568026,164.24953883568026,167.15448268651102
side-lower,1.2,0,4.75,155.70694040064194,125.13979433384483,165.34398060973294,165.34398060973294,168.14832775115747
side-lower,1.2,0,5.0,156.70868850913502,126.24086221973246,166.43842238378562,166.43842238378562,168.4666927606641
side-lower,1.2,0,5.25,157.10499413245694,126.83297470280147,166.92229228836584,166.92229228836584,168.3709032691927
side-lower,1.2,0,5.5,157.50129975577886,127.42508718587045,167.40616219294608,167.40616219294608,168.27511377772126
side-lower,1.2,0,5.75,157.8976053791008,128.01719966893944,167.89003209752633,167.89003209752633,168.17932428624982
side-lower,1.2,0,6.0,158.29391100242273,128.60931215200844,168.37390200210655,168.37390200210655,168.3429814842222
side-lower,1.2,0,6.25,158.00200425991662,128.59409684340866,168.00488398118955,168.00488398118955,167.0504357427642
side-lower,1.2,0,6.5,157.71009751741053,128.5788815348089,167.63586596027255,167.63586596027255,165.47178362123447
side-lower,1.2,0,6.75,157.41819077490445,128.56366622620914,167.26684793935556,167.26684793935556,163.89396982455673
side-lower,1.2,0,7.0,157.12628403239833,128.54845091760936,166.89782991843856,166.89782991843856,162.4109659380016
side-lower,1.2,1,-7.0,101.58662316678543,95.64751699172942,104.39517242197826,104.39517242197826,109.58856129430274
side-lower,1.2,1,-6.75,101.33761176406767,94.68914131603015,104.307916946576,104.307916946576,110.91155669639781
side-lower,1.2,1,-6.5,101.0886003613499,93.73076564033084,104.22066147117373,104.22066147117373,108.56506987498415
side-lower,1.2,1,-6.25,100.83958895863216,92.77238996463154,104.13340599577145,104.13340599577145,109.48116894552614
side-lower,1.2,1,-6.0,100.5905775559144,91.81401428893227,104.0461505203692,104.0461505203692,111.27782054010252
side-lower,1.2,1,-5.75,101.8725639161602,92.44605920351474,105.53119287067078,105.53119287067078,114.07041948643186
side-lower,1.2,1,-5.5,103.154550276406,93.0781041180972,107.01623522097239,107.01623522097239,116.86301843276121
side-lower,1.2,1,-5.25,104.4365366366518,93.71014903267968,108.50127757127399,108.50127757127399,119.65561737909054
side-lower,1.2,1,-5.0,105.7185229968976,94.34219394726215,109.98631992157557,109.98631992157557,122.44821632541988
side-lower,1.2,1,-4.75,107.82541916429321,95.89157085383911,112.3642433967903,112.3642433967903,125.53832034737938
side-lower,1.2,1,-4.5,109.93231533168883,97.44094776041608,114.74216687200501,114.74216687200501,128.6284243693389
side-lower,1.2,1,-4.25,112.03921149908444,98.99032466699305,117.12009034721973,117.12009034721973,131.71852839129838
side-lower,1.2,1,-4.0,114.14610766648005,100.53970157357001,119.49801382243446,119.49801382243446,134.8086324132579
side-lower,1.2,1,-3.75,116.40234113397153,102.16495141834486,122.07687743436009,122.07687743436009,137.22448951564428
side-lower,1.2,1,-3.5,118.65857460146302,103.79020126311968,124.65574104628573,124.65574104628573,139.6403466180307
side-lower,1.2,1,-3.25,120.9148080689545,105.41545110789454,127.23460465821135,127.23460465821135,142.0562037204171
side-lower,1.2,1,-3.0,123.17104153644598,107.04070095266937,129.81346827013698,129.81346827013698,144.47206082280348
side-lower,1.2,1,-2.75,124.63455378547445,107.73010835802015,131.57880003681177,131.57880003681177,145.03527875162325
side-lower,1.2,1,-2.5,126.0980660345029,108.41951576337092,133.34413180348656,133.34413180348656,145.59849668044302
side-lower,1.2,1,-2.25,127.56157828353136,109.1089231687217,135.10946357016135,135.10946357016135,146.1617146092628
side-lower,1.2,1,-2.0,129.02509053255983,109.79833057407248,136.87479533683614,136.87479533683614,146.72493253808253
side-lower,1.2,1,-1.75,128.52761847572202,108.5204308667198,136.58078816648165,136.58078816648165,145.0837708084822
side-lower,1.2,1,-1.5,128.03014641888421,107.24253115936713,136.28678099612716,136.28678099612716,143.44260907888187
side-lower,1.2,1,-1.25,127.53267436204644,105.96463145201446,135.99277382577267,135.99277382577267,140.87403327403285
side-lower,1.2,1,-1.0,127.03520230520863,104.68673174466178,135.69876665541818,135.69876665541818,138.16929592181447
side-lower,1.2,1,-0.75,124.77047279661213,101.71173153538889,133.55507172036707,133.55507172036707,137.55430807516373
side-lower,1.2,1,-0.5,122.5057432880156,98.736731326116,131.41137678531592,131.41137678531592,135.57028376175202
side-lower,1.2,1,-0.25,120.24101377941906,95.7617311168431,129.2676818502648,129.2676818502648,133.2752828327874
side-lower,1.2,1,0.0,117.97628427082256,92.7867309075702,127.12398691521368,127.12398691521368,130.9802819038228
side-lower,1.2,1,0.25,116.83458580346189,91.00926933999123,126.0420625313844,126.0420625313844,130.71438409061176
side-lower,1.2,1,0.5,115.69288733610124,89.23180777241225,124.96013814755511,124.96013814755511,130.44848627740072
side-lower,1.2,1,0.75,114.55118886874058,87.45434620483329,123.87821376372582,123.87821376372582,130.18258846418968
side-lower,1.2,1,1.0,113.40949040137991,85.67688463725432,122.79628937989654,122.79628937989654,129.91669065097864
side-lower,1.2,1,1.25,115.6146213423418,87.39666113642237,125.00760651672795,125.00760651672795,132.42988945134243
side-lower,1.2,1,1.5,117.8197522833037,89.11643763559042,127.21892365355933,127.21892365355933,134.94308825170623
side-lower,1.2,1,1.75,120.02488322426561,90.83621413475846,129.4302407903907,129.4302407903907,137.45628705207002
side-lower,1.2,1,2.0,122.2300141652275,92.55599063392651,131.64155792722212,131.64155792722212,139.96948585243385
side-lower,1.2,1,2.25,126.22836246946363,96.30217999703594,135.6413581437519,135.6413581437519,143.25808609321882
side-lower,1.2,1,2.5,130.22671077369975,100.04836936014536,139.64115836028168,139.64115836028168,146.54668633400377
side-lower,1.2,1,2.75,134.2250590779359,103.79455872325478,143.64095857681147,143.64095857681147,149.83528657478874
side-lower,1.2,1,3.0,138.223407382172,107.5407480863642,147.64075879334123,147.64075879334123,153.1238868155737
side-lower,1.2,1,3.25,141.39860589451354,110.69636702389946,150.8461705501971,150.8461705501971,155.358078933574
side-lower,1.2,1,3.5,144.5738044068551,113.8519859614347,154.0515823070529,154.0515823070529,157.5922710515743
side-lower,1.2,1,3.75,147.74900291919664,117.00760489896996,157.25699406390876,157.25699406390876,160.55856946159983
side-lower,1.2,1,4.0,150.92420143153817,120.16322383650521,160.46240582076462,160.46240582076462,164.1661836569368
side-lower,1.2,1,4.25,152.53458114049255,121.95433418302306,162.16015556400177,162.16015556400177,165.6603331717239
side-lower,1.2,1,4.5,154.14496084944696,123.74544452954092,163.85790530723892,163.85790530723892,167.15448268651102
side-lower,1.2,1,4.75,155.75534055840137,125.53655487605877,165.5556550504761,165.5556550504761,168.14832775115747
side-lower,1.2,1,5.0,157.36572026735575,127.32766522257663,167.25340479371326,167.25340479371326,168.4666927606641
side-lower,1.2,1,5.25,157.65264286453407,128.0028543352078,167.59732556135845,167.59732556135845,168.3709032691927
side-lower,1.2,1,5.5,157.9395654617124,128.67804344783895,167.9412463290036,167.9412463290036,168.27511377772126
side-lower,1.2,1,5.75,158.2264880588907,129.3532325604701,168.28516709664876,168.28516709664876,168.17932428624982
side-lower,1.2,1,6.0,158.51341065606903,130.02842167310126,168.62908786429392,168.62908786429392,168.3429814842222
side-lower,1.2,1,6.25,157.15471298605107,129.37606737580145,167.0504357427642,167.0504357427642,167.0504357427642
side-lower,1.2,1,6.5,155.7960153160331,128.72371307850162,165.47178362123447,165.47178362123447,165.47178362123447
side-lower,1.2,1,6.75,154.43731764601517,128.0713587812018,163.89313149970474,163.89313149970474,163.89396982455673
side-lower,1.2,1,7.0,153.0786199759972,127.41900448390199,162.31447937817504,162.31447937817504,162.4109659380016
side-lower,1.2,2,-7.0,110.59653580931759,106.6118842003639,113.25804351781147,113.25804351781147,109.58856129430274
side-lower,1.2,2,-6.75,108.11310101515298,103.64578683255193,110.91155669639781,110.91155669639781,110.91155669639781
side-lower,1.2,2,-6.5,105.62966622098836,100.67968946473995,108.56506987498415,108.56506987498415,108.56506987498415
side-lower,1.2,2,-6.25,103.14623142682372,97.71359209692798,106.21858305357048,106.21858305357048,109.48116894552614
side-lower,1.2,2,-6.0,100.66279663265911,94.747494729116,103.87209623215682,103.87209623215682,111.27782054010252
side-lower,1.2,2,-5.75,100.45300078739768,94.07449564818998,103.82374447972641,103.82374447972641,114.07041948643186
side-lower,1.2,2,-5.5,100.24320494213627,93.40149656726396,103.77539272729601,103.77539272729601,116.86301843276121
side-lower,1.2,2,-5.25,100.03340909687486,92.72849748633794,103.72704097486562,103.72704097486562,119.65561737909054
side-lower,1.2,2,-5.0,99.82361325161344,92.05549840541192,103.67868922243521,103.67868922243521,122.44821632541988
side-lower,1.2,2,-4.75,100.79257294051406,92.5764564653942,104.84390556242384,104.84390556242384,125.53832034737938
side-lower,1.2,2,-4.5,101.76153262941469,93.09741452537648,106.00912190241246,106.00912190241246,128.6284243693389
side-lower,1.2,2,-4.25,102.73049231831531,93.61837258535874,107.17433824240109,107.17433824240109,131.71852839129838
side-lower,1.2,2,-4.0,103.69945200721594,94.13933064534102,108.33955458238972,108.33955458238972,134.8086324132579
side-lower,1.2,2,-3.75,105.1774416077862,94.98739179980585,110.04930655121031,110.04930655121031,137.22448951564428
side-lower,1.2,2,-3.5,106.65543120835648,95.83545295427068,111.75905852003089,111.75905852003089,139.6403466180307
side-lower,1.2,2,-3.25,108.13342080892673,96.68351410873551,113.46881048885147,113.46881048885147,142.0562037204171
side-lower,1.2,2,-3.0,109.611410409497,97.53157526320034,115.17856245767206,115.17856245767206,144.47206082280348
side-lower,1.2,2,-2.75,110.97671706454176,97.9962627253403,116.77972309553397,116.77972309553397,145.03527875162325
side-lower,1.2,2,-2.5,112.34202371958654,98.46095018748028,118.38088373339588,118.38088373339588,145.59849668044302
side-lower,1.2,2,-2.25,113.7073303746313,98.92563764962024,119.98204437125777,119.98204437125777,146.1617146092628
side-lower,1.2,2,-2.0,115.07263702967606,99.3903251117602,121.58320500911968,121.58320500911968,146.72493253808253
side-lower,1.2,2,-1.75,115.2149345025525,98.50038050178308,121.9201768823576,121.9201768823576,145.0837708084822
side-lower,1.2,2,-1.5,115.35723197542895,97.61043589180596,122.25714875559552,122.25714875559552,143.44260907888187
side-lower,1.2,2,-1.25,115.49952944830538,96.72049128182884,122.59412062883347,122.59412062883347,140.87403327403285
side-lower,1.2,2,-1.0,115.64182692118183,95.83054667185172,122.93109250207138,122.93109250207138,138.16929592181447
side-lower,1.2,2,-0.75,114.38103208428262,93.53480676373434,121.84122401728183,121.84122401728183,137.55430807516373
side-lower,1.2,2,-0.5,113.12023724738341,91.23906685561695,120.75135553249225,120.75135553249225,135.57028376175202
side-lower,1.2,2,-0.25,111.8594424104842,88.94332694749959,119.66148704770268,119.66148704770268,133.2752828327874
side-lower,1.2,2,0.0,110.598647573585,86.6475870393822,118.57161856291313,118.57161856291313,130.9802819038228
side-lower,1.2,2,0.25,110.38143096369484,85.52237047546234,118.50852143175209,118.50852143175209,130.71438409061176
side-lower,1.2,2,0.5,110.16421435380468,84.39715391154249,118.44542430059107,118.44542430059107,130.44848627740072
side-lower,1.2,2,0.75,109.94699774391452,83.27193734762263,118.38232716943006,118.38232716943006,130.18258846418968
side-lower,1.2,2,1.0,109.72978113402436,82.14672078370276,118.31923003826901,118.31923003826901,129.91669065097864
side-lower,1.2,2,1.25,112.71662504166673,84.52949131157803,121.41892893764643,121.41892893764643,132.42988945134243
side-lower,1.2,2,1.5,115.7034689493091,86.9122618394533,124.51862783702381,124.51862783702381,134.94308825170623
side-lower,1.2,2,1.75,118.69031285695146,89.29503236732856,127.6183267364012,127.6183267364012,137.45628705207002
side-lower,1.2,2,2.0,121.67715676459383,91.67780289520381,130.71802563577862,130.71802563577862,139.96948585243385
side-lower,1.2,2,2.25,126.35497753247634,96.12781658154579,135.4724509457312,135.4724509457312,143.25808609321882
side-lower,1.2,2,2.5,131.03279830035888,100.57783026788775,140.2268762556838,140.2268762556838,146.54668633400377
side-lower,1.2,2,2.75,135.7106190682414,105.02784395422972,144.98130156563641,144.98130156563641,149.83528657478874
side-lower,1.2,2,3.0,140.38843983612392,109.4778576405717,149.735726875589,149.735726875589,153.1238868155737
side-lower,1.2,2,3.25,143.93534535964125,113.0831944830098,153.34334107092596,153.34334107092596,155.358078933574
side-lower,1.2,2,3.5,147.4822508831586,116.6885313254479,156.9509552662629,156.9509552662629,157.5922710515743
side-lower,1.2,2,3.75,151.02915640667592,120.293868167886,160.55856946159983,160.55856946159983,160.55856946159983
side-lower,1.2,2,4.0,154.57606193019325,123.8992050103241,164.1661836569368,164.1661836569368,164.1661836569368
side-lower,1.2,2,4.25,156.01821036677222,125.6024082361682,165.6603331717239,165.6603331717239,165.6603331717239
side-lower,1.2,2,4.5,157.46035880335117,127.3056114620123,167.15448268651102,167.15448268651102,167.15448268651102
side-lower,1.2,2,4.75,158.90250723993012,129.0088146878564,168.64863220129814,168.64863220129814,168.14832775115747
side-lower,1.2,2,5.0,160.3446556765091,130.7120179137005,170.14278171608527,170.14278171608527,168.4666927606641
side-lower,1.2,2,5.25,159.58668955830558,130.5750226913413,169.30905147909476,169.30905147909476,168.3709032691927
side-lower,1.2,2,5.5,158.82872344010207,130.4380274689821,168.47532124210423,168.47532124210423,168.27511377772126
side-lower,1.2,2,5.75,158.07075732189853,130.3010322466229,167.6415910051137,167.6415910051137,168.17932428624982
side-lower,1.2,2,6.0,157.312791203695,130.1640370242637,166.8078607681232,166.8078607681232,168.3429814842222
side-lower,1.2,2,6.25,154.09762549667278,128.16746277386594,163.17241531099506,163.17241531099506,167.0504357427642
side-lower,1.2,2,6.5,150.88245978965057,126.17088852346816,159.53696985386694,159.53696985386694,165.47178362123447
side-lower,1.2,2,6.75,147.66729408262833,124.1743142730704,155.90152439673878,155.90152439673878,163.89396982455673
side-lower,1.2,2,7.0,144.4521283756061,122.17774002267264,152.26607893961065,152.26607893961065,162.4109659380016
lower-neck,1.2,-2,-7.0,165.33910422238318,133.4132518821569,174.68592724509705,174.68592724509705,174.68592724509705
lower-neck,1.2,-2,-6.75,164.6194122196796,132.83487076204773,173.91462721681316,173.91462721681316,173.26370319277234
lower-neck,1.2,-2,-6.5,163.89972021697602,132.25648964193857,173.14332718852927,173.14332718852927,171.83004250840924
lower-neck,1.2,-2,-6.25,163.18002821427245,131.67810852182942,172.37202716024535,172.37202716024535,170.39638182404616
lower-neck,1.2,-2,-6.0,162.46033621156886,131.09972740172023,171.60072713196146,171.60072713196146,168.9627211396831
lower-neck,1.2,-2,-5.75,161.61626297810756,130.37539317029095,170.81721853913712,170.81721853913712,167.1594702102782
lower-neck,1.2,-2,-5.5,160.77218974464625,129.65105893886167,170.0337099463128,170.0337099463128,165.3562192808733
lower-neck,1.2,-2,-5.25,159.92811651118495,128.92672470743238,169.25020135348845,169.25020135348845,163.55296835146837
lower-neck,1.2,-2,-5.0,159.08404327772365,128.2023904760031,168.4666927606641,168.4666927606641,161.74971742206344
lower-neck,1.2,-2,-4.75,158.4902045855765,127.71200841193544,167.95962516644448,167.95962516644448,159.59325977044102
lower-neck,1.2,-2,-4.5,157.89636589342933,127.22162634786778,167.45255757222486,167.45255757222486,157.43680211881858
lower-neck,1.2,-2,-4.25,157.30252720128217,126.73124428380012,166.94548997800524,166.94548997800524,155.28034446719613
lower-neck,1.2,-2,-4.0,156.70868850913502,126.24086221973246,166.43842238378562,166.43842238378562,153.1238868155737
lower-neck,1.2,-2,-3.75,156.8729464486902,126.51256297044351,166.64216798626754,166.64216798626754,151.7531048100156
lower-neck,1.2,-2,-3.5,157.03720438824539,126.78426372115455,166.84591358874945,166.84591358874945,150.3823228044575
lower-neck,1.2,-2,-3.25,157.20146232780058,127.0559644718656,167.04965919123134,167.04965919123134,149.01154079889938
lower-neck,1.2,-2,-3.0,157.36572026735575,127.32766522257663,167.25340479371326,167.25340479371326,147.64075879334123
lower-neck,1.2,-2,-2.75,158.1104541196441,128.1737533953576,167.97574902430625,167.97574902430625,148.16450081390317
lower-neck,1.2,-2,-2.5,158.85518797193242,129.01984156813856,168.69809325489928,168.69809325489928,148.68824283446511
lower-neck,1.2,-2,-2.25,159.59992182422076,129.8659297409195,169.42043748549227,169.42043748549227,149.21198485502705
lower-neck,1.2,-2,-2.0,160.3446556765091,130.7120179137005,170.14278171608527,170.14278171608527,149.735726875589
lower-neck,1.2,-2,-1.75,160.61655783519507,131.10796674843522,170.35779633884243,170.35779633884243,151.31605268537282
lower-neck,1.2,-2,-1.5,160.88845999388107,131.50391558316994,170.5728109615996,170.5728109615996,152.89637849515663
lower-neck,1.2,-2,-1.25,161.16036215256707,131.89986441790467,170.78782558435677,170.78782558435677,154.47670430494043
lower-neck,1.2,-2,-1.0,161.43226431125305,132.2958132526394,171.00284020711393,171.00284020711393,156.05703011472423
lower-neck,1.2,-2,-0.75,160.4752087042127,131.56210732424856,169.96087343658144,169.96087343658144,156.9511952491408
lower-neck,1.2,-2,-0.5,159.51815309717233,130.82840139585772,168.91890666604894,168.91890666604894,157.84536038355736
lower-neck,1.2,-2,-0.25,158.56109749013194,130.0946954674669,167.87693989551644,167.87693989551644,158.73952551797393
lower-neck,1.2,-2,0.0,157.60404188309158,129.36098953907606,166.83497312498392,166.83497312498392,159.6336906523905
lower-neck,1.2,-2,0.25,155.7932937901386,127.96653656257368,164.88476387543727,164.88476387543727,159.47840777610128
lower-neck,1.2,-2,0.5,153.98254569718563,126.5720835860713,162.93455462589063,162.93455462589063,159.32312489981203
lower-neck,1.2,-2,0.75,152.17179760423264,125.17763060956892,160.98434537634398,160.98434537634398,159.16784202352278
lower-neck,1.2,-2,1.0,150.36104951127965,123.78317763306654,159.03413612679734,159.03413612679734,159.01255914723356
lower-neck,1.2,-2,1.25,148.5727084983048,122.52784965578535,157.05756184162018,157.05756184162018,157.05756184162018
lower-neck,1.2,-2,1.5,146.78436748532994,121.27252167850415,155.080987556443,155.080987556443,155.080987556443
lower-neck,1.2,-2,1.75,144.99602647235508,120.01719370122295,153.10441327126586,153.10441327126586,153.10441327126586
lower-neck,1.2,-2,2.0,143.20768545938026,118.76186572394175,151.1278389860887,151.1278389860887,151.1278389860887
lower-neck,1.2,-2,2.25,141.8912283871334,117.83584411039733,149.61851245473326,149.61851245473326,149.61851245473326
lower-neck,1.2,-2,2.5,140.57477131488656,116.90982249685291,148.10918592337782,148.10918592337782,148.10918592337782
lower-neck,1.2,-2,2.75,139.25831424263973,115.98380088330849,146.59985939202238,146.59985939202238,146.59985939202238
lower-neck,1.2,-2,3.0,137.94185717039286,115.05777926976407,145.09053286066694,145.09053286066694,145.09053286066694
lower-neck,1.2,-2,3.25,137.0678916364169,114.36051626798931,144.04553252404227,144.04553252404227,144.04553252404227
lower-neck,1.2,-2,3.5,136.1939261024409,113.66325326621455,143.0005321874176,143.0005321874176,143.56759949319385
lower-neck,1.2,-2,3.75,135.31996056846492,112.9659902644398,141.95553185079294,141.95553185079294,143.2671900936602
lower-neck,1.2,-2,4.0,134.44599503448893,112.26872726266504,140.91053151416827,140.91053151416827,142.9667806941265
lower-neck,1.2,-2,4.25,133.97473023549742,111.9004288020494,140.3280115525655,140.3280115525655,142.37107581792822
lower-neck,1.2,-2,4.5,133.50346543650588,111.53213034143377,139.74549159096273,139.74549159096273,141.77537094172993
lower-neck,1.2,-2,4.75,133.03220063751434,111.16383188081812,139.16297162936,139.16297162936,141.17966606553165
lower-neck,1.2,-2,5.0,132.56093583852282,110.79553342020249,138.58045166775722,138.58045166775722,140.5839611893334
lower-neck,1.2,-2,5.25,132.6225932592755,110.98846668958795,138.6468452962413,138.6468452962413,139.7349392747289
lower-neck,1.2,-2,5.5,132.68425068002819,111.18139995897342,138.71323892472537,138.71323892472537,138.88591736012444
lower-neck,1.2,-2,5.75,132.7459081007809,111.37433322835888,138.77963255320947,138.77963255320947,138.77963255320947
lower-neck,1.2,-2,6.0,132.80756552153358,111.56726649774434,138.84602618169356,138.84602618169356,138.84602618169356
lower-neck,1.2,-2,6.25,133.4401181442363,112.31405506369309,139.5987029647002,139.5987029647002,139.5987029647002
lower-neck,1.2,-2,6.5,134.07267076693898,113.06084362964185,140.35137974770686,140.35137974770686,140.35137974770686
lower-neck,1.2,-2,6.75,134.70522338964167,113.80763219559061,141.10405653071348,141.10405653071348,141.10405653071348
lower-neck,1.2,-2,7.0,135.3377760123444,114.55442076153936,141.85673331372013,141.85673331372013,141.85673331372013
lower-neck,1.2,-1,-7.0,166.90351785225954,134.94626248624724,176.46800325948243,176.46800325948243,174.68592724509705
lower-neck,1.2,-1,-6.75,165.9377552103965,134.11715980161364,175.4137568094108,175.4137568094108,173.26370319277234
lower-neck,1.2,-1,-6.5,164.97199256853344,133.28805711698004,174.35951035933923,174.35951035933923,171.83004250840924
lower-neck,1.2,-1,-6.25,164.0062299266704,132.45895443234645,173.30526390926764,173.30526390926764,170.39638182404616
lower-neck,1.2,-1,-6.0,163.04046728480733,131.62985174771282,172.25101745919602,172.25101745919602,168.9627211396831
lower-neck,1.2,-1,-5.75,161.78857375999772,130.47418760145396,170.98657127505643,170.98657127505643,167.1594702102782
lower-neck,1.2,-1,-5.5,160.5366802351881,129.3185234551951,169.72212509091682,169.72212509091682,165.3562192808733
lower-neck,1.2,-1,-5.25,159.28478671037848,128.16285930893625,168.45767890677723,168.45767890677723,163.55296835146837
lower-neck,1.2,-1,-5.0,158.03289318556887,127.00719516267739,167.19323272263762,167.19323272263762,161.74971742206344
lower-neck,1.2,-1,-4.75,156.70009390796733,125.71454404105353,165.91008836387192,165.91008836387192,159.59325977044102
lower-neck,1.2,-1,-4.5,155.3672946303658,124.42189291942967,164.62694400510622,164.62694400510622,157.43680211881858
lower-neck,1.2,-1,-4.25,154.03449535276425,123.1292417978058,163.34379964634056,163.34379964634056,155.28034446719613
lower-neck,1.2,-1,-4.0,152.70169607516272,121.83659067618194,162.06065528757486,162.06065528757486,153.1238868155737
lower-neck,1.2,-1,-3.75,152.25732241425658,121.41824896626277,161.6610929208723,161.6610929208723,151.7531048100156
lower-neck,1.2,-1,-3.5,151.81294875335044,120.99990725634358,161.26153055416972,161.26153055416972,150.3823228044575
lower-neck,1.2,-1,-3.25,151.3685750924443,120.5815655464244,160.86196818746717,160.86196818746717,149.01154079889938
lower-neck,1.2,-1,-3.0,150.92420143153817,120.16322383650521,160.46240582076462,160.46240582076462,147.64075879334123
lower-neck,1.2,-1,-2.75,151.83716655620194,121.09721912995994,161.38835027980767,161.38835027980767,148.16450081390317
lower-neck,1.2,-1,-2.5,152.7501316808657,122.03121442341465,162.31429473885072,162.31429473885072,148.68824283446511
lower-neck,1.2,-1,-2.25,153.66309680552948,122.96520971686938,163.24023919789374,163.24023919789374,149.21198485502705
lower-neck,1.2,-1,-2.0,154.57606193019325,123.8992050103241,164.1661836569368,164.1661836569368,149.735726875589
lower-neck,1.2,-1,-1.75,155.70241664050985,125.05870449100541,165.2943539064505,165.2943539064505,151.31605268537282
lower-neck,1.2,-1,-1.5,156.82877135082643,126.21820397168673,166.42252415596425,166.42252415596425,152.89637849515663
lower-neck,1.2,-1,-1.25,157.955126061143,127.37770345236805,167.550694405478,167.550694405478,154.47670430494043
lower-neck,1.2,-1,-1.0,159.0814807714596,128.53720293304937,168.67886465499174,168.67886465499174,156.05703011472423
lower-neck,1.2,-1,-0.75,159.0989208466813,128.6361437985675,168.67682548422815,168.67682548422815,156.9511952491408
lower-neck,1.2,-1,-0.5,159.11636092190298,128.7350846640856,168.67478631346455,168.67478631346455,157.84536038355736
lower-neck,1.2,-1,-0.25,159.13380099712464,128.8340255296037,168.67274714270096,168.67274714270096,158.73952551797393
lower-neck,1.2,-1,0.0,159.15124107234632,128.93296639512184,168.67070797193736,168.67070797193736,159.6336906523905
lower-neck,1.2,-1,0.25,158.23154747649596,128.18937866433973,167.6716372218719,167.6716372218719,159.47840777610128
lower-neck,1.2,-1,0.5,157.31185388064557,127.44579093355763,166.6725664718064,166.6725664718064,159.32312489981203
lower-neck,1.2,-1,0.75,156.3921602847952,126.70220320277554,165.6734957217409,165.6734957217409,159.16784202352278
lower-neck,1.2,-1,1.0,155.47246668894485,125.95861547199343,164.67442497167542,164.67442497167542,159.01255914723356
lower-neck,1.2,-1,1.25,154.5658493392593,125.30309225522723,163.6412122508441,163.6412122508441,157.05756184162018
lower-neck,1.2,-1,1.5,153.65923198957375,124.64756903846104,162.60799953001273,162.60799953001273,155.080987556443
lower-neck,1.2,-1,1.75,152.75261463988824,123.99204582169486,161.57478680918138,161.57478680918138,153.10441327126586
lower-neck,1.2,-1,2.0,151.8459972902027,123.33652260492866,160.54157408835005,160.54157408835005,151.1278389860887
lower-neck,1.2,-1,2.25,151.33317016566266,123.04590940617545,159.9153777625683,159.9153777625683,149.61851245473326
lower-neck,1.2,-1,2.5,150.82034304112264,122.75529620742223,159.2891814367866,159.2891814367866,148.10918592337782
lower-neck,1.2,-1,2.75,150.30751591658262,122.46468300866903,158.6629851110049,158.6629851110049,146.59985939202238
lower-neck,1.2,-1,3.0,149.7946887920426,122.1740698099158,158.03678878522317,158.03678878522317,145.09053286066694
lower-neck,1.2,-1,3.25,149.52305935308917,122.05949286019991,157.6902489342752,157.6902489342752,144.04553252404227
lower-neck,1.2,-1,3.5,149.25142991413577,121.94491591048401,157.3437090833272,157.3437090833272,143.56759949319385
lower-neck,1.2,-1,3.75,148.97980047518234,121.83033896076812,156.99716923237924,156.99716923237924,143.2671900936602
lower-neck,1.2,-1,4.0,148.70817103622892,121.71576201105222,156.65062938143126,156.65062938143126,142.9667806941265
lower-neck,1.2,-1,4.25,148.4861008313476,121.64469107138248,156.38239320622677,156.38239320622677,142.37107581792822
lower-neck,1.2,-1,4.5,148.2640306264663,121.57362013171274,156.11415703102224,156.11415703102224,141.77537094172993
lower-neck,1.2,-1,4.75,148.04196042158497,121.50254919204299,155.84592085581772,155.84592085581772,141.17966606553165
lower-neck,1.2,-1,5.0,147.81989021670367,121.43147825237325,155.57768468061323,155.57768468061323,140.5839611893334
lower-neck,1.2,-1,5.25,147.65425852763303,121.45858168725272,155.403186789126,155.403186789126,139.7349392747289
lower-neck,1.2,-1,5.5,147.48862683856242,121.48568512213217,155.2286888976388,155.2286888976388,138.88591736012444
lower-neck,1.2,-1,5.75,147.32299514949182,121.51278855701165,155.05419100615157,155.05419100615157,138.77963255320947
lower-neck,1.2,-1,6.0,147.15736346042118,121.5398919918911,154.87969311466435,154.87969311466435,138.84602618169356
lower-neck,1.2,-1,6.25,147.15042285301035,121.72196424169125,154.9050514440022,154.9050514440022,139.5987029647002
lower-neck,1.2,-1,6.5,147.1434822455995,121.9040364914914,154.93040977334005,154.93040977334005,140.35137974770686
lower-neck,1.2,-1,6.75,147.13654163818867,122.08610874129155,154.9557681026779,154.9557681026779,141.10405653071348
lower-neck,1.2,-1,7.0,147.12960103077785,122.2681809910917,154.98112643201577,154.98112643201577,141.85673331372013
lower-neck,1.2,0,-7.0,165.25570742941932,133.6822030595009,174.6973638771354,174.6973638771354,174.68592724509705
lower-neck,1.2,0,-6.75,163.94421663717605,132.58334770192528,173.26370319277234,173.26370319277234,173.26370319277234
lower-neck,1.2,0,-6.5,162.6327258449328,131.48449234434963,171.83004250840924,171.83004250840924,171.83004250840924
lower-neck,1.2,0,-6.25,161.32123505268953,130.38563698677402,170.39638182404616,170.39638182404616,170.39638182404616
lower-neck,1.2,0,-6.0,160.00974426044627,129.2867816291984,168.9627211396831,168.9627211396831,168.9627211396831
lower-neck,1.2,0,-5.75,158.23243714465272,127.62024915873202,167.1594702102782,167.1594702102782,167.1594702102782
lower-neck,1.2,0,-5.5,156.45513002885917,125.95371668826564,165.3562192808733,165.3562192808733,165.3562192808733
lower-neck,1.2,0,-5.25,154.67782291306565,124.28718421779926,163.55296835146837,163.55296835146837,163.55296835146837
lower-neck,1.2,0,-5.0,152.9005157972721,122.62065174733289,161.74971742206344,161.74971742206344,161.74971742206344
lower-neck,1.2,0,-4.75,150.66730146931775,120.35797340402627,159.59325977044102,159.59325977044102,159.59325977044102
lower-neck,1.2,0,-4.5,148.43408714136342,118.09529506071965,157.43680211881858,157.43680211881858,157.43680211881858
lower-neck,1.2,0,-4.25,146.20087281340906,115.83261671741303,155.28034446719613,155.28034446719613,155.28034446719613
lower-neck,1.2,0,-4.0,143.9676584854547,113.56993837410641,153.1238868155737,153.1238868155737,153.1238868155737
lower-neck,1.2,0,-3.75,142.53159570963402,112.06264080217086,151.7531048100156,151.7531048100156,151.7531048100156
lower-neck,1.2,0,-3.5,141.09553293381336,110.55534323023531,150.3823228044575,150.3823228044575,150.3823228044575
lower-neck,1.2,0,-3.25,139.6594701579927,109.04804565829976,149.01154079889938,149.01154079889938,149.01154079889938
lower-neck,1.2,0,-3.0,138.223407382172,107.5407480863642,147.64075879334123,147.64075879334123,147.64075879334123
lower-neck,1.2,0,-2.75,138.76466549565998,108.02502547491608,148.16450081390317,148.16450081390317,148.16450081390317
lower-neck,1.2,0,-2.5,139.30592360914795,108.50930286346795,148.68824283446511,148.68824283446511,148.68824283446511
lower-neck,1.2,0,-2.25,139.84718172263595,108.99358025201983,149.21198485502705,149.21198485502705,149.21198485502705
lower-neck,1.2,0,-2.0,140.38843983612392,109.4778576405717,149.735726875589,149.735726875589,149.735726875589
lower-neck,1.2,0,-1.75,142.03431946471522,111.10156708232009,151.31605268537282,151.31605268537282,151.31605268537282
lower-neck,1.2,0,-1.5,143.68019909330656,112.72527652406848,152.89637849515663,152.89637849515663,152.89637849515663
lower-neck,1.2,0,-1.25,145.32607872189786,114.34898596581687,154.47670430494043,154.47670430494043,154.47670430494043
lower-neck,1.2,0,-1.0,146.97195835048916,115.97269540756525,156.05703011472423,156.05703011472423,156.05703011472423
lower-neck,1.2,0,-0.75,147.93180732026389,116.97460437020376,156.9511952491408,156.9511952491408,156.9511952491408
lower-neck,1.2,0,-0.5,148.8916562900386,117.97651333284229,157.84536038355736,157.84536038355736,157.84536038355736
lower-neck,1.2,0,-0.25,149.85150525981334,118.9784222954808,158.73952551797393,158.73952551797393,158.73952551797393
lower-neck,1.2,0,0.0,150.8113542295881,119.98033125811932,159.6336906523905,159.6336906523905,159.6336906523905
lower-neck,1.2,0,0.25,150.69922626979366,120.01238911926794,159.47840777610128,159.47840777610128,159.47840777610128
lower-neck,1.2,0,0.5,150.58709830999925,120.04444698041657,159.32312489981203,159.32312489981203,159.32312489981203
lower-neck,1.2,0,0.75,150.4749703502048,120.0765048415652,159.16784202352278,159.16784202352278,159.16784202352278
lower-neck,1.2,0,1.0,150.36284239041038,120.10856270271381,159.01255914723356,159.01255914723356,159.01255914723356
lower-neck,1.2,0,1.25,149.9336861670229,119.913161268557,158.5640210039794,158.5640210039794,157.05756184162018
lower-neck,1.2,0,1.5,149.50452994363542,119.7177598344002,158.11548286072522,158.11548286072522,155.080987556443
lower-neck,1.2,0,1.75,149.07537372024794,119.52235840024339,157.66694471747104,157.66694471747104,153.10441327126586
lower-neck,1.2,0,2.0,148.64621749686046,119.32695696608658,157.21840657421689,157.21840657421689,151.1278389860887
lower-neck,1.2,0,2.25,148.34385029652884,119.27175433838447,156.9011348125211,156.9011348125211,149.61851245473326
lower-neck,1.2,0,2.5,148.04148309619723,119.21655171068235,156.5838630508253,156.5838630508253,148.10918592337782
lower-neck,1.2,0,2.75,147.7391158958656,119.16134908298024,156.2665912891295,156.2665912891295,146.59985939202238
lower-neck,1.2,0,3.0,147.436748695534,119.10614645527812,155.94931952743374,155.94931952743374,145.09053286066694
lower-neck,1.2,0,3.25,147.2235669837413,119.11559727939954,155.72021907795587,155.72021907795587,144.04553252404227
lower-neck,1.2,0,3.5,147.0103852719486,119.12504810352095,155.49111862847803,155.49111862847803,143.56759949319385
lower-neck,1.2,0,3.75,146.79720356015588,119.13449892764235,155.26201817900017,155.26201817900017,143.2671900936602
lower-neck,1.2,0,4.0,146.5840218483632,119.14394975176377,155.0329177295223,155.0329177295223,142.9667806941265
lower-neck,1.2,0,4.25,146.2798423405962,119.06258808850555,154.70130884299346,154.70130884299346,142.37107581792822
lower-neck,1.2,0,4.5,145.97566283282916,118.98122642524734,154.36969995646464,154.36969995646464,141.77537094172993
lower-neck,1.2,0,4.75,145.67148332506213,118.89986476198914,154.03809106993583,154.03809106993583,141.17966606553165
lower-neck,1.2,0,5.0,145.36730381729512,118.81850309873093,153.706482183407,153.706482183407,140.5839611893334
lower-neck,1.2,0,5.25,144.9077261781925,118.61012246428263,153.21111119897068,153.21111119897068,139.7349392747289
lower-neck,1.2,0,5.5,144.44814853908986,118.40174182983432,152.71574021453438,152.71574021453438,138.88591736012444
lower-neck,1.2,0,5.75,143.98857089998722,118.19336119538602,152.22036923009807,152.22036923009807,138.77963255320947
lower-neck,1.2,0,6.0,143.5289932608846,117.98498056093771,151.7249982456618,151.7249982456618,138.84602618169356
lower-neck,1.2,0,6.25,142.98904012550426,117.70779429767363,151.1621391418745,151.1621391418745,139.5987029647002
lower-neck,1.2,0,6.5,142.44908699012393,117.43060803440956,150.59928003808722,150.59928003808722,140.35137974770686
lower-neck,1.2,0,6.75,141.90913385474363,117.15342177114547,150.0364209342999,150.0364209342999,141.10405653071348
lower-neck,1.2,0,7.0,141.3691807193633,116.8762355078814,149.4735618305126,149.4735618305126,141.85673331372013
lower-neck,1.2,1,-7.0,158.761884765636,128.14128166201235,167.95250295914167,167.95250295914167,174.68592724509705
lower-neck,1.2,1,-6.75,156.97525555894086,126.63455452605093,166.00948028286683,166.00948028286683,173.26370319277234
lower-neck,1.2,1,-6.5,155.1886263522457,125.12782739008954,164.06645760659202,164.06645760659202,171.83004250840924
lower-neck,1.2,1,-6.25,153.40199714555055,123.62110025412812,162.12343493031722,162.12343493031722,170.39638182404616
lower-neck,1.2,1,-6.0,151.6153679388554,122.11437311816672,160.18041225404238,160.18041225404238,168.9627211396831
lower-neck,1.2,1,-5.75,149.27880828843465,119.91027989725721,157.83461546703637,157.83461546703637,167.1594702102782
lower-neck,1.2,1,-5.5,146.9422486380139,117.7061866763477,155.4888186800304,155.4888186800304,165.3562192808733
lower-neck,1.2,1,-5.25,144.60568898759314,115.50209345543819,153.1430218930244,153.1430218930244,163.55296835146837
lower-neck,1.2,1,-5.0,142.2691293371724,113.29800023452867,150.7972251060184,150.7972251060184,161.74971742206344
lower-neck,1.2,1,-4.75,139.42892270152157,110.3962335183972,148.09029029262226,148.09029029262226,159.59325977044102
lower-neck,1.2,1,-4.5,136.58871606587076,107.4944668022657,145.3833554792261,145.3833554792261,157.43680211881858
lower-neck,1.2,1,-4.25,133.74850943021994,104.59270008613422,142.67642066583,142.67642066583,155.28034446719613
lower-neck,1.2,1,-4.0,130.90830279456915,101.69093337000274,139.96948585243385,139.96948585243385,153.1238868155737
lower-neck,1.2,1,-3.75,128.73873063723374,99.40719768598368,137.88750387113092,137.88750387113092,151.7531048100156
lower-neck,1.2,1,-3.5,126.56915847989833,97.12346200196463,135.805521889828,135.805521889828,150.3823228044575
lower-neck,1.2,1,-3.25,124.39958632256293,94.83972631794558,133.72353990852505,133.72353990852505,149.01154079889938
lower-neck,1.2,1,-3.0,122.2300141652275,92.55599063392651,131.64155792722212,131.64155792722212,147.64075879334123
lower-neck,1.2,1,-2.75,122.0917998150691,92.33644369924583,131.41067485436125,131.41067485436125,148.16450081390317
lower-neck,1.2,1,-2.5,121.95358546491067,92.11689676456515,131.17979178150037,131.17979178150037,148.68824283446511
lower-neck,1.2,1,-2.25,121.81537111475224,91.89734982988449,130.9489087086395,130.9489087086395,149.21198485502705
lower-neck,1.2,1,-2.0,121.67715676459383,91.67780289520381,130.71802563577862,130.71802563577862,149.735726875589
lower-neck,1.2,1,-1.75,123.19630872339432,93.16767056839211,132.0157757331636,132.0157757331636,151.31605268537282
lower-neck,1.2,1,-1.5,124.71546068219482,94.65753824158043,133.31352583054854,133.31352583054854,152.89637849515663
lower-neck,1.2,1,-1.25,126.23461264099532,96.14740591476873,134.61127592793352,134.61127592793352,154.47670430494043
lower-neck,1.2,1,-1.0,127.75376459979582,97.63727358795703,135.9090260253185,135.9090260253185,156.05703011472423
lower-neck,1.2,1,-0.75,129.29302292379862,99.2408550248598,137.24475770429527,137.24475770429527,156.9511952491408
lower-neck,1.2,1,-0.5,130.83228124780143,100.84443646176256,138.58048938327204,138.58048938327204,157.84536038355736
lower-neck,1.2,1,-0.25,132.37153957180422,102.44801789866531,139.91622106224878,139.91622106224878,158.73952551797393
lower-neck,1.2,1,0.0,133.91079789580704,104.05159933556808,141.25195274122555,141.25195274122555,159.6336906523905
lower-neck,1.2,1,0.25,134.60647066137716,104.95755246465353,141.88952347129037,141.88952347129037,159.47840777610128
lower-neck,1.2,1,0.5,135.30214342694728,105.86350559373896,142.52709420135517,142.52709420135517,159.32312489981203
lower-neck,1.2,1,0.75,135.99781619251738,106.7694587228244,143.16466493141996,143.16466493141996,159.16784202352278
lower-neck,1.2,1,1.0,136.6934889580875,107.67541185190984,143.8022356614848,143.8022356614848,159.01255914723356
lower-neck,1.2,1,1.25,136.78130800906177,108.0914398572681,143.97118045982575,143.97118045982575,157.05756184162018
lower-neck,1.2,1,1.5,136.86912706003602,108.50746786262637,144.14012525816673,144.14012525816673,155.080987556443
lower-neck,1.2,1,1.75,136.9569461110103,108.92349586798463,144.3090700565077,144.3090700565077,153.10441327126586
lower-neck,1.2,1,2.0,137.04476516198457,109.3395238733429,144.47801485484865,144.47801485484865,151.1278389860887
lower-neck,1.2,1,2.25,136.88819852009368,109.5249786884095,144.4006157142018,144.4006157142018,149.61851245473326
lower-neck,1.2,1,2.5,136.7316318782028,109.7104335034761,144.32321657355493,144.32321657355493,148.10918592337782
lower-neck,1.2,1,2.75,136.5750652363119,109.8958883185427,144.24581743290807,144.24581743290807,146.59985939202238
lower-neck,1.2,1,3.0,136.41849859442104,110.0813431336093,144.1684182922612,144.1684182922612,145.09053286066694
lower-neck,1.2,1,3.25,136.10474319133866,110.08100775813864,143.86800889272752,143.86800889272752,144.04553252404227
lower-neck,1.2,1,3.5,135.7909877882563,110.08067238266797,143.56759949319385,143.56759949319385,143.56759949319385
lower-neck,1.2,1,3.75,135.47723238517395,110.0803370071973,143.2671900936602,143.2671900936602,143.2671900936602
lower-neck,1.2,1,4.0,135.16347698209157,110.08000163172665,142.9667806941265,142.9667806941265,142.9667806941265
lower-neck,1.2,1,4.25,134.60188570420857,109.83213482447815,142.37107581792822,142.37107581792822,142.37107581792822
lower-neck,1.2,1,4.5,134.04029442632554,109.58426801722965,141.77537094172993,141.77537094172993,141.77537094172993
lower-neck,1.2,1,4.75,133.47870314844255,109.33640120998113,141.17966606553165,141.17966606553165,141.17966606553165
lower-neck,1.2,1,5.0,132.91711187055955,109.08853440273263,140.5839611893334,140.5839611893334,140.5839611893334
lower-neck,1.2,1,5.25,132.12003780556003,108.628436527972,139.7349392747289,139.7349392747289,139.7349392747289
lower-neck,1.2,1,5.5,131.3229637405605,108.16833865321138,138.88591736012444,138.88591736012444,138.88591736012444
lower-neck,1.2,1,5.75,130.52588967556102,107.70824077845074,138.03689544551995,138.03689544551995,138.77963255320947
lower-neck,1.2,1,6.0,129.7288156105615,107.24814290369011,137.18787353091545,137.18787353091545,138.84602618169356
lower-neck,1.2,1,6.25,128.7958509626869,106.67339910261354,136.21338014375036,136.21338014375036,139.5987029647002
lower-neck,1.2,1,6.5,127.86288631481227,106.09865530153698,135.23888675658526,135.23888675658526,140.35137974770686
lower-neck,1.2,1,6.75,126.92992166693764,105.52391150046043,134.26439336942016,134.26439336942016,141.10405653071348
lower-neck,1.2,1,7.0,125.99695701906305,104.94916769938386,133.28989998225506,133.28989998225506,141.85673331372013
lower-neck,1.2,2,-7.0,147.55011991257794,118.4965329902624,156.37079069117254,156.37079069117254,174.68592724509705
lower-neck,1.2,2,-6.75,145.50771552812478,116.69156858981755,154.14149986492,154.14149986492,173.26370319277234
lower-neck,1.2,2,-6.5,143.4653111436716,114.8866041893727,151.91220903866747,151.91220903866747,171.83004250840924
lower-neck,1.2,2,-6.25,141.42290675921845,113.08163978892786,149.68291821241493,149.68291821241493,170.39638182404616
lower-neck,1.2,2,-6.0,139.38050237476526,111.27667538848301,147.4536273861624,147.4536273861624,168.9627211396831
lower-neck,1.2,2,-5.75,137.08453158684273,109.10699592079969,145.18230588355112,145.18230588355112,167.1594702102782
lower-neck,1.2,2,-5.5,134.78856079892017,106.93731645311635,142.91098438093985,142.91098438093985,165.3562192808733
lower-neck,1.2,2,-5.25,132.49259001099765,104.76763698543303,140.63966287832858,140.63966287832858,163.55296835146837
lower-neck,1.2,2,-5.0,130.19661922307512,102.5979575177497,138.3683413757173,138.3683413757173,161.74971742206344
lower-neck,1.2,2,-4.75,127.88229828277633,100.27108784129284,136.25542869453264,136.25542869453264,159.59325977044102
lower-neck,1.2,2,-4.5,125.56797734247755,97.94421816483597,134.14251601334797,134.14251601334797,157.43680211881858
lower-neck,1.2,2,-4.25,123.25365640217876,95.6173484883791,132.0296033321633,132.0296033321633,155.28034446719613
lower-neck,1.2,2,-4.0,120.93933546187998,93.29047881192223,129.91669065097864,129.91669065097864,153.1238868155737
lower-neck,1.2,2,-3.75,119.05687419675496,91.38708026825525,128.13659033320812,128.13659033320812,151.7531048100156
lower-neck,1.2,2,-3.5,117.17441293162994,89.48368172458828,126.35649001543759,126.35649001543759,150.3823228044575
lower-neck,1.2,2,-3.25,115.29195166650493,87.5802831809213,124.57638969766707,124.57638969766707,149.01154079889938
lower-neck,1.2,2,-3.0,113.40949040137991,85.67688463725432,122.79628937989654,122.79628937989654,147.64075879334123
lower-neck,1.2,2,-2.75,112.48956308454103,84.79434367386642,121.67702454448965,121.67702454448965,148.16450081390317
lower-neck,1.2,2,-2.5,111.56963576770214,83.91180271047854,120.55775970908277,120.55775970908277,148.68824283446511
lower-neck,1.2,2,-2.25,110.64970845086324,83.02926174709066,119.4384948736759,119.4384948736759,149.21198485502705
lower-neck,1.2,2,-2.0,109.72978113402436,82.14672078370276,118.31923003826901,118.31923003826901,149.735726875589
lower-neck,1.2,2,-1.75,109.91012331403263,82.40705060507605,118.05989593784304,118.05989593784304,151.31605268537282
lower-neck,1.2,2,-1.5,110.09046549404091,82.66738042644934,117.80056183741705,117.80056183741705,152.89637849515663
lower-neck,1.2,2,-1.25,110.2708076740492,82.92771024782263,117.54122773699106,117.54122773699106,154.47670430494043
lower-neck,1.2,2,-1.0,110.45114985405746,83.18804006919592,117.28189363656509,117.28189363656509,156.05703011472423
lower-neck,1.2,2,-0.75,111.2695960914657,84.15631572543117,117.68273019188746,117.68273019188746,156.9511952491408
lower-neck,1.2,2,-0.5,112.08804232887394,85.12459138166642,118.08356674720983,118.08356674720983,157.84536038355736
lower-neck,1.2,2,-0.25,112.90648856628218,86.09286703790167,118.4844033025322,118.4844033025322,158.73952551797393
lower-neck,1.2,2,0.0,113.72493480369042,87.06114269413692,118.88523985785457,118.88523985785457,159.6336906523905
lower-neck,1.2,2,0.25,114.56081953150574,88.16967528709911,119.5826899314025,119.5826899314025,159.47840777610128
lower-neck,1.2,2,0.5,115.39670425932107,89.2782078800613,120.28014000495043,120.28014000495043,159.32312489981203
lower-neck,1.2,2,0.75,116.2325889871364,90.38674047302351,120.97759007849835,120.97759007849835,159.16784202352278
lower-neck,1.2,2,1.0,117.06847371495172,91.4952730659857,121.67504015204628,121.67504015204628,159.01255914723356
lower-neck,1.2,2,1.25,117.632683879985,92.43319275878491,122.37801018744497,122.37801018744497,157.05756184162018
lower-neck,1.2,2,1.5,118.19689404501828,93.37111245158414,123.08098022284368,123.08098022284368,155.080987556443
lower-neck,1.2,2,1.75,118.76110421005156,94.30903214438338,123.78395025824237,123.78395025824237,153.10441327126586
lower-neck,1.2,2,2.0,119.32531437508484,95.24695183718259,124.48692029364108,124.48692029364108,151.1278389860887
lower-neck,1.2,2,2.25,119.61956660072413,95.93523083442167,124.93895793164066,124.93895793164066,149.61851245473326
lower-neck,1.2,2,2.5,119.91381882636342,96.62350983166073,125.39099556964024,125.39099556964024,148.10918592337782
lower-neck,1.2,2,2.75,120.20807105200271,97.31178882889981,125.84303320763982,125.84303320763982,146.59985939202238
lower-neck,1.2,2,3.0,120.502323277642,98.00006782613887,126.2950708456394,126.2950708456394,145.09053286066694
lower-neck,1.2,2,3.25,120.37023989872814,98.2573218444286,126.20337919143418,126.20337919143418,144.04553252404227
lower-neck,1.2,2,3.5,120.23815651981428,98.51457586271833,126.11168753722896,126.11168753722896,143.56759949319385
lower-neck,1.2,2,3.75,120.10607314090042,98.77182988100806,126.01999588302374,126.01999588302374,143.2671900936602
lower-neck,1.2,2,4.0,119.97398976198656,99.02908389929779,125.92830422881852,125.92830422881852,142.9667806941265
lower-neck,1.2,2,4.25,119.24920505806375,98.7131203476801,125.16163401755662,125.16163401755662,142.37107581792822
lower-neck,1.2,2,4.5,118.52442035414096,98.39715679606243,124.39496380629474,124.39496380629474,141.77537094172993
lower-neck,1.2,2,4.75,117.79963565021816,98.08119324444476,123.62829359503286,123.62829359503286,141.17966606553165
lower-neck,1.2,2,5.0,117.07485094629536,97.76522969282709,122.86162338377096,122.86162338377096,140.5839611893334
lower-neck,1.2,2,5.25,116.07698633933818,97.20191655265522,121.79797631680493,121.79797631680493,139.7349392747289
lower-neck,1.2,2,5.5,115.07912173238098,96.63860341248338,120.73432924983891,120.73432924983891,138.88591736012444
lower-neck,1.2,2,5.75,114.0812571254238,96.07529027231152,119.6706821828729,119.6706821828729,138.77963255320947
lower-neck,1.2,2,6.0,113.08339251846661,95.51197713213965,118.60703511590687,118.60703511590687,138.84602618169356
lower-neck,1.2,2,6.25,112.18215260581474,95.05741365842177,117.65393062297986,117.65393062297986,139.5987029647002
lower-neck,1.2,2,6.5,111.28091269316286,94.60285018470388,116.70082613005286,116.70082613005286,140.35137974770686
lower-neck,1.2,2,6.75,110.37967278051099,94.148286710986,115.74772163712585,115.74772163712585,141.10405653071348
lower-neck,1.2,2,7.0,109.47843286785911,93.69372323726812,114.79461714419884,114.79461714419884,141.85673331372013
