image,id,region_pixels,category,nominal_state,nominal_ratio,omission_ratio_min,omission_ratio_max,reference_ids,reference_areas_px,area_excluded_reference_ids,omission_state_counts
beads1,2,253,stable_ordinary,ordinary,0.8322368421052632,0.8187702265372169,0.8461538461538461,"[8, 16, 9, 26, 18, 27, 3, 5]","[293, 299, 309, 315, 326, 320, 203, 225]",[],"{""ordinary"": 8}"
beads1,3,203,stable_ordinary,ordinary,0.6835016835016835,0.6789297658862876,0.688135593220339,"[17, 9, 11, 27, 16, 29, 2, 6]","[280, 309, 295, 320, 299, 302, 253, 158]",[],"{""ordinary"": 8}"
beads1,5,225,stable_ordinary,ordinary,0.7401315789473685,0.7142857142857143,0.7679180887372014,"[10, 18, 8, 30, 22, 7, 26, 2]","[279, 326, 293, 318, 335, 205, 315, 253]",[],"{""ordinary"": 8}"
beads1,6,158,stable_ordinary,ordinary,0.5495652173913044,0.535593220338983,0.5642857142857143,"[19, 11, 15, 29, 33, 17, 12, 3]","[327, 295, 240, 302, 339, 280, 172, 203]",[],"{""ordinary"": 8}"
beads1,7,205,stable_ordinary,ordinary,0.6867671691792295,0.6446540880503144,0.7347670250896058,"[14, 22, 10, 37, 28, 13, 5, 30]","[269, 335, 279, 332, 337, 202, 225, 318]",[],"{""ordinary"": 8}"
beads1,8,293,stable_ordinary,ordinary,0.9949066213921901,0.979933110367893,1.0103448275862068,"[2, 18, 26, 5, 16, 10, 41, 30]","[253, 326, 315, 225, 299, 279, 290, 318]",[],"{""ordinary"": 8}"
beads1,9,309,stable_ordinary,ordinary,1.0510204081632653,1.047457627118644,1.0546075085324231,"[3, 16, 27, 17, 2, 39, 8, 11]","[203, 299, 320, 280, 253, 326, 293, 295]",[],"{""ordinary"": 8}"
beads1,10,279,stable_ordinary,ordinary,0.9132569558101473,0.8773584905660378,0.9522184300341296,"[5, 22, 7, 18, 30, 14, 8, 37]","[225, 335, 205, 326, 318, 269, 293, 332]",[],"{""ordinary"": 8}"
beads1,11,295,stable_ordinary,ordinary,1.013745704467354,0.9768211920529801,1.0535714285714286,"[6, 29, 17, 19, 3, 40, 15, 9]","[158, 302, 280, 327, 203, 310, 240, 309]",[],"{""ordinary"": 8}"
beads1,12,172,stable_ordinary,ordinary,0.5575364667747164,0.5259938837920489,0.593103448275862,"[25, 15, 24, 33, 42, 19, 6, 54]","[290, 240, 263, 339, 341, 327, 158, 334]",[],"{""ordinary"": 8}"
beads1,13,202,stable_ordinary,ordinary,0.6590538336052202,0.6537216828478964,0.6644736842105263,"[23, 28, 14, 46, 38, 7, 20, 37]","[309, 337, 269, 330, 304, 205, 256, 332]",[],"{""ordinary"": 8}"
beads1,14,269,stable_ordinary,ordinary,0.8419405320813772,0.8151515151515152,0.8705501618122977,"[7, 28, 13, 22, 37, 23, 10, 46]","[205, 337, 202, 335, 332, 309, 279, 330]",[],"{""ordinary"": 8}"
beads1,15,240,stable_ordinary,ordinary,0.7717041800643086,0.7339449541284404,0.8135593220338984,"[12, 33, 19, 25, 6, 45, 11, 54]","[172, 339, 327, 290, 158, 335, 295, 334]",[],"{""ordinary"": 8}"
beads1,16,299,stable_ordinary,ordinary,0.9933554817275747,0.9676375404530745,1.0204778156996588,"[9, 2, 27, 26, 39, 8, 3, 17]","[309, 253, 320, 315, 326, 293, 203, 280]",[],"{""ordinary"": 8}"
beads1,17,280,stable_ordinary,ordinary,0.9165302782324058,0.9061488673139159,0.9271523178807947,"[3, 11, 27, 29, 9, 40, 16, 19]","[203, 295, 320, 302, 309, 310, 299, 327]",[],"{""ordinary"": 8}"
beads1,18,326,stable_ordinary,ordinary,1.118353344768439,1.1126279863481228,1.1241379310344828,"[5, 8, 30, 26, 10, 41, 22, 2]","[225, 293, 318, 315, 279, 290, 335, 253]",[],"{""ordinary"": 8}"
beads1,19,327,stable_ordinary,ordinary,1.0954773869346734,1.0827814569536425,1.1084745762711865,"[6, 15, 11, 29, 33, 45, 17, 60]","[158, 240, 295, 302, 339, 335, 280, 315]",[],"{""ordinary"": 8}"
beads1,20,256,stable_ordinary,ordinary,0.8982456140350877,0.8421052631578947,0.9624060150375939,"[32, 38, 23, 56, 31, 62, 13, 46]","[250, 304, 309, 325, 256, 266, 202, 330]",[],"{""ordinary"": 8}"
beads1,22,335,stable_ordinary,ordinary,1.213768115942029,1.200716845878136,1.2271062271062272,"[10, 7, 37, 30, 14, 47, 5, 28]","[279, 205, 332, 318, 269, 273, 225, 337]",[],"{""ordinary"": 8}"
beads1,23,309,stable_ordinary,ordinary,1.155140186915888,1.1486988847583643,1.1616541353383458,"[13, 38, 28, 20, 46, 32, 14, 62]","[202, 304, 337, 256, 330, 250, 269, 266]",[],"{""ordinary"": 8}"
beads1,24,263,stable_ordinary,ordinary,0.88107202680067,0.8566775244299675,0.906896551724138,"[42, 25, 35, 21, 12, 54, 66, 15]","[341, 290, 307, 135, 172, 334, 319, 240]",[21],"{""ordinary"": 8}"
beads1,25,290,stable_ordinary,ordinary,0.9602649006622517,0.9446254071661238,0.9764309764309764,"[12, 24, 15, 33, 42, 54, 35, 64]","[172, 263, 240, 339, 341, 334, 307, 297]",[],"{""ordinary"": 8}"
beads1,26,315,stable_ordinary,ordinary,1.0641891891891893,1.0535117056856187,1.075085324232082,"[41, 39, 8, 52, 18, 16, 2, 30]","[290, 326, 293, 284, 326, 299, 253, 318]",[],"{""ordinary"": 8}"
beads1,27,320,stable_ordinary,ordinary,1.0474631751227497,1.035598705501618,1.0596026490066226,"[16, 17, 9, 40, 39, 53, 3, 29]","[299, 280, 309, 310, 326, 319, 203, 302]",[],"{""ordinary"": 8}"
beads1,28,337,stable_ordinary,ordinary,1.1346801346801347,1.1085526315789473,1.1620689655172414,"[14, 13, 46, 37, 23, 58, 38, 7]","[269, 202, 330, 332, 309, 290, 304, 205]",[],"{""ordinary"": 8}"
beads1,29,302,stable_ordinary,ordinary,0.9983471074380166,0.9741935483870968,1.023728813559322,"[11, 19, 40, 17, 45, 60, 6, 67]","[295, 327, 310, 280, 335, 315, 158, 266]",[],"{""ordinary"": 8}"
beads1,30,318,stable_ordinary,ordinary,1.0890410958904109,1.0816326530612246,1.096551724137931,"[18, 59, 41, 47, 22, 10, 5, 37]","[326, 294, 290, 273, 335, 279, 225, 332]",[],"{""ordinary"": 8}"
beads1,31,256,stable_ordinary,ordinary,0.9752380952380952,0.9516728624535316,1.0,"[49, 36, 32, 56, 75, 48, 20, 81]","[269, 173, 250, 325, 287, 242, 256, 294]",[],"{""ordinary"": 8}"
beads1,32,250,stable_ordinary,ordinary,0.8880994671403197,0.8503401360544217,0.929368029739777,"[20, 56, 38, 31, 62, 49, 23, 81]","[256, 325, 304, 256, 266, 269, 309, 294]",[],"{""ordinary"": 8}"
beads1,33,339,stable_ordinary,ordinary,1.1550255536626917,1.1414141414141414,1.1689655172413793,"[15, 45, 25, 64, 19, 54, 12, 73]","[240, 335, 290, 297, 327, 334, 172, 281]",[],"{""ordinary"": 8}"
beads1,34,243,stable_ordinary,ordinary,0.7763578274760383,0.7617554858934169,0.7915309446254072,"[50, 57, 21, 35, 82, 66, 51, 78]","[320, 334, 135, 307, 342, 319, 283, 298]",[21],"{""ordinary"": 8}"
beads1,35,307,stable_ordinary,ordinary,1.0082101806239738,0.9623824451410659,1.0586206896551724,"[21, 57, 42, 24, 34, 66, 50, 25]","[135, 334, 341, 263, 243, 319, 320, 290]",[21],"{""ordinary"": 8}"
beads1,36,173,stable_ordinary,ordinary,0.6223021582733813,0.6027874564459931,0.6431226765799256,"[48, 49, 31, 72, 75, 61, 56, 81]","[242, 269, 256, 289, 287, 183, 325, 294]",[],"{""ordinary"": 8}"
beads1,37,332,stable_ordinary,ordinary,1.2250922509225093,1.216117216117216,1.2342007434944238,"[47, 22, 63, 58, 28, 14, 7, 77]","[273, 335, 215, 290, 337, 269, 205, 166]",[],"{""ordinary"": 8}"
beads1,38,304,stable_ordinary,ordinary,1.0116472545757071,0.9838187702265372,1.0410958904109588,"[23, 62, 46, 20, 32, 71, 56, 28]","[309, 266, 330, 256, 250, 292, 325, 337]",[],"{""ordinary"": 8}"
beads1,39,326,stable_ordinary,ordinary,1.070607553366174,1.0516129032258064,1.0903010033444815,"[65, 52, 26, 27, 53, 16, 41, 40]","[204, 284, 315, 320, 319, 299, 290, 310]",[],"{""ordinary"": 8}"
beads1,40,310,stable_ordinary,ordinary,0.9779179810725552,0.9717868338557993,0.9841269841269841,"[67, 53, 29, 27, 60, 17, 45, 39]","[266, 319, 302, 320, 315, 280, 335, 326]",[],"{""ordinary"": 8}"
beads1,41,290,stable_ordinary,ordinary,0.9523809523809523,0.9206349206349206,0.9863945578231292,"[52, 69, 59, 26, 30, 18, 39, 47]","[284, 185, 294, 315, 318, 326, 326, 273]",[],"{""ordinary"": 8}"
beads1,42,341,stable_ordinary,ordinary,1.140468227424749,1.1107491856677525,1.1718213058419245,"[24, 54, 35, 66, 25, 80, 21, 57]","[263, 334, 307, 319, 290, 291, 135, 334]",[21],"{""ordinary"": 8}"
beads1,45,335,stable_ordinary,ordinary,1.0947712418300655,1.0806451612903225,1.109271523178808,"[60, 73, 64, 33, 29, 19, 40, 15]","[315, 281, 297, 339, 302, 327, 310, 240]",[],"{""ordinary"": 8}"
beads1,46,330,stable_ordinary,ordinary,1.134020618556701,1.13013698630137,1.1379310344827587,"[58, 76, 28, 71, 38, 23, 62, 84]","[290, 288, 337, 292, 304, 309, 266, 103]",[84],"{""ordinary"": 8}"
beads1,47,273,stable_ordinary,ordinary,0.934931506849315,0.9285714285714286,0.9413793103448276,"[59, 77, 63, 37, 30, 22, 58, 41]","[294, 166, 215, 332, 318, 335, 290, 290]",[],"{""ordinary"": 8}"
beads1,48,242,stable_ordinary,ordinary,0.9046728971962616,0.8996282527881041,0.9097744360902256,"[36, 72, 61, 49, 75, 79, 94, 31]","[173, 289, 183, 269, 287, 266, 276, 256]",[],"{""ordinary"": 8}"
beads1,49,269,stable_ordinary,ordinary,0.990791896869245,0.9372822299651568,1.05078125,"[31, 75, 36, 56, 81, 48, 72, 32]","[256, 287, 173, 325, 294, 242, 289, 250]",[],"{""ordinary"": 8}"
beads1,50,320,stable_ordinary,ordinary,1.095890410958904,1.0738255033557047,1.118881118881119,"[34, 78, 51, 57, 82, 70, 35, 88]","[243, 298, 283, 334, 342, 253, 307, 286]",[],"{""ordinary"": 8}"
beads1,51,283,stable_ordinary,ordinary,0.9691780821917808,0.9496644295302014,0.9895104895104895,"[70, 78, 50, 55, 98, 89, 82, 74]","[253, 298, 320, 125, 286, 326, 342, 268]",[55],"{""ordinary"": 8}"
beads1,52,284,stable_ordinary,ordinary,0.9578414839797639,0.9498327759197325,0.9659863945578231,"[41, 65, 39, 69, 26, 59, 53, 16]","[290, 204, 326, 185, 315, 294, 319, 299]",[],"{""ordinary"": 8}"
beads1,53,319,stable_ordinary,ordinary,1.0740740740740742,1.0290322580645161,1.1232394366197183,"[40, 67, 65, 27, 39, 60, 52, 17]","[310, 266, 204, 320, 326, 315, 284, 280]",[],"{""ordinary"": 8}"
beads1,54,334,stable_ordinary,ordinary,1.122689075630252,1.1208053691275168,1.1245791245791246,"[83, 42, 80, 64, 33, 25, 66, 24]","[298, 341, 291, 297, 339, 290, 319, 263]",[],"{""ordinary"": 8}"
beads1,56,325,stable_ordinary,ordinary,1.169064748201439,1.132404181184669,1.20817843866171,"[81, 32, 62, 49, 86, 31, 75, 38]","[294, 250, 266, 269, 301, 256, 287, 304]",[],"{""ordinary"": 8}"
beads1,57,334,stable_ordinary,ordinary,1.0670926517571886,1.0470219435736676,1.0879478827361564,"[34, 35, 66, 50, 82, 88, 21, 42]","[243, 307, 319, 320, 342, 286, 135, 341]",[21],"{""ordinary"": 8}"
beads1,58,290,stable_ordinary,ordinary,1.0,0.9931506849315068,1.0069444444444444,"[63, 76, 84, 46, 37, 28, 71, 47]","[215, 288, 103, 330, 332, 337, 292, 273]",[84],"{""ordinary"": 8}"
beads1,59,294,stable_ordinary,ordinary,1.0556552962298025,1.0352112676056338,1.0769230769230769,"[47, 69, 77, 41, 30, 63, 52, 22]","[273, 185, 166, 290, 318, 215, 284, 335]",[],"{""ordinary"": 8}"
beads1,60,315,stable_ordinary,ordinary,1.0294117647058822,1.0161290322580645,1.0430463576158941,"[45, 67, 73, 40, 29, 64, 53, 19]","[335, 266, 281, 310, 302, 297, 319, 327]",[],"{""ordinary"": 8}"
beads1,61,183,stable_ordinary,ordinary,0.6752767527675276,0.6630434782608695,0.6879699248120301,"[79, 48, 72, 96, 94, 36, 85, 75]","[266, 242, 289, 298, 276, 173, 227, 287]",[],"{""ordinary"": 8}"
beads1,62,266,stable_ordinary,ordinary,0.8941176470588236,0.8837209302325582,0.9047619047619048,"[71, 56, 87, 38, 86, 32, 81, 46]","[292, 325, 211, 304, 301, 250, 294, 330]",[],"{""ordinary"": 8}"
beads1,63,215,stable_ordinary,ordinary,0.7439446366782007,0.7413793103448276,0.7465277777777778,"[77, 58, 47, 37, 84, 76, 59, 28]","[166, 290, 273, 332, 103, 288, 294, 337]",[84],"{""ordinary"": 8}"
beads1,64,297,stable_ordinary,ordinary,0.9690048939641109,0.9428571428571428,0.9966442953020134,"[73, 45, 54, 33, 83, 60, 80, 25]","[281, 335, 334, 339, 298, 315, 291, 290]",[],"{""ordinary"": 8}"
beads1,65,204,stable_ordinary,ordinary,0.6743801652892562,0.6476190476190476,0.7034482758620689,"[39, 52, 53, 27, 69, 26, 67, 41]","[326, 284, 319, 320, 185, 315, 266, 290]",[],"{""ordinary"": 8}"
beads1,66,319,stable_ordinary,ordinary,0.9953198127925117,0.9550898203592815,1.0390879478827362,"[57, 80, 91, 42, 88, 35, 82, 54]","[334, 291, 305, 341, 286, 307, 342, 334]",[],"{""ordinary"": 8}"
beads1,67,266,stable_ordinary,ordinary,0.8512,0.8444444444444444,0.8580645161290322,"[40, 60, 53, 73, 29, 65, 27, 45]","[310, 315, 319, 281, 302, 204, 320, 335]",[],"{""ordinary"": 8}"
beads1,69,185,stable_ordinary,ordinary,0.6445993031358885,0.6379310344827587,0.6514084507042254,"[59, 41, 52, 77, 30, 65, 47, 26]","[294, 290, 284, 166, 318, 204, 273, 315]",[],"{""ordinary"": 8}"
beads1,70,253,stable_ordinary,ordinary,0.8892794376098418,0.8846153846153846,0.8939929328621908,"[55, 51, 89, 74, 78, 98, 90, 50]","[125, 283, 326, 268, 298, 286, 282, 320]",[55],"{""ordinary"": 8}"
beads1,71,292,stable_ordinary,ordinary,1.0103806228373702,1.006896551724138,1.0138888888888888,"[76, 87, 62, 46, 38, 86, 58, 84]","[288, 211, 266, 330, 304, 301, 290, 103]",[84],"{""ordinary"": 8}"
beads1,72,289,stable_ordinary,ordinary,1.1136801541425818,1.086466165413534,1.1422924901185771,"[48, 94, 61, 75, 79, 99, 36, 96]","[242, 276, 183, 287, 266, 253, 173, 298]",[],"{""ordinary"": 8}"
beads1,73,281,stable_ordinary,ordinary,0.9108589951377634,0.8920634920634921,0.9304635761589404,"[64, 45, 60, 33, 67, 83, 29, 54]","[297, 335, 315, 339, 266, 298, 302, 334]",[],"{""ordinary"": 8}"
beads1,74,268,stable_ordinary,ordinary,0.9370629370629371,0.9273356401384083,0.9469964664310954,"[55, 90, 89, 70, 107, 110, 97, 51]","[125, 282, 326, 253, 289, 301, 327, 283]",[55],"{""ordinary"": 8}"
beads1,75,287,stable_ordinary,ordinary,1.0532110091743119,1.039855072463768,1.066914498141264,"[49, 81, 99, 72, 102, 48, 94, 56]","[269, 294, 253, 289, 209, 242, 276, 325]",[],"{""ordinary"": 8}"
beads1,76,288,stable_ordinary,ordinary,1.0359712230215827,0.993103448275862,1.0827067669172932,"[71, 84, 58, 46, 87, 63, 62, 38]","[292, 103, 290, 330, 211, 215, 266, 304]",[84],"{""ordinary"": 8}"
beads1,77,166,stable_ordinary,ordinary,0.5896980461811723,0.5724137931034483,0.608058608058608,"[63, 47, 59, 37, 84, 69, 58, 30]","[215, 273, 294, 332, 103, 185, 290, 318]",[84],"{""ordinary"": 8}"
beads1,78,298,stable_ordinary,ordinary,0.956661316211878,0.93125,0.9834983498349835,"[82, 50, 51, 98, 70, 101, 89, 104]","[342, 320, 283, 286, 253, 303, 326, 371]",[],"{""ordinary"": 8}"
beads1,79,266,stable_ordinary,ordinary,1.0133333333333334,0.9708029197080292,1.0597609561752988,"[61, 96, 85, 72, 94, 100, 48, 111]","[183, 298, 227, 289, 276, 251, 242, 274]",[],"{""ordinary"": 8}"
beads1,80,291,stable_ordinary,ordinary,0.9509803921568627,0.9478827361563518,0.9540983606557377,"[83, 66, 54, 91, 42, 88, 64, 35]","[298, 319, 334, 305, 341, 286, 297, 307]",[],"{""ordinary"": 8}"
beads1,81,294,stable_ordinary,ordinary,1.0990654205607477,1.0929368029739777,1.105263157894737,"[86, 75, 56, 103, 102, 49, 99, 62]","[301, 287, 325, 206, 209, 269, 253, 266]",[],"{""ordinary"": 8}"
beads1,82,342,stable_ordinary,ordinary,1.0996784565916398,1.0721003134796239,1.1287128712871286,"[88, 78, 104, 101, 57, 50, 98, 66]","[286, 298, 371, 303, 334, 320, 286, 319]",[],"{""ordinary"": 8}"
beads1,83,298,stable_ordinary,ordinary,0.9551282051282052,0.9341692789968652,0.9770491803278688,"[80, 54, 64, 91, 42, 73, 66, 33]","[291, 334, 297, 305, 341, 281, 319, 339]",[],"{""ordinary"": 8}"
beads1,85,227,stable_ordinary,ordinary,0.8407407407407408,0.8284671532846716,0.8533834586466166,"[100, 79, 96, 106, 113, 121, 61, 111]","[251, 266, 298, 195, 286, 286, 183, 274]",[],"{""ordinary"": 8}"
beads1,86,301,stable_ordinary,ordinary,1.0886075949367089,1.048780487804878,1.131578947368421,"[87, 81, 103, 62, 56, 102, 71, 75]","[211, 294, 206, 266, 325, 209, 292, 287]",[],"{""ordinary"": 8}"
beads1,87,211,stable_ordinary,ordinary,0.7201365187713311,0.717687074829932,0.7226027397260274,"[86, 71, 62, 76, 103, 81, 56, 38]","[301, 292, 266, 288, 206, 294, 325, 304]",[],"{""ordinary"": 8}"
beads1,88,286,stable_ordinary,ordinary,0.8951486697965572,0.89375,0.896551724137931,"[91, 104, 82, 66, 57, 101, 80, 50]","[305, 371, 342, 319, 334, 303, 291, 320]",[],"{""ordinary"": 8}"
beads1,89,326,stable_ordinary,ordinary,1.147887323943662,1.1398601398601398,1.1560283687943262,"[70, 74, 98, 90, 110, 118, 55, 107]","[253, 268, 286, 282, 301, 299, 125, 289]",[55],"{""ordinary"": 8}"
beads1,90,282,stable_ordinary,ordinary,1.0125673249551166,0.9757785467128027,1.0522388059701493,"[74, 107, 89, 97, 110, 55, 108, 70]","[268, 289, 326, 327, 301, 125, 247, 253]",[55],"{""ordinary"": 8}"
beads1,91,305,stable_ordinary,ordinary,0.9341500765696784,0.9131736526946108,0.9561128526645768,"[88, 66, 80, 104, 83, 57, 82, 42]","[286, 319, 291, 371, 298, 334, 342, 341]",[],"{""ordinary"": 8}"
beads1,94,276,stable_ordinary,ordinary,0.983957219251337,0.9616724738675958,1.0072992700729928,"[72, 99, 96, 116, 119, 111, 79, 75]","[289, 253, 298, 434, 250, 274, 266, 287]",[],"{""ordinary"": 8}"
beads1,96,298,stable_ordinary,ordinary,1.0836363636363637,1.0797101449275361,1.0875912408759123,"[79, 111, 94, 100, 116, 113, 72, 61]","[266, 274, 276, 251, 434, 286, 289, 183]",[],"{""ordinary"": 8}"
beads1,97,327,stable_ordinary,ordinary,1.1890909090909092,1.1595744680851063,1.2201492537313432,"[108, 107, 90, 105, 122, 123, 115, 74]","[247, 289, 282, 117, 296, 314, 244, 268]",[105],"{""ordinary"": 8}"
beads1,98,286,stable_ordinary,ordinary,0.9533333333333334,0.9501661129568106,0.9565217391304348,"[101, 114, 89, 78, 118, 70, 110, 82]","[303, 236, 326, 298, 299, 253, 301, 342]",[],"{""ordinary"": 8}"
beads1,99,253,stable_ordinary,ordinary,0.8987566607460036,0.8815331010452961,0.9166666666666666,"[102, 94, 117, 119, 75, 72, 116, 81]","[209, 276, 157, 250, 287, 289, 434, 294]",[],"{""ordinary"": 8}"
beads1,100,251,stable_ordinary,ordinary,0.8964285714285715,0.8776223776223776,0.916058394160584,"[85, 113, 96, 106, 111, 79, 121, 128]","[227, 286, 298, 195, 274, 266, 286, 309]",[],"{""ordinary"": 8}"
beads1,101,303,stable_ordinary,ordinary,1.015075376884422,1.0133779264214047,1.016778523489933,"[104, 98, 114, 82, 78, 88, 118, 89]","[371, 286, 236, 342, 298, 286, 299, 326]",[],"{""ordinary"": 8}"
beads1,102,209,stable_ordinary,ordinary,0.7901701323251418,0.7572463768115942,0.8260869565217391,"[103, 99, 117, 81, 75, 119, 86, 94]","[206, 253, 157, 294, 287, 250, 301, 276]",[],"{""ordinary"": 8}"
beads1,103,206,stable_ordinary,ordinary,0.762962962962963,0.7177700348432056,0.8142292490118577,"[102, 86, 81, 117, 99, 87, 75, 56]","[209, 301, 294, 157, 253, 211, 287, 325]",[],"{""ordinary"": 8}"
beads1,104,371,stable_ordinary,ordinary,1.2346089850249584,1.2244224422442245,1.24496644295302,"[101, 88, 82, 114, 91, 78, 98, 57]","[303, 286, 342, 236, 305, 298, 286, 334]",[],"{""ordinary"": 8}"
beads1,106,195,stable_ordinary,ordinary,0.7543520309477756,0.7471264367816092,0.76171875,"[121, 100, 126, 113, 85, 130, 132, 128]","[286, 251, 261, 286, 227, 256, 241, 309]",[],"{""ordinary"": 8}"
beads1,107,289,stable_ordinary,ordinary,0.9681742043551089,0.9601328903654485,0.9763513513513513,"[90, 97, 110, 123, 108, 127, 122, 89]","[282, 327, 301, 314, 247, 282, 296, 326]",[],"{""ordinary"": 8}"
beads1,108,247,stable_ordinary,ordinary,0.8651488616462347,0.8546712802768166,0.875886524822695,"[97, 105, 122, 107, 115, 123, 124, 90]","[327, 117, 296, 289, 244, 314, 233, 282]",[105],"{""ordinary"": 8}"
beads1,110,301,stable_ordinary,ordinary,1.0238095238095237,1.0066889632107023,1.041522491349481,"[118, 107, 125, 89, 127, 90, 123, 98]","[299, 289, 320, 326, 282, 282, 314, 286]",[],"{""ordinary"": 8}"
beads1,111,274,stable_ordinary,ordinary,0.9383561643835616,0.9194630872483222,0.958041958041958,"[116, 96, 113, 129, 128, 100, 94, 119]","[434, 298, 286, 327, 309, 251, 276, 250]",[],"{""ordinary"": 8}"
beads1,113,286,stable_ordinary,ordinary,1.0214285714285714,1.0,1.0437956204379562,"[100, 111, 128, 121, 130, 96, 129, 106]","[251, 274, 309, 286, 256, 298, 327, 195]",[],"{""ordinary"": 8}"
beads1,114,236,stable_ordinary,ordinary,0.7814569536423841,0.7788778877887789,0.7840531561461794,"[118, 101, 98, 125, 104, 110, 89, 78]","[299, 303, 286, 320, 371, 301, 326, 298]",[],"{""ordinary"": 8}"
beads1,115,244,stable_ordinary,ordinary,0.8808664259927798,0.8271186440677966,0.9420849420849421,"[105, 124, 122, 108, 133, 131, 97, 135]","[117, 233, 296, 247, 295, 259, 327, 312]",[105],"{""ordinary"": 8}"
beads1,116,434,stable_ordinary,ordinary,1.5781818181818181,1.5724637681159421,1.583941605839416,"[119, 111, 94, 129, 96, 99, 117, 113]","[250, 274, 276, 327, 298, 253, 157, 286]",[],"{""ordinary"": 8}"
beads1,117,157,stable_ordinary,ordinary,0.5935727788279773,0.5688405797101449,0.6205533596837944,"[119, 102, 99, 103, 116, 94, 75, 81]","[250, 209, 253, 206, 434, 276, 287, 294]",[],"{""ordinary"": 8}"
beads1,118,299,stable_ordinary,ordinary,1.0135593220338983,0.9933554817275747,1.0346020761245676,"[114, 125, 110, 98, 89, 127, 101, 107]","[236, 320, 301, 286, 326, 282, 303, 289]",[],"{""ordinary"": 8}"
beads1,119,250,stable_ordinary,ordinary,0.9487666034155597,0.9124087591240876,0.9881422924901185,"[117, 116, 99, 94, 102, 111, 129, 103]","[157, 434, 253, 276, 209, 274, 327, 206]",[],"{""ordinary"": 8}"
beads1,121,286,stable_ordinary,ordinary,1.1282051282051282,1.1171875,1.1394422310756973,"[106, 130, 113, 126, 132, 100, 128, 85]","[195, 256, 286, 261, 241, 251, 309, 227]",[],"{""ordinary"": 8}"
beads1,122,296,stable_ordinary,ordinary,1.1539961013645224,1.112781954887218,1.1983805668016194,"[108, 123, 135, 115, 124, 105, 136, 133]","[247, 314, 312, 244, 233, 117, 266, 295]",[105],"{""ordinary"": 8}"
beads1,123,314,stable_ordinary,ordinary,1.0998248686514887,1.0865051903114187,1.1134751773049645,"[127, 122, 107, 134, 136, 108, 135, 110]","[282, 296, 289, 274, 266, 247, 312, 301]",[],"{""ordinary"": 8}"
beads1,124,233,stable_ordinary,ordinary,0.9048543689320389,0.8996138996138996,0.91015625,"[115, 133, 131, 122, 135, 105, 137, 108]","[244, 295, 259, 296, 312, 117, 256, 247]",[105],"{""ordinary"": 8}"
beads1,125,320,stable_ordinary,ordinary,1.1130434782608696,1.1072664359861593,1.118881118881119,"[127, 118, 110, 134, 114, 123, 107, 98]","[282, 299, 301, 274, 236, 314, 289, 286]",[],"{""ordinary"": 8}"
beads1,126,261,stable_ordinary,ordinary,1.0503018108651911,1.01953125,1.0829875518672198,"[132, 121, 140, 106, 130, 142, 147, 139]","[241, 286, 279, 195, 256, 302, 241, 214]",[],"{""ordinary"": 8}"
beads1,127,282,stable_ordinary,ordinary,0.9478991596638655,0.9431438127090301,0.9527027027027027,"[134, 125, 123, 110, 107, 136, 118, 122]","[274, 320, 314, 301, 289, 266, 299, 296]",[],"{""ordinary"": 8}"
beads1,128,309,stable_ordinary,ordinary,1.1035714285714286,1.0804195804195804,1.1277372262773722,"[129, 130, 113, 141, 139, 111, 121, 100]","[327, 256, 286, 288, 214, 274, 286, 251]",[],"{""ordinary"": 8}"
beads1,129,327,stable_ordinary,ordinary,1.167857142857143,1.1433566433566433,1.1934306569343065,"[128, 111, 116, 141, 113, 130, 139, 119]","[309, 274, 434, 288, 286, 256, 214, 250]",[],"{""ordinary"": 8}"
beads1,130,256,stable_ordinary,ordinary,0.8951048951048951,0.8951048951048951,0.8951048951048951,"[121, 128, 139, 132, 142, 113, 126, 141]","[286, 309, 214, 241, 302, 286, 261, 288]",[],"{""ordinary"": 8}"
beads1,131,259,stable_ordinary,ordinary,0.955719557195572,0.9055944055944056,1.01171875,"[137, 133, 124, 143, 149, 115, 146, 152]","[256, 295, 233, 206, 295, 244, 296, 286]",[],"{""ordinary"": 8}"
beads1,132,241,stable_ordinary,ordinary,0.9323017408123792,0.9233716475095786,0.94140625,"[126, 142, 130, 140, 121, 147, 139, 106]","[261, 302, 256, 279, 286, 241, 214, 195]",[],"{""ordinary"": 8}"
beads1,133,295,stable_ordinary,ordinary,1.0573476702508962,1.0,1.1216730038022813,"[124, 146, 137, 135, 131, 149, 148, 122]","[233, 296, 256, 312, 259, 295, 263, 296]",[],"{""ordinary"": 8}"
beads1,134,274,stable_ordinary,ordinary,0.9179229480737019,0.9102990033222591,0.9256756756756757,"[136, 127, 123, 145, 125, 135, 122, 110]","[266, 282, 314, 275, 320, 312, 296, 301]",[],"{""ordinary"": 8}"
beads1,135,312,stable_ordinary,ordinary,1.0947368421052632,1.0576271186440678,1.1345454545454545,"[136, 122, 145, 133, 148, 124, 146, 123]","[266, 296, 275, 295, 263, 233, 296, 314]",[],"{""ordinary"": 8}"
beads1,136,266,stable_ordinary,ordinary,0.9220103986135182,0.9016949152542373,0.9432624113475178,"[134, 145, 135, 123, 148, 122, 127, 133]","[274, 275, 312, 314, 263, 296, 282, 295]",[],"{""ordinary"": 8}"
beads1,137,256,stable_ordinary,ordinary,0.9258589511754068,0.8951048951048951,0.9588014981273408,"[131, 149, 133, 143, 146, 152, 124, 160]","[259, 295, 295, 206, 296, 286, 233, 267]",[],"{""ordinary"": 8}"
beads1,139,214,stable_ordinary,ordinary,0.7867647058823529,0.7430555555555556,0.8359375,"[141, 142, 130, 154, 153, 128, 132, 129]","[288, 302, 256, 182, 235, 309, 241, 327]",[],"{""ordinary"": 8}"
beads1,140,279,stable_ordinary,ordinary,1.066921606118547,1.0648854961832062,1.0689655172413792,"[147, 132, 156, 126, 151, 142, 157, 164]","[241, 241, 280, 261, 265, 302, 262, 239]",[],"{""ordinary"": 8}"
beads1,141,288,stable_ordinary,ordinary,1.158953722334004,1.125,1.1950207468879668,"[139, 154, 128, 129, 130, 153, 142, 132]","[214, 182, 309, 327, 256, 235, 302, 241]",[],"{""ordinary"": 8}"
beads1,142,302,stable_ordinary,ordinary,1.2531120331950207,1.2531120331950207,1.2531120331950207,"[139, 132, 147, 153, 157, 130, 140, 154]","[214, 241, 241, 235, 262, 256, 279, 182]",[],"{""ordinary"": 8}"
beads1,143,206,stable_ordinary,ordinary,0.7832699619771863,0.7715355805243446,0.7953667953667953,"[152, 137, 149, 159, 131, 163, 160, 165]","[286, 256, 295, 221, 259, 243, 267, 291]",[],"{""ordinary"": 8}"
beads1,145,275,stable_ordinary,ordinary,1.0185185185185186,1.0036496350364963,1.0338345864661653,"[148, 136, 135, 158, 134, 146, 133, 161]","[263, 266, 312, 176, 274, 296, 295, 247]",[],"{""ordinary"": 8}"
beads1,146,296,stable_ordinary,ordinary,1.1169811320754717,1.1086142322097379,1.1254752851711027,"[148, 149, 133, 161, 158, 137, 160, 135]","[263, 295, 295, 247, 176, 256, 267, 312]",[],"{""ordinary"": 8}"
beads1,147,241,stable_ordinary,ordinary,0.9146110056925996,0.909433962264151,0.9198473282442748,"[140, 157, 142, 156, 164, 132, 153, 151]","[279, 262, 302, 280, 239, 241, 235, 265]",[],"{""ordinary"": 8}"
beads1,148,263,stable_ordinary,ordinary,0.9228070175438596,0.8915254237288136,0.9563636363636364,"[145, 146, 158, 135, 161, 136, 133, 149]","[275, 296, 176, 312, 247, 266, 295, 295]",[],"{""ordinary"": 8}"
beads1,149,295,stable_ordinary,ordinary,1.1281070745697896,1.104868913857678,1.15234375,"[146, 137, 160, 152, 143, 163, 161, 133]","[296, 256, 267, 286, 206, 243, 247, 295]",[],"{""ordinary"": 8}"
beads1,151,265,stable_ordinary,ordinary,0.9481216457960644,0.9464285714285714,0.9498207885304659,"[156, 166, 140, 147, 164, 170, 157, 142]","[280, 360, 279, 241, 239, 285, 262, 302]",[],"{""ordinary"": 8}"
beads1,152,286,stable_ordinary,ordinary,1.0936902485659656,1.0711610486891385,1.1171875,"[143, 163, 149, 159, 160, 165, 137, 171]","[206, 243, 295, 221, 267, 291, 256, 301]",[],"{""ordinary"": 8}"
beads1,153,235,stable_ordinary,ordinary,0.9343936381709742,0.8969465648854962,0.975103734439834,"[154, 157, 142, 139, 167, 147, 141, 164]","[182, 262, 302, 214, 341, 241, 288, 239]",[],"{""ordinary"": 8}"
beads1,154,182,stable_ordinary,ordinary,0.6618181818181819,0.6319444444444444,0.6946564885496184,"[153, 141, 139, 167, 142, 157, 147, 169]","[235, 288, 214, 341, 302, 262, 241, 449]",[],"{""ordinary"": 8}"
beads1,156,280,stable_ordinary,ordinary,1.0294117647058822,1.003584229390681,1.0566037735849056,"[151, 164, 147, 166, 157, 170, 140, 169]","[265, 239, 241, 360, 262, 285, 279, 449]",[],"{""ordinary"": 8}"
beads1,157,262,stable_ordinary,ordinary,1.0057581573896353,0.9357142857142857,1.0871369294605808,"[164, 147, 153, 142, 156, 169, 167, 154]","[239, 241, 235, 302, 280, 449, 341, 182]",[],"{""ordinary"": 8}"
beads1,158,176,stable_ordinary,ordinary,0.6641509433962264,0.6591760299625468,0.6692015209125475,"[161, 148, 146, 168, 145, 160, 149, 172]","[247, 263, 296, 173, 275, 267, 295, 209]",[],"{""ordinary"": 8}"
beads1,159,221,stable_ordinary,ordinary,0.8125,0.7727272727272727,0.8565891472868217,"[165, 152, 163, 174, 143, 175, 171, 177]","[291, 286, 243, 342, 206, 243, 301, 258]",[],"{""ordinary"": 8}"
beads1,160,267,stable_ordinary,ordinary,1.00187617260788,0.9335664335664335,1.0809716599190284,"[161, 163, 149, 168, 172, 171, 152, 146]","[247, 243, 295, 173, 209, 301, 286, 296]",[],"{""ordinary"": 8}"
beads1,161,247,stable_ordinary,ordinary,0.9762845849802372,0.9391634980988594,1.0164609053497942,"[158, 160, 168, 146, 148, 172, 149, 163]","[176, 267, 173, 296, 263, 209, 295, 243]",[],"{""ordinary"": 8}"
beads1,163,243,stable_ordinary,ordinary,0.8788426763110307,0.8496503496503497,0.9101123595505618,"[152, 160, 171, 165, 175, 159, 149, 172]","[286, 267, 301, 291, 243, 221, 295, 209]",[],"{""ordinary"": 8}"
beads1,164,239,stable_ordinary,ordinary,0.8460176991150442,0.8385964912280702,0.8535714285714285,"[156, 157, 169, 170, 176, 147, 166, 167]","[280, 262, 449, 285, 277, 241, 360, 341]",[],"{""ordinary"": 8}"
beads1,165,291,stable_ordinary,ordinary,1.1570576540755466,1.127906976744186,1.1877551020408164,"[159, 175, 163, 174, 171, 152, 177, 179]","[221, 243, 243, 342, 301, 286, 258, 245]",[],"{""ordinary"": 8}"
beads1,166,360,stable_ordinary,ordinary,1.2903225806451613,1.2857142857142858,1.2949640287769784,"[170, 156, 151, 164, 178, 176, 183, 169]","[285, 280, 265, 239, 278, 277, 291, 449]",[],"{""ordinary"": 8}"
beads1,167,341,stable_ordinary,ordinary,1.2653061224489797,1.2310469314079422,1.3015267175572518,"[169, 153, 157, 154, 180, 164, 176, 170]","[449, 235, 262, 182, 384, 239, 277, 285]",[],"{""ordinary"": 8}"
beads1,168,173,stable_ordinary,ordinary,0.6731517509727627,0.6479400749063671,0.7004048582995951,"[172, 161, 160, 158, 171, 182, 163, 146]","[209, 247, 267, 176, 301, 340, 243, 296]",[],"{""ordinary"": 8}"
beads1,169,449,stable_ordinary,ordinary,1.597864768683274,1.575438596491228,1.6209386281588447,"[167, 176, 164, 157, 180, 170, 153, 183]","[341, 277, 239, 262, 384, 285, 235, 291]",[],"{""ordinary"": 8}"
beads1,170,285,stable_ordinary,ordinary,1.021505376344086,1.0178571428571428,1.025179856115108,"[166, 176, 164, 178, 156, 183, 169, 151]","[360, 277, 239, 278, 280, 291, 449, 265]",[],"{""ordinary"": 8}"
beads1,171,301,stable_ordinary,ordinary,1.2336065573770492,1.2285714285714286,1.2386831275720165,"[175, 172, 163, 179, 160, 165, 182, 168]","[243, 209, 243, 245, 267, 291, 340, 173]",[],"{""ordinary"": 8}"
beads1,172,209,stable_ordinary,ordinary,0.8495934959349594,0.8461538461538461,0.8530612244897959,"[168, 171, 182, 160, 161, 163, 179, 175]","[173, 301, 340, 267, 247, 243, 245, 243]",[],"{""ordinary"": 8}"
beads1,174,342,stable_ordinary,ordinary,1.2954545454545454,1.2666666666666666,1.3255813953488371,"[177, 165, 185, 175, 159, 184, 187, 179]","[258, 291, 357, 243, 221, 270, 290, 245]",[],"{""ordinary"": 8}"
beads1,175,243,stable_ordinary,ordinary,0.8663101604278075,0.8350515463917526,0.9,"[171, 165, 179, 177, 184, 163, 174, 182]","[301, 291, 245, 258, 270, 243, 342, 340]",[],"{""ordinary"": 8}"
beads1,176,277,stable_ordinary,ordinary,0.915702479338843,0.8821656050955414,0.9518900343642611,"[169, 170, 183, 180, 164, 178, 186, 167]","[449, 285, 291, 384, 239, 278, 314, 341]",[],"{""ordinary"": 8}"
beads1,177,258,stable_ordinary,ordinary,0.8881239242685026,0.8865979381443299,0.8896551724137931,"[174, 184, 175, 185, 187, 179, 165, 171]","[342, 270, 243, 357, 290, 245, 291, 301]",[],"{""ordinary"": 8}"
beads1,178,278,stable_ordinary,ordinary,0.9455782312925171,0.936026936026936,0.9553264604810997,"[183, 170, 176, 192, 166, 191, 186, 194]","[291, 285, 277, 297, 360, 263, 314, 313]",[],"{""ordinary"": 8}"
beads1,179,245,stable_ordinary,ordinary,0.928030303030303,0.9074074074074074,0.9496124031007752,"[182, 184, 175, 171, 190, 189, 177, 172]","[340, 270, 243, 301, 249, 281, 258, 209]",[],"{""ordinary"": 8}"
beads1,180,384,stable_ordinary,ordinary,1.2307692307692308,1.2268370607028753,1.234726688102894,"[186, 176, 169, 193, 183, 167, 194, 197]","[314, 277, 449, 311, 291, 341, 313, 280]",[],"{""ordinary"": 8}"
beads1,182,340,stable_ordinary,ordinary,1.3765182186234817,1.3654618473895583,1.3877551020408163,"[179, 189, 172, 171, 190, 175, 168, 184]","[245, 281, 209, 301, 249, 243, 173, 270]",[],"{""ordinary"": 8}"
beads1,183,291,stable_ordinary,ordinary,1.0,0.9797979797979798,1.0210526315789474,"[178, 186, 176, 192, 170, 180, 194, 191]","[278, 314, 277, 297, 285, 384, 313, 263]",[],"{""ordinary"": 8}"
beads1,184,270,stable_ordinary,ordinary,1.0344827586206897,1.0227272727272727,1.0465116279069768,"[177, 179, 187, 190, 195, 175, 185, 174]","[258, 245, 290, 249, 264, 243, 357, 342]",[],"{""ordinary"": 8}"
beads1,185,357,stable_ordinary,ordinary,1.367816091954023,1.3522727272727273,1.3837209302325582,"[187, 177, 184, 174, 196, 195, 201, 190]","[290, 258, 270, 342, 258, 264, 241, 249]",[],"{""ordinary"": 8}"
beads1,186,314,stable_ordinary,ordinary,1.0680272108843538,1.0572390572390573,1.0790378006872852,"[180, 194, 183, 193, 192, 176, 197, 178]","[384, 313, 291, 311, 297, 277, 280, 278]",[],"{""ordinary"": 8}"
beads1,187,290,stable_ordinary,ordinary,1.124031007751938,1.124031007751938,1.124031007751938,"[185, 195, 184, 196, 201, 177, 190, 179]","[357, 264, 270, 258, 241, 258, 249, 245]",[],"{""ordinary"": 8}"
beads1,189,281,stable_ordinary,ordinary,1.0955165692007798,1.0643939393939394,1.1285140562248996,"[190, 182, 199, 179, 200, 195, 184, 187]","[249, 340, 247, 245, 244, 264, 270, 290]",[],"{""ordinary"": 8}"
beads1,190,249,stable_ordinary,ordinary,0.9325842696629213,0.9222222222222223,0.9431818181818182,"[189, 195, 184, 200, 179, 187, 199, 182]","[281, 264, 270, 244, 245, 290, 247, 340]",[],"{""ordinary"": 8}"
beads1,191,263,stable_ordinary,ordinary,0.8622950819672132,0.8402555910543131,0.8855218855218855,"[192, 203, 178, 183, 194, 204, 186, 176]","[297, 378, 278, 291, 313, 356, 314, 277]",[],"{""ordinary"": 8}"
beads1,192,297,stable_ordinary,ordinary,0.9834437086092715,0.9488817891373802,1.0206185567010309,"[191, 194, 183, 203, 186, 178, 204, 197]","[263, 313, 291, 378, 314, 278, 356, 280]",[],"{""ordinary"": 8}"
beads1,193,311,stable_ordinary,ordinary,0.9936102236421726,0.9936102236421726,0.9936102236421726,"[197, 186, 202, 180, 194, 205, 208, 204]","[280, 314, 278, 384, 313, 291, 313, 356]",[],"{""ordinary"": 8}"
beads1,194,313,stable_ordinary,ordinary,1.0296052631578947,1.0064308681672025,1.0538720538720538,"[192, 186, 204, 197, 203, 183, 193, 205]","[297, 314, 356, 280, 378, 291, 311, 291]",[],"{""ordinary"": 8}"
beads1,195,264,stable_ordinary,ordinary,1.0,0.9777777777777777,1.0232558139534884,"[190, 187, 201, 200, 184, 206, 196, 189]","[249, 290, 241, 244, 270, 271, 258, 281]",[],"{""ordinary"": 8}"
beads1,196,258,stable_ordinary,ordinary,0.9644859813084112,0.9520295202952029,0.9772727272727273,"[201, 187, 195, 207, 185, 209, 206, 212]","[241, 290, 264, 223, 357, 239, 271, 291]",[],"{""ordinary"": 8}"
beads1,197,280,stable_ordinary,ordinary,0.8945686900958466,0.8945686900958466,0.8945686900958466,"[193, 205, 194, 202, 204, 186, 208, 180]","[311, 291, 313, 278, 356, 314, 313, 384]",[],"{""ordinary"": 8}"
beads1,199,247,stable_ordinary,ordinary,0.9233644859813084,0.9114391143911439,0.9356060606060606,"[200, 189, 210, 190, 206, 195, 218, 201]","[244, 281, 449, 249, 271, 264, 286, 241]",[],"{""ordinary"": 8}"
beads1,200,244,stable_ordinary,ordinary,0.9121495327102803,0.9003690036900369,0.9242424242424242,"[199, 206, 195, 190, 210, 189, 201, 212]","[247, 271, 264, 249, 449, 281, 241, 291]",[],"{""ordinary"": 8}"
beads1,201,241,stable_ordinary,ordinary,0.9233716475095786,0.9128787878787878,0.9341085271317829,"[196, 206, 195, 209, 212, 187, 200, 207]","[258, 271, 264, 239, 291, 290, 244, 223]",[],"{""ordinary"": 8}"
beads1,202,278,stable_ordinary,ordinary,0.8982229402261712,0.8938906752411575,0.9025974025974026,"[208, 197, 193, 205, 214, 219, 216, 220]","[313, 280, 311, 291, 307, 337, 369, 308]",[],"{""ordinary"": 8}"
beads1,203,378,stable_ordinary,ordinary,1.2857142857142858,1.2727272727272727,1.2989690721649485,"[204, 192, 194, 191, 217, 215, 205, 197]","[356, 297, 313, 263, 186, 327, 291, 280]",[],"{""ordinary"": 8}"
beads1,204,356,stable_ordinary,ordinary,1.1672131147540983,1.1373801916932906,1.1986531986531987,"[203, 205, 194, 215, 197, 192, 217, 216]","[378, 291, 313, 327, 280, 297, 186, 369]",[],"{""ordinary"": 8}"
beads1,205,291,stable_ordinary,ordinary,0.909375,0.8899082568807339,0.9297124600638977,"[204, 197, 216, 208, 202, 215, 194, 219]","[356, 280, 369, 313, 278, 327, 313, 337]",[],"{""ordinary"": 8}"
beads1,206,271,stable_ordinary,ordinary,1.060665362035225,1.0265151515151516,1.097165991902834,"[212, 200, 201, 210, 195, 218, 209, 199]","[291, 244, 241, 449, 264, 286, 239, 247]",[],"{""ordinary"": 8}"
beads1,207,223,stable_ordinary,ordinary,0.8415094339622642,0.8383458646616542,0.8446969696969697,"[209, 196, 222, 201, 212, 223, 206, 195]","[239, 258, 266, 241, 291, 305, 271, 264]",[],"{""ordinary"": 8}"
beads1,208,313,stable_ordinary,ordinary,1.0178861788617886,1.0162337662337662,1.019543973941368,"[202, 219, 214, 205, 216, 197, 220, 229]","[278, 337, 307, 291, 369, 280, 308, 359]",[],"{""ordinary"": 8}"
beads1,209,239,stable_ordinary,ordinary,0.8901303538175046,0.8819188191881919,0.8984962406015038,"[207, 212, 201, 222, 206, 223, 196, 218]","[223, 291, 241, 266, 271, 305, 258, 286]",[],"{""ordinary"": 8}"
beads1,210,449,stable_ordinary,ordinary,1.5563258232235702,1.5429553264604812,1.56993006993007,"[218, 221, 200, 199, 206, 212, 225, 230]","[286, 377, 244, 247, 271, 291, 313, 296]",[],"{""ordinary"": 8}"
beads1,212,291,stable_ordinary,ordinary,1.0448833034111311,1.0174825174825175,1.0738007380073802,"[206, 209, 218, 223, 201, 225, 222, 210]","[271, 239, 286, 305, 241, 313, 266, 449]",[],"{""ordinary"": 8}"
beads1,214,307,stable_ordinary,ordinary,0.9730586370839936,0.9654088050314465,0.9808306709265175,"[220, 208, 219, 202, 224, 231, 229, 216]","[308, 313, 337, 278, 210, 318, 359, 369]",[],"{""ordinary"": 8}"
beads1,215,327,stable_ordinary,ordinary,0.9437229437229437,0.9185393258426966,0.9703264094955489,"[217, 216, 227, 204, 205, 203, 228, 219]","[186, 369, 308, 356, 291, 378, 359, 337]",[],"{""ordinary"": 8}"
beads1,216,369,stable_ordinary,ordinary,1.153125,1.128440366972477,1.1789137380191694,"[215, 219, 205, 208, 228, 227, 204, 217]","[327, 337, 291, 313, 359, 308, 356, 186]",[],"{""ordinary"": 8}"
beads1,217,186,stable_ordinary,ordinary,0.5446559297218155,0.5224719101123596,0.5688073394495413,"[215, 203, 227, 204, 216, 205, 228, 194]","[327, 378, 308, 356, 369, 291, 359, 313]",[],"{""ordinary"": 8}"
beads1,218,286,stable_ordinary,ordinary,0.9517470881863561,0.9377049180327869,0.9662162162162162,"[210, 225, 212, 221, 206, 230, 223, 200]","[449, 313, 291, 377, 271, 296, 305, 244]",[],"{""ordinary"": 8}"
beads1,219,337,stable_ordinary,ordinary,1.0681458003169573,1.059748427672956,1.0766773162939298,"[208, 216, 229, 220, 214, 228, 205, 231]","[313, 369, 359, 308, 307, 359, 291, 318]",[],"{""ordinary"": 8}"
beads1,220,308,stable_ordinary,ordinary,0.9762282091917591,0.9685534591194969,0.9840255591054313,"[214, 231, 224, 219, 229, 208, 232, 242]","[307, 318, 210, 337, 359, 313, 294, 405]",[],"{""ordinary"": 8}"
beads1,221,377,stable_ordinary,ordinary,1.2083333333333333,1.2044728434504792,1.212218649517685,"[230, 218, 210, 233, 225, 238, 240, 212]","[296, 286, 449, 352, 313, 311, 326, 291]",[],"{""ordinary"": 8}"
beads1,222,266,stable_ordinary,ordinary,0.8926174496644296,0.8721311475409836,0.9140893470790378,"[223, 209, 207, 212, 236, 225, 237, 218]","[305, 239, 223, 291, 328, 313, 340, 286]",[],"{""ordinary"": 8}"
beads1,223,305,stable_ordinary,ordinary,1.0571923743500866,1.0481099656357389,1.0664335664335665,"[222, 225, 212, 236, 209, 218, 237, 207]","[266, 313, 291, 328, 239, 286, 340, 223]",[],"{""ordinary"": 8}"
beads1,224,210,stable_ordinary,ordinary,0.670926517571885,0.660377358490566,0.6818181818181818,"[232, 231, 220, 214, 242, 243, 235, 229]","[294, 318, 308, 307, 405, 365, 190, 359]",[],"{""ordinary"": 8}"
beads1,225,313,stable_ordinary,ordinary,1.0162337662337662,1.0064308681672025,1.0262295081967212,"[223, 218, 230, 237, 212, 236, 221, 238]","[305, 286, 296, 340, 291, 328, 377, 311]",[],"{""ordinary"": 8}"
beads1,227,308,stable_ordinary,ordinary,0.927710843373494,0.913946587537092,0.9418960244648318,"[228, 239, 215, 216, 217, 229, 244, 219]","[359, 129, 327, 369, 186, 359, 282, 337]",[239],"{""ordinary"": 8}"
beads1,228,359,stable_ordinary,ordinary,1.0813253012048192,1.0652818991097923,1.0978593272171253,"[227, 229, 239, 244, 216, 219, 215, 241]","[308, 359, 129, 282, 369, 337, 327, 383]",[239],"{""ordinary"": 8}"
beads1,229,359,stable_ordinary,ordinary,1.0961832061068701,1.0652818991097923,1.128930817610063,"[228, 219, 231, 241, 220, 244, 239, 216]","[359, 337, 318, 383, 308, 282, 129, 369]",[239],"{""ordinary"": 8}"
beads1,230,296,stable_ordinary,ordinary,0.8888888888888888,0.8705882352941177,0.9079754601226994,"[221, 238, 225, 233, 218, 237, 240, 210]","[377, 311, 313, 352, 286, 340, 326, 449]",[],"{""ordinary"": 8}"
beads1,231,318,stable_ordinary,ordinary,0.986046511627907,0.9436201780415431,1.0324675324675325,"[220, 224, 242, 232, 229, 241, 219, 214]","[308, 210, 405, 294, 359, 383, 337, 307]",[],"{""ordinary"": 8}"
beads1,232,294,stable_ordinary,ordinary,0.939297124600639,0.9245283018867925,0.9545454545454546,"[224, 243, 235, 231, 242, 220, 246, 253]","[210, 365, 190, 318, 405, 308, 285, 422]",[],"{""ordinary"": 8}"
beads1,233,352,stable_ordinary,ordinary,1.1246006389776357,1.1174603174603175,1.1318327974276527,"[240, 230, 221, 245, 238, 249, 251, 250]","[326, 296, 377, 243, 311, 310, 341, 315]",[],"{""ordinary"": 8}"
beads1,235,190,stable_ordinary,ordinary,0.5766312594840668,0.5205479452054794,0.6462585034013606,"[246, 243, 232, 253, 224, 247, 254, 242]","[285, 365, 294, 422, 210, 148, 374, 405]",[247],"{""ordinary"": 8}"
beads1,236,328,stable_ordinary,ordinary,1.0649350649350648,1.0546623794212218,1.0754098360655737,"[237, 223, 225, 222, 248, 238, 230, 250]","[340, 305, 313, 266, 294, 311, 296, 315]",[],"{""ordinary"": 8}"
beads1,237,340,stable_ordinary,ordinary,1.103896103896104,1.0932475884244373,1.1147540983606556,"[236, 238, 225, 248, 230, 223, 250, 218]","[328, 311, 313, 294, 296, 305, 315, 286]",[],"{""ordinary"": 8}"
beads1,238,311,stable_ordinary,ordinary,0.9904458598726115,0.9873015873015873,0.9936102236421726,"[237, 230, 250, 240, 248, 225, 249, 233]","[340, 296, 315, 326, 294, 313, 310, 352]",[],"{""ordinary"": 8}"
beads1,240,326,stable_ordinary,ordinary,1.0415335463258786,1.034920634920635,1.0482315112540193,"[233, 249, 238, 245, 250, 230, 251, 221]","[352, 310, 311, 243, 315, 296, 341, 377]",[],"{""ordinary"": 8}"
beads1,241,383,stable_ordinary,ordinary,1.206299212598425,1.2044025157232705,1.2082018927444795,"[244, 242, 252, 229, 231, 259, 239, 228]","[282, 405, 194, 359, 318, 317, 129, 359]",[239],"{""ordinary"": 8}"
beads1,242,405,stable_ordinary,ordinary,1.2755905511811023,1.2735849056603774,1.277602523659306,"[241, 231, 243, 232, 256, 259, 252, 224]","[383, 318, 365, 294, 359, 317, 194, 210]",[],"{""ordinary"": 8}"
beads1,243,365,stable_ordinary,ordinary,1.1928104575163399,1.1477987421383649,1.2414965986394557,"[232, 235, 253, 242, 246, 256, 224, 231]","[294, 190, 422, 405, 285, 359, 210, 318]",[],"{""ordinary"": 8}"
beads1,244,282,stable_ordinary,ordinary,0.834319526627219,0.7855153203342619,0.889589905362776,"[239, 241, 252, 228, 229, 227, 259, 242]","[129, 383, 194, 359, 359, 308, 317, 405]",[239],"{""ordinary"": 8}"
beads1,245,243,stable_ordinary,ordinary,0.7221396731054978,0.7126099706744868,0.7319277108433735,"[251, 240, 233, 255, 249, 262, 265, 264]","[341, 326, 352, 408, 310, 332, 371, 326]",[],"{""ordinary"": 8}"
beads1,246,285,stable_ordinary,ordinary,0.8236994219653179,0.7808219178082192,0.8715596330275229,"[235, 254, 247, 253, 243, 232, 257, 270]","[190, 374, 148, 422, 365, 294, 327, 397]",[247],"{""ordinary"": 8}"
beads1,248,294,stable_ordinary,ordinary,0.939297124600639,0.9333333333333333,0.9453376205787781,"[250, 260, 237, 238, 236, 268, 249, 240]","[315, 186, 340, 311, 328, 310, 310, 326]",[],"{""ordinary"": 8}"
beads1,249,310,stable_ordinary,ordinary,0.9672386895475819,0.950920245398773,0.9841269841269841,"[240, 250, 265, 251, 268, 245, 238, 262]","[326, 315, 371, 341, 310, 243, 311, 332]",[],"{""ordinary"": 8}"
beads1,250,315,stable_ordinary,ordinary,1.0144927536231885,1.0128617363344052,1.0161290322580645,"[248, 249, 238, 260, 268, 240, 237, 265]","[294, 310, 311, 186, 310, 326, 340, 371]",[],"{""ordinary"": 8}"
beads1,251,341,stable_ordinary,ordinary,1.0364741641337385,1.0271084337349397,1.0460122699386503,"[245, 262, 249, 255, 265, 240, 264, 233]","[243, 332, 310, 408, 371, 326, 326, 352]",[],"{""ordinary"": 8}"
beads1,252,194,stable_ordinary,ordinary,0.5739644970414202,0.5403899721448467,0.61198738170347,"[259, 241, 244, 242, 256, 239, 269, 229]","[317, 383, 282, 405, 359, 129, 302, 359]",[239],"{""ordinary"": 8}"
beads1,253,422,stable_ordinary,ordinary,1.1722222222222223,1.1689750692520775,1.1754874651810585,"[256, 243, 246, 254, 271, 270, 235, 269]","[359, 365, 285, 374, 361, 397, 190, 302]",[],"{""ordinary"": 8}"
beads1,254,374,stable_ordinary,ordinary,1.0809248554913296,1.0246575342465754,1.143730886850153,"[246, 247, 266, 257, 253, 270, 235, 243]","[285, 148, 404, 327, 422, 397, 190, 365]",[247],"{""ordinary"": 8}"
beads1,255,408,stable_ordinary,ordinary,1.186046511627907,1.175792507204611,1.1964809384164223,"[264, 251, 262, 245, 263, 278, 279, 276]","[326, 341, 332, 243, 413, 347, 397, 353]",[],"{""ordinary"": 8}"
beads1,256,359,stable_ordinary,ordinary,0.9889807162534435,0.9835616438356164,0.9944598337950139,"[259, 253, 269, 242, 243, 271, 252, 241]","[317, 422, 302, 405, 365, 361, 194, 383]",[],"{""ordinary"": 8}"
beads1,257,327,stable_ordinary,ordinary,1.0299212598425196,0.9369627507163324,1.1433566433566433,"[261, 247, 266, 254, 258, 246, 283, 267]","[349, 148, 404, 374, 165, 285, 479, 286]","[247, 258]","{""ordinary"": 8}"
beads1,259,317,stable_ordinary,ordinary,0.8805555555555555,0.8781163434903048,0.883008356545961,"[252, 256, 269, 242, 241, 244, 271, 253]","[194, 359, 302, 405, 383, 282, 361, 422]",[],"{""ordinary"": 8}"
beads1,260,186,stable_ordinary,ordinary,0.5990338164251208,0.5980707395498392,0.6,"[268, 250, 248, 265, 249, 281, 238, 237]","[310, 315, 294, 371, 310, 213, 311, 340]",[],"{""ordinary"": 8}"
beads1,261,349,stable_ordinary,ordinary,0.9957203994293866,0.9331550802139037,1.0672782874617737,"[258, 257, 277, 266, 267, 283, 247, 254]","[165, 327, 393, 404, 286, 479, 148, 374]","[258, 247]","{""ordinary"": 8}"
beads1,262,332,stable_ordinary,ordinary,0.9609261939218524,0.9485714285714286,0.9736070381231672,"[251, 265, 279, 264, 280, 255, 249, 245]","[341, 371, 397, 326, 350, 408, 310, 243]",[],"{""ordinary"": 8}"
beads1,263,413,stable_ordinary,ordinary,1.0442477876106195,1.0403022670025188,1.0482233502538072,"[276, 264, 278, 255, 273, 298, 302, 279]","[353, 326, 347, 408, 438, 400, 394, 397]",[],"{""ordinary"": 8}"
beads1,264,326,stable_ordinary,ordinary,0.9274537695590327,0.9235127478753541,0.9314285714285714,"[255, 278, 262, 263, 279, 251, 276, 280]","[408, 347, 332, 413, 397, 341, 353, 350]",[],"{""ordinary"": 8}"
beads1,265,371,stable_ordinary,ordinary,1.1872,1.1777777777777778,1.196774193548387,"[268, 262, 281, 249, 280, 251, 260, 250]","[310, 332, 213, 310, 350, 341, 186, 315]",[],"{""ordinary"": 8}"
beads1,266,404,stable_ordinary,ordinary,1.1364275668073136,1.1160220994475138,1.157593123209169,"[257, 254, 261, 270, 283, 288, 247, 287]","[327, 374, 349, 397, 479, 362, 148, 302]",[247],"{""ordinary"": 8}"
beads1,267,286,stable_ordinary,ordinary,0.7204030226700252,0.713216957605985,0.727735368956743,"[258, 277, 274, 261, 299, 257, 272, 283]","[165, 393, 401, 349, 434, 327, 422, 479]",[258],"{""ordinary"": 8}"
beads1,268,310,stable_ordinary,ordinary,0.992,0.9841269841269841,1.0,"[260, 265, 281, 250, 249, 248, 280, 262]","[186, 371, 213, 315, 310, 294, 350, 332]",[],"{""ordinary"": 8}"
beads1,269,302,stable_ordinary,ordinary,0.8388888888888889,0.8365650969529086,0.841225626740947,"[271, 256, 259, 253, 270, 252, 287, 242]","[361, 359, 317, 422, 397, 194, 302, 405]",[],"{""ordinary"": 8}"
beads1,270,397,stable_ordinary,ordinary,1.0982019363762103,1.0966850828729282,1.0997229916897506,"[271, 287, 266, 254, 288, 253, 269, 246]","[361, 302, 404, 374, 362, 422, 302, 285]",[],"{""ordinary"": 8}"
beads1,271,361,stable_ordinary,ordinary,1.001386962552011,0.9972375690607734,1.0055710306406684,"[269, 270, 287, 253, 256, 259, 254, 288]","[302, 397, 302, 422, 359, 317, 374, 362]",[],"{""ordinary"": 8}"
beads1,272,422,stable_ordinary,ordinary,1.0523690773067331,1.0523690773067331,1.0523690773067331,"[285, 293, 274, 282, 299, 267, 315, 305]","[392, 401, 401, 342, 434, 286, 438, 445]",[],"{""ordinary"": 8}"
beads1,273,438,stable_ordinary,ordinary,1.1633466135458168,1.095,1.2407932011331444,"[291, 275, 276, 298, 263, 286, 311, 318]","[326, 196, 353, 400, 413, 283, 428, 449]",[275],"{""ordinary"": 8}"
beads1,274,401,stable_ordinary,ordinary,1.021656050955414,1.020356234096692,1.0229591836734695,"[267, 272, 293, 299, 277, 258, 285, 261]","[286, 422, 401, 434, 393, 165, 392, 349]",[258],"{""ordinary"": 8}"
beads1,276,353,stable_ordinary,ordinary,0.9527665317139001,0.8959390862944162,1.0172910662824208,"[263, 298, 278, 273, 302, 264, 291, 306]","[413, 400, 347, 438, 394, 326, 326, 303]",[],"{""ordinary"": 8}"
beads1,277,393,stable_ordinary,ordinary,1.048,0.9800498753117207,1.1260744985673352,"[267, 261, 283, 274, 299, 308, 258, 309]","[286, 349, 479, 401, 434, 435, 165, 271]",[258],"{""ordinary"": 8}"
beads1,278,347,stable_ordinary,ordinary,1.013138686131387,0.9830028328611898,1.0451807228915662,"[264, 279, 302, 276, 306, 263, 307, 262]","[326, 397, 394, 353, 303, 413, 274, 332]",[],"{""ordinary"": 8}"
beads1,279,397,stable_ordinary,ordinary,1.2066869300911853,1.1957831325301205,1.2177914110429449,"[280, 307, 262, 278, 306, 264, 281, 265]","[350, 274, 332, 347, 303, 326, 213, 371]",[],"{""ordinary"": 8}"
beads1,280,350,stable_ordinary,ordinary,1.10062893081761,1.0736196319018405,1.1290322580645162,"[281, 279, 265, 262, 307, 268, 306, 264]","[213, 397, 371, 332, 274, 310, 303, 326]",[],"{""ordinary"": 8}"
beads1,281,213,stable_ordinary,ordinary,0.6635514018691588,0.641566265060241,0.6870967741935484,"[280, 265, 268, 279, 260, 262, 307, 249]","[350, 371, 310, 397, 186, 332, 274, 310]",[],"{""ordinary"": 8}"
beads1,282,342,stable_ordinary,ordinary,0.7962747380675204,0.7916666666666666,0.8009367681498829,"[305, 294, 285, 290, 315, 321, 272, 313]","[445, 427, 392, 241, 438, 449, 422, 432]",[],"{""ordinary"": 8}"
beads1,283,479,stable_ordinary,ordinary,1.3473980309423348,1.3232044198895028,1.3724928366762177,"[288, 309, 277, 261, 266, 308, 312, 257]","[362, 271, 393, 349, 404, 435, 165, 327]",[312],"{""ordinary"": 8}"
beads1,284,177,stable_ordinary,ordinary,0.5071633237822349,0.5014164305949008,0.5130434782608696,"[297, 304, 286, 319, 310, 275, 292, 311]","[353, 427, 283, 418, 345, 196, 206, 428]",[275],"{""ordinary"": 8}"
beads1,285,392,stable_ordinary,ordinary,0.930011862396204,0.9289099526066351,0.9311163895486936,"[272, 282, 293, 315, 305, 274, 294, 320]","[422, 342, 401, 438, 445, 401, 427, 421]",[],"{""ordinary"": 8}"
beads1,286,283,stable_ordinary,ordinary,0.7256410256410256,0.6627634660421545,0.8016997167138811,"[275, 304, 284, 311, 291, 273, 297, 329]","[196, 427, 177, 428, 326, 438, 353, 446]",[275],"{""ordinary"": 8}"
beads1,287,302,stable_ordinary,ordinary,0.8354080221300139,0.8342541436464088,0.8365650969529086,"[288, 270, 271, 312, 266, 283, 269, 309]","[362, 397, 361, 165, 404, 479, 302, 271]",[312],"{""ordinary"": 8}"
beads1,288,362,stable_ordinary,ordinary,1.019718309859155,1.002770083102493,1.0372492836676217,"[287, 312, 283, 266, 270, 309, 271, 261]","[302, 165, 479, 404, 397, 271, 361, 349]",[312],"{""ordinary"": 8}"
beads1,290,241,stable_ordinary,ordinary,0.5644028103044496,0.5644028103044496,0.5644028103044496,"[313, 294, 300, 321, 282, 326, 295, 305]","[432, 427, 363, 449, 342, 427, 271, 445]",[],"{""ordinary"": 8}"
beads1,291,326,stable_ordinary,ordinary,0.788391777509069,0.7634660421545667,0.815,"[275, 273, 311, 298, 318, 286, 276, 304]","[196, 438, 428, 400, 449, 283, 353, 427]",[275],"{""ordinary"": 8}"
beads1,292,206,stable_ordinary,ordinary,0.5746164574616457,0.5659340659340659,0.5835694050991501,"[301, 310, 297, 325, 317, 284, 296, 319]","[380, 345, 353, 439, 364, 177, 280, 418]",[],"{""ordinary"": 8}"
beads1,293,401,stable_ordinary,ordinary,0.975669099756691,0.9524940617577197,1.0,"[272, 285, 274, 299, 320, 315, 323, 277]","[422, 392, 401, 434, 421, 438, 356, 393]",[],"{""ordinary"": 8}"
beads1,294,427,stable_ordinary,ordinary,1.049140049140049,1.0118483412322274,1.0892857142857142,"[290, 282, 305, 313, 321, 285, 331, 300]","[241, 342, 445, 432, 449, 392, 422, 363]",[],"{""ordinary"": 8}"
beads1,295,271,stable_ordinary,ordinary,0.6895674300254453,0.640661938534279,0.7465564738292011,"[316, 300, 303, 326, 296, 290, 328, 313]","[429, 363, 358, 427, 280, 241, 423, 432]",[],"{""ordinary"": 8}"
beads1,296,280,stable_ordinary,ordinary,0.7526881720430108,0.7368421052631579,0.7692307692307693,"[303, 317, 301, 328, 295, 316, 292, 325]","[358, 364, 380, 423, 271, 429, 206, 439]",[],"{""ordinary"": 8}"
beads1,297,353,stable_ordinary,ordinary,0.9737931034482759,0.9289473684210526,1.0231884057971015,"[310, 284, 319, 292, 304, 286, 301, 334]","[345, 177, 418, 206, 427, 283, 380, 415]",[],"{""ordinary"": 8}"
beads1,298,400,stable_ordinary,ordinary,1.0526315789473684,1.015228426395939,1.092896174863388,"[276, 318, 302, 322, 291, 273, 324, 263]","[353, 449, 394, 366, 326, 438, 267, 413]",[],"{""ordinary"": 8}"
beads1,299,434,stable_ordinary,ordinary,1.093198992443325,1.0822942643391522,1.104325699745547,"[323, 308, 293, 274, 277, 320, 327, 267]","[356, 435, 401, 401, 393, 421, 181, 286]",[327],"{""ordinary"": 8}"
beads1,300,363,stable_ordinary,ordinary,0.8612099644128114,0.8501170960187353,0.8725961538461539,"[295, 326, 313, 316, 290, 335, 303, 294]","[271, 427, 432, 429, 241, 416, 358, 427]",[],"{""ordinary"": 8}"
beads1,301,380,stable_ordinary,ordinary,1.0689170182841068,1.0614525139664805,1.0764872521246458,"[292, 317, 325, 296, 310, 303, 297, 338]","[206, 364, 439, 280, 345, 358, 353, 456]",[],"{""ordinary"": 8}"
beads1,302,394,stable_ordinary,ordinary,1.1257142857142857,1.1161473087818696,1.1354466858789625,"[306, 324, 278, 298, 322, 276, 307, 279]","[303, 267, 347, 400, 366, 353, 274, 397]",[],"{""ordinary"": 8}"
beads1,303,358,stable_ordinary,ordinary,0.9623655913978495,0.9421052631578948,0.9835164835164835,"[296, 316, 317, 295, 328, 301, 300, 339]","[280, 429, 364, 271, 423, 380, 363, 418]",[],"{""ordinary"": 8}"
beads1,304,427,stable_ordinary,ordinary,1.2577319587628866,1.2096317280453257,1.3098159509202454,"[286, 284, 319, 311, 329, 297, 275, 291]","[283, 177, 418, 428, 446, 353, 196, 326]",[275],"{""ordinary"": 8}"
beads1,305,445,stable_ordinary,ordinary,1.0482921083627796,1.0421545667447307,1.0545023696682465,"[282, 294, 321, 285, 315, 331, 333, 313]","[342, 427, 449, 392, 438, 422, 354, 432]",[],"{""ordinary"": 8}"
beads1,306,303,stable_ordinary,ordinary,0.8620199146514936,0.8583569405099151,0.8657142857142858,"[307, 302, 278, 279, 324, 280, 322, 276]","[274, 394, 347, 397, 267, 350, 366, 353]",[],"{""ordinary"": 8}"
beads1,307,274,stable_ordinary,ordinary,0.8070692194403535,0.7896253602305475,0.8253012048192772,"[306, 279, 280, 278, 302, 281, 324, 262]","[303, 397, 350, 347, 394, 213, 267, 332]",[],"{""ordinary"": 8}"
beads1,308,435,stable_ordinary,ordinary,1.2116991643454038,1.201657458563536,1.2219101123595506,"[309, 327, 299, 323, 283, 277, 312, 288]","[271, 181, 434, 356, 479, 393, 165, 362]","[327, 312]","{""ordinary"": 8}"
beads1,309,271,stable_ordinary,ordinary,0.7178807947019867,0.6895674300254453,0.7486187845303868,"[312, 308, 283, 288, 327, 277, 299, 287]","[165, 435, 479, 362, 181, 393, 434, 302]","[312, 327]","{""ordinary"": 8}"
beads1,310,345,stable_ordinary,ordinary,0.8679245283018868,0.8313253012048193,0.9078947368421053,"[292, 297, 325, 301, 319, 334, 284, 304]","[206, 353, 439, 380, 418, 415, 177, 427]",[],"{""ordinary"": 8}"
beads1,311,428,stable_ordinary,ordinary,1.155195681511471,1.1382978723404256,1.1726027397260275,"[291, 286, 318, 329, 304, 332, 275, 336]","[326, 283, 449, 446, 427, 376, 196, 365]",[275],"{""ordinary"": 8}"
beads1,313,432,stable_ordinary,ordinary,1.0249110320284698,1.0117096018735363,1.0384615384615385,"[290, 300, 294, 321, 326, 335, 305, 342]","[241, 363, 427, 449, 427, 416, 445, 380]",[],"{""ordinary"": 8}"
beads1,315,438,stable_ordinary,ordinary,1.1046658259773015,1.0922693266832917,1.1173469387755102,"[333, 320, 285, 305, 293, 331, 337, 282]","[354, 421, 392, 445, 401, 422, 233, 342]",[],"{""ordinary"": 8}"
beads1,316,429,stable_ordinary,ordinary,1.1801925722145805,1.1785714285714286,1.1818181818181819,"[295, 303, 300, 326, 339, 328, 296, 317]","[271, 358, 363, 427, 418, 423, 280, 364]",[],"{""ordinary"": 8}"
beads1,317,364,stable_ordinary,ordinary,0.9066002490660025,0.8605200945626478,0.9578947368421052,"[296, 301, 328, 303, 338, 325, 292, 347]","[280, 380, 423, 358, 456, 439, 206, 462]",[],"{""ordinary"": 8}"
beads1,318,449,stable_ordinary,ordinary,1.210242587601078,1.1941489361702127,1.226775956284153,"[336, 322, 298, 311, 332, 291, 324, 273]","[365, 366, 400, 428, 376, 326, 267, 438]",[],"{""ordinary"": 8}"
beads1,319,418,stable_ordinary,ordinary,1.0885416666666667,1.0072289156626506,1.1841359773371105,"[304, 297, 334, 341, 329, 310, 284, 343]","[427, 353, 415, 447, 446, 345, 177, 264]",[],"{""ordinary"": 8}"
beads1,320,421,stable_ordinary,ordinary,1.125668449197861,1.0739795918367347,1.1825842696629214,"[337, 323, 315, 293, 333, 299, 327, 285]","[233, 356, 438, 401, 354, 434, 181, 392]",[327],"{""ordinary"": 8}"
beads1,321,449,stable_ordinary,ordinary,1.071599045346062,1.0639810426540284,1.0793269230769231,"[331, 342, 305, 313, 294, 335, 345, 290]","[422, 380, 445, 432, 427, 416, 270, 241]",[],"{""ordinary"": 8}"
beads1,322,366,stable_ordinary,ordinary,0.9878542510121457,0.973404255319149,1.0027397260273974,"[324, 318, 298, 302, 336, 306, 332, 276]","[267, 449, 400, 394, 365, 303, 376, 353]",[],"{""ordinary"": 8}"
beads1,323,356,stable_ordinary,ordinary,0.8661800486618005,0.8456057007125891,0.8877805486284289,"[327, 320, 299, 308, 337, 293, 333, 315]","[181, 421, 434, 435, 233, 401, 354, 438]",[327],"{""ordinary"": 8}"
beads1,324,267,stable_ordinary,ordinary,0.7305061559507524,0.7295081967213115,0.7315068493150685,"[322, 302, 306, 298, 307, 318, 336, 278]","[366, 394, 303, 400, 274, 449, 365, 347]",[],"{""ordinary"": 8}"
beads1,325,439,stable_ordinary,ordinary,1.1801075268817205,1.1552631578947368,1.206043956043956,"[310, 301, 344, 338, 317, 334, 292, 348]","[345, 380, 444, 456, 364, 415, 206, 293]",[],"{""ordinary"": 8}"
beads1,326,427,stable_ordinary,ordinary,1.023980815347722,1.0215311004784688,1.0264423076923077,"[300, 316, 335, 346, 313, 339, 295, 349]","[363, 429, 416, 464, 432, 418, 271, 304]",[],"{""ordinary"": 8}"
beads1,328,423,stable_ordinary,ordinary,1.081841432225064,1.0119617224880382,1.1620879120879122,"[317, 347, 303, 338, 339, 316, 296, 350]","[364, 462, 358, 456, 418, 429, 280, 274]",[],"{""ordinary"": 8}"
beads1,329,446,stable_ordinary,ordinary,1.1234256926952142,1.0669856459330143,1.1861702127659575,"[343, 332, 341, 311, 319, 304, 286, 336]","[264, 376, 447, 428, 418, 427, 283, 365]",[],"{""ordinary"": 8}"
beads1,331,422,stable_ordinary,ordinary,1.0458488228004956,0.9882903981264637,1.1105263157894736,"[345, 321, 333, 342, 305, 315, 337, 294]","[270, 449, 354, 380, 445, 438, 233, 427]",[],"{""ordinary"": 8}"
beads1,332,376,stable_ordinary,ordinary,0.947103274559194,0.8785046728971962,1.0273224043715847,"[336, 329, 318, 311, 343, 322, 291, 341]","[365, 446, 449, 428, 264, 366, 326, 447]",[],"{""ordinary"": 8}"
beads1,333,354,stable_ordinary,ordinary,0.8838951310861424,0.8408551068883611,0.9315789473684211,"[337, 315, 331, 320, 345, 305, 342, 323]","[233, 438, 422, 421, 270, 445, 380, 356]",[],"{""ordinary"": 8}"
beads1,334,415,stable_ordinary,ordinary,0.9684947491248541,0.9453302961275627,0.992822966507177,"[348, 341, 319, 344, 325, 310, 297, 329]","[293, 447, 418, 444, 439, 345, 353, 446]",[],"{""ordinary"": 8}"
beads1,335,416,stable_ordinary,ordinary,1.0309789343246591,0.9742388758782201,1.0947368421052632,"[349, 326, 342, 346, 313, 321, 300, 345]","[304, 427, 380, 464, 432, 449, 363, 270]",[],"{""ordinary"": 8}"
beads1,336,365,stable_ordinary,ordinary,0.9407216494845361,0.9125,0.9707446808510638,"[332, 318, 322, 311, 343, 329, 324, 298]","[376, 449, 366, 428, 264, 446, 267, 400]",[],"{""ordinary"": 8}"
beads1,337,233,stable_ordinary,ordinary,0.6155878467635403,0.5810473815461347,0.6544943820224719,"[333, 320, 323, 315, 331, 345, 327, 293]","[354, 421, 356, 438, 422, 270, 181, 401]",[327],"{""ordinary"": 8}"
beads1,338,456,stable_ordinary,ordinary,1.1357409713574098,1.0780141843971631,1.2,"[351, 347, 344, 325, 328, 317, 301, 296]","[337, 462, 444, 439, 423, 364, 380, 280]",[],"{""ordinary"": 8}"
beads1,339,418,stable_ordinary,ordinary,0.9835294117647059,0.9789227166276346,0.9881796690307328,"[350, 346, 347, 328, 316, 326, 303, 349]","[274, 464, 462, 423, 429, 427, 358, 304]",[],"{""ordinary"": 8}"
beads1,341,447,stable_ordinary,ordinary,1.1302149178255374,1.0771084337349397,1.1888297872340425,"[343, 334, 329, 319, 348, 304, 332, 310]","[264, 415, 446, 418, 293, 427, 376, 345]",[],"{""ordinary"": 8}"
beads1,342,380,stable_ordinary,ordinary,0.9069212410501193,0.9004739336492891,0.9134615384615384,"[345, 321, 331, 335, 349, 313, 333, 305]","[270, 449, 422, 416, 304, 432, 354, 445]",[],"{""ordinary"": 8}"
beads1,343,264,stable_ordinary,ordinary,0.6338535414165666,0.631578947368421,0.636144578313253,"[329, 341, 332, 319, 336, 311, 334, 348]","[446, 447, 376, 418, 365, 428, 415, 293]",[],"{""ordinary"": 8}"
beads1,344,444,stable_ordinary,ordinary,1.1399229781771503,1.069879518072289,1.2197802197802199,"[348, 351, 338, 325, 334, 310, 347, 317]","[293, 337, 456, 439, 415, 345, 462, 364]",[],"{""ordinary"": 8}"
beads1,345,270,stable_ordinary,ordinary,0.678391959798995,0.6490384615384616,0.7105263157894737,"[342, 331, 333, 321, 335, 337, 315, 349]","[380, 422, 354, 449, 416, 233, 438, 304]",[],"{""ordinary"": 8}"
beads1,346,464,stable_ordinary,ordinary,1.1127098321342925,1.1100478468899522,1.1153846153846154,"[349, 350, 339, 326, 335, 316, 347, 342]","[304, 274, 418, 427, 416, 429, 462, 380]",[],"{""ordinary"": 8}"
beads1,347,462,stable_ordinary,ordinary,1.098692033293698,1.0921985815602837,1.105263157894737,"[328, 351, 338, 339, 350, 317, 344, 346]","[423, 337, 456, 418, 274, 364, 444, 464]",[],"{""ordinary"": 8}"
beads1,348,293,stable_ordinary,ordinary,0.6837806301050176,0.6674259681093394,0.7009569377990431,"[334, 344, 341, 325, 319, 351, 343, 338]","[415, 444, 447, 439, 418, 337, 264, 456]",[],"{""ordinary"": 8}"
beads1,349,304,stable_ordinary,ordinary,0.7290167865707434,0.7272727272727273,0.7307692307692307,"[346, 335, 342, 326, 350, 339, 345, 321]","[464, 416, 380, 427, 274, 418, 270, 449]",[],"{""ordinary"": 8}"
beads1,350,274,stable_ordinary,ordinary,0.6447058823529411,0.6416861826697893,0.6477541371158393,"[339, 346, 347, 349, 328, 326, 316, 351]","[418, 464, 462, 304, 423, 427, 429, 337]",[],"{""ordinary"": 8}"
beads1,351,337,stable_ordinary,ordinary,0.7819025522041764,0.7676537585421412,0.7966903073286052,"[338, 344, 347, 328, 325, 348, 317, 350]","[456, 444, 462, 423, 439, 293, 364, 274]",[],"{""ordinary"": 8}"
beads2,6,237,stable_ordinary,ordinary,0.7719869706840391,0.7337461300309598,0.8144329896907216,"[10, 20, 11, 32, 23, 8, 7, 33]","[258, 349, 291, 323, 329, 285, 200, 367]",[],"{""ordinary"": 8}"
beads2,7,200,stable_ordinary,ordinary,0.6472491909385113,0.6116207951070336,0.6872852233676976,"[11, 21, 13, 33, 20, 6, 36, 9]","[291, 327, 285, 367, 349, 237, 334, 178]",[],"{""ordinary"": 8}"
beads2,8,285,stable_ordinary,ordinary,1.0142348754448398,0.95,1.0877862595419847,"[16, 23, 10, 37, 27, 12, 32, 6]","[262, 329, 258, 305, 300, 256, 323, 237]",[],"{""ordinary"": 8}"
beads2,9,178,stable_ordinary,ordinary,0.5385779122541604,0.5329341317365269,0.5443425076452599,"[25, 13, 17, 36, 21, 14, 41, 7]","[346, 285, 260, 334, 327, 340, 337, 200]",[],"{""ordinary"": 8}"
beads2,10,258,stable_ordinary,ordinary,0.821656050955414,0.7987616099071208,0.8459016393442623,"[6, 23, 8, 32, 20, 16, 50, 37]","[237, 329, 285, 323, 349, 262, 325, 305]",[],"{""ordinary"": 8}"
beads2,11,291,stable_ordinary,ordinary,0.9509803921568627,0.8899082568807339,1.0210526315789474,"[7, 20, 33, 6, 21, 45, 13, 10]","[200, 349, 367, 237, 327, 375, 285, 258]",[],"{""ordinary"": 8}"
beads2,12,256,stable_ordinary,ordinary,0.8752136752136752,0.8533333333333334,0.8982456140350877,"[19, 27, 16, 43, 31, 18, 8, 37]","[230, 300, 262, 324, 321, 177, 285, 305]",[],"{""ordinary"": 8}"
beads2,13,285,stable_ordinary,ordinary,0.9223300970873787,0.8715596330275229,0.979381443298969,"[21, 9, 7, 36, 25, 46, 11, 17]","[327, 178, 200, 334, 346, 351, 291, 260]",[],"{""ordinary"": 8}"
beads2,14,340,stable_ordinary,ordinary,1.044546850998464,1.0089020771513353,1.0828025477707006,"[30, 17, 24, 41, 25, 51, 9, 22]","[299, 260, 407, 337, 346, 314, 178, 362]",[],"{""ordinary"": 8}"
beads2,16,262,stable_ordinary,ordinary,0.8957264957264958,0.8733333333333333,0.9192982456140351,"[8, 27, 12, 23, 37, 19, 43, 10]","[285, 300, 256, 329, 305, 230, 324, 258]",[],"{""ordinary"": 8}"
beads2,17,260,stable_ordinary,ordinary,0.7738095238095238,0.771513353115727,0.7761194029850746,"[14, 25, 9, 30, 41, 24, 53, 13]","[340, 346, 178, 299, 337, 407, 335, 285]",[],"{""ordinary"": 8}"
beads2,18,177,stable_ordinary,ordinary,0.5939597315436241,0.5709677419354838,0.6188811188811189,"[31, 28, 19, 52, 44, 12, 43, 63]","[321, 423, 230, 310, 276, 256, 324, 286]",[],"{""ordinary"": 8}"
beads2,19,230,stable_ordinary,ordinary,0.7540983606557377,0.7419354838709677,0.7666666666666667,"[12, 31, 18, 27, 43, 52, 28, 16]","[256, 321, 177, 300, 324, 310, 423, 262]",[],"{""ordinary"": 8}"
beads2,20,349,stable_ordinary,ordinary,1.1368078175895766,1.0804953560371517,1.1993127147766323,"[6, 11, 32, 10, 33, 45, 23, 7]","[237, 291, 323, 258, 367, 375, 329, 200]",[],"{""ordinary"": 8}"
beads2,21,327,stable_ordinary,ordinary,1.0464,0.9790419161676647,1.1237113402061856,"[7, 13, 33, 36, 11, 46, 9, 25]","[200, 285, 367, 334, 291, 351, 178, 346]",[],"{""ordinary"": 8}"
beads2,22,362,stable_ordinary,ordinary,1.107033639143731,1.0647058823529412,1.1528662420382165,"[38, 24, 35, 51, 65, 14, 30, 34]","[346, 407, 306, 314, 344, 340, 299, 271]",[],"{""ordinary"": 8}"
beads2,23,329,stable_ordinary,ordinary,1.1152542372881356,1.0786885245901638,1.1543859649122807,"[8, 10, 37, 32, 16, 50, 6, 20]","[285, 258, 305, 323, 262, 325, 237, 349]",[],"{""ordinary"": 8}"
beads2,24,407,stable_ordinary,ordinary,1.250384024577573,1.2077151335311573,1.2961783439490446,"[30, 22, 14, 38, 51, 62, 17, 41]","[299, 362, 340, 346, 314, 312, 260, 337]",[],"{""ordinary"": 8}"
beads2,25,346,stable_ordinary,ordinary,1.1054313099041533,1.0581039755351682,1.157190635451505,"[9, 17, 36, 13, 41, 53, 21, 30]","[178, 260, 334, 285, 337, 335, 327, 299]",[],"{""ordinary"": 8}"
beads2,27,300,stable_ordinary,ordinary,1.0169491525423728,0.9836065573770492,1.0526315789473684,"[12, 16, 43, 19, 37, 55, 8, 31]","[256, 262, 324, 230, 305, 323, 285, 321]",[],"{""ordinary"": 8}"
beads2,28,423,stable_ordinary,ordinary,1.4894366197183098,1.4486301369863013,1.5326086956521738,"[44, 18, 31, 52, 40, 66, 19, 77]","[276, 177, 321, 310, 244, 310, 230, 292]",[],"{""ordinary"": 8}"
beads2,30,299,stable_ordinary,ordinary,0.8833087149187593,0.8794117647058823,0.887240356083086,"[14, 41, 24, 17, 51, 62, 67, 25]","[340, 337, 407, 260, 314, 312, 545, 346]",[],"{""ordinary"": 8}"
beads2,31,321,stable_ordinary,ordinary,1.1423487544483986,1.1223776223776223,1.1630434782608696,"[19, 18, 52, 28, 43, 63, 12, 44]","[230, 177, 310, 423, 324, 286, 256, 276]",[],"{""ordinary"": 8}"
beads2,32,323,stable_ordinary,ordinary,1.0253968253968253,0.9938461538461538,1.0590163934426229,"[20, 50, 58, 45, 23, 10, 6, 37]","[349, 325, 279, 375, 329, 258, 237, 305]",[],"{""ordinary"": 8}"
beads2,33,367,stable_ordinary,ordinary,1.1877022653721683,1.1223241590214068,1.261168384879725,"[45, 59, 21, 11, 20, 46, 7, 71]","[375, 276, 327, 291, 349, 351, 200, 198]",[],"{""ordinary"": 8}"
beads2,34,271,stable_ordinary,ordinary,0.7947214076246334,0.7877906976744186,0.8017751479289941,"[56, 47, 35, 65, 83, 48, 74, 22]","[334, 314, 306, 344, 363, 385, 338, 362]",[],"{""ordinary"": 8}"
beads2,35,306,stable_ordinary,ordinary,0.9026548672566371,0.8895348837209303,0.9161676646706587,"[38, 34, 22, 56, 65, 47, 73, 24]","[346, 271, 362, 334, 344, 314, 285, 407]",[],"{""ordinary"": 8}"
beads2,36,334,stable_ordinary,ordinary,1.091503267973856,1.0214067278287462,1.1719298245614036,"[25, 46, 61, 53, 21, 13, 9, 72]","[346, 351, 246, 335, 327, 285, 178, 154]",[72],"{""ordinary"": 8}"
beads2,37,305,stable_ordinary,ordinary,0.9791332263242376,0.9442724458204335,1.0166666666666666,"[23, 55, 64, 50, 27, 16, 8, 43]","[329, 323, 270, 325, 300, 262, 285, 324]",[],"{""ordinary"": 8}"
beads2,38,346,stable_ordinary,ordinary,1.0206489675516224,1.005813953488372,1.035928143712575,"[22, 35, 51, 24, 65, 73, 79, 56]","[362, 306, 314, 407, 344, 285, 367, 334]",[],"{""ordinary"": 8}"
beads2,40,244,stable_ordinary,ordinary,0.7960848287112561,0.7922077922077922,0.8,"[60, 42, 44, 66, 28, 84, 57, 92]","[305, 136, 276, 310, 423, 308, 422, 295]",[42],"{""ordinary"": 8}"
beads2,41,337,stable_ordinary,ordinary,1.0385208012326657,1.0059701492537314,1.0732484076433122,"[30, 67, 53, 62, 17, 25, 14, 51]","[299, 545, 335, 312, 260, 346, 340, 314]",[],"{""ordinary"": 8}"
beads2,43,324,stable_ordinary,ordinary,1.10580204778157,1.08,1.132867132867133,"[27, 55, 63, 70, 31, 19, 12, 52]","[300, 323, 286, 244, 321, 230, 256, 310]",[],"{""ordinary"": 8}"
beads2,44,276,stable_ordinary,ordinary,0.8975609756097561,0.8903225806451613,0.9049180327868852,"[28, 66, 52, 40, 77, 18, 31, 60]","[423, 310, 310, 244, 292, 177, 321, 305]",[],"{""ordinary"": 8}"
beads2,45,375,stable_ordinary,ordinary,1.221498371335505,1.1609907120743035,1.288659793814433,"[71, 58, 33, 32, 59, 20, 50, 11]","[198, 279, 367, 323, 276, 349, 325, 291]",[],"{""ordinary"": 8}"
beads2,46,351,stable_ordinary,ordinary,1.1470588235294117,1.073394495412844,1.231578947368421,"[61, 72, 59, 36, 21, 33, 53, 13]","[246, 154, 276, 334, 327, 367, 335, 285]",[72],"{""ordinary"": 8}"
beads2,47,314,stable_ordinary,ordinary,0.98125,0.9401197604790419,1.026143790849673,"[34, 56, 48, 74, 83, 68, 35, 88]","[271, 334, 385, 338, 363, 283, 306, 295]",[],"{""ordinary"": 8}"
beads2,48,385,stable_ordinary,ordinary,1.289782244556114,1.2261146496815287,1.3604240282685511,"[68, 74, 47, 54, 69, 83, 34, 98]","[283, 338, 314, 200, 229, 363, 271, 319]",[],"{""ordinary"": 8}"
beads2,50,325,stable_ordinary,ordinary,1.035031847133758,1.0061919504643964,1.0655737704918034,"[76, 58, 64, 32, 37, 23, 55, 45]","[184, 279, 270, 323, 305, 329, 323, 375]",[],"{""ordinary"": 8}"
beads2,51,314,stable_ordinary,ordinary,0.9194729136163983,0.9075144508670521,0.9317507418397626,"[62, 79, 38, 30, 73, 24, 41, 22]","[312, 367, 346, 299, 285, 407, 337, 362]",[],"{""ordinary"": 8}"
beads2,52,310,stable_ordinary,ordinary,1.0726643598615917,1.0616438356164384,1.083916083916084,"[31, 63, 77, 85, 44, 28, 18, 43]","[321, 286, 292, 285, 276, 423, 177, 324]",[],"{""ordinary"": 8}"
beads2,53,335,stable_ordinary,ordinary,0.9985096870342772,0.9940652818991098,1.0029940119760479,"[61, 41, 67, 36, 25, 46, 62, 17]","[246, 337, 545, 334, 346, 351, 312, 260]",[],"{""ordinary"": 8}"
beads2,54,200,stable_ordinary,ordinary,0.6644518272425249,0.6269592476489029,0.7067137809187279,"[68, 69, 48, 93, 91, 74, 78, 98]","[283, 229, 385, 326, 272, 338, 211, 319]",[],"{""ordinary"": 8}"
beads2,55,323,stable_ordinary,ordinary,1.1023890784982935,1.0766666666666667,1.1293706293706294,"[64, 70, 82, 37, 43, 27, 63, 50]","[270, 244, 173, 305, 324, 300, 286, 325]",[],"{""ordinary"": 8}"
beads2,56,334,stable_ordinary,ordinary,1.0774193548387097,1.0636942675159236,1.091503267973856,"[34, 47, 65, 35, 83, 88, 90, 74]","[271, 314, 344, 306, 363, 295, 281, 338]",[],"{""ordinary"": 8}"
beads2,57,422,stable_ordinary,ordinary,1.5289855072463767,1.4501718213058419,1.6168582375478928,"[42, 81, 60, 84, 80, 101, 40, 108]","[136, 293, 305, 308, 254, 291, 244, 261]",[42],"{""ordinary"": 8}"
beads2,58,279,stable_ordinary,ordinary,0.9315525876460768,0.8637770897832817,1.0108695652173914,"[71, 45, 50, 76, 32, 64, 20, 59]","[198, 375, 325, 184, 323, 270, 349, 276]",[],"{""ordinary"": 8}"
beads2,59,276,stable_ordinary,ordinary,0.9108910891089109,0.8440366972477065,0.989247311827957,"[72, 46, 33, 71, 45, 61, 21, 58]","[154, 351, 367, 198, 375, 246, 327, 279]",[72],"{""ordinary"": 8}"
beads2,60,305,stable_ordinary,ordinary,1.0374149659863945,1.0338983050847457,1.0409556313993173,"[40, 84, 66, 42, 92, 57, 81, 44]","[244, 308, 310, 136, 295, 422, 293, 276]",[42],"{""ordinary"": 8}"
beads2,61,246,stable_ordinary,ordinary,0.7354260089686099,0.7343283582089553,0.7365269461077845,"[46, 72, 53, 36, 59, 25, 21, 67]","[351, 154, 335, 334, 276, 346, 327, 545]",[72],"{""ordinary"": 8}"
beads2,62,312,stable_ordinary,ordinary,0.9285714285714286,0.9258160237388724,0.9313432835820895,"[67, 51, 79, 41, 30, 73, 53, 24]","[545, 314, 367, 337, 299, 285, 335, 407]",[],"{""ordinary"": 8}"
beads2,63,286,stable_ordinary,ordinary,0.9501661129568106,0.9225806451612903,0.9794520547945206,"[70, 52, 87, 43, 85, 31, 77, 55]","[244, 310, 157, 324, 285, 321, 292, 323]",[],"{""ordinary"": 8}"
beads2,64,270,stable_ordinary,ordinary,0.9246575342465754,0.8852459016393442,0.967741935483871,"[55, 76, 82, 50, 37, 70, 58, 23]","[323, 184, 173, 325, 305, 244, 279, 329]",[],"{""ordinary"": 8}"
beads2,65,344,stable_ordinary,ordinary,1.1447587354409319,1.1241830065359477,1.1661016949152543,"[90, 73, 56, 88, 35, 38, 83, 34]","[281, 285, 334, 295, 306, 346, 363, 271]",[],"{""ordinary"": 8}"
beads2,66,310,stable_ordinary,ordinary,1.0562180579216354,1.0508474576271187,1.0616438356164384,"[44, 77, 92, 60, 40, 96, 84, 52]","[276, 292, 295, 305, 244, 280, 308, 310]",[],"{""ordinary"": 8}"
beads2,67,545,stable_ordinary,ordinary,1.6795069337442219,1.626865671641791,1.7356687898089171,"[62, 41, 53, 79, 30, 51, 61, 25]","[312, 337, 335, 367, 299, 314, 246, 346]",[],"{""ordinary"": 8}"
beads2,68,283,stable_ordinary,ordinary,0.8941548183254344,0.8871473354231975,0.9012738853503185,"[54, 48, 93, 69, 74, 98, 91, 47]","[200, 385, 326, 229, 338, 319, 272, 314]",[],"{""ordinary"": 8}"
beads2,69,229,stable_ordinary,ordinary,0.8252252252252252,0.8091872791519434,0.8419117647058824,"[54, 91, 68, 93, 78, 94, 48, 116]","[200, 272, 283, 326, 211, 260, 385, 315]",[],"{""ordinary"": 8}"
beads2,70,244,stable_ordinary,ordinary,0.8546409807355516,0.8531468531468531,0.856140350877193,"[87, 82, 63, 55, 43, 64, 85, 52]","[157, 173, 286, 323, 324, 270, 285, 310]",[],"{""ordinary"": 8}"
beads2,71,198,stable_ordinary,ordinary,0.6578073089700996,0.6130030959752322,0.7096774193548387,"[45, 58, 59, 76, 33, 32, 72, 50]","[375, 279, 276, 184, 367, 323, 154, 325]",[72],"{""ordinary"": 8}"
beads2,73,285,stable_ordinary,ordinary,0.9105431309904153,0.9076433121019108,0.9134615384615384,"[79, 65, 90, 51, 38, 62, 88, 35]","[367, 344, 281, 314, 346, 312, 295, 306]",[],"{""ordinary"": 8}"
beads2,74,338,stable_ordinary,ordinary,1.048062015503876,1.0368098159509203,1.0595611285266457,"[83, 48, 47, 68, 98, 107, 106, 93]","[363, 385, 314, 283, 319, 361, 242, 326]",[],"{""ordinary"": 8}"
beads2,76,184,stable_ordinary,ordinary,0.6301369863013698,0.6032786885245902,0.6594982078853047,"[50, 64, 58, 82, 37, 71, 32, 55]","[325, 270, 279, 173, 305, 198, 323, 323]",[],"{""ordinary"": 8}"
beads2,77,292,stable_ordinary,ordinary,1.02276707530648,1.020979020979021,1.024561403508772,"[85, 97, 66, 52, 96, 44, 92, 63]","[285, 148, 310, 310, 280, 276, 295, 286]",[],"{""ordinary"": 8}"
beads2,78,211,stable_ordinary,ordinary,0.793233082706767,0.7757352941176471,0.8115384615384615,"[94, 91, 69, 114, 112, 102, 93, 54]","[260, 272, 229, 327, 297, 165, 326, 200]",[],"{""ordinary"": 8}"
beads2,79,367,stable_ordinary,ordinary,1.1725239616613419,1.1687898089171975,1.1762820512820513,"[73, 62, 51, 67, 38, 90, 65, 30]","[285, 312, 314, 545, 346, 281, 344, 299]",[],"{""ordinary"": 8}"
beads2,80,254,stable_ordinary,ordinary,0.8683760683760684,0.8668941979522184,0.8698630136986302,"[100, 86, 81, 101, 105, 57, 118, 121]","[292, 194, 293, 291, 307, 422, 294, 249]",[],"{""ordinary"": 8}"
beads2,81,293,stable_ordinary,ordinary,1.0051457975986278,1.0034246575342465,1.006872852233677,"[57, 101, 84, 108, 80, 100, 42, 60]","[422, 291, 308, 261, 254, 292, 136, 305]",[42],"{""ordinary"": 8}"
beads2,82,173,stable_ordinary,ordinary,0.6223021582733813,0.6048951048951049,0.6407407407407407,"[70, 55, 64, 87, 76, 43, 63, 37]","[244, 323, 270, 157, 184, 324, 286, 305]",[],"{""ordinary"": 8}"
beads2,83,363,stable_ordinary,ordinary,1.146919431279621,1.1379310344827587,1.1560509554140128,"[88, 106, 74, 56, 107, 47, 98, 90]","[295, 242, 338, 334, 361, 314, 319, 281]",[],"{""ordinary"": 8}"
beads2,84,308,stable_ordinary,ordinary,1.0266666666666666,1.0098360655737706,1.0440677966101695,"[60, 92, 108, 81, 110, 57, 101, 66]","[305, 295, 261, 293, 368, 422, 291, 310]",[],"{""ordinary"": 8}"
beads2,85,285,stable_ordinary,ordinary,1.0070671378091873,0.9965034965034965,1.0178571428571428,"[97, 77, 63, 87, 52, 96, 70, 66]","[148, 292, 286, 157, 310, 280, 244, 310]",[],"{""ordinary"": 8}"
beads2,86,194,stable_ordinary,ordinary,0.6632478632478632,0.6621160409556314,0.6643835616438356,"[105, 80, 100, 120, 118, 101, 126, 81]","[307, 254, 292, 283, 294, 291, 422, 293]",[],"{""ordinary"": 8}"
beads2,87,157,stable_ordinary,ordinary,0.5499124343257443,0.548951048951049,0.5508771929824562,"[70, 63, 85, 82, 97, 55, 43, 52]","[244, 286, 285, 173, 148, 323, 324, 310]",[],"{""ordinary"": 8}"
beads2,88,295,stable_ordinary,ordinary,0.9104938271604939,0.8832335329341318,0.9394904458598726,"[90, 83, 106, 65, 56, 107, 73, 47]","[281, 363, 242, 344, 334, 361, 285, 314]",[],"{""ordinary"": 8}"
beads2,90,281,stable_ordinary,ordinary,0.8289085545722714,0.8168604651162791,0.8413173652694611,"[88, 65, 73, 106, 56, 83, 79, 38]","[295, 344, 285, 242, 334, 363, 367, 346]",[],"{""ordinary"": 8}"
beads2,91,272,stable_ordinary,ordinary,0.9766606822262118,0.9158249158249159,1.0461538461538462,"[78, 69, 93, 114, 94, 116, 54, 112]","[211, 229, 326, 327, 260, 315, 200, 297]",[],"{""ordinary"": 8}"
beads2,92,295,stable_ordinary,ordinary,0.9882747068676717,0.9672131147540983,1.0102739726027397,"[96, 111, 110, 84, 66, 60, 108, 77]","[280, 156, 368, 308, 310, 305, 261, 292]",[],"{""ordinary"": 8}"
beads2,93,326,stable_ordinary,ordinary,1.0903010033444815,1.034920634920635,1.1519434628975265,"[98, 91, 68, 69, 116, 119, 54, 114]","[319, 272, 283, 229, 315, 339, 200, 327]",[],"{""ordinary"": 8}"
beads2,94,260,stable_ordinary,ordinary,1.0216110019646365,0.9558823529411765,1.0970464135021096,"[78, 112, 102, 91, 114, 115, 69, 128]","[211, 297, 165, 272, 327, 237, 229, 318]",[],"{""ordinary"": 8}"
beads2,96,280,stable_ordinary,ordinary,0.9540034071550255,0.9491525423728814,0.958904109589041,"[111, 92, 97, 77, 66, 110, 85, 84]","[156, 295, 148, 292, 310, 368, 285, 308]",[],"{""ordinary"": 8}"
beads2,97,148,stable_ordinary,ordinary,0.512998266897747,0.5068493150684932,0.519298245614035,"[85, 96, 77, 111, 87, 92, 52, 66]","[285, 280, 292, 156, 157, 295, 310, 310]",[],"{""ordinary"": 8}"
beads2,98,319,stable_ordinary,ordinary,0.9608433734939759,0.9437869822485208,0.9785276073619632,"[107, 117, 93, 119, 74, 68, 116, 83]","[361, 208, 326, 339, 338, 283, 315, 363]",[],"{""ordinary"": 8}"
beads2,100,292,stable_ordinary,ordinary,1.0174216027874565,1.0034364261168385,1.0318021201413428,"[80, 118, 86, 101, 105, 121, 120, 81]","[254, 294, 194, 291, 307, 249, 283, 293]",[],"{""ordinary"": 8}"
beads2,101,291,stable_ordinary,ordinary,0.9948717948717949,0.9931740614334471,0.9965753424657534,"[81, 108, 121, 100, 127, 80, 118, 84]","[293, 261, 249, 292, 298, 254, 294, 308]",[],"{""ordinary"": 8}"
beads2,102,165,stable_ordinary,ordinary,0.6145251396648045,0.5956678700361011,0.6346153846153846,"[115, 112, 94, 128, 129, 122, 78, 114]","[237, 297, 260, 318, 277, 201, 211, 327]",[],"{""ordinary"": 8}"
beads2,105,307,stable_ordinary,ordinary,1.0886524822695036,1.0848056537102473,1.092526690391459,"[86, 120, 100, 118, 126, 80, 134, 138]","[194, 283, 292, 294, 422, 254, 281, 264]",[],"{""ordinary"": 8}"
beads2,106,242,stable_ordinary,ordinary,0.7411944869831547,0.7245508982035929,0.7586206896551724,"[107, 83, 88, 117, 90, 74, 98, 56]","[361, 363, 295, 208, 281, 338, 319, 334]",[],"{""ordinary"": 8}"
beads2,107,361,stable_ordinary,ordinary,1.1193798449612402,1.107361963190184,1.1316614420062696,"[106, 117, 98, 83, 74, 119, 88, 93]","[242, 208, 319, 363, 338, 339, 295, 326]",[],"{""ordinary"": 8}"
beads2,108,261,stable_ordinary,ordinary,0.8877551020408163,0.8847457627118644,0.8907849829351536,"[101, 110, 84, 127, 81, 121, 92, 111]","[291, 368, 308, 298, 293, 249, 295, 156]",[],"{""ordinary"": 8}"
beads2,110,368,stable_ordinary,ordinary,1.2559726962457338,1.2474576271186442,1.2646048109965635,"[111, 108, 92, 84, 127, 96, 101, 60]","[156, 261, 295, 308, 298, 280, 291, 305]",[],"{""ordinary"": 8}"
beads2,111,156,stable_ordinary,ordinary,0.5315161839863713,0.5288135593220339,0.5342465753424658,"[96, 110, 92, 97, 108, 84, 77, 66]","[280, 368, 295, 148, 261, 308, 292, 310]",[],"{""ordinary"": 8}"
beads2,112,297,stable_ordinary,ordinary,1.106145251396648,1.0722021660649819,1.1423076923076922,"[102, 94, 115, 128, 114, 132, 129, 78]","[165, 260, 237, 318, 327, 283, 277, 211]",[],"{""ordinary"": 8}"
beads2,114,327,stable_ordinary,ordinary,1.2293233082706767,1.2022058823529411,1.2576923076923077,"[116, 91, 112, 132, 94, 135, 131, 78]","[315, 272, 297, 283, 260, 227, 210, 211]",[],"{""ordinary"": 8}"
beads2,115,237,stable_ordinary,ordinary,0.8665447897623401,0.855595667870036,0.8777777777777778,"[102, 129, 112, 122, 128, 133, 94, 147]","[165, 277, 297, 201, 318, 270, 260, 289]",[],"{""ordinary"": 8}"
beads2,116,315,stable_ordinary,ordinary,1.0465116279069768,0.987460815047022,1.1130742049469964,"[114, 119, 131, 93, 135, 91, 132, 98]","[327, 339, 210, 326, 227, 272, 283, 319]",[],"{""ordinary"": 8}"
beads2,117,208,stable_ordinary,ordinary,0.6449612403100775,0.6380368098159509,0.6520376175548589,"[119, 107, 98, 106, 131, 93, 116, 74]","[339, 361, 319, 242, 210, 326, 315, 338]",[],"{""ordinary"": 8}"
beads2,118,294,stable_ordinary,ordinary,1.0425531914893618,1.03886925795053,1.0462633451957295,"[100, 121, 120, 136, 134, 105, 101, 80]","[292, 249, 283, 275, 281, 307, 291, 254]",[],"{""ordinary"": 8}"
beads2,119,339,stable_ordinary,ordinary,1.0694006309148265,1.0626959247648904,1.0761904761904761,"[117, 116, 131, 98, 93, 107, 135, 114]","[208, 315, 210, 319, 326, 361, 227, 327]",[],"{""ordinary"": 8}"
beads2,120,283,stable_ordinary,ordinary,0.987783595113438,0.9691780821917808,1.00711743772242,"[105, 134, 118, 126, 136, 138, 100, 86]","[307, 281, 294, 422, 275, 264, 292, 194]",[],"{""ordinary"": 8}"
beads2,121,249,stable_ordinary,ordinary,0.8542024013722127,0.8527397260273972,0.8556701030927835,"[127, 118, 101, 136, 108, 100, 81, 120]","[298, 294, 291, 275, 261, 292, 293, 283]",[],"{""ordinary"": 8}"
beads2,122,201,stable_ordinary,ordinary,0.7127659574468085,0.7003484320557491,0.7256317689530686,"[133, 129, 115, 149, 139, 147, 102, 128]","[270, 277, 237, 297, 287, 289, 165, 318]",[],"{""ordinary"": 8}"
beads2,126,422,stable_ordinary,ordinary,1.49645390070922,1.4911660777385158,1.501779359430605,"[138, 120, 134, 144, 105, 150, 153, 151]","[264, 283, 281, 502, 307, 277, 268, 423]",[],"{""ordinary"": 8}"
beads2,127,298,stable_ordinary,ordinary,1.0530035335689045,1.0240549828178693,1.0836363636363637,"[121, 108, 101, 110, 118, 136, 111, 81]","[249, 261, 291, 368, 294, 275, 156, 293]",[],"{""ordinary"": 8}"
beads2,128,318,stable_ordinary,ordinary,1.206831119544592,1.148014440433213,1.272,"[132, 129, 112, 148, 115, 145, 147, 102]","[283, 277, 297, 250, 237, 218, 289, 165]",[],"{""ordinary"": 8}"
beads2,129,277,stable_ordinary,ordinary,1.0653846153846154,1.025925925925926,1.108,"[115, 128, 122, 147, 133, 148, 102, 149]","[237, 318, 201, 289, 270, 250, 165, 297]",[],"{""ordinary"": 8}"
beads2,131,210,stable_ordinary,ordinary,0.7023411371237458,0.6666666666666666,0.7420494699646644,"[135, 119, 116, 146, 114, 132, 117, 93]","[227, 339, 315, 229, 327, 283, 208, 326]",[],"{""ordinary"": 8}"
beads2,132,283,stable_ordinary,ordinary,1.0347349177330896,0.9528619528619529,1.132,"[135, 145, 128, 146, 114, 112, 148, 116]","[227, 218, 318, 229, 327, 297, 250, 315]",[],"{""ordinary"": 8}"
beads2,133,270,stable_ordinary,ordinary,0.9574468085106383,0.9407665505226481,0.9747292418772563,"[122, 149, 129, 139, 147, 152, 115, 158]","[201, 297, 277, 287, 289, 230, 237, 323]",[],"{""ordinary"": 8}"
beads2,134,281,stable_ordinary,ordinary,0.9740034662045061,0.95578231292517,0.9929328621908127,"[120, 136, 138, 151, 150, 118, 126, 105]","[283, 275, 264, 423, 277, 294, 422, 307]",[],"{""ordinary"": 8}"
beads2,135,227,stable_ordinary,ordinary,0.7591973244147158,0.7206349206349206,0.8021201413427562,"[131, 132, 146, 116, 145, 114, 119, 128]","[210, 283, 229, 315, 218, 327, 339, 318]",[],"{""ordinary"": 8}"
beads2,136,275,stable_ordinary,ordinary,0.975177304964539,0.9717314487632509,0.9786476868327402,"[134, 118, 151, 121, 120, 150, 127, 138]","[281, 294, 423, 249, 283, 277, 298, 264]",[],"{""ordinary"": 8}"
beads2,138,264,stable_ordinary,ordinary,0.9361702127659575,0.9328621908127208,0.9395017793594306,"[126, 150, 134, 144, 153, 120, 151, 136]","[422, 277, 281, 502, 268, 283, 423, 275]",[],"{""ordinary"": 8}"
beads2,139,287,stable_ordinary,ordinary,0.9982608695652174,0.9930795847750865,1.0034965034965035,"[152, 149, 133, 163, 122, 155, 158, 147]","[230, 297, 270, 286, 201, 308, 323, 289]",[],"{""ordinary"": 8}"
beads2,144,502,stable_ordinary,ordinary,1.887218045112782,1.873134328358209,1.9015151515151516,"[153, 138, 160, 126, 150, 154, 166, 169]","[268, 264, 250, 422, 277, 285, 246, 249]",[],"{""ordinary"": 8}"
beads2,145,218,stable_ordinary,ordinary,0.7785714285714286,0.7703180212014135,0.7870036101083032,"[146, 132, 148, 128, 135, 147, 129, 114]","[229, 283, 250, 318, 227, 289, 277, 327]",[],"{""ordinary"": 8}"
beads2,146,229,stable_ordinary,ordinary,0.8592870544090057,0.8091872791519434,0.916,"[145, 135, 132, 148, 131, 128, 114, 116]","[218, 227, 283, 250, 210, 318, 327, 315]",[],"{""ordinary"": 8}"
beads2,147,289,stable_ordinary,ordinary,1.056672760511883,1.0433212996389891,1.0703703703703704,"[148, 149, 129, 161, 133, 158, 128, 122]","[250, 297, 277, 236, 270, 323, 318, 201]",[],"{""ordinary"": 8}"
beads2,148,250,stable_ordinary,ordinary,0.8928571428571429,0.8833922261484098,0.9025270758122743,"[147, 145, 128, 129, 161, 132, 146, 149]","[289, 218, 318, 277, 236, 283, 229, 297]",[],"{""ordinary"": 8}"
beads2,149,297,stable_ordinary,ordinary,1.0550621669626998,1.0384615384615385,1.0722021660649819,"[133, 152, 147, 158, 139, 161, 163, 129]","[270, 230, 289, 323, 287, 236, 286, 277]",[],"{""ordinary"": 8}"
beads2,150,277,stable_ordinary,ordinary,1.0413533834586466,1.0335820895522387,1.0492424242424243,"[151, 138, 153, 164, 166, 134, 165, 144]","[423, 264, 268, 211, 246, 281, 201, 502]",[],"{""ordinary"": 8}"
beads2,151,423,stable_ordinary,ordinary,1.5902255639097744,1.578358208955224,1.6022727272727273,"[150, 165, 134, 164, 136, 138, 166, 153]","[277, 201, 281, 211, 275, 264, 246, 268]",[],"{""ordinary"": 8}"
beads2,152,230,stable_ordinary,ordinary,0.7876712328767124,0.7744107744107744,0.8013937282229965,"[139, 163, 149, 155, 158, 167, 133, 173]","[287, 286, 297, 308, 323, 262, 270, 331]",[],"{""ordinary"": 8}"
beads2,153,268,stable_ordinary,ordinary,1.0428015564202335,1.0151515151515151,1.072,"[144, 166, 150, 160, 169, 138, 164, 154]","[502, 246, 277, 250, 249, 264, 211, 285]",[],"{""ordinary"": 8}"
beads2,154,285,stable_ordinary,ordinary,1.0555555555555556,1.0477941176470589,1.0634328358208955,"[160, 170, 144, 169, 153, 176, 166, 182]","[250, 375, 502, 249, 268, 278, 246, 272]",[],"{""ordinary"": 8}"
beads2,155,308,stable_ordinary,ordinary,1.088339222614841,1.0769230769230769,1.1,"[167, 152, 163, 172, 175, 139, 173, 181]","[262, 230, 286, 336, 280, 287, 331, 267]",[],"{""ordinary"": 8}"
beads2,158,323,stable_ordinary,ordinary,1.1234782608695653,1.1176470588235294,1.1293706293706294,"[161, 163, 149, 174, 152, 171, 173, 147]","[236, 286, 297, 351, 230, 199, 331, 289]",[],"{""ordinary"": 8}"
beads2,160,250,stable_ordinary,ordinary,0.9157509157509157,0.8992805755395683,0.9328358208955224,"[169, 154, 153, 170, 176, 166, 144, 180]","[249, 285, 268, 375, 278, 246, 502, 250]",[],"{""ordinary"": 8}"
beads2,161,236,stable_ordinary,ordinary,0.8054607508532423,0.7946127946127947,0.8166089965397924,"[158, 171, 147, 149, 174, 148, 163, 173]","[323, 199, 289, 297, 351, 250, 286, 331]",[],"{""ordinary"": 8}"
beads2,163,286,stable_ordinary,ordinary,0.9454545454545454,0.9285714285714286,0.9629629629629629,"[152, 158, 167, 173, 155, 175, 174, 149]","[230, 323, 262, 331, 308, 280, 351, 297]",[],"{""ordinary"": 8}"
beads2,164,211,stable_ordinary,ordinary,0.8146718146718147,0.7873134328358209,0.844,"[165, 166, 150, 151, 177, 153, 169, 180]","[201, 246, 277, 423, 449, 268, 249, 250]",[],"{""ordinary"": 8}"
beads2,165,201,stable_ordinary,ordinary,0.7282608695652174,0.7256317689530686,0.730909090909091,"[164, 151, 150, 166, 177, 153, 134, 136]","[211, 423, 277, 246, 449, 268, 281, 275]",[],"{""ordinary"": 8}"
beads2,166,246,stable_ordinary,ordinary,0.984,0.984,0.984,"[164, 153, 169, 177, 150, 180, 160, 165]","[211, 268, 249, 449, 277, 250, 250, 201]",[],"{""ordinary"": 8}"
beads2,167,262,stable_ordinary,ordinary,0.8821548821548821,0.8506493506493507,0.916083916083916,"[155, 175, 163, 172, 173, 181, 152, 158]","[308, 280, 286, 336, 331, 267, 230, 323]",[],"{""ordinary"": 8}"
beads2,169,249,stable_ordinary,ordinary,0.9222222222222223,0.9154411764705882,0.9291044776119403,"[160, 166, 180, 176, 153, 182, 177, 170]","[250, 246, 250, 278, 268, 272, 449, 375]",[],"{""ordinary"": 8}"
beads2,170,375,stable_ordinary,ordinary,1.3636363636363635,1.3489208633093526,1.3786764705882353,"[176, 160, 154, 183, 169, 182, 191, 180]","[278, 250, 285, 321, 249, 272, 295, 250]",[],"{""ordinary"": 8}"
beads2,171,199,stable_ordinary,ordinary,0.6791808873720137,0.67003367003367,0.6885813148788927,"[174, 161, 158, 173, 163, 187, 147, 149]","[351, 236, 323, 331, 286, 289, 289, 297]",[],"{""ordinary"": 8}"
beads2,172,336,stable_ordinary,ordinary,1.221818181818182,1.2043010752688172,1.2398523985239853,"[181, 167, 175, 186, 155, 190, 193, 185]","[267, 262, 280, 271, 308, 269, 279, 290]",[],"{""ordinary"": 8}"
beads2,173,331,stable_ordinary,ordinary,1.151304347826087,1.1453287197231834,1.1573426573426573,"[174, 175, 163, 167, 187, 185, 158, 171]","[351, 280, 286, 262, 289, 290, 323, 199]",[],"{""ordinary"": 8}"
beads2,174,351,stable_ordinary,ordinary,1.2208695652173913,1.2145328719723183,1.2272727272727273,"[171, 173, 158, 187, 161, 163, 175, 185]","[199, 331, 323, 289, 236, 286, 280, 290]",[],"{""ordinary"": 8}"
beads2,175,280,stable_ordinary,ordinary,0.9739130434782609,0.9688581314878892,0.9790209790209791,"[167, 173, 181, 185, 172, 163, 190, 187]","[262, 331, 267, 290, 336, 286, 269, 289]",[],"{""ordinary"": 8}"
beads2,176,278,stable_ordinary,ordinary,0.9982046678635548,0.9754385964912281,1.0220588235294117,"[170, 182, 169, 183, 160, 191, 180, 154]","[375, 272, 249, 321, 250, 295, 250, 285]",[],"{""ordinary"": 8}"
beads2,177,449,stable_ordinary,ordinary,1.7995991983967936,1.796,1.8032128514056225,"[180, 166, 188, 164, 169, 165, 182, 192]","[250, 246, 286, 211, 249, 201, 272, 258]",[],"{""ordinary"": 8}"
beads2,180,250,stable_ordinary,ordinary,0.9433962264150944,0.9191176470588235,0.9689922480620154,"[177, 182, 169, 188, 192, 166, 176, 160]","[449, 272, 249, 286, 258, 246, 278, 250]",[],"{""ordinary"": 8}"
beads2,181,267,stable_ordinary,ordinary,0.9552772808586762,0.9535714285714286,0.956989247311828,"[172, 190, 175, 186, 193, 167, 185, 173]","[336, 269, 280, 271, 279, 262, 290, 331]",[],"{""ordinary"": 8}"
beads2,182,272,stable_ordinary,ordinary,0.974910394265233,0.9714285714285714,0.9784172661870504,"[180, 176, 192, 191, 169, 195, 188, 183]","[250, 278, 258, 295, 249, 280, 286, 321]",[],"{""ordinary"": 8}"
beads2,183,321,stable_ordinary,ordinary,1.1505376344086022,1.1464285714285714,1.1546762589928057,"[191, 176, 170, 182, 201, 195, 204, 192]","[295, 278, 375, 272, 257, 280, 347, 258]",[],"{""ordinary"": 8}"
beads2,185,290,stable_ordinary,ordinary,1.0820895522388059,1.0780669144981412,1.0861423220973783,"[187, 194, 190, 175, 197, 173, 198, 181]","[289, 114, 269, 280, 210, 331, 139, 267]",[194],"{""ordinary"": 8}"
beads2,186,271,stable_ordinary,ordinary,0.9730700179533214,0.9713261648745519,0.9748201438848921,"[193, 181, 190, 199, 172, 200, 205, 175]","[279, 267, 269, 458, 336, 263, 278, 280]",[],"{""ordinary"": 8}"
beads2,187,289,stable_ordinary,ordinary,1.052823315118397,1.0321428571428573,1.0743494423791822,"[185, 194, 173, 198, 174, 190, 175, 197]","[290, 114, 331, 139, 351, 269, 280, 210]",[194],"{""ordinary"": 8}"
beads2,188,286,stable_ordinary,ordinary,1.0343580470162748,1.0214285714285714,1.0476190476190477,"[192, 394, 177, 180, 182, 195, 203, 191]","[258, 273, 449, 250, 272, 280, 397, 295]",[],"{""ordinary"": 8}"
beads2,190,269,stable_ordinary,ordinary,1.0,0.992619926199262,1.0074906367041199,"[185, 181, 193, 197, 194, 200, 186, 175]","[290, 267, 279, 210, 114, 263, 271, 280]",[194],"{""ordinary"": 8}"
beads2,191,295,stable_ordinary,ordinary,1.0573476702508962,1.0535714285714286,1.0611510791366907,"[183, 195, 182, 201, 192, 176, 204, 170]","[321, 280, 272, 257, 258, 278, 347, 375]",[],"{""ordinary"": 8}"
beads2,192,258,stable_ordinary,ordinary,0.911660777385159,0.9020979020979021,0.9214285714285714,"[188, 195, 182, 394, 180, 203, 191, 177]","[286, 280, 272, 273, 250, 397, 295, 449]",[],"{""ordinary"": 8}"
beads2,193,279,stable_ordinary,ordinary,1.0333333333333334,1.029520295202952,1.037174721189591,"[186, 190, 200, 199, 205, 181, 197, 185]","[271, 269, 263, 458, 278, 267, 210, 290]",[],"{""ordinary"": 8}"
beads2,195,280,stable_ordinary,ordinary,1.0108303249097472,0.99644128113879,1.0256410256410255,"[191, 192, 204, 203, 182, 207, 201, 394]","[295, 258, 347, 397, 272, 281, 257, 273]",[],"{""ordinary"": 8}"
beads2,197,210,stable_ordinary,ordinary,0.7664233576642335,0.7526881720430108,0.7806691449814126,"[194, 198, 200, 190, 209, 185, 193, 187]","[114, 139, 263, 269, 420, 290, 279, 289]",[194],"{""ordinary"": 8}"
beads2,198,139,stable_ordinary,ordinary,0.5225563909774437,0.516728624535316,0.5285171102661597,"[194, 197, 187, 185, 209, 200, 190, 212]","[114, 210, 289, 290, 420, 263, 269, 259]",[194],"{""ordinary"": 8}"
beads2,199,458,stable_ordinary,ordinary,1.751434034416826,1.741444866920152,1.7615384615384615,"[205, 193, 206, 211, 200, 186, 212, 217]","[278, 279, 260, 235, 263, 271, 259, 260]",[],"{""ordinary"": 8}"
beads2,200,263,stable_ordinary,ordinary,0.9616087751371115,0.9460431654676259,0.9776951672862454,"[197, 205, 193, 209, 190, 212, 199, 194]","[210, 278, 279, 420, 269, 259, 458, 114]",[194],"{""ordinary"": 8}"
beads2,201,257,stable_ordinary,ordinary,0.9001751313485113,0.8862068965517241,0.9145907473309609,"[204, 210, 191, 195, 214, 183, 216, 207]","[347, 110, 295, 280, 198, 321, 290, 281]",[210],"{""ordinary"": 8}"
beads2,203,397,stable_ordinary,ordinary,1.4153297682709447,1.4128113879003559,1.417857142857143,"[394, 207, 195, 192, 213, 204, 188, 218]","[273, 281, 280, 258, 232, 347, 286, 320]",[],"{""ordinary"": 8}"
beads2,204,347,stable_ordinary,ordinary,1.2154115586690017,1.196551724137931,1.2348754448398576,"[201, 207, 195, 216, 203, 210, 191, 218]","[257, 281, 280, 290, 397, 110, 295, 320]",[210],"{""ordinary"": 8}"
beads2,205,278,stable_ordinary,ordinary,1.0630975143403443,1.0570342205323193,1.0692307692307692,"[199, 200, 211, 212, 217, 193, 206, 209]","[458, 263, 235, 259, 260, 279, 260, 420]",[],"{""ordinary"": 8}"
beads2,206,260,stable_ordinary,ordinary,0.9647495361781077,0.9420289855072463,0.9885931558935361,"[211, 199, 205, 221, 217, 223, 212, 200]","[235, 458, 278, 370, 260, 276, 259, 263]",[],"{""ordinary"": 8}"
beads2,207,281,stable_ordinary,ordinary,0.9477234401349073,0.9273927392739274,0.9689655172413794,"[203, 204, 218, 213, 216, 195, 220, 394]","[397, 347, 320, 232, 290, 280, 303, 273]",[],"{""ordinary"": 8}"
beads2,209,420,stable_ordinary,ordinary,1.6153846153846154,1.6153846153846154,1.6153846153846154,"[212, 197, 200, 395, 198, 205, 222, 217]","[259, 210, 263, 332, 139, 278, 260, 260]",[],"{""ordinary"": 8}"
beads2,211,235,stable_ordinary,ordinary,0.8719851576994434,0.8514492753623188,0.8935361216730038,"[206, 217, 205, 221, 199, 212, 223, 200]","[260, 260, 278, 370, 458, 259, 276, 263]",[],"{""ordinary"": 8}"
beads2,212,259,stable_ordinary,ordinary,0.9904397705544933,0.9847908745247148,0.9961538461538462,"[209, 217, 205, 222, 200, 211, 395, 197]","[420, 260, 278, 260, 263, 235, 332, 210]",[],"{""ordinary"": 8}"
beads2,213,232,stable_ordinary,ordinary,0.7945205479452054,0.7656765676567657,0.8256227758007118,"[219, 220, 207, 203, 218, 224, 394, 229]","[205, 303, 281, 397, 320, 251, 273, 333]",[],"{""ordinary"": 8}"
beads2,214,198,stable_ordinary,ordinary,0.6491803278688525,0.61875,0.6827586206896552,"[210, 216, 201, 218, 225, 204, 226, 207]","[110, 290, 257, 320, 351, 347, 327, 281]",[210],"{""ordinary"": 8}"
beads2,216,290,stable_ordinary,ordinary,0.9650582362728786,0.90625,1.0320284697508897,"[210, 214, 218, 204, 207, 225, 201, 226]","[110, 198, 320, 347, 281, 351, 257, 327]",[210],"{""ordinary"": 8}"
beads2,217,260,stable_ordinary,ordinary,0.9829867674858223,0.966542750929368,1.0,"[212, 211, 223, 222, 205, 227, 221, 206]","[259, 235, 276, 260, 278, 269, 370, 260]",[],"{""ordinary"": 8}"
beads2,218,320,stable_ordinary,ordinary,1.0158730158730158,0.9785932721712538,1.056105610561056,"[216, 220, 207, 226, 213, 204, 229, 225]","[290, 303, 281, 327, 232, 347, 333, 351]",[],"{""ordinary"": 8}"
beads2,219,205,stable_ordinary,ordinary,0.702054794520548,0.6765676567656765,0.7295373665480427,"[213, 224, 220, 228, 231, 229, 207, 218]","[232, 251, 303, 196, 347, 333, 281, 320]",[],"{""ordinary"": 8}"
beads2,220,303,stable_ordinary,ordinary,1.0083194675540765,0.946875,1.0782918149466192,"[213, 218, 219, 229, 224, 226, 207, 231]","[232, 320, 205, 333, 251, 327, 281, 347]",[],"{""ordinary"": 8}"
beads2,221,370,stable_ordinary,ordinary,1.4230769230769231,1.4230769230769231,1.4230769230769231,"[223, 211, 217, 232, 206, 227, 235, 222]","[276, 235, 260, 256, 260, 269, 333, 260]",[],"{""ordinary"": 8}"
beads2,222,260,stable_ordinary,ordinary,0.9541284403669725,0.9420289855072463,0.966542750929368,"[227, 395, 217, 212, 233, 223, 230, 209]","[269, 332, 260, 259, 334, 276, 143, 420]",[230],"{""ordinary"": 8}"
beads2,223,276,stable_ordinary,ordinary,1.0615384615384615,1.0615384615384615,1.0615384615384615,"[221, 217, 227, 232, 211, 235, 222, 212]","[370, 260, 269, 256, 235, 333, 260, 259]",[],"{""ordinary"": 8}"
beads2,224,251,stable_ordinary,ordinary,0.8537414965986394,0.8283828382838284,0.8807017543859649,"[219, 228, 231, 220, 229, 213, 236, 243]","[205, 196, 347, 303, 333, 232, 285, 355]",[],"{""ordinary"": 8}"
beads2,225,351,stable_ordinary,ordinary,1.134087237479806,1.110759493670886,1.1584158415841583,"[226, 216, 218, 214, 240, 229, 210, 220]","[327, 290, 320, 198, 316, 333, 110, 303]",[210],"{""ordinary"": 8}"
beads2,226,327,stable_ordinary,ordinary,1.028301886792453,1.021875,1.0348101265822784,"[225, 229, 218, 220, 240, 216, 242, 231]","[351, 333, 320, 303, 316, 290, 300, 347]",[],"{""ordinary"": 8}"
beads2,227,269,stable_ordinary,ordinary,0.9764065335753176,0.9746376811594203,0.9781818181818182,"[222, 235, 223, 233, 232, 239, 217, 395]","[260, 333, 276, 334, 256, 275, 260, 332]",[],"{""ordinary"": 8}"
beads2,228,196,stable_ordinary,ordinary,0.6343042071197411,0.5885885885885885,0.6877192982456141,"[224, 236, 231, 219, 241, 245, 243, 229]","[251, 285, 347, 205, 187, 335, 355, 333]",[],"{""ordinary"": 8}"
beads2,229,333,stable_ordinary,ordinary,1.0471698113207548,1.040625,1.0537974683544304,"[226, 220, 231, 242, 224, 240, 218, 243]","[327, 303, 347, 300, 251, 316, 320, 355]",[],"{""ordinary"": 8}"
beads2,231,347,stable_ordinary,ordinary,1.1863247863247863,1.1566666666666667,1.2175438596491228,"[224, 228, 229, 243, 236, 242, 220, 219]","[251, 196, 333, 355, 285, 300, 303, 205]",[],"{""ordinary"": 8}"
beads2,232,256,stable_ordinary,ordinary,0.9292196007259528,0.927536231884058,0.9309090909090909,"[235, 223, 227, 221, 247, 246, 239, 217]","[333, 276, 269, 370, 259, 298, 275, 260]",[],"{""ordinary"": 8}"
beads2,233,334,stable_ordinary,ordinary,1.2279411764705883,1.2145454545454546,1.241635687732342,"[230, 239, 227, 222, 244, 395, 235, 248]","[143, 275, 269, 260, 205, 332, 333, 370]",[230],"{""ordinary"": 8}"
beads2,235,333,stable_ordinary,ordinary,1.208711433756806,1.2065217391304348,1.210909090909091,"[232, 227, 239, 246, 223, 248, 247, 233]","[256, 269, 275, 298, 276, 370, 259, 334]",[],"{""ordinary"": 8}"
beads2,236,285,stable_ordinary,ordinary,0.9283387622149837,0.8507462686567164,1.021505376344086,"[245, 228, 241, 231, 243, 224, 249, 255]","[335, 196, 187, 347, 355, 251, 279, 387]",[],"{""ordinary"": 8}"
beads2,239,275,stable_ordinary,ordinary,0.8914100486223663,0.8620689655172413,0.9228187919463087,"[233, 248, 235, 227, 246, 244, 250, 230]","[334, 370, 333, 269, 298, 205, 319, 143]",[230],"{""ordinary"": 8}"
beads2,240,316,stable_ordinary,ordinary,0.9054441260744985,0.9002849002849003,0.9106628242074928,"[242, 226, 229, 225, 253, 243, 231, 254]","[300, 327, 333, 351, 456, 355, 347, 361]",[],"{""ordinary"": 8}"
beads2,241,187,stable_ordinary,ordinary,0.5736196319018405,0.5582089552238806,0.5899053627760252,"[249, 236, 245, 228, 257, 255, 243, 231]","[279, 285, 335, 196, 317, 387, 355, 347]",[],"{""ordinary"": 8}"
beads2,242,300,stable_ordinary,ordinary,0.8797653958944281,0.8645533141210374,0.8955223880597015,"[240, 243, 229, 231, 253, 226, 254, 245]","[316, 355, 333, 347, 456, 327, 361, 335]",[],"{""ordinary"": 8}"
beads2,243,355,stable_ordinary,ordinary,1.062874251497006,1.0597014925373134,1.0660660660660661,"[242, 245, 231, 236, 254, 253, 229, 228]","[300, 335, 347, 285, 361, 456, 333, 196]",[],"{""ordinary"": 8}"
beads2,244,205,stable_ordinary,ordinary,0.7032590051457976,0.6655844155844156,0.7454545454545455,"[250, 251, 252, 233, 239, 230, 259, 248]","[319, 115, 214, 334, 275, 143, 308, 370]","[251, 230]","{""ordinary"": 8}"
beads2,245,335,stable_ordinary,ordinary,1.0601265822784811,0.9654178674351584,1.1754385964912282,"[236, 241, 243, 249, 255, 254, 231, 228]","[285, 187, 355, 279, 387, 361, 347, 196]",[],"{""ordinary"": 8}"
beads2,246,298,stable_ordinary,ordinary,1.0955882352941178,1.0836363636363637,1.1078066914498141,"[247, 248, 235, 256, 239, 232, 258, 227]","[259, 370, 333, 227, 275, 256, 331, 269]",[],"{""ordinary"": 8}"
beads2,247,259,stable_ordinary,ordinary,0.9040139616055847,0.8691275167785235,0.9418181818181818,"[246, 232, 256, 235, 248, 258, 239, 265]","[298, 256, 227, 333, 370, 331, 275, 197]",[],"{""ordinary"": 8}"
beads2,248,370,stable_ordinary,ordinary,1.221122112211221,1.2012987012987013,1.2416107382550337,"[246, 239, 258, 250, 256, 235, 259, 247]","[298, 275, 331, 319, 227, 333, 308, 259]",[],"{""ordinary"": 8}"
beads2,249,279,stable_ordinary,ordinary,0.8017241379310345,0.7728531855955678,0.8328358208955224,"[241, 257, 245, 255, 236, 260, 267, 254]","[187, 317, 335, 387, 285, 526, 377, 361]",[],"{""ordinary"": 8}"
beads2,250,319,stable_ordinary,ordinary,1.1495495495495496,1.1392857142857142,1.16,"[244, 251, 259, 248, 239, 252, 261, 258]","[205, 115, 308, 370, 275, 214, 280, 331]",[251],"{""ordinary"": 8}"
beads2,252,214,stable_ordinary,ordinary,0.7495621716287215,0.7353951890034365,0.7642857142857142,"[251, 261, 263, 244, 250, 272, 259, 275]","[115, 280, 256, 205, 319, 301, 308, 291]",[251],"{""ordinary"": 8}"
beads2,253,456,stable_ordinary,ordinary,1.349112426035503,1.3372434017595307,1.3611940298507463,"[254, 264, 242, 243, 240, 255, 268, 245]","[361, 212, 300, 355, 316, 387, 341, 335]",[],"{""ordinary"": 8}"
beads2,254,361,stable_ordinary,ordinary,1.0373563218390804,1.0169014084507042,1.0586510263929618,"[253, 255, 264, 243, 245, 268, 242, 269]","[456, 387, 212, 355, 335, 341, 300, 386]",[],"{""ordinary"": 8}"
beads2,255,387,stable_ordinary,ordinary,1.1449704142011834,1.1348973607038124,1.155223880597015,"[254, 245, 257, 249, 269, 268, 264, 243]","[361, 335, 317, 279, 386, 341, 212, 355]",[],"{""ordinary"": 8}"
beads2,256,227,stable_ordinary,ordinary,0.739413680781759,0.737012987012987,0.7418300653594772,"[258, 265, 246, 248, 247, 271, 259, 250]","[331, 197, 298, 370, 259, 306, 308, 319]",[],"{""ordinary"": 8}"
beads2,257,317,stable_ordinary,ordinary,0.8637602179836512,0.8408488063660478,0.8879551820728291,"[249, 267, 255, 260, 269, 241, 245, 270]","[279, 377, 387, 526, 386, 187, 335, 357]",[],"{""ordinary"": 8}"
beads2,258,331,stable_ordinary,ordinary,1.0781758957654723,1.0746753246753247,1.0816993464052287,"[256, 248, 259, 265, 271, 246, 250, 273]","[227, 370, 308, 197, 306, 298, 319, 336]",[],"{""ordinary"": 8}"
beads2,259,308,stable_ordinary,ordinary,0.9856,0.9655172413793104,1.0065359477124183,"[250, 258, 273, 251, 261, 271, 248, 272]","[319, 331, 336, 115, 280, 306, 370, 301]",[251],"{""ordinary"": 8}"
beads2,260,526,stable_ordinary,ordinary,1.5608308605341246,1.473389355742297,1.6593059936908516,"[270, 262, 257, 267, 249, 274, 288, 285]","[357, 190, 317, 377, 279, 312, 414, 411]",[262],"{""ordinary"": 8}"
beads2,261,280,stable_ordinary,ordinary,0.9459459459459459,0.9302325581395349,0.9621993127147767,"[252, 251, 263, 272, 259, 250, 273, 275]","[214, 115, 256, 301, 308, 319, 336, 291]",[251],"{""ordinary"": 8}"
beads2,263,256,stable_ordinary,ordinary,0.8966725043782837,0.8797250859106529,0.9142857142857143,"[275, 261, 252, 272, 251, 277, 281, 282]","[291, 280, 214, 301, 115, 231, 308, 360]",[251],"{""ordinary"": 8}"
beads2,264,212,stable_ordinary,ordinary,0.5921787709497207,0.5872576177285319,0.5971830985915493,"[268, 254, 253, 255, 269, 279, 243, 245]","[341, 361, 456, 387, 386, 272, 355, 335]",[],"{""ordinary"": 8}"
beads2,265,197,stable_ordinary,ordinary,0.6416938110749185,0.6396103896103896,0.6437908496732027,"[271, 256, 258, 273, 283, 259, 248, 246]","[306, 227, 331, 336, 279, 308, 370, 298]",[],"{""ordinary"": 8}"
beads2,267,377,stable_ordinary,ordinary,1.0148048452220726,0.9766839378238342,1.0560224089635855,"[269, 257, 260, 270, 290, 288, 279, 255]","[386, 317, 526, 357, 323, 414, 272, 387]",[],"{""ordinary"": 8}"
beads2,268,341,stable_ordinary,ordinary,0.924119241192412,0.9045092838196287,0.9445983379501385,"[264, 269, 279, 255, 254, 253, 267, 290]","[212, 386, 272, 387, 361, 456, 377, 323]",[],"{""ordinary"": 8}"
beads2,269,386,stable_ordinary,ordinary,1.1626506024096386,1.1319648093841643,1.195046439628483,"[268, 267, 279, 255, 257, 290, 264, 254]","[341, 377, 272, 387, 317, 323, 212, 361]",[],"{""ordinary"": 8}"
beads2,270,357,stable_ordinary,ordinary,0.9060913705583756,0.8686131386861314,0.946949602122016,"[260, 262, 274, 285, 267, 288, 257, 280]","[526, 190, 312, 411, 377, 414, 317, 417]",[262],"{""ordinary"": 8}"
beads2,271,306,stable_ordinary,ordinary,1.0049261083743843,0.9935064935064936,1.0166112956810631,"[265, 273, 283, 258, 259, 256, 287, 272]","[197, 336, 279, 331, 308, 227, 319, 301]",[],"{""ordinary"": 8}"
beads2,272,301,stable_ordinary,ordinary,1.005008347245409,0.9772727272727273,1.034364261168385,"[261, 282, 263, 273, 275, 287, 259, 252]","[280, 360, 256, 336, 291, 319, 308, 214]",[],"{""ordinary"": 8}"
beads2,273,336,stable_ordinary,ordinary,1.1070840197693574,1.0980392156862746,1.1162790697674418,"[271, 259, 287, 283, 272, 261, 258, 265]","[306, 308, 319, 279, 301, 280, 331, 197]",[],"{""ordinary"": 8}"
beads2,274,312,stable_ordinary,ordinary,0.7563636363636363,0.7536231884057971,0.7591240875912408,"[262, 280, 285, 270, 260, 289, 288, 306]","[190, 417, 411, 357, 526, 347, 414, 452]",[262],"{""ordinary"": 8}"
beads2,275,291,stable_ordinary,ordinary,0.9556650246305419,0.9448051948051948,0.9667774086378738,"[263, 281, 277, 272, 282, 261, 286, 300]","[256, 308, 231, 301, 360, 280, 437, 364]",[],"{""ordinary"": 8}"
beads2,277,231,stable_ordinary,ordinary,0.7392,0.7287066246056783,0.75,"[286, 275, 281, 263, 295, 300, 282, 272]","[437, 291, 308, 256, 317, 364, 360, 301]",[],"{""ordinary"": 8}"
beads2,279,272,stable_ordinary,ordinary,0.7576601671309192,0.7214854111405835,0.7976539589442815,"[290, 269, 268, 267, 288, 264, 305, 255]","[323, 386, 341, 377, 414, 212, 237, 387]",[],"{""ordinary"": 8}"
beads2,280,417,stable_ordinary,ordinary,1.0859375,1.0145985401459854,1.1680672268907564,"[274, 285, 289, 301, 306, 262, 270, 298]","[312, 411, 347, 443, 452, 190, 357, 444]",[262],"{""ordinary"": 8}"
beads2,281,308,stable_ordinary,ordinary,0.9595015576323987,0.9032258064516129,1.0232558139534884,"[275, 300, 277, 282, 286, 302, 263, 272]","[291, 364, 231, 360, 437, 341, 256, 301]",[],"{""ordinary"": 8}"
beads2,282,360,stable_ordinary,ordinary,1.099236641221374,1.0714285714285714,1.128526645768025,"[287, 272, 302, 303, 281, 275, 273, 300]","[319, 301, 341, 343, 308, 291, 336, 364]",[],"{""ordinary"": 8}"
beads2,283,279,stable_ordinary,ordinary,0.8928,0.8746081504702194,0.9117647058823529,"[287, 273, 271, 304, 303, 282, 265, 272]","[319, 336, 306, 2, 343, 360, 197, 301]",[304],"{""ordinary"": 8}"
beads2,285,411,stable_ordinary,ordinary,1.194767441860465,1.1512605042016806,1.241691842900302,"[288, 274, 280, 270, 307, 306, 305, 262]","[414, 312, 417, 357, 331, 452, 237, 190]",[262],"{""ordinary"": 8}"
beads2,286,437,stable_ordinary,ordinary,1.3984,1.3785488958990537,1.4188311688311688,"[295, 277, 281, 300, 275, 294, 313, 318]","[317, 231, 308, 364, 291, 258, 394, 356]",[],"{""ordinary"": 8}"
beads2,287,319,stable_ordinary,ordinary,0.9937694704049844,0.9494047619047619,1.042483660130719,"[283, 282, 273, 303, 304, 272, 271, 302]","[279, 360, 336, 343, 2, 301, 306, 341]",[304],"{""ordinary"": 8}"
beads2,288,414,stable_ordinary,ordinary,1.2034883720930232,1.1596638655462186,1.2507552870090635,"[290, 305, 285, 267, 270, 307, 279, 269]","[323, 237, 411, 377, 357, 331, 272, 386]",[],"{""ordinary"": 8}"
beads2,289,347,stable_ordinary,ordinary,0.817432273262662,0.8032407407407407,0.8321342925659473,"[298, 301, 280, 291, 274, 296, 306, 325]","[444, 443, 417, 194, 312, 393, 452, 432]",[291],"{""ordinary"": 8}"
beads2,290,323,stable_ordinary,ordinary,0.8997214484679665,0.8567639257294429,0.9472140762463344,"[279, 288, 267, 305, 269, 268, 307, 285]","[272, 414, 377, 237, 386, 341, 331, 411]",[],"{""ordinary"": 8}"
beads2,294,258,stable_ordinary,ordinary,0.6907630522088354,0.6548223350253807,0.7308781869688386,"[310, 297, 313, 295, 286, 308, 331, 337]","[353, 117, 394, 317, 437, 277, 418, 394]",[297],"{""ordinary"": 8}"
beads2,295,317,stable_ordinary,ordinary,0.8942172073342737,0.8904494382022472,0.8980169971671388,"[286, 313, 294, 300, 318, 277, 281, 310]","[437, 394, 258, 364, 356, 231, 308, 353]",[],"{""ordinary"": 8}"
beads2,296,393,stable_ordinary,ordinary,0.9886792452830189,0.9182242990654206,1.0708446866485013,"[291, 312, 299, 298, 319, 311, 289, 325]","[194, 428, 252, 444, 483, 367, 347, 432]",[291],"{""ordinary"": 8}"
beads2,298,444,stable_ordinary,ordinary,1.0962962962962963,1.064748201438849,1.1297709923664123,"[291, 289, 301, 296, 319, 325, 328, 280]","[194, 347, 443, 393, 483, 432, 382, 417]",[291],"{""ordinary"": 8}"
beads2,299,252,stable_ordinary,ordinary,0.6138855054811205,0.5887850467289719,0.6412213740458015,"[312, 311, 296, 336, 291, 309, 319, 329]","[428, 367, 393, 457, 194, 249, 483, 439]",[291],"{""ordinary"": 8}"
beads2,300,364,stable_ordinary,ordinary,1.0444763271162123,1.0224719101123596,1.067448680351906,"[281, 302, 318, 323, 295, 286, 277, 282]","[308, 341, 356, 440, 317, 437, 231, 360]",[],"{""ordinary"": 8}"
beads2,301,443,stable_ordinary,ordinary,1.070048309178744,1.0623501199040768,1.0778588807785887,"[289, 306, 298, 280, 328, 325, 291, 285]","[347, 452, 444, 417, 382, 432, 194, 411]",[291],"{""ordinary"": 8}"
beads2,302,341,stable_ordinary,ordinary,1.0302114803625377,0.9941690962099126,1.0689655172413792,"[303, 300, 282, 323, 281, 330, 287, 304]","[343, 364, 360, 440, 308, 40, 319, 2]","[330, 304]","{""ordinary"": 8}"
beads2,303,343,stable_ordinary,ordinary,1.0393939393939393,1.0058651026392962,1.0752351097178683,"[302, 304, 287, 282, 330, 283, 323, 300]","[341, 2, 319, 360, 40, 279, 440, 364]","[304, 330]","{""ordinary"": 8}"
beads2,305,237,stable_ordinary,ordinary,0.688953488372093,0.6638655462184874,0.716012084592145,"[307, 288, 290, 285, 306, 324, 279, 270]","[331, 414, 323, 411, 452, 187, 272, 357]",[324],"{""ordinary"": 8}"
beads2,306,452,stable_ordinary,ordinary,1.2400548696844993,1.1832460732984293,1.302593659942363,"[307, 301, 324, 285, 280, 328, 305, 289]","[331, 443, 187, 411, 417, 382, 237, 347]",[324],"{""ordinary"": 8}"
beads2,307,331,stable_ordinary,ordinary,0.8024242424242424,0.7995169082125604,0.805352798053528,"[305, 306, 285, 324, 288, 290, 280, 301]","[237, 452, 411, 187, 414, 323, 417, 443]",[324],"{""ordinary"": 8}"
beads2,308,277,stable_ordinary,ordinary,0.6959798994974874,0.6907730673316709,0.7012658227848101,"[297, 322, 310, 331, 294, 317, 342, 351]","[117, 401, 353, 418, 258, 426, 411, 395]",[297],"{""ordinary"": 8}"
beads2,309,249,stable_ordinary,ordinary,0.6133004926108374,0.5711009174311926,0.6622340425531915,"[329, 321, 311, 350, 320, 336, 299, 340]","[439, 376, 367, 436, 235, 457, 252, 468]",[],"{""ordinary"": 8}"
beads2,310,353,stable_ordinary,ordinary,0.9929676511954993,0.8959390862944162,1.113564668769716,"[294, 297, 331, 308, 313, 337, 295, 322]","[258, 117, 418, 277, 394, 394, 317, 401]",[297],"{""ordinary"": 8}"
beads2,311,367,stable_ordinary,ordinary,0.8940316686967114,0.8574766355140186,0.9338422391857506,"[299, 309, 312, 329, 336, 296, 345, 321]","[252, 249, 428, 439, 457, 393, 450, 376]",[],"{""ordinary"": 8}"
beads2,312,428,stable_ordinary,ordinary,1.0673316708229426,1.0464547677261613,1.089058524173028,"[299, 296, 311, 336, 319, 345, 291, 348]","[252, 393, 367, 457, 483, 450, 194, 409]",[291],"{""ordinary"": 8}"
beads2,313,394,stable_ordinary,ordinary,1.1114245416078985,1.1067415730337078,1.1161473087818696,"[295, 318, 337, 343, 294, 310, 344, 286]","[317, 356, 394, 371, 258, 353, 209, 437]",[],"{""ordinary"": 8}"
beads2,317,426,stable_ordinary,ordinary,1.0492610837438423,1.0364963503649636,1.0623441396508728,"[335, 342, 322, 358, 308, 349, 327, 351]","[347, 411, 401, 413, 277, 435, 431, 395]",[],"{""ordinary"": 8}"
beads2,318,356,stable_ordinary,ordinary,0.9687074829931973,0.9595687331536388,0.978021978021978,"[323, 344, 313, 300, 343, 295, 302, 337]","[440, 209, 394, 364, 371, 317, 341, 394]",[],"{""ordinary"": 8}"
beads2,319,483,stable_ordinary,ordinary,1.1541218637992832,1.1285046728971964,1.1809290953545233,"[325, 296, 348, 312, 298, 345, 347, 291]","[432, 393, 409, 428, 444, 450, 241, 194]",[291],"{""ordinary"": 8}"
beads2,320,235,stable_ordinary,ordinary,0.5788177339901478,0.5389908256880734,0.625,"[340, 321, 334, 350, 309, 355, 326, 329]","[468, 376, 322, 436, 249, 457, 351, 439]",[],"{""ordinary"": 8}"
beads2,321,376,stable_ordinary,ordinary,0.9423558897243107,0.8723897911832946,1.0245231607629428,"[320, 309, 340, 329, 350, 334, 311, 357]","[235, 249, 468, 439, 436, 322, 367, 431]",[],"{""ordinary"": 8}"
beads2,322,401,stable_ordinary,ordinary,1.072192513368984,1.0151898734177216,1.1359773371104815,"[308, 342, 317, 351, 331, 297, 310, 335]","[277, 411, 426, 395, 418, 117, 353, 347]",[297],"{""ordinary"": 8}"
beads2,323,440,stable_ordinary,ordinary,1.286549707602339,1.282798833819242,1.2903225806451613,"[318, 330, 344, 300, 302, 303, 343, 295]","[356, 40, 209, 364, 341, 343, 371, 317]",[330],"{""ordinary"": 8}"
beads2,325,432,stable_ordinary,ordinary,1.0773067331670823,1.0562347188264058,1.099236641221374,"[328, 347, 319, 298, 301, 348, 289, 296]","[382, 241, 483, 444, 443, 409, 347, 393]",[],"{""ordinary"": 8}"
beads2,326,351,stable_ordinary,ordinary,0.9298013245033112,0.9164490861618799,0.9435483870967742,"[346, 334, 338, 355, 320, 340, 360, 332]","[372, 322, 383, 457, 235, 468, 409, 345]",[],"{""ordinary"": 8}"
beads2,327,431,stable_ordinary,ordinary,1.0046620046620047,0.9976851851851852,1.011737089201878,"[339, 349, 335, 361, 353, 317, 333, 358]","[357, 435, 347, 434, 432, 426, 467, 413]",[],"{""ordinary"": 8}"
beads2,328,382,stable_ordinary,ordinary,0.8731428571428571,0.8623024830699775,0.8842592592592593,"[325, 324, 301, 306, 347, 298, 319, 307]","[432, 187, 443, 452, 241, 444, 483, 331]",[324],"{""ordinary"": 8}"
beads2,329,439,stable_ordinary,ordinary,1.0879801734820322,1.0185614849187936,1.1675531914893618,"[309, 321, 311, 350, 336, 357, 340, 359]","[249, 376, 367, 436, 457, 431, 468, 365]",[],"{""ordinary"": 8}"
beads2,331,418,stable_ordinary,ordinary,1.1191432396251673,1.0609137055837563,1.1841359773371105,"[310, 351, 337, 354, 322, 308, 297, 356]","[353, 395, 394, 408, 401, 277, 117, 343]",[297],"{""ordinary"": 8}"
beads2,332,345,stable_ordinary,ordinary,0.8712121212121212,0.843520782396088,0.9007832898172323,"[352, 338, 341, 360, 333, 363, 346, 326]","[457, 383, 370, 409, 467, 480, 372, 351]",[],"{""ordinary"": 8}"
beads2,333,467,stable_ordinary,ordinary,1.082271147161066,1.0810185185185186,1.0835266821345708,"[341, 353, 339, 363, 332, 352, 327, 361]","[370, 432, 357, 480, 345, 457, 431, 434]",[],"{""ordinary"": 8}"
beads2,334,322,stable_ordinary,ordinary,0.8484848484848485,0.8407310704960835,0.8563829787234043,"[326, 355, 320, 340, 346, 365, 321, 338]","[351, 457, 235, 468, 372, 436, 376, 383]",[],"{""ordinary"": 8}"
beads2,335,347,stable_ordinary,ordinary,0.8271752085816448,0.8145539906103286,0.8401937046004843,"[317, 349, 327, 358, 342, 339, 322, 368]","[426, 435, 431, 413, 411, 357, 401, 426]",[],"{""ordinary"": 8}"
beads2,336,457,stable_ordinary,ordinary,1.149685534591195,1.0677570093457944,1.2452316076294279,"[345, 311, 312, 329, 359, 357, 362, 299]","[450, 367, 428, 439, 365, 431, 344, 252]",[],"{""ordinary"": 8}"
beads2,337,394,stable_ordinary,ordinary,1.0839064649243466,1.0619946091644206,1.1067415730337078,"[343, 356, 313, 331, 354, 310, 344, 318]","[371, 343, 394, 418, 408, 353, 209, 356]",[],"{""ordinary"": 8}"
beads2,338,383,stable_ordinary,ordinary,1.0323450134770888,1.0295698924731183,1.0351351351351352,"[332, 346, 352, 360, 326, 341, 334, 369]","[345, 372, 457, 409, 351, 370, 322, 459]",[],"{""ordinary"": 8}"
beads2,339,357,stable_ordinary,ordinary,0.8244803695150116,0.8225806451612904,0.8263888888888888,"[327, 353, 333, 361, 349, 341, 335, 373]","[431, 432, 467, 434, 435, 370, 347, 436]",[],"{""ordinary"": 8}"
beads2,340,468,stable_ordinary,ordinary,1.1359223300970873,1.073394495412844,1.2061855670103092,"[320, 321, 334, 350, 355, 365, 367, 329]","[235, 376, 322, 436, 457, 436, 388, 439]",[],"{""ordinary"": 8}"
beads2,341,370,stable_ordinary,ordinary,0.896969696969697,0.8564814814814815,0.9414758269720102,"[333, 352, 332, 363, 353, 338, 339, 372]","[467, 457, 345, 480, 432, 383, 357, 393]",[],"{""ordinary"": 8}"
beads2,342,411,stable_ordinary,ordinary,1.0326633165829147,1.0249376558603491,1.040506329113924,"[322, 317, 358, 351, 364, 335, 308, 366]","[401, 426, 413, 395, 406, 347, 277, 381]",[],"{""ordinary"": 8}"
beads2,343,371,stable_ordinary,ordinary,0.9893333333333333,0.9416243654822335,1.0421348314606742,"[344, 337, 356, 318, 313, 323, 354, 295]","[209, 394, 343, 356, 394, 440, 408, 317]",[],"{""ordinary"": 8}"
beads2,344,209,stable_ordinary,ordinary,0.5687074829931973,0.5633423180592992,0.5741758241758241,"[343, 318, 323, 313, 337, 356, 300, 330]","[371, 356, 440, 394, 394, 343, 364, 40]",[330],"{""ordinary"": 8}"
beads2,345,450,stable_ordinary,ordinary,1.1597938144329898,1.1002444987775062,1.2261580381471389,"[362, 348, 336, 312, 319, 359, 347, 311]","[344, 409, 457, 428, 483, 365, 241, 367]",[],"{""ordinary"": 8}"
beads2,346,372,stable_ordinary,ordinary,0.9441624365482234,0.9185185185185185,0.9712793733681462,"[326, 338, 334, 355, 360, 369, 375, 332]","[351, 383, 322, 457, 409, 459, 405, 345]",[],"{""ordinary"": 8}"
beads2,347,241,stable_ordinary,ordinary,0.5508571428571428,0.5440180586907449,0.5578703703703703,"[348, 325, 328, 319, 345, 362, 298, 301]","[409, 432, 382, 483, 450, 344, 444, 443]",[],"{""ordinary"": 8}"
beads2,348,409,stable_ordinary,ordinary,0.9511627906976744,0.9467592592592593,0.955607476635514,"[347, 345, 319, 325, 362, 312, 336, 328]","[241, 450, 483, 432, 344, 428, 457, 382]",[],"{""ordinary"": 8}"
beads2,349,435,stable_ordinary,ordinary,1.0211267605633803,1.0211267605633803,1.0211267605633803,"[335, 327, 361, 368, 358, 339, 317, 374]","[347, 431, 434, 426, 413, 357, 426, 497]",[],"{""ordinary"": 8}"
beads2,350,436,stable_ordinary,ordinary,1.0647130647130647,1.011600928074246,1.1237113402061856,"[357, 321, 340, 367, 329, 365, 371, 320]","[431, 376, 468, 388, 439, 436, 363, 235]",[],"{""ordinary"": 8}"
beads2,351,395,stable_ordinary,ordinary,0.9789343246592317,0.9729064039408867,0.9850374064837906,"[366, 354, 331, 364, 342, 322, 308, 337]","[381, 408, 418, 406, 411, 401, 277, 394]",[],"{""ordinary"": 8}"
beads2,352,457,stable_ordinary,ordinary,1.1778350515463918,1.1628498727735368,1.1932114882506528,"[332, 341, 360, 338, 363, 372, 333, 378]","[345, 370, 409, 383, 480, 393, 467, 379]",[],"{""ordinary"": 8}"
beads2,353,432,stable_ordinary,ordinary,0.9988439306358381,0.9953917050691244,1.0023201856148491,"[333, 339, 363, 373, 341, 361, 327, 379]","[467, 357, 480, 436, 370, 434, 431, 331]",[],"{""ordinary"": 8}"
beads2,354,408,stable_ordinary,ordinary,1.0529032258064517,1.0355329949238579,1.0708661417322836,"[356, 351, 337, 366, 331, 343, 364, 310]","[343, 395, 394, 381, 418, 371, 406, 353]",[],"{""ordinary"": 8}"
beads2,355,457,stable_ordinary,ordinary,1.1598984771573604,1.128395061728395,1.1932114882506528,"[365, 334, 375, 346, 340, 369, 377, 326]","[436, 322, 405, 372, 468, 459, 383, 351]",[],"{""ordinary"": 8}"
beads2,356,343,stable_ordinary,ordinary,0.8705583756345178,0.8705583756345178,0.8705583756345178,"[354, 337, 343, 331, 344, 351, 366, 313]","[408, 394, 371, 418, 209, 395, 381, 394]",[],"{""ordinary"": 8}"
beads2,357,431,stable_ordinary,ordinary,1.1282722513089005,1.1108247422680413,1.1462765957446808,"[371, 359, 350, 367, 329, 336, 362, 321]","[363, 365, 436, 388, 439, 457, 344, 376]",[],"{""ordinary"": 8}"
beads2,358,413,stable_ordinary,ordinary,0.986857825567503,0.9694835680751174,1.0048661800486618,"[374, 364, 342, 368, 335, 349, 317, 351]","[497, 406, 411, 426, 347, 435, 426, 395]",[],"{""ordinary"": 8}"
beads2,359,365,stable_ordinary,ordinary,0.8419838523644751,0.8371559633027523,0.8468677494199536,"[362, 357, 336, 345, 371, 329, 350, 367]","[344, 431, 457, 450, 363, 439, 436, 388]",[],"{""ordinary"": 8}"
beads2,360,409,stable_ordinary,ordinary,1.073490813648294,1.0678851174934725,1.079155672823219,"[378, 352, 338, 369, 372, 346, 332, 381]","[379, 457, 383, 459, 393, 372, 345, 265]",[],"{""ordinary"": 8}"
beads2,361,434,stable_ordinary,ordinary,1.0057937427578216,1.0046296296296295,1.0069605568445477,"[376, 349, 373, 368, 339, 353, 327, 385]","[553, 435, 436, 426, 357, 432, 431, 172]",[385],"{""ordinary"": 8}"
beads2,362,344,stable_ordinary,ordinary,0.819047619047619,0.7981438515081206,0.8410757946210269,"[359, 345, 348, 336, 357, 347, 371, 319]","[365, 450, 409, 457, 431, 241, 363, 483]",[],"{""ordinary"": 8}"
beads2,363,480,stable_ordinary,ordinary,1.1636363636363636,1.1111111111111112,1.2213740458015268,"[379, 372, 353, 341, 373, 352, 333, 382]","[331, 393, 432, 370, 436, 457, 467, 234]",[],"{""ordinary"": 8}"
beads2,364,406,stable_ordinary,ordinary,0.9914529914529915,0.9878345498783455,0.9950980392156863,"[366, 358, 374, 351, 342, 354, 322, 368]","[381, 413, 497, 395, 411, 408, 401, 426]",[],"{""ordinary"": 8}"
beads2,365,436,stable_ordinary,ordinary,1.0996216897856241,1.0765432098765433,1.1237113402061856,"[377, 367, 355, 375, 340, 350, 334, 371]","[383, 388, 457, 405, 468, 436, 322, 363]",[],"{""ordinary"": 8}"
beads2,366,381,stable_ordinary,ordinary,0.9304029304029304,0.927007299270073,0.9338235294117647,"[364, 351, 354, 342, 356, 374, 331, 358]","[406, 395, 408, 411, 343, 497, 418, 413]",[],"{""ordinary"": 8}"
beads2,367,388,stable_ordinary,ordinary,0.895040369088812,0.8899082568807339,0.9002320185614849,"[371, 365, 350, 357, 377, 340, 355, 359]","[363, 436, 436, 431, 383, 468, 457, 365]",[],"{""ordinary"": 8}"
beads2,368,426,stable_ordinary,ordinary,0.9804372842347526,0.9793103448275862,0.9815668202764977,"[374, 358, 376, 361, 349, 335, 364, 373]","[497, 413, 553, 434, 435, 347, 406, 436]",[],"{""ordinary"": 8}"
beads2,369,459,stable_ordinary,ordinary,1.1984334203655354,1.1984334203655354,1.1984334203655354,"[381, 375, 360, 378, 346, 355, 377, 338]","[265, 405, 409, 379, 372, 457, 383, 383]",[],"{""ordinary"": 8}"
beads2,371,363,stable_ordinary,ordinary,0.8864468864468864,0.8422273781902552,0.9355670103092784,"[357, 367, 359, 350, 365, 362, 377, 336]","[431, 388, 365, 436, 436, 344, 383, 457]",[],"{""ordinary"": 8}"
beads2,372,393,stable_ordinary,ordinary,0.9974619289340102,0.960880195599022,1.036939313984169,"[382, 363, 379, 378, 352, 360, 341, 373]","[234, 480, 331, 379, 457, 409, 370, 436]",[],"{""ordinary"": 8}"
beads2,373,436,stable_ordinary,ordinary,1.056969696969697,1.0092592592592593,1.10941475826972,"[385, 379, 376, 361, 353, 363, 339, 372]","[172, 331, 553, 434, 432, 480, 357, 393]",[385],"{""ordinary"": 8}"
beads2,374,497,stable_ordinary,ordinary,1.1847437425506555,1.1666666666666667,1.2033898305084745,"[368, 358, 364, 349, 366, 342, 376, 361]","[426, 413, 406, 435, 381, 411, 553, 434]",[],"{""ordinary"": 8}"
beads2,375,405,stable_ordinary,ordinary,1.0505836575875487,1.0438144329896908,1.0574412532637076,"[377, 369, 355, 381, 365, 346, 378, 367]","[383, 459, 457, 265, 436, 372, 379, 388]",[],"{""ordinary"": 8}"
beads2,376,553,stable_ordinary,ordinary,1.2771362586605082,1.2741935483870968,1.2800925925925926,"[361, 373, 385, 368, 349, 374, 353, 379]","[434, 436, 172, 426, 435, 497, 432, 331]",[385],"{""ordinary"": 8}"
beads2,377,383,stable_ordinary,ordinary,0.9108204518430439,0.8784403669724771,0.945679012345679,"[365, 375, 367, 355, 369, 381, 371, 350]","[436, 405, 388, 457, 459, 265, 363, 436]",[],"{""ordinary"": 8}"
beads2,378,379,stable_ordinary,ordinary,0.949874686716792,0.9358024691358025,0.9643765903307888,"[381, 360, 372, 369, 382, 352, 375, 379]","[265, 409, 393, 459, 234, 457, 405, 331]",[],"{""ordinary"": 8}"
beads2,379,331,stable_ordinary,ordinary,0.7626728110599078,0.7591743119266054,0.7662037037037037,"[382, 363, 372, 373, 385, 353, 376, 352]","[234, 480, 393, 436, 172, 432, 553, 457]",[385],"{""ordinary"": 8}"
beads2,381,265,stable_ordinary,ordinary,0.6641604010025063,0.654320987654321,0.6743002544529262,"[378, 369, 375, 360, 377, 372, 382, 355]","[379, 459, 405, 409, 383, 393, 234, 457]",[],"{""ordinary"": 8}"
beads2,382,234,stable_ordinary,ordinary,0.6062176165803109,0.5954198473282443,0.6174142480211082,"[379, 372, 378, 363, 385, 373, 360, 381]","[331, 393, 379, 480, 172, 436, 409, 265]",[385],"{""ordinary"": 8}"
beads2,394,273,stable_ordinary,ordinary,0.9732620320855615,0.9715302491103203,0.975,"[203, 188, 192, 195, 207, 213, 204, 182]","[397, 286, 258, 280, 281, 232, 347, 272]",[],"{""ordinary"": 8}"
beads2,395,332,stable_ordinary,ordinary,1.2551984877126654,1.2342007434944238,1.2769230769230768,"[222, 230, 209, 233, 212, 227, 217, 239]","[260, 143, 420, 334, 259, 269, 260, 275]",[230],"{""ordinary"": 8}"
beads3,6,312,stable_ordinary,ordinary,0.9842271293375394,0.9258160237388724,1.0505050505050506,"[17, 9, 45, 29, 16, 59, 44, 14]","[352, 250, 290, 297, 590, 463, 337, 289]",[],"{""ordinary"": 8}"
beads3,9,250,stable_ordinary,ordinary,0.8517887563884157,0.8417508417508418,0.8620689655172413,"[29, 6, 14, 45, 11, 17, 46, 30]","[297, 312, 289, 290, 253, 352, 330, 260]",[],"{""ordinary"": 8}"
beads3,11,253,stable_ordinary,ordinary,0.8070175438596491,0.7666666666666667,0.8518518518518519,"[30, 14, 19, 46, 52, 29, 9, 18]","[260, 289, 450, 330, 384, 297, 250, 346]",[],"{""ordinary"": 8}"
beads3,13,245,stable_ordinary,ordinary,0.7010014306151645,0.6767955801104972,0.7270029673590505,"[24, 33, 16, 8, 54, 44, 28, 79]","[362, 299, 590, 190, 463, 337, 413, 326]",[8],"{""ordinary"": 8}"
beads3,14,289,stable_ordinary,ordinary,0.9846678023850085,0.9730639730639731,0.996551724137931,"[11, 29, 46, 30, 9, 57, 19, 45]","[253, 297, 330, 260, 250, 366, 450, 290]",[],"{""ordinary"": 8}"
beads3,16,590,stable_ordinary,ordinary,1.779788838612368,1.7507418397626113,1.8098159509202454,"[33, 17, 13, 44, 6, 24, 79, 54]","[299, 352, 245, 337, 312, 362, 326, 463]",[],"{""ordinary"": 8}"
beads3,17,352,stable_ordinary,ordinary,1.0847457627118644,1.0445103857566767,1.1282051282051282,"[6, 44, 16, 45, 59, 33, 29, 73]","[312, 337, 590, 290, 463, 299, 297, 621]",[],"{""ordinary"": 8}"
beads3,18,346,stable_ordinary,ordinary,1.1610738255033557,1.0516717325227964,1.2958801498127341,"[32, 19, 52, 65, 55, 30, 78, 20]","[254, 450, 384, 267, 329, 260, 607, 188]",[],"{""ordinary"": 8}"
beads3,19,450,stable_ordinary,ordinary,1.618705035971223,1.5570934256055364,1.6853932584269662,"[30, 18, 11, 52, 32, 14, 65, 46]","[260, 346, 253, 384, 254, 289, 267, 330]",[],"{""ordinary"": 8}"
beads3,20,188,stable_ordinary,ordinary,0.5968253968253968,0.5714285714285714,0.6245847176079734,"[41, 32, 36, 55, 63, 18, 76, 465]","[330, 254, 301, 329, 224, 346, 177, 424]",[],"{""ordinary"": 8}"
beads3,24,362,stable_ordinary,ordinary,1.052325581395349,1.0254957507082152,1.0805970149253732,"[13, 8, 33, 54, 28, 16, 61, 75]","[245, 190, 299, 463, 413, 590, 335, 353]",[8],"{""ordinary"": 8}"
beads3,28,413,stable_ordinary,ordinary,1.1361760660247593,1.1315068493150684,1.1408839779005524,"[8, 43, 24, 61, 463, 13, 54, 48]","[190, 478, 362, 335, 370, 245, 463, 365]",[8],"{""ordinary"": 8}"
beads3,29,297,stable_ordinary,ordinary,0.9867109634551495,0.9519230769230769,1.0241379310344827,"[14, 45, 9, 46, 57, 6, 11, 17]","[289, 290, 250, 330, 366, 312, 253, 352]",[],"{""ordinary"": 8}"
beads3,30,260,stable_ordinary,ordinary,0.7692307692307693,0.7514450867052023,0.7878787878787878,"[11, 19, 52, 46, 14, 74, 18, 29]","[253, 450, 384, 330, 289, 398, 346, 297]",[],"{""ordinary"": 8}"
beads3,32,254,stable_ordinary,ordinary,0.8063492063492064,0.7720364741641338,0.8438538205980066,"[20, 18, 55, 41, 65, 19, 76, 36]","[188, 346, 329, 330, 267, 450, 177, 301]",[],"{""ordinary"": 8}"
beads3,33,299,stable_ordinary,ordinary,0.8679245283018868,0.8494318181818182,0.887240356083086,"[13, 16, 54, 24, 44, 79, 17, 8]","[245, 590, 463, 362, 337, 326, 352, 190]",[8],"{""ordinary"": 8}"
beads3,36,301,stable_ordinary,ordinary,1.1599229287090558,1.0203389830508474,1.34375,"[465, 63, 41, 20, 76, 82, 88, 53]","[424, 224, 330, 188, 177, 173, 481, 295]",[],"{""ordinary"": 8}"
beads3,41,330,stable_ordinary,ordinary,1.3807531380753137,1.2992125984251968,1.4732142857142858,"[20, 36, 55, 63, 76, 32, 82, 465]","[188, 301, 329, 224, 177, 254, 173, 424]",[],"{""ordinary"": 8}"
beads3,42,332,stable_ordinary,ordinary,1.2943469785575048,1.2720306513409962,1.3174603174603174,"[60, 47, 48, 66, 70, 86, 463, 95]","[252, 151, 365, 261, 335, 234, 370, 209]",[],"{""ordinary"": 8}"
beads3,43,478,stable_ordinary,ordinary,1.2884097035040432,1.2849462365591398,1.2918918918918918,"[463, 61, 48, 28, 81, 66, 90, 464]","[370, 335, 365, 413, 372, 261, 508, 458]",[],"{""ordinary"": 8}"
beads3,44,337,stable_ordinary,ordinary,0.8269938650306748,0.7278617710583153,0.9573863636363636,"[59, 17, 79, 33, 16, 45, 54, 73]","[463, 352, 326, 299, 590, 290, 463, 621]",[],"{""ordinary"": 8}"
beads3,45,290,stable_ordinary,ordinary,0.841799709724238,0.8238636363636364,0.8605341246290801,"[29, 59, 73, 57, 17, 6, 44, 46]","[297, 463, 621, 366, 352, 312, 337, 330]",[],"{""ordinary"": 8}"
beads3,46,330,stable_ordinary,ordinary,1.0628019323671498,1.0185185185185186,1.1111111111111112,"[30, 57, 74, 14, 29, 11, 52, 87]","[260, 366, 398, 289, 297, 253, 384, 324]",[],"{""ordinary"": 8}"
beads3,47,151,threshold_sensitive,ordinary,0.5092748735244519,0.45481927710843373,0.578544061302682,"[70, 42, 60, 72, 86, 462, 66, 48]","[335, 332, 252, 259, 234, 427, 261, 365]",[],"{""ordinary"": 4, ""small"": 4}"
beads3,48,365,stable_ordinary,ordinary,1.2310286677908937,1.0993975903614457,1.3984674329501916,"[463, 66, 43, 42, 81, 60, 93, 95]","[370, 261, 478, 332, 372, 252, 197, 209]",[],"{""ordinary"": 8}"
beads3,51,189,stable_ordinary,ordinary,0.6310517529215359,0.6217105263157895,0.6406779661016949,"[68, 53, 71, 94, 77, 89, 100, 465]","[251, 295, 304, 260, 337, 314, 282, 424]",[],"{""ordinary"": 8}"
beads3,52,384,stable_ordinary,ordinary,1.136094674556213,1.1098265895953756,1.1636363636363636,"[30, 78, 18, 19, 74, 65, 46, 11]","[260, 607, 346, 450, 398, 267, 330, 253]",[],"{""ordinary"": 8}"
beads3,53,295,stable_ordinary,ordinary,1.006825938566553,0.9703947368421053,1.0460992907801419,"[68, 77, 51, 465, 71, 100, 88, 94]","[251, 337, 189, 424, 304, 282, 481, 260]",[],"{""ordinary"": 8}"
beads3,54,463,stable_ordinary,ordinary,1.4009077155824508,1.382089552238806,1.4202453987730062,"[33, 75, 79, 24, 80, 13, 61, 44]","[299, 353, 326, 362, 320, 245, 335, 337]",[],"{""ordinary"": 8}"
beads3,55,329,stable_ordinary,ordinary,1.146341463414634,1.0716612377850163,1.2322097378277153,"[65, 32, 41, 84, 76, 18, 20, 91]","[267, 254, 330, 307, 177, 346, 188, 328]",[],"{""ordinary"": 8}"
beads3,57,366,stable_ordinary,ordinary,1.1192660550458715,1.1090909090909091,1.1296296296296295,"[73, 46, 87, 45, 29, 74, 59, 14]","[621, 330, 324, 290, 297, 398, 463, 289]",[],"{""ordinary"": 8}"
beads3,59,463,stable_ordinary,ordinary,1.3439767779390421,1.3153409090909092,1.3738872403560831,"[73, 44, 45, 17, 79, 57, 6, 16]","[621, 337, 290, 352, 326, 366, 312, 590]",[],"{""ordinary"": 8}"
beads3,60,252,stable_ordinary,ordinary,1.018181818181818,0.9655172413793104,1.0769230769230769,"[42, 86, 66, 70, 47, 95, 48, 93]","[332, 234, 261, 335, 151, 209, 365, 197]",[],"{""ordinary"": 8}"
beads3,61,335,stable_ordinary,ordinary,0.7692307692307693,0.7314410480349345,0.8111380145278451,"[90, 75, 43, 28, 54, 464, 24, 81]","[508, 353, 478, 413, 463, 458, 362, 372]",[],"{""ordinary"": 8}"
beads3,63,224,stable_ordinary,ordinary,0.6798179059180577,0.6787878787878788,0.6808510638297872,"[82, 36, 465, 76, 41, 88, 77, 55]","[173, 301, 424, 177, 330, 481, 337, 329]",[],"{""ordinary"": 8}"
beads3,65,267,stable_ordinary,ordinary,0.7911111111111111,0.7716763005780347,0.8115501519756839,"[91, 78, 55, 84, 18, 52, 97, 32]","[328, 607, 329, 307, 346, 384, 420, 254]",[],"{""ordinary"": 8}"
beads3,66,261,stable_ordinary,ordinary,0.8938356164383562,0.786144578313253,1.0357142857142858,"[81, 93, 48, 95, 60, 42, 86, 43]","[372, 197, 365, 209, 252, 332, 234, 478]",[],"{""ordinary"": 8}"
beads3,68,251,stable_ordinary,ordinary,0.8380634390651085,0.8256578947368421,0.8508474576271187,"[51, 53, 94, 71, 77, 100, 89, 465]","[189, 295, 260, 304, 337, 282, 314, 424]",[],"{""ordinary"": 8}"
beads3,70,335,stable_ordinary,ordinary,1.2617702448210923,1.2316176470588236,1.2934362934362935,"[47, 72, 60, 86, 462, 42, 436, 466]","[151, 259, 252, 234, 427, 332, 294, 272]",[],"{""ordinary"": 8}"
beads3,71,304,stable_ordinary,ordinary,1.121771217712177,1.0780141843971631,1.1692307692307693,"[89, 94, 51, 68, 121, 92, 100, 113]","[314, 260, 189, 251, 288, 351, 282, 248]",[],"{""ordinary"": 8}"
beads3,72,259,stable_ordinary,ordinary,0.9151943462897526,0.8809523809523809,0.9522058823529411,"[462, 436, 70, 101, 466, 86, 47, 60]","[427, 294, 335, 327, 272, 234, 151, 252]",[],"{""ordinary"": 8}"
beads3,73,621,stable_ordinary,ordinary,1.8620689655172413,1.8427299703264095,1.8818181818181818,"[59, 57, 45, 87, 29, 44, 17, 46]","[463, 366, 290, 324, 297, 337, 352, 330]",[],"{""ordinary"": 8}"
beads3,74,398,stable_ordinary,ordinary,1.217125382262997,1.206060606060606,1.228395061728395,"[46, 52, 87, 78, 30, 57, 65, 14]","[330, 384, 324, 607, 260, 366, 267, 289]",[],"{""ordinary"": 8}"
beads3,75,353,stable_ordinary,ordinary,1.0129124820659972,0.9751381215469613,1.0537313432835822,"[80, 61, 90, 54, 79, 24, 43, 33]","[320, 335, 508, 463, 326, 362, 478, 299]",[],"{""ordinary"": 8}"
beads3,76,177,stable_ordinary,ordinary,0.5388127853881278,0.5379939209726444,0.5396341463414634,"[82, 97, 84, 63, 55, 41, 88, 91]","[173, 420, 307, 224, 329, 330, 481, 328]",[],"{""ordinary"": 8}"
beads3,77,337,stable_ordinary,ordinary,1.168110918544194,1.1423728813559322,1.1950354609929077,"[53, 88, 465, 68, 100, 112, 51, 94]","[295, 481, 424, 251, 282, 358, 189, 260]",[],"{""ordinary"": 8}"
beads3,78,607,stable_ordinary,ordinary,1.84779299847793,1.844984802431611,1.850609756097561,"[65, 91, 52, 74, 84, 18, 30, 55]","[267, 328, 384, 398, 307, 346, 260, 329]",[],"{""ordinary"": 8}"
beads3,79,326,stable_ordinary,ordinary,0.924822695035461,0.9235127478753541,0.9261363636363636,"[44, 80, 54, 33, 59, 75, 16, 17]","[337, 320, 463, 299, 463, 353, 590, 352]",[],"{""ordinary"": 8}"
beads3,80,320,stable_ordinary,ordinary,0.927536231884058,0.9065155807365439,0.9495548961424333,"[75, 79, 54, 90, 61, 33, 44, 24]","[353, 326, 463, 508, 335, 299, 337, 362]",[],"{""ordinary"": 8}"
beads3,81,372,stable_ordinary,ordinary,1.1884984025559104,1.0191780821917809,1.4252873563218391,"[93, 66, 464, 48, 95, 43, 60, 463]","[197, 261, 458, 365, 209, 478, 252, 370]",[],"{""ordinary"": 8}"
beads3,82,173,stable_ordinary,ordinary,0.5250379362670713,0.5242424242424243,0.5258358662613982,"[76, 63, 97, 84, 88, 41, 55, 465]","[177, 224, 420, 307, 481, 330, 329, 424]",[],"{""ordinary"": 8}"
beads3,84,307,stable_ordinary,ordinary,0.9345509893455098,0.9331306990881459,0.9359756097560976,"[97, 91, 76, 65, 55, 82, 78, 41]","[420, 328, 177, 267, 329, 173, 607, 330]",[],"{""ordinary"": 8}"
beads3,85,220,stable_ordinary,ordinary,0.7445008460236887,0.672782874617737,0.8333333333333334,"[108, 101, 462, 130, 118, 131, 134, 72]","[264, 327, 427, 257, 387, 258, 408, 259]",[],"{""ordinary"": 8}"
beads3,86,234,stable_ordinary,ordinary,0.8813559322033898,0.8602941176470589,0.9034749034749034,"[60, 95, 466, 122, 70, 436, 72, 124]","[252, 209, 272, 683, 335, 294, 259, 251]",[],"{""ordinary"": 8}"
beads3,87,324,stable_ordinary,ordinary,0.8481675392670157,0.8140703517587939,0.8852459016393442,"[57, 74, 73, 46, 45, 78, 29, 59]","[366, 398, 621, 330, 290, 607, 297, 463]",[],"{""ordinary"": 8}"
beads3,88,481,stable_ordinary,ordinary,1.6500857632933104,1.5980066445182723,1.7056737588652482,"[77, 112, 63, 465, 82, 100, 76, 36]","[337, 358, 224, 424, 173, 282, 177, 301]",[],"{""ordinary"": 8}"
beads3,89,314,stable_ordinary,ordinary,1.1438979963570128,1.0902777777777777,1.2030651340996168,"[71, 113, 92, 94, 121, 114, 68, 128]","[304, 248, 351, 260, 288, 334, 251, 261]",[],"{""ordinary"": 8}"
beads3,90,508,stable_ordinary,ordinary,1.4013793103448275,1.3655913978494623,1.4390934844192635,"[61, 75, 464, 80, 43, 81, 54, 93]","[335, 353, 458, 320, 478, 372, 463, 197]",[],"{""ordinary"": 8}"
beads3,91,328,stable_ordinary,ordinary,0.9718518518518519,0.9479768786127167,0.9969604863221885,"[65, 84, 78, 97, 55, 76, 52, 18]","[267, 307, 607, 420, 329, 177, 384, 346]",[],"{""ordinary"": 8}"
beads3,92,351,stable_ordinary,ordinary,1.1377633711507293,1.125,1.1508196721311474,"[114, 113, 89, 138, 117, 141, 71, 121]","[334, 248, 314, 335, 305, 312, 304, 288]",[],"{""ordinary"": 8}"
beads3,93,197,stable_ordinary,ordinary,0.6293929712460063,0.5397260273972603,0.7547892720306514,"[81, 95, 66, 464, 124, 122, 48, 86]","[372, 209, 261, 458, 251, 683, 365, 234]",[],"{""ordinary"": 8}"
beads3,94,260,stable_ordinary,ordinary,0.9122807017543859,0.9027777777777778,0.9219858156028369,"[71, 100, 68, 121, 89, 128, 51, 129]","[304, 282, 251, 288, 314, 261, 189, 352]",[],"{""ordinary"": 8}"
beads3,95,209,stable_ordinary,ordinary,0.8148148148148148,0.8007662835249042,0.8293650793650794,"[93, 86, 124, 66, 122, 60, 81, 466]","[197, 234, 251, 261, 683, 252, 372, 272]",[],"{""ordinary"": 8}"
beads3,97,420,stable_ordinary,ordinary,1.4634146341463414,1.3680781758957654,1.5730337078651686,"[84, 76, 82, 91, 55, 65, 63, 41]","[307, 177, 173, 328, 329, 267, 224, 330]",[],"{""ordinary"": 8}"
beads3,100,282,stable_ordinary,ordinary,0.9024,0.8367952522255193,0.9791666666666666,"[129, 112, 94, 128, 77, 68, 121, 88]","[352, 358, 260, 261, 337, 251, 288, 481]",[],"{""ordinary"": 8}"
beads3,101,327,stable_ordinary,ordinary,1.2504780114722753,1.2386363636363635,1.2625482625482625,"[131, 462, 108, 436, 72, 85, 137, 130]","[258, 427, 264, 294, 259, 220, 285, 257]",[],"{""ordinary"": 8}"
beads3,108,264,stable_ordinary,ordinary,0.9025641025641026,0.8073394495412844,1.0232558139534884,"[85, 130, 101, 131, 118, 134, 462, 151]","[220, 257, 327, 258, 387, 408, 427, 251]",[],"{""ordinary"": 8}"
beads3,112,358,stable_ordinary,ordinary,1.1567043618739903,1.0623145400593472,1.2695035460992907,"[100, 88, 129, 77, 128, 68, 94, 465]","[282, 481, 352, 337, 261, 251, 260, 424]",[],"{""ordinary"": 8}"
beads3,113,248,stable_ordinary,ordinary,0.7666151468315301,0.7447447447447447,0.7898089171974523,"[92, 89, 114, 121, 138, 145, 141, 94]","[351, 314, 334, 288, 335, 333, 312, 260]",[],"{""ordinary"": 8}"
beads3,114,334,stable_ordinary,ordinary,1.0670926517571886,1.0636942675159236,1.0705128205128205,"[92, 141, 113, 117, 138, 89, 136, 149]","[351, 312, 248, 305, 335, 314, 268, 366]",[],"{""ordinary"": 8}"
beads3,117,305,stable_ordinary,ordinary,0.9118086696562033,0.9104477611940298,0.9131736526946108,"[141, 136, 114, 149, 92, 138, 142, 147]","[312, 268, 334, 366, 351, 335, 241, 358]",[],"{""ordinary"": 8}"
beads3,118,387,stable_ordinary,ordinary,1.5236220472440944,1.5058365758754864,1.5418326693227091,"[134, 108, 130, 152, 85, 151, 146, 131]","[408, 264, 257, 230, 220, 251, 124, 258]",[146],"{""ordinary"": 8}"
beads3,121,288,stable_ordinary,ordinary,0.9829351535836177,0.9473684210526315,1.0212765957446808,"[128, 113, 144, 94, 89, 145, 100, 71]","[261, 248, 351, 260, 314, 333, 282, 304]",[],"{""ordinary"": 8}"
beads3,122,683,persistent_large,large,2.7157057654075545,2.7103174603174605,2.7211155378486054,"[124, 466, 95, 86, 436, 93, 137, 60]","[251, 272, 209, 234, 294, 197, 285, 252]",[],"{""large"": 8}"
beads3,124,251,stable_ordinary,ordinary,0.9418386491557224,0.9227941176470589,0.9616858237547893,"[122, 95, 466, 93, 86, 66, 81, 436]","[683, 209, 272, 197, 234, 261, 372, 294]",[],"{""ordinary"": 8}"
beads3,128,261,stable_ordinary,ordinary,0.8068006182380216,0.7837837837837838,0.8312101910828026,"[129, 144, 121, 100, 94, 145, 112, 89]","[352, 351, 288, 282, 260, 333, 358, 314]",[],"{""ordinary"": 8}"
beads3,129,352,stable_ordinary,ordinary,1.1264,1.0445103857566767,1.2222222222222223,"[128, 100, 112, 144, 94, 121, 77, 88]","[261, 282, 358, 351, 260, 288, 337, 481]",[],"{""ordinary"": 8}"
beads3,130,257,stable_ordinary,ordinary,0.8970331588132635,0.8317152103559871,0.9734848484848485,"[108, 151, 131, 134, 154, 152, 101, 118]","[264, 251, 258, 408, 309, 230, 327, 387]",[],"{""ordinary"": 8}"
beads3,131,258,stable_ordinary,ordinary,0.8911917098445595,0.8775510204081632,0.9052631578947369,"[137, 130, 101, 150, 154, 108, 151, 436]","[285, 257, 327, 338, 309, 264, 251, 294]",[],"{""ordinary"": 8}"
beads3,134,408,stable_ordinary,ordinary,1.6062992125984252,1.5875486381322956,1.6254980079681276,"[118, 152, 130, 151, 108, 438, 162, 85]","[387, 230, 257, 251, 264, 547, 205, 220]",[],"{""ordinary"": 8}"
beads3,136,268,stable_ordinary,ordinary,0.7745664739884393,0.7486033519553073,0.8023952095808383,"[149, 117, 141, 147, 142, 114, 158, 170]","[366, 305, 312, 358, 241, 334, 387, 385]",[],"{""ordinary"": 8}"
beads3,137,285,stable_ordinary,ordinary,1.0070671378091873,0.9693877551020408,1.0477941176470589,"[150, 131, 436, 154, 101, 466, 130, 72]","[338, 258, 294, 309, 327, 272, 257, 259]",[],"{""ordinary"": 8}"
beads3,138,335,stable_ordinary,ordinary,1.0387596899224807,1.006006006006006,1.0737179487179487,"[145, 157, 158, 141, 113, 114, 121, 92]","[333, 250, 387, 312, 248, 334, 288, 351]",[],"{""ordinary"": 8}"
beads3,141,312,stable_ordinary,ordinary,0.9327354260089686,0.9313432835820895,0.9341317365269461,"[117, 114, 149, 136, 138, 158, 113, 92]","[305, 334, 366, 268, 335, 387, 248, 351]",[],"{""ordinary"": 8}"
beads3,142,241,stable_ordinary,ordinary,0.765079365079365,0.7578616352201258,0.7724358974358975,"[147, 155, 136, 169, 149, 117, 459, 141]","[358, 305, 268, 324, 366, 305, 318, 312]",[],"{""ordinary"": 8}"
beads3,144,351,stable_ordinary,ordinary,1.278688524590164,1.21875,1.3448275862068966,"[145, 128, 121, 157, 129, 138, 113, 94]","[333, 261, 288, 250, 352, 335, 248, 260]",[],"{""ordinary"": 8}"
beads3,145,333,stable_ordinary,ordinary,1.0707395498392283,0.9970059880239521,1.15625,"[144, 157, 138, 121, 113, 128, 158, 114]","[351, 250, 335, 288, 248, 261, 387, 334]",[],"{""ordinary"": 8}"
beads3,147,358,stable_ordinary,ordinary,1.1492776886035314,1.1257861635220126,1.1737704918032787,"[142, 169, 136, 149, 155, 170, 459, 117]","[241, 324, 268, 366, 305, 385, 318, 305]",[],"{""ordinary"": 8}"
beads3,149,366,stable_ordinary,ordinary,1.0925373134328358,1.0223463687150838,1.1730769230769231,"[136, 141, 147, 158, 117, 170, 142, 167]","[268, 312, 358, 387, 305, 385, 241, 377]",[],"{""ordinary"": 8}"
beads3,150,338,stable_ordinary,ordinary,1.1675302245250432,1.1496598639455782,1.1859649122807017,"[154, 137, 131, 151, 130, 436, 101, 163]","[309, 285, 258, 251, 257, 294, 327, 522]",[],"{""ordinary"": 8}"
beads3,151,251,stable_ordinary,ordinary,0.8853615520282186,0.8122977346278317,0.9728682170542635,"[154, 130, 152, 163, 134, 162, 131, 150]","[309, 257, 230, 522, 408, 205, 258, 338]",[],"{""ordinary"": 8}"
beads3,152,230,stable_ordinary,ordinary,0.6609195402298851,0.5943152454780362,0.7443365695792881,"[134, 151, 162, 438, 130, 163, 118, 154]","[408, 251, 205, 547, 257, 522, 387, 309]",[],"{""ordinary"": 8}"
beads3,154,309,stable_ordinary,ordinary,1.2,1.197674418604651,1.2023346303501945,"[150, 151, 131, 130, 163, 137, 152, 162]","[338, 251, 258, 257, 522, 285, 230, 205]",[],"{""ordinary"": 8}"
beads3,155,305,stable_ordinary,ordinary,1.0409556313993173,0.9591194968553459,1.1380597014925373,"[459, 142, 169, 147, 174, 460, 175, 136]","[318, 241, 324, 358, 267, 388, 238, 268]",[],"{""ordinary"": 8}"
beads3,157,250,stable_ordinary,ordinary,0.7485029940119761,0.746268656716418,0.7507507507507507,"[145, 158, 138, 144, 167, 141, 113, 121]","[333, 387, 335, 351, 377, 312, 248, 288]",[],"{""ordinary"": 8}"
beads3,158,387,stable_ordinary,ordinary,1.15695067264574,1.155223880597015,1.158682634730539,"[157, 138, 167, 141, 149, 145, 170, 114]","[250, 335, 377, 312, 366, 333, 385, 334]",[],"{""ordinary"": 8}"
beads3,162,205,stable_ordinary,ordinary,0.6278713629402757,0.6047197640117994,0.6528662420382165,"[163, 152, 180, 438, 151, 154, 172, 134]","[522, 230, 339, 547, 251, 309, 314, 408]",[],"{""ordinary"": 8}"
beads3,163,522,threshold_sensitive,ordinary,1.8445229681978799,1.6893203883495145,2.0311284046692606,"[162, 151, 154, 152, 180, 438, 150, 130]","[205, 251, 309, 230, 339, 547, 338, 257]",[],"{""ordinary"": 4, ""large"": 4}"
beads3,167,377,stable_ordinary,ordinary,1.0756062767475036,1.030054644808743,1.1253731343283582,"[170, 158, 467, 149, 157, 176, 183, 138]","[385, 387, 458, 366, 250, 251, 197, 335]",[],"{""ordinary"": 8}"
beads3,169,324,stable_ordinary,ordinary,1.0401284109149278,1.0188679245283019,1.062295081967213,"[147, 176, 174, 459, 155, 170, 142, 467]","[358, 251, 267, 318, 305, 385, 241, 458]",[],"{""ordinary"": 8}"
beads3,170,385,stable_ordinary,ordinary,1.0635359116022098,1.0519125683060109,1.0754189944134078,"[167, 467, 176, 169, 149, 147, 158, 183]","[377, 458, 251, 324, 366, 358, 387, 197]",[],"{""ordinary"": 8}"
beads3,172,314,stable_ordinary,ordinary,1.066213921901528,0.9262536873156342,1.256,"[179, 173, 438, 182, 180, 437, 442, 162]","[234, 495, 547, 198, 339, 359, 250, 205]",[],"{""ordinary"": 8}"
beads3,173,495,stable_ordinary,ordinary,1.6282894736842106,1.5764331210191083,1.683673469387755,"[179, 172, 187, 181, 437, 182, 442, 439]","[234, 314, 294, 341, 359, 198, 250, 316]",[],"{""ordinary"": 8}"
beads3,174,267,stable_ordinary,ordinary,0.8317757009345794,0.8240740740740741,0.839622641509434,"[176, 175, 185, 169, 459, 183, 467, 447]","[251, 238, 341, 324, 318, 197, 458, 335]",[],"{""ordinary"": 8}"
beads3,175,238,stable_ordinary,ordinary,0.7041420118343196,0.6979472140762464,0.7104477611940299,"[174, 461, 447, 459, 460, 185, 184, 176]","[267, 398, 335, 318, 388, 341, 342, 251]",[],"{""ordinary"": 8}"
beads3,176,251,stable_ordinary,ordinary,0.7819314641744548,0.7746913580246914,0.789308176100629,"[467, 174, 183, 169, 170, 185, 175, 459]","[458, 267, 197, 324, 385, 341, 238, 318]",[],"{""ordinary"": 8}"
beads3,179,234,stable_ordinary,ordinary,0.7428571428571429,0.740506329113924,0.7452229299363057,"[173, 442, 182, 172, 187, 439, 181, 189]","[495, 250, 198, 314, 294, 316, 341, 387]",[],"{""ordinary"": 8}"
beads3,180,339,stable_ordinary,ordinary,1.202127659574468,1.0796178343949046,1.356,"[162, 182, 172, 438, 163, 189, 179, 442]","[205, 198, 314, 547, 522, 387, 234, 250]",[],"{""ordinary"": 8}"
beads3,181,341,stable_ordinary,ordinary,1.2536764705882353,1.1598639455782314,1.364,"[187, 192, 173, 439, 179, 440, 442, 198]","[294, 367, 495, 316, 234, 185, 250, 175]",[],"{""ordinary"": 8}"
beads3,182,198,stable_ordinary,ordinary,0.6285714285714286,0.6265822784810127,0.6305732484076433,"[442, 189, 179, 172, 180, 443, 173, 439]","[250, 387, 234, 314, 339, 296, 495, 316]",[],"{""ordinary"": 8}"
beads3,183,197,stable_ordinary,ordinary,0.5487465181058496,0.5225464190981433,0.5777126099706745,"[467, 176, 185, 174, 190, 170, 169, 167]","[458, 251, 341, 267, 399, 385, 324, 377]",[],"{""ordinary"": 8}"
beads3,184,342,stable_ordinary,ordinary,1.163265306122449,1.0926517571884984,1.2436363636363637,"[461, 195, 447, 186, 448, 191, 175, 460]","[398, 275, 335, 210, 313, 165, 238, 388]",[],"{""ordinary"": 8}"
beads3,185,341,stable_ordinary,ordinary,1.1758620689655173,1.0894568690095847,1.2771535580524345,"[190, 174, 447, 183, 176, 175, 448, 467]","[399, 267, 335, 197, 251, 238, 313, 458]",[],"{""ordinary"": 8}"
beads3,186,210,stable_ordinary,ordinary,0.7678244972577697,0.7636363636363637,0.7720588235294118,"[191, 193, 195, 197, 184, 200, 449, 461]","[165, 179, 275, 187, 342, 272, 279, 398]",[],"{""ordinary"": 8}"
beads3,187,294,stable_ordinary,ordinary,1.03886925795053,0.930379746835443,1.176,"[439, 181, 179, 192, 173, 440, 442, 198]","[316, 341, 234, 367, 495, 185, 250, 175]",[],"{""ordinary"": 8}"
beads3,189,387,stable_ordinary,ordinary,1.2688524590163934,1.232484076433121,1.3074324324324325,"[182, 442, 443, 180, 196, 179, 439, 172]","[198, 250, 296, 339, 364, 234, 316, 314]",[],"{""ordinary"": 8}"
beads3,190,399,stable_ordinary,ordinary,1.2314814814814814,1.191044776119403,1.2747603833865815,"[185, 448, 447, 183, 199, 174, 175, 184]","[341, 313, 335, 197, 570, 267, 238, 342]",[],"{""ordinary"": 8}"
beads3,191,165,stable_ordinary,ordinary,0.603290676416819,0.6,0.6066176470588235,"[186, 193, 197, 195, 449, 184, 200, 202]","[210, 179, 187, 275, 279, 342, 272, 344]",[],"{""ordinary"": 8}"
beads3,192,367,stable_ordinary,ordinary,1.20327868852459,1.1613924050632911,1.248299319727891,"[440, 187, 181, 198, 439, 203, 205, 196]","[185, 294, 341, 175, 316, 499, 282, 364]",[],"{""ordinary"": 8}"
beads3,193,179,stable_ordinary,ordinary,0.7117296222664016,0.6580882352941176,0.7748917748917749,"[191, 197, 186, 202, 449, 450, 195, 200]","[165, 187, 210, 344, 279, 231, 275, 272]",[],"{""ordinary"": 8}"
beads3,195,275,stable_ordinary,ordinary,0.9401709401709402,0.8785942492012779,1.0110294117647058,"[184, 200, 448, 186, 199, 191, 197, 447]","[342, 272, 313, 210, 570, 165, 187, 335]",[],"{""ordinary"": 8}"
beads3,196,364,stable_ordinary,ordinary,1.259515570934256,1.2297297297297298,1.2907801418439717,"[443, 439, 206, 442, 198, 189, 440, 205]","[296, 316, 552, 250, 175, 387, 185, 282]",[],"{""ordinary"": 8}"
beads3,197,187,stable_ordinary,ordinary,0.7435387673956262,0.6875,0.8095238095238095,"[449, 191, 193, 186, 200, 202, 195, 450]","[279, 165, 179, 210, 272, 344, 275, 231]",[],"{""ordinary"": 8}"
beads3,198,175,threshold_sensitive,ordinary,0.5147058823529411,0.4807692307692308,0.5537974683544303,"[440, 205, 203, 439, 192, 196, 206, 444]","[185, 282, 499, 316, 367, 364, 552, 273]",[],"{""small"": 4, ""ordinary"": 4}"
beads3,199,570,threshold_sensitive,ordinary,1.9387755102040816,1.8210862619808306,2.0727272727272728,"[200, 448, 195, 209, 208, 190, 197, 184]","[272, 313, 275, 257, 410, 399, 187, 342]",[],"{""ordinary"": 4, ""large"": 4}"
beads3,200,272,stable_ordinary,ordinary,0.9819494584837545,0.974910394265233,0.9890909090909091,"[199, 195, 208, 197, 449, 209, 191, 448]","[570, 275, 410, 187, 279, 257, 165, 313]",[],"{""ordinary"": 8}"
beads3,202,344,stable_ordinary,ordinary,1.560090702947846,1.4891774891774892,1.638095238095238,"[450, 449, 193, 197, 451, 211, 191, 186]","[231, 279, 179, 187, 252, 529, 165, 210]",[],"{""ordinary"": 8}"
beads3,203,499,stable_ordinary,ordinary,1.6688963210702341,1.5791139240506329,1.7695035460992907,"[205, 198, 440, 210, 192, 441, 444, 439]","[282, 175, 185, 384, 367, 408, 273, 316]",[],"{""ordinary"": 8}"
beads3,205,282,stable_ordinary,ordinary,0.7212276214833759,0.7085427135678392,0.734375,"[198, 203, 444, 441, 440, 206, 210, 213]","[175, 499, 273, 408, 185, 552, 384, 398]",[],"{""ordinary"": 8}"
beads3,206,552,stable_ordinary,ordinary,1.9100346020761245,1.864864864864865,1.9574468085106382,"[444, 196, 205, 213, 443, 198, 445, 441]","[273, 364, 282, 398, 296, 175, 234, 408]",[],"{""ordinary"": 8}"
beads3,208,410,stable_ordinary,ordinary,1.4882032667876588,1.4695340501792116,1.5073529411764706,"[209, 200, 214, 211, 199, 449, 218, 197]","[257, 272, 349, 529, 570, 279, 267, 187]",[],"{""ordinary"": 8}"
beads3,209,257,stable_ordinary,ordinary,0.7764350453172205,0.7363896848137536,0.8210862619808307,"[208, 214, 199, 200, 211, 218, 448, 449]","[410, 349, 570, 272, 529, 267, 313, 279]",[],"{""ordinary"": 8}"
beads3,210,384,stable_ordinary,ordinary,1.1294117647058823,0.964824120603015,1.3617021276595744,"[441, 203, 217, 205, 198, 213, 444, 440]","[408, 499, 532, 282, 175, 398, 273, 185]",[],"{""ordinary"": 8}"
beads3,211,529,stable_ordinary,ordinary,1.6982343499197432,1.5377906976744187,1.896057347670251,"[218, 450, 208, 449, 219, 214, 451, 202]","[267, 231, 410, 279, 518, 349, 252, 344]",[],"{""ordinary"": 8}"
beads3,213,398,stable_ordinary,ordinary,1.1290780141843972,0.9754901960784313,1.34006734006734,"[444, 441, 445, 220, 206, 205, 225, 217]","[273, 408, 234, 413, 552, 282, 297, 532]",[],"{""ordinary"": 8}"
beads3,214,349,stable_ordinary,ordinary,0.9985693848354793,0.8512195121951219,1.207612456747405,"[218, 208, 209, 211, 224, 230, 219, 200]","[267, 410, 257, 529, 627, 289, 518, 272]",[],"{""ordinary"": 8}"
beads3,217,532,stable_ordinary,ordinary,1.5624082232011747,1.3854166666666667,1.7912457912457913,"[441, 225, 210, 227, 213, 229, 205, 444]","[408, 297, 384, 562, 398, 293, 282, 273]",[],"{""ordinary"": 8}"
beads3,218,267,stable_ordinary,ordinary,0.7035573122529645,0.651219512195122,0.7650429799426934,"[224, 214, 211, 219, 208, 452, 230, 233]","[627, 349, 529, 518, 410, 249, 289, 346]",[],"{""ordinary"": 8}"
beads3,219,518,stable_ordinary,ordinary,1.2557575757575759,1.1163793103448276,1.4349030470914128,"[224, 218, 452, 223, 211, 451, 231, 453]","[627, 267, 249, 361, 529, 252, 546, 464]",[],"{""ordinary"": 8}"
beads3,220,413,stable_ordinary,ordinary,1.4723707664884136,1.4340277777777777,1.5128205128205128,"[222, 445, 213, 225, 232, 228, 229, 444]","[232, 234, 398, 297, 264, 288, 293, 273]",[],"{""ordinary"": 8}"
beads3,222,232,stable_ordinary,ordinary,0.7864406779661017,0.7811447811447811,0.7918088737201365,"[220, 445, 228, 232, 235, 213, 225, 229]","[413, 234, 288, 264, 373, 398, 297, 293]",[],"{""ordinary"": 8}"
beads3,223,361,stable_ordinary,ordinary,0.9116161616161617,0.7780172413793104,1.100609756097561,"[231, 219, 452, 453, 451, 224, 218, 238]","[546, 518, 249, 464, 252, 627, 267, 328]",[],"{""ordinary"": 8}"
beads3,224,627,stable_ordinary,ordinary,1.80431654676259,1.7965616045845272,1.8121387283236994,"[452, 218, 219, 233, 230, 214, 453, 211]","[249, 267, 518, 346, 289, 349, 464, 529]",[],"{""ordinary"": 8}"
beads3,225,297,stable_ordinary,ordinary,0.7369727047146402,0.7279411764705882,0.7462311557788944,"[229, 227, 217, 220, 232, 213, 441, 222]","[293, 562, 532, 413, 264, 398, 408, 232]",[],"{""ordinary"": 8}"
beads3,227,562,stable_ordinary,ordinary,1.4227848101265823,1.3774509803921569,1.4712041884816753,"[225, 229, 239, 217, 456, 232, 220, 441]","[297, 293, 409, 532, 382, 264, 413, 408]",[],"{""ordinary"": 8}"
beads3,228,288,stable_ordinary,ordinary,0.9320388349514563,0.8861538461538462,0.9829351535836177,"[235, 222, 232, 236, 220, 241, 229, 445]","[373, 232, 264, 325, 413, 330, 293, 234]",[],"{""ordinary"": 8}"
beads3,229,293,stable_ordinary,ordinary,0.8288543140028288,0.7670157068062827,0.9015384615384615,"[225, 227, 232, 456, 239, 220, 236, 222]","[297, 562, 264, 382, 409, 413, 325, 232]",[],"{""ordinary"": 8}"
beads3,230,289,stable_ordinary,ordinary,0.857566765578635,0.8352601156069365,0.8810975609756098,"[233, 237, 224, 452, 454, 238, 218, 214]","[346, 307, 627, 249, 379, 328, 267, 349]",[],"{""ordinary"": 8}"
beads3,231,546,stable_ordinary,ordinary,1.5445544554455446,1.5124653739612188,1.5780346820809248,"[453, 223, 452, 238, 219, 224, 233, 455]","[464, 361, 249, 328, 518, 627, 346, 306]",[],"{""ordinary"": 8}"
beads3,232,264,stable_ordinary,ordinary,0.8488745980707395,0.8123076923076923,0.8888888888888888,"[236, 229, 235, 456, 228, 220, 222, 225]","[325, 293, 373, 382, 288, 413, 232, 297]",[],"{""ordinary"": 8}"
beads3,233,346,stable_ordinary,ordinary,1.089763779527559,1.0548780487804879,1.1270358306188926,"[230, 452, 224, 238, 237, 454, 453, 455]","[289, 249, 627, 328, 307, 379, 464, 306]",[],"{""ordinary"": 8}"
beads3,235,373,stable_ordinary,ordinary,1.2687074829931972,1.2433333333333334,1.2951388888888888,"[228, 236, 232, 241, 242, 456, 222, 457]","[288, 325, 264, 330, 288, 382, 232, 300]",[],"{""ordinary"": 8}"
beads3,236,325,stable_ordinary,ordinary,1.1054421768707483,1.0833333333333333,1.1284722222222223,"[235, 242, 232, 456, 241, 228, 252, 457]","[373, 288, 264, 382, 330, 288, 252, 300]",[],"{""ordinary"": 8}"
beads3,237,307,stable_ordinary,ordinary,0.9109792284866469,0.8872832369942196,0.9359756097560976,"[230, 454, 233, 247, 238, 455, 224, 255]","[289, 379, 346, 497, 328, 306, 627, 268]",[],"{""ordinary"": 8}"
beads3,238,328,stable_ordinary,ordinary,1.004594180704441,0.9479768786127167,1.0684039087947883,"[453, 455, 454, 233, 452, 231, 249, 237]","[464, 306, 379, 346, 249, 546, 262, 307]",[],"{""ordinary"": 8}"
beads3,239,409,stable_ordinary,ordinary,1.315112540192926,1.2584615384615385,1.3771043771043772,"[456, 227, 229, 250, 225, 232, 242, 236]","[382, 562, 293, 481, 297, 264, 288, 325]",[],"{""ordinary"": 8}"
beads3,241,330,stable_ordinary,ordinary,1.2222222222222223,1.1458333333333333,1.3095238095238095,"[457, 243, 235, 236, 458, 245, 242, 252]","[300, 172, 373, 325, 216, 153, 288, 252]",[245],"{""ordinary"": 8}"
beads3,242,288,stable_ordinary,ordinary,0.8193456614509246,0.7721179624664879,0.8727272727272727,"[252, 236, 250, 456, 457, 241, 235, 258]","[252, 325, 481, 382, 300, 330, 373, 587]",[],"{""ordinary"": 8}"
beads3,243,172,stable_ordinary,ordinary,0.5383411580594679,0.5212121212121212,0.5566343042071198,"[245, 458, 241, 251, 457, 260, 235, 446]","[153, 216, 330, 309, 300, 355, 373, 531]",[245],"{""ordinary"": 8}"
beads3,247,497,stable_ordinary,ordinary,1.6215334420880914,1.6188925081433225,1.6241830065359477,"[255, 454, 256, 253, 237, 265, 455, 267]","[268, 379, 417, 335, 307, 292, 306, 286]",[],"{""ordinary"": 8}"
beads3,249,262,stable_ordinary,ordinary,0.8264984227129337,0.7987804878048781,0.8562091503267973,"[253, 455, 264, 263, 238, 454, 255, 247]","[335, 306, 287, 296, 328, 379, 268, 497]",[],"{""ordinary"": 8}"
beads3,250,481,stable_ordinary,ordinary,1.5392,1.48,1.6033333333333333,"[242, 252, 456, 239, 236, 258, 457, 232]","[288, 252, 382, 409, 325, 587, 300, 264]",[],"{""ordinary"": 8}"
beads3,251,309,stable_ordinary,ordinary,0.9809523809523809,0.9363636363636364,1.03,"[245, 446, 458, 243, 260, 276, 457, 241]","[153, 531, 216, 172, 355, 664, 300, 330]",[245],"{""ordinary"": 8}"
beads3,252,252,stable_ordinary,ordinary,0.7336244541484717,0.7058823529411765,0.7636363636363637,"[242, 258, 457, 250, 259, 236, 241, 456]","[288, 587, 300, 481, 357, 325, 330, 382]",[],"{""ordinary"": 8}"
beads3,253,335,stable_ordinary,ordinary,1.1394557823129252,1.1317567567567568,1.1472602739726028,"[249, 255, 455, 263, 247, 264, 265, 454]","[262, 268, 306, 296, 497, 287, 292, 379]",[],"{""ordinary"": 8}"
beads3,255,268,stable_ordinary,ordinary,0.849445324881141,0.8,0.9054054054054054,"[247, 265, 253, 256, 263, 267, 454, 249]","[497, 292, 335, 417, 296, 286, 379, 262]",[],"{""ordinary"": 8}"
beads3,256,417,stable_ordinary,ordinary,1.4919499105545617,1.4580419580419581,1.5274725274725274,"[267, 262, 255, 247, 265, 269, 281, 277]","[286, 243, 268, 497, 292, 255, 292, 273]",[],"{""ordinary"": 8}"
beads3,258,587,stable_ordinary,ordinary,1.648876404494382,1.6442577030812324,1.6535211267605634,"[259, 252, 274, 457, 242, 250, 260, 279]","[357, 252, 362, 300, 288, 481, 355, 424]",[],"{""ordinary"": 8}"
beads3,259,357,stable_ordinary,ordinary,1.0900763358778627,1.0056338028169014,1.19,"[258, 260, 457, 274, 279, 252, 458, 242]","[587, 355, 300, 362, 424, 252, 216, 288]",[],"{""ordinary"": 8}"
beads3,260,355,stable_ordinary,ordinary,1.0660660660660661,0.9943977591036415,1.1488673139158576,"[458, 259, 279, 446, 276, 251, 457, 245]","[216, 357, 424, 531, 664, 309, 300, 153]",[245],"{""ordinary"": 8}"
beads3,262,243,stable_ordinary,ordinary,0.8408304498269896,0.8321917808219178,0.8496503496503497,"[269, 256, 273, 267, 282, 281, 280, 265]","[255, 417, 267, 286, 365, 292, 205, 292]",[],"{""ordinary"": 8}"
beads3,263,296,stable_ordinary,ordinary,1.0331588132635252,1.0313588850174216,1.034965034965035,"[264, 265, 253, 278, 255, 249, 277, 267]","[287, 292, 335, 377, 268, 262, 273, 286]",[],"{""ordinary"": 8}"
beads3,264,287,stable_ordinary,ordinary,0.9761904761904762,0.9695945945945946,0.9828767123287672,"[263, 249, 253, 278, 265, 255, 455, 277]","[296, 262, 335, 377, 292, 268, 306, 273]",[],"{""ordinary"": 8}"
beads3,265,292,stable_ordinary,ordinary,0.9931972789115646,0.9864864864864865,1.0,"[255, 263, 267, 277, 256, 278, 253, 281]","[268, 296, 286, 273, 417, 377, 335, 292]",[],"{""ordinary"": 8}"
beads3,267,286,stable_ordinary,ordinary,1.0123893805309734,0.9794520547945206,1.0476190476190477,"[256, 281, 265, 269, 277, 262, 255, 282]","[417, 292, 292, 255, 273, 243, 268, 365]",[],"{""ordinary"": 8}"
beads3,269,255,stable_ordinary,ordinary,0.8823529411764706,0.8732876712328768,0.8916083916083916,"[262, 273, 282, 267, 256, 281, 293, 280]","[243, 267, 365, 286, 417, 292, 307, 205]",[],"{""ordinary"": 8}"
beads3,271,411,stable_ordinary,ordinary,1.1861471861471862,1.1643059490084986,1.2088235294117646,"[283, 275, 286, 446, 285, 276, 299, 306]","[315, 333, 412, 531, 353, 664, 340, 335]",[],"{""ordinary"": 8}"
beads3,273,267,stable_ordinary,ordinary,0.9238754325259516,0.9143835616438356,0.9335664335664335,"[269, 280, 282, 262, 291, 293, 267, 281]","[255, 205, 365, 243, 357, 307, 286, 292]",[],"{""ordinary"": 8}"
beads3,274,362,stable_ordinary,ordinary,0.9270166453265045,0.8537735849056604,1.0140056022408963,"[279, 258, 259, 294, 260, 252, 276, 457]","[424, 587, 357, 459, 355, 252, 664, 300]",[],"{""ordinary"": 8}"
beads3,275,333,stable_ordinary,ordinary,0.9624277456647399,0.943342776203966,0.9823008849557522,"[285, 283, 271, 304, 300, 287, 286, 306]","[353, 315, 411, 374, 339, 339, 412, 335]",[],"{""ordinary"": 8}"
beads3,276,664,stable_ordinary,ordinary,1.6136087484811665,1.6116504854368932,1.6155717761557178,"[446, 279, 260, 299, 286, 294, 251, 271]","[531, 424, 355, 340, 412, 459, 309, 411]",[],"{""ordinary"": 8}"
beads3,277,273,stable_ordinary,ordinary,0.934931506849315,0.934931506849315,0.934931506849315,"[278, 281, 292, 265, 267, 303, 263, 298]","[377, 292, 211, 292, 286, 249, 296, 416]",[],"{""ordinary"": 8}"
beads3,278,377,stable_ordinary,ordinary,1.3158813263525306,1.3135888501742161,1.3181818181818181,"[277, 292, 263, 265, 264, 303, 281, 267]","[273, 211, 296, 292, 287, 249, 292, 286]",[],"{""ordinary"": 8}"
beads3,279,424,stable_ordinary,ordinary,1.032886723507917,0.9237472766884531,1.171270718232044,"[274, 276, 260, 294, 259, 258, 446, 299]","[362, 664, 355, 459, 357, 587, 531, 340]",[],"{""ordinary"": 8}"
beads3,280,205,stable_ordinary,ordinary,0.5678670360110804,0.5616438356164384,0.5742296918767507,"[291, 273, 297, 311, 282, 293, 269, 315]","[357, 267, 607, 367, 365, 307, 255, 388]",[],"{""ordinary"": 8}"
beads3,281,292,stable_ordinary,ordinary,1.0447227191413238,1.020979020979021,1.0695970695970696,"[277, 267, 298, 282, 303, 292, 269, 265]","[273, 286, 416, 365, 249, 211, 255, 292]",[],"{""ordinary"": 8}"
beads3,282,365,stable_ordinary,ordinary,1.3200723327305606,1.2762237762237763,1.3670411985018727,"[269, 293, 273, 281, 298, 262, 267, 280]","[255, 307, 267, 292, 416, 243, 286, 205]",[],"{""ordinary"": 8}"
beads3,283,315,stable_ordinary,ordinary,0.8665749656121046,0.8422459893048129,0.8923512747875354,"[275, 271, 285, 304, 286, 306, 305, 300]","[333, 411, 353, 374, 412, 335, 398, 339]",[],"{""ordinary"": 8}"
beads3,285,353,stable_ordinary,ordinary,1.0412979351032448,1.0412979351032448,1.0412979351032448,"[275, 300, 283, 287, 304, 271, 295, 306]","[333, 339, 315, 339, 374, 411, 342, 335]",[],"{""ordinary"": 8}"
beads3,286,412,stable_ordinary,ordinary,1.1540616246498598,1.1016042780748663,1.2117647058823529,"[299, 305, 271, 283, 306, 276, 304, 275]","[340, 398, 411, 315, 335, 664, 374, 333]",[],"{""ordinary"": 8}"
beads3,287,339,stable_ordinary,ordinary,0.9955947136563876,0.9912280701754386,1.0,"[295, 300, 285, 325, 275, 296, 316, 304]","[342, 339, 353, 383, 333, 283, 323, 374]",[],"{""ordinary"": 8}"
beads3,291,357,stable_ordinary,ordinary,0.9754098360655737,0.9727520435967303,0.9780821917808219,"[280, 297, 311, 315, 273, 293, 322, 282]","[205, 607, 367, 388, 267, 307, 580, 365]",[],"{""ordinary"": 8}"
beads3,292,211,stable_ordinary,ordinary,0.7301038062283737,0.7226027397260274,0.7377622377622378,"[303, 277, 278, 281, 298, 324, 265, 267]","[249, 273, 377, 292, 416, 136, 292, 286]",[324],"{""ordinary"": 8}"
beads3,293,307,stable_ordinary,ordinary,0.850415512465374,0.8410958904109589,0.8599439775910365,"[282, 298, 323, 322, 324, 291, 281, 273]","[365, 416, 467, 580, 136, 357, 292, 267]",[324],"{""ordinary"": 8}"
beads3,294,459,stable_ordinary,ordinary,1.2078947368421054,1.1532663316582914,1.2679558011049723,"[299, 279, 276, 274, 286, 305, 260, 259]","[340, 424, 664, 362, 412, 398, 355, 357]",[],"{""ordinary"": 8}"
beads3,295,342,stable_ordinary,ordinary,0.9985401459854014,0.9884393063583815,1.008849557522124,"[287, 316, 296, 300, 325, 285, 313, 333]","[339, 323, 283, 339, 383, 353, 464, 346]",[],"{""ordinary"": 8}"
beads3,296,283,stable_ordinary,ordinary,0.76797829036635,0.7389033942558747,0.7994350282485876,"[316, 313, 295, 344, 287, 325, 335, 356]","[323, 464, 342, 439, 339, 383, 401, 354]",[],"{""ordinary"": 8}"
beads3,297,607,stable_ordinary,ordinary,1.4969173859432798,1.4349881796690307,1.5644329896907216,"[311, 315, 291, 280, 314, 343, 351, 322]","[367, 388, 357, 205, 468, 423, 486, 580]",[],"{""ordinary"": 8}"
beads3,298,416,stable_ordinary,ordinary,1.472566371681416,1.4246575342465753,1.5238095238095237,"[303, 293, 324, 281, 323, 282, 292, 277]","[249, 307, 136, 292, 467, 365, 211, 273]",[324],"{""ordinary"": 8}"
beads3,299,340,stable_ordinary,ordinary,0.8262454434993924,0.8252427184466019,0.8272506082725061,"[286, 305, 294, 276, 306, 279, 271, 283]","[412, 398, 459, 664, 335, 424, 411, 315]",[],"{""ordinary"": 8}"
beads3,300,339,stable_ordinary,ordinary,0.9854651162790697,0.9797687861271677,0.9912280701754386,"[287, 285, 295, 304, 325, 333, 275, 283]","[339, 353, 342, 374, 383, 346, 333, 315]",[],"{""ordinary"": 8}"
beads3,303,249,stable_ordinary,ordinary,0.8313856427378965,0.8110749185667753,0.8527397260273972,"[292, 298, 324, 281, 277, 278, 323, 293]","[211, 416, 136, 292, 273, 377, 467, 307]",[324],"{""ordinary"": 8}"
beads3,304,374,stable_ordinary,ordinary,1.1097922848664687,1.103244837758112,1.1164179104477612,"[306, 283, 285, 339, 300, 333, 338, 275]","[335, 315, 353, 359, 339, 346, 320, 333]",[],"{""ordinary"": 8}"
beads3,305,398,stable_ordinary,ordinary,1.1387696709585122,1.1086350974930361,1.1705882352941177,"[306, 286, 299, 338, 283, 304, 339, 294]","[335, 412, 340, 320, 315, 374, 359, 459]",[],"{""ordinary"": 8}"
beads3,306,335,stable_ordinary,ordinary,0.950354609929078,0.9331476323119777,0.9682080924855492,"[305, 338, 304, 286, 339, 283, 299, 333]","[398, 320, 374, 412, 359, 315, 340, 346]",[],"{""ordinary"": 8}"
beads3,311,367,stable_ordinary,ordinary,0.905055487053021,0.8676122931442081,0.9458762886597938,"[297, 315, 291, 351, 322, 280, 343, 293]","[607, 388, 357, 486, 580, 205, 423, 307]",[],"{""ordinary"": 8}"
beads3,313,464,stable_ordinary,ordinary,1.2489905787348587,1.1571072319201996,1.3567251461988303,"[296, 344, 335, 316, 354, 361, 371, 295]","[283, 439, 401, 323, 78, 550, 644, 342]",[354],"{""ordinary"": 8}"
beads3,314,468,stable_ordinary,ordinary,1.1541307028360048,1.1063829787234043,1.2061855670103092,"[337, 315, 343, 321, 297, 367, 374, 311]","[347, 388, 423, 618, 607, 353, 445, 367]",[],"{""ordinary"": 8}"
beads3,315,388,stable_ordinary,ordinary,0.9822784810126582,0.91725768321513,1.0572207084468666,"[311, 297, 343, 314, 351, 291, 337, 378]","[367, 607, 423, 468, 486, 357, 347, 324]",[],"{""ordinary"": 8}"
beads3,316,323,stable_ordinary,ordinary,0.9281609195402298,0.9124293785310734,0.9444444444444444,"[296, 295, 313, 325, 344, 356, 354, 287]","[283, 342, 464, 383, 439, 354, 78, 339]",[354],"{""ordinary"": 8}"
beads3,321,618,stable_ordinary,ordinary,1.5488721804511278,1.3887640449438203,1.7507082152974505,"[337, 341, 367, 314, 373, 391, 346, 374]","[347, 490, 353, 468, 56, 282, 702, 445]",[373],"{""ordinary"": 8}"
beads3,322,580,stable_ordinary,ordinary,1.5846994535519126,1.5803814713896458,1.5890410958904109,"[323, 293, 311, 324, 298, 351, 291, 282]","[467, 307, 367, 136, 416, 486, 357, 365]",[324],"{""ordinary"": 8}"
beads3,323,467,stable_ordinary,ordinary,1.3898809523809523,1.2794520547945205,1.521172638436482,"[322, 324, 293, 298, 303, 282, 281, 311]","[580, 136, 307, 416, 249, 365, 292, 367]",[324],"{""ordinary"": 8}"
beads3,325,383,stable_ordinary,ordinary,1.1133720930232558,1.106936416184971,1.1198830409356726,"[333, 295, 363, 316, 300, 356, 362, 287]","[346, 342, 403, 323, 339, 354, 360, 339]",[],"{""ordinary"": 8}"
beads3,328,550,stable_ordinary,ordinary,1.3173652694610778,1.2672811059907834,1.371571072319202,"[329, 335, 361, 345, 354, 313, 384, 369]","[486, 401, 550, 297, 78, 464, 340, 434]",[354],"{""ordinary"": 8}"
beads3,329,486,stable_ordinary,ordinary,1.164071856287425,1.119815668202765,1.2119700748129676,"[345, 328, 369, 384, 361, 393, 335, 397]","[297, 550, 434, 340, 550, 147, 401, 439]",[393],"{""ordinary"": 8}"
beads3,333,346,stable_ordinary,ordinary,0.9624478442280946,0.9611111111111111,0.9637883008356546,"[362, 339, 325, 304, 300, 363, 338, 306]","[360, 359, 383, 374, 339, 403, 320, 335]",[],"{""ordinary"": 8}"
beads3,335,401,stable_ordinary,ordinary,0.8442105263157895,0.8251028806584362,0.8642241379310345,"[354, 361, 313, 328, 344, 371, 329, 316]","[78, 550, 464, 550, 439, 644, 486, 323]",[354],"{""ordinary"": 8}"
beads3,337,347,stable_ordinary,ordinary,0.7995391705069125,0.7797752808988764,0.8203309692671394,"[314, 367, 321, 343, 374, 315, 378, 396]","[468, 353, 618, 423, 445, 388, 324, 546]",[],"{""ordinary"": 8}"
beads3,338,320,stable_ordinary,ordinary,0.8901251738525731,0.8888888888888888,0.8913649025069638,"[339, 306, 305, 304, 333, 362, 286, 283]","[359, 335, 398, 374, 346, 360, 412, 315]",[],"{""ordinary"": 8}"
beads3,339,359,stable_ordinary,ordinary,1.0169971671388103,0.9972222222222222,1.0375722543352601,"[338, 333, 304, 306, 362, 300, 305, 325]","[320, 346, 374, 335, 360, 339, 398, 383]",[],"{""ordinary"": 8}"
beads3,341,490,stable_ordinary,ordinary,1.3480055020632737,1.3101604278074865,1.388101983002833,"[373, 346, 321, 381, 391, 367, 368, 337]","[56, 702, 618, 470, 282, 353, 374, 347]",[373],"{""ordinary"": 8}"
beads3,342,300,stable_ordinary,ordinary,0.7692307692307693,0.7389162561576355,0.8021390374331551,"[355, 368, 346, 334, 386, 381, 376, 390]","[333, 374, 702, 182, 485, 470, 406, 369]",[334],"{""ordinary"": 8}"
beads3,343,423,stable_ordinary,ordinary,1.0156062424969987,0.950561797752809,1.0902061855670102,"[315, 351, 378, 374, 337, 314, 311, 297]","[388, 486, 324, 445, 347, 468, 367, 607]",[],"{""ordinary"": 8}"
beads3,344,439,stable_ordinary,ordinary,1.1629139072847683,1.0947630922693268,1.2401129943502824,"[354, 371, 313, 335, 356, 316, 361, 383]","[78, 644, 464, 401, 354, 323, 550, 342]",[354],"{""ordinary"": 8}"
beads3,345,297,stable_ordinary,ordinary,0.7805519053876478,0.7538071065989848,0.8092643051771117,"[329, 330, 369, 357, 328, 384, 393, 348]","[486, 204, 434, 394, 550, 340, 147, 367]","[330, 393]","{""ordinary"": 8}"
beads3,346,702,threshold_sensitive,ordinary,2.0,1.9024390243902438,2.108108108108108,"[368, 341, 381, 342, 373, 355, 390, 391]","[374, 490, 470, 300, 56, 333, 369, 282]",[373],"{""large"": 4, ""ordinary"": 4}"
beads3,348,367,stable_ordinary,ordinary,0.9061728395061729,0.8864734299516909,0.9267676767676768,"[357, 377, 360, 330, 389, 349, 369, 345]","[394, 396, 442, 204, 468, 414, 434, 297]",[330],"{""ordinary"": 8}"
beads3,349,414,stable_ordinary,ordinary,1.06426735218509,1.0454545454545454,1.0837696335078535,"[360, 365, 394, 352, 348, 377, 395, 401]","[442, 382, 447, 342, 367, 396, 374, 442]",[],"{""ordinary"": 8}"
beads3,351,486,stable_ordinary,ordinary,1.119815668202765,1.0921348314606742,1.148936170212766,"[343, 378, 315, 311, 322, 297, 374, 314]","[423, 324, 388, 367, 580, 607, 445, 468]",[],"{""ordinary"": 8}"
beads3,352,342,stable_ordinary,ordinary,0.9047619047619048,0.8952879581151832,0.9144385026737968,"[365, 334, 376, 355, 349, 395, 394, 342]","[382, 182, 406, 333, 414, 374, 447, 300]",[334],"{""ordinary"": 8}"
beads3,355,333,stable_ordinary,ordinary,0.8963660834454913,0.8903743315508021,0.9024390243902439,"[342, 334, 376, 386, 368, 352, 346, 390]","[300, 182, 406, 485, 374, 342, 702, 369]",[334],"{""ordinary"": 8}"
beads3,356,354,stable_ordinary,ordinary,0.9528936742934051,0.9242819843342036,0.9833333333333333,"[383, 363, 344, 316, 325, 371, 354, 362]","[342, 403, 439, 323, 383, 644, 78, 360]",[354],"{""ordinary"": 8}"
beads3,357,394,stable_ordinary,ordinary,1.0327653997378767,0.9949494949494949,1.0735694822888284,"[330, 348, 369, 377, 389, 345, 360, 393]","[204, 367, 434, 396, 468, 297, 442, 147]","[330, 393]","{""ordinary"": 8}"
beads3,360,442,stable_ordinary,ordinary,1.0913580246913581,1.067632850241546,1.1161616161616161,"[349, 377, 394, 348, 365, 401, 357, 408]","[414, 396, 447, 367, 382, 442, 394, 533]",[],"{""ordinary"": 8}"
beads3,361,550,stable_ordinary,ordinary,1.1891891891891893,1.131687242798354,1.2528473804100229,"[354, 335, 371, 399, 328, 344, 397, 329]","[78, 401, 644, 574, 550, 439, 439, 486]",[354],"{""ordinary"": 8}"
beads3,362,360,stable_ordinary,ordinary,1.0098176718092566,1.0027855153203342,1.0169491525423728,"[363, 333, 339, 325, 356, 338, 383, 304]","[403, 346, 359, 383, 354, 320, 342, 374]",[],"{""ordinary"": 8}"
beads3,363,403,stable_ordinary,ordinary,1.1304347826086956,1.1225626740947074,1.1384180790960452,"[362, 356, 325, 383, 333, 316, 339, 344]","[360, 354, 383, 342, 346, 323, 359, 439]",[],"{""ordinary"": 8}"
beads3,365,382,stable_ordinary,ordinary,0.9317073170731708,0.9227053140096618,0.9408866995073891,"[349, 352, 394, 395, 376, 360, 408, 334]","[414, 342, 447, 374, 406, 442, 533, 182]",[334],"{""ordinary"": 8}"
beads3,367,353,stable_ordinary,ordinary,0.8914141414141414,0.7932584269662921,1.0172910662824208,"[391, 337, 396, 374, 373, 321, 341, 402]","[282, 347, 546, 445, 56, 618, 490, 189]",[373],"{""ordinary"": 8}"
beads3,368,374,stable_ordinary,ordinary,0.8915375446960667,0.7957446808510639,1.013550135501355,"[381, 346, 342, 390, 386, 355, 341, 373]","[470, 702, 300, 369, 485, 333, 490, 56]",[373],"{""ordinary"": 8}"
beads3,369,434,stable_ordinary,ordinary,1.2453371592539455,1.2156862745098038,1.276470588235294,"[393, 357, 384, 345, 329, 389, 403, 330]","[147, 394, 340, 297, 486, 468, 357, 204]","[393, 330]","{""ordinary"": 8}"
beads3,371,644,stable_ordinary,ordinary,1.5333333333333334,1.4669703872437359,1.6059850374064837,"[354, 344, 399, 361, 383, 356, 335, 313]","[78, 439, 574, 550, 342, 354, 401, 464]",[354],"{""ordinary"": 8}"
beads3,374,445,stable_ordinary,ordinary,1.1469072164948453,1.0520094562647755,1.2606232294617563,"[378, 402, 367, 343, 396, 337, 351, 314]","[324, 189, 353, 423, 546, 347, 486, 468]",[],"{""ordinary"": 8}"
beads3,376,406,stable_ordinary,ordinary,1.1340782122905029,1.085561497326203,1.1871345029239766,"[355, 395, 352, 404, 386, 365, 334, 342]","[333, 374, 342, 473, 485, 382, 182, 300]",[334],"{""ordinary"": 8}"
beads3,377,396,stable_ordinary,ordinary,0.927400468384075,0.8959276018099548,0.9611650485436893,"[348, 360, 389, 357, 401, 412, 418, 394]","[367, 442, 468, 394, 442, 412, 274, 447]",[],"{""ordinary"": 8}"
beads3,378,324,stable_ordinary,ordinary,0.7990135635018496,0.7659574468085106,0.8350515463917526,"[374, 343, 351, 402, 337, 396, 367, 315]","[445, 423, 486, 189, 347, 546, 353, 388]",[],"{""ordinary"": 8}"
beads3,381,470,stable_ordinary,ordinary,1.0942956926658907,0.9690721649484536,1.2566844919786095,"[368, 346, 373, 390, 341, 405, 391, 386]","[374, 702, 56, 369, 490, 754, 282, 485]",[373],"{""ordinary"": 8}"
beads3,383,342,stable_ordinary,ordinary,0.8702290076335878,0.8486352357320099,0.8929503916449086,"[356, 371, 363, 344, 354, 399, 362, 325]","[354, 644, 403, 439, 78, 574, 360, 383]",[354],"{""ordinary"": 8}"
beads3,384,340,stable_ordinary,ordinary,0.8531994981179423,0.783410138248848,0.9366391184573003,"[393, 397, 406, 369, 403, 329, 361, 426]","[147, 439, 363, 434, 357, 486, 550, 6]","[393, 426]","{""ordinary"": 8}"
beads3,386,485,stable_ordinary,ordinary,1.3055181695827724,1.2967914438502675,1.3143631436314362,"[390, 411, 368, 404, 355, 376, 342, 381]","[369, 354, 374, 473, 333, 406, 300, 470]",[],"{""ordinary"": 8}"
beads3,389,468,stable_ordinary,ordinary,1.1848101265822786,1.1818181818181819,1.1878172588832487,"[403, 377, 357, 369, 412, 420, 393, 348]","[357, 396, 394, 434, 412, 410, 147, 367]",[393],"{""ordinary"": 8}"
beads3,390,369,stable_ordinary,ordinary,0.782608695652174,0.7801268498942917,0.7851063829787234,"[386, 411, 381, 368, 405, 404, 346, 355]","[485, 354, 470, 374, 754, 473, 702, 333]",[],"{""ordinary"": 8}"
beads3,391,282,stable_ordinary,ordinary,0.6163934426229508,0.6,0.6337078651685393,"[373, 367, 396, 341, 405, 381, 374, 402]","[56, 353, 546, 490, 754, 470, 445, 189]",[373],"{""ordinary"": 8}"
beads3,394,447,stable_ordinary,ordinary,1.1037037037037036,1.0797101449275361,1.128787878787879,"[365, 360, 349, 408, 401, 395, 415, 377]","[382, 442, 414, 533, 442, 374, 373, 396]",[],"{""ordinary"": 8}"
beads3,395,374,stable_ordinary,ordinary,0.876905041031653,0.8366890380313199,0.9211822660098522,"[416, 376, 408, 404, 365, 394, 352, 424]","[512, 406, 533, 473, 382, 447, 342, 206]",[424],"{""ordinary"": 8}"
beads3,396,546,stable_ordinary,ordinary,1.6274217585692996,1.5734870317002883,1.6851851851851851,"[402, 391, 367, 374, 373, 405, 378, 337]","[189, 282, 353, 445, 56, 754, 324, 347]",[373],"{""ordinary"": 8}"
beads3,397,439,stable_ordinary,ordinary,1.2194444444444446,1.209366391184573,1.2296918767507004,"[384, 406, 399, 393, 361, 426, 403, 329]","[340, 363, 574, 147, 550, 6, 357, 486]","[393, 426]","{""ordinary"": 8}"
beads3,399,574,stable_ordinary,ordinary,1.43142144638404,1.3075170842824602,1.581267217630854,"[371, 397, 361, 354, 384, 383, 344, 406]","[644, 439, 550, 78, 340, 342, 439, 363]",[354],"{""ordinary"": 8}"
beads3,401,442,stable_ordinary,ordinary,1.035128805620609,1.0,1.0728155339805825,"[415, 418, 412, 394, 408, 377, 360, 389]","[373, 274, 412, 447, 533, 396, 442, 468]",[],"{""ordinary"": 8}"
beads3,402,189,stable_ordinary,ordinary,0.54,0.5354107648725213,0.5446685878962536,"[396, 374, 378, 367, 391, 343, 337, 373]","[546, 445, 324, 353, 282, 423, 347, 56]",[373],"{""ordinary"": 8}"
beads3,403,357,stable_ordinary,ordinary,0.9236739974126779,0.8707317073170732,0.9834710743801653,"[393, 406, 389, 420, 369, 384, 426, 397]","[147, 363, 468, 410, 434, 340, 6, 439]","[393, 426]","{""ordinary"": 8}"
beads3,404,473,stable_ordinary,ordinary,1.2732166890982504,1.2647058823529411,1.2818428184281843,"[424, 411, 416, 386, 395, 376, 390, 355]","[206, 354, 512, 485, 374, 406, 369, 333]",[424],"{""ordinary"": 8}"
beads3,405,754,persistent_large,large,2.029609690444145,2.016042780748663,2.043360433604336,"[391, 381, 373, 390, 396, 341, 368, 411]","[282, 470, 56, 369, 546, 490, 374, 354]",[373],"{""large"": 8}"
beads3,406,363,stable_ordinary,ordinary,0.9465449804432855,0.8853658536585366,1.0168067226890756,"[393, 426, 384, 397, 403, 369, 420, 399]","[147, 6, 340, 439, 357, 434, 410, 574]","[393, 426]","{""ordinary"": 8}"
beads3,408,533,stable_ordinary,ordinary,1.2936893203883495,1.2058823529411764,1.3952879581151831,"[394, 415, 416, 395, 401, 418, 365, 404]","[447, 373, 512, 374, 442, 274, 382, 473]",[],"{""ordinary"": 8}"
beads3,411,354,stable_ordinary,ordinary,0.8082191780821918,0.7531914893617021,0.8719211822660099,"[390, 386, 404, 424, 368, 376, 381, 416]","[369, 485, 473, 206, 374, 406, 470, 512]",[424],"{""ordinary"": 8}"
beads3,412,412,stable_ordinary,ordinary,1.0430379746835443,1.0404040404040404,1.0456852791878173,"[418, 420, 401, 389, 415, 377, 403, 357]","[274, 410, 442, 468, 373, 396, 357, 394]",[],"{""ordinary"": 8}"
beads3,415,373,stable_ordinary,ordinary,0.8438914027149321,0.8438914027149321,0.8438914027149321,"[401, 418, 408, 412, 394, 377, 416, 360]","[442, 274, 533, 412, 447, 396, 512, 442]",[],"{""ordinary"": 8}"
beads3,416,512,stable_ordinary,ordinary,1.3128205128205128,1.2610837438423645,1.3689839572192513,"[395, 424, 408, 404, 376, 394, 415, 411]","[374, 206, 533, 473, 406, 447, 373, 354]",[424],"{""ordinary"": 8}"
beads3,418,274,stable_ordinary,ordinary,0.6416861826697893,0.6199095022624435,0.6650485436893204,"[415, 401, 412, 377, 408, 420, 389, 394]","[373, 442, 412, 396, 533, 410, 468, 447]",[],"{""ordinary"": 8}"
beads3,420,410,stable_ordinary,ordinary,1.1388888888888888,1.1294765840220387,1.1484593837535013,"[412, 403, 389, 426, 418, 393, 406, 369]","[412, 357, 468, 6, 274, 147, 363, 434]","[426, 393]","{""ordinary"": 8}"
beads3,436,294,stable_ordinary,ordinary,1.0556552962298025,1.0315789473684212,1.0808823529411764,"[466, 72, 137, 101, 86, 131, 122, 462]","[272, 259, 285, 327, 234, 258, 683, 427]",[],"{""ordinary"": 8}"
beads3,437,359,stable_ordinary,ordinary,1.3102189781021898,1.143312101910828,1.5341880341880343,"[146, 438, 172, 173, 179, 152, 180, 162]","[124, 547, 314, 495, 234, 230, 339, 205]",[146],"{""ordinary"": 8}"
beads3,438,547,stable_ordinary,ordinary,1.675344563552833,1.6135693215339233,1.7420382165605095,"[172, 162, 152, 180, 437, 146, 134, 163]","[314, 205, 230, 339, 359, 124, 408, 522]",[146],"{""ordinary"": 8}"
beads3,439,316,stable_ordinary,ordinary,1.161764705882353,1.0748299319727892,1.264,"[187, 442, 440, 196, 198, 192, 179, 443]","[294, 250, 185, 364, 175, 367, 234, 296]",[],"{""ordinary"": 8}"
beads3,440,185,stable_ordinary,ordinary,0.563165905631659,0.5425219941348973,0.5854430379746836,"[192, 198, 439, 203, 187, 205, 196, 181]","[367, 175, 316, 499, 294, 282, 364, 341]",[],"{""ordinary"": 8}"
beads3,441,408,stable_ordinary,ordinary,1.198237885462555,1.0625,1.3737373737373737,"[213, 210, 217, 205, 444, 203, 225, 198]","[398, 384, 532, 282, 273, 499, 297, 175]",[],"{""ordinary"": 8}"
beads3,442,250,stable_ordinary,ordinary,0.819672131147541,0.7961783439490446,0.8445945945945946,"[182, 189, 179, 439, 443, 196, 187, 172]","[198, 387, 234, 316, 296, 364, 294, 314]",[],"{""ordinary"": 8}"
beads3,443,296,stable_ordinary,ordinary,1.0459363957597174,0.9367088607594937,1.184,"[196, 189, 442, 206, 439, 182, 198, 179]","[364, 387, 250, 552, 316, 198, 175, 234]",[],"{""ordinary"": 8}"
beads3,444,273,stable_ordinary,ordinary,0.7165354330708661,0.6859296482412061,0.75,"[206, 213, 205, 445, 441, 198, 196, 203]","[552, 398, 282, 234, 408, 175, 364, 499]",[],"{""ordinary"": 8}"
beads3,445,234,stable_ordinary,ordinary,0.6733812949640288,0.5879396984924623,0.7878787878787878,"[220, 222, 213, 444, 206, 228, 225, 441]","[413, 232, 398, 273, 552, 288, 297, 408]",[],"{""ordinary"": 8}"
beads3,446,531,stable_ordinary,ordinary,1.3864229765013054,1.2919708029197081,1.495774647887324,"[276, 251, 260, 458, 245, 271, 279, 286]","[664, 309, 355, 216, 153, 411, 424, 412]",[245],"{""ordinary"": 8}"
beads3,447,335,stable_ordinary,ordinary,1.0244648318042813,0.9824046920821115,1.0702875399361023,"[461, 448, 184, 175, 185, 190, 174, 195]","[398, 313, 342, 238, 341, 399, 267, 275]",[],"{""ordinary"": 8}"
beads3,448,313,stable_ordinary,ordinary,0.9165446559297218,0.9152046783625731,0.9178885630498533,"[190, 447, 195, 199, 184, 185, 200, 461]","[399, 335, 275, 570, 342, 341, 272, 398]",[],"{""ordinary"": 8}"
beads3,449,279,stable_ordinary,ordinary,1.1093439363817097,1.025735294117647,1.2077922077922079,"[197, 202, 450, 200, 211, 193, 191, 208]","[187, 344, 231, 272, 529, 179, 165, 410]",[],"{""ordinary"": 8}"
beads3,450,231,stable_ordinary,ordinary,0.7415730337078652,0.6715116279069767,0.8279569892473119,"[202, 449, 451, 211, 197, 193, 208, 219]","[344, 279, 252, 529, 187, 179, 410, 518]",[],"{""ordinary"": 8}"
beads3,451,252,stable_ordinary,ordinary,0.7325581395348837,0.7148936170212766,0.8089887640449438,"[450, 202, 219, 211, 223, 449, 218]","[231, 344, 518, 529, 361, 279, 267]",[],"{""ordinary"": 7}"
beads3,452,249,stable_ordinary,ordinary,0.6036363636363636,0.5366379310344828,0.6897506925207756,"[224, 453, 233, 219, 231, 238, 223, 230]","[627, 464, 346, 518, 546, 328, 361, 289]",[],"{""ordinary"": 8}"
beads3,453,464,stable_ordinary,ordinary,1.3125884016973126,1.2853185595567866,1.3410404624277457,"[231, 238, 452, 233, 223, 455, 224, 219]","[546, 328, 249, 346, 361, 306, 627, 518]",[],"{""ordinary"": 8}"
beads3,454,379,stable_ordinary,ordinary,1.1937007874015748,1.1554878048780488,1.234527687296417,"[455, 237, 238, 247, 233, 253, 230, 255]","[306, 307, 328, 497, 346, 335, 289, 268]",[],"{""ordinary"": 8}"
beads3,455,306,stable_ordinary,ordinary,0.8986784140969163,0.884393063583815,0.9134328358208955,"[249, 238, 454, 253, 453, 247, 255, 233]","[262, 328, 379, 335, 464, 497, 268, 346]",[],"{""ordinary"": 8}"
beads3,456,382,stable_ordinary,ordinary,1.0945558739255015,1.0241286863270778,1.1753846153846155,"[239, 236, 242, 232, 250, 229, 227, 235]","[409, 325, 288, 264, 481, 293, 562, 373]",[],"{""ordinary"": 8}"
beads3,457,300,stable_ordinary,ordinary,0.970873786407767,0.9090909090909091,1.0416666666666667,"[241, 458, 252, 259, 242, 258, 243, 260]","[330, 216, 252, 357, 288, 587, 172, 355]",[],"{""ordinary"": 8}"
beads3,458,216,stable_ordinary,ordinary,0.676056338028169,0.6545454545454545,0.6990291262135923,"[245, 260, 243, 457, 251, 241, 259, 446]","[153, 355, 172, 300, 309, 330, 357, 531]",[245],"{""ordinary"": 8}"
beads3,459,318,stable_ordinary,ordinary,1.011128775834658,0.9814814814814815,1.042622950819672,"[155, 175, 169, 174, 460, 461, 176, 147]","[305, 238, 324, 267, 388, 398, 251, 358]",[],"{""ordinary"": 8}"
beads3,460,388,stable_ordinary,ordinary,1.2087227414330217,1.1975308641975309,1.220125786163522,"[461, 175, 459, 447, 184, 155, 174, 169]","[398, 238, 318, 335, 342, 305, 267, 324]",[],"{""ordinary"": 8}"
beads3,461,398,stable_ordinary,ordinary,1.2614896988906497,1.251572327044025,1.2715654952076678,"[184, 447, 460, 175, 448, 459, 195, 186]","[342, 335, 388, 238, 313, 318, 275, 210]",[],"{""ordinary"": 8}"
beads3,462,427,stable_ordinary,ordinary,1.632887189292543,1.6174242424242424,1.6486486486486487,"[72, 101, 85, 70, 436, 108, 131, 47]","[259, 327, 220, 335, 294, 264, 258, 151]",[],"{""ordinary"": 8}"
beads3,463,370,stable_ordinary,ordinary,1.0571428571428572,1.0136986301369864,1.1044776119402986,"[48, 43, 28, 66, 42, 81, 61, 60]","[365, 478, 413, 261, 332, 372, 335, 252]",[],"{""ordinary"": 8}"
beads3,464,458,stable_ordinary,ordinary,1.5369127516778522,1.3671641791044775,1.7547892720306513,"[81, 93, 90, 61, 66, 43, 95, 124]","[372, 197, 508, 335, 261, 478, 209, 251]",[],"{""ordinary"": 8}"
beads3,465,424,stable_ordinary,ordinary,1.4228187919463087,1.4086378737541527,1.4372881355932203,"[36, 63, 77, 53, 88, 41, 82, 68]","[301, 224, 337, 295, 481, 330, 173, 251]",[],"{""ordinary"": 8}"
beads3,466,272,stable_ordinary,ordinary,1.0645792563600782,1.05019305019305,1.0793650793650793,"[122, 436, 86, 124, 72, 95, 137, 60]","[683, 294, 234, 251, 259, 209, 285, 252]",[],"{""ordinary"": 8}"
beads3,467,458,stable_ordinary,ordinary,1.3774436090225564,1.343108504398827,1.4135802469135803,"[183, 176, 170, 167, 174, 169, 185, 190]","[197, 251, 385, 377, 267, 324, 341, 399]",[],"{""ordinary"": 8}"
beads4,2,267,stable_ordinary,ordinary,0.8626817447495961,0.8317757009345794,0.8959731543624161,"[6, 21, 4, 30, 18, 12, 36, 48]","[195, 298, 208, 402, 266, 406, 342, 321]",[],"{""ordinary"": 8}"
beads4,4,208,stable_ordinary,ordinary,0.736283185840708,0.697986577181208,0.7790262172284644,"[18, 2, 9, 30, 6, 21, 29, 5]","[266, 267, 302, 402, 195, 298, 343, 162]",[],"{""ordinary"": 8}"
beads4,5,162,stable_ordinary,ordinary,0.5704225352112676,0.5364238410596026,0.6090225563909775,"[9, 19, 14, 29, 18, 31, 4, 7]","[302, 326, 252, 343, 266, 346, 208, 212]",[],"{""ordinary"": 8}"
beads4,6,195,stable_ordinary,ordinary,0.5882352941176471,0.5701754385964912,0.6074766355140186,"[2, 21, 12, 36, 4, 30, 26, 48]","[267, 298, 406, 342, 208, 402, 393, 321]",[],"{""ordinary"": 8}"
beads4,7,212,stable_ordinary,ordinary,0.7723132969034608,0.75177304964539,0.7940074906367042,"[14, 22, 15, 31, 19, 37, 5, 49]","[252, 258, 267, 346, 326, 335, 162, 282]",[],"{""ordinary"": 8}"
beads4,9,302,stable_ordinary,ordinary,1.139622641509434,1.1353383458646618,1.143939393939394,"[5, 18, 29, 19, 4, 43, 44, 14]","[162, 266, 343, 326, 208, 264, 351, 252]",[],"{""ordinary"": 8}"
beads4,12,406,stable_ordinary,ordinary,1.3488372093023255,1.3355263157894737,1.3624161073825503,"[26, 6, 21, 36, 2, 17, 53, 40]","[393, 195, 298, 342, 267, 283, 304, 333]",[],"{""ordinary"": 8}"
beads4,14,252,stable_ordinary,ordinary,0.9180327868852459,0.8936170212765957,0.9438202247191011,"[7, 31, 22, 19, 5, 15, 44, 49]","[212, 346, 258, 326, 162, 267, 351, 282]",[],"{""ordinary"": 8}"
beads4,15,267,stable_ordinary,ordinary,0.8654781199351702,0.7970149253731343,0.9468085106382979,"[22, 37, 28, 7, 49, 14, 54, 24]","[258, 335, 346, 212, 282, 252, 363, 400]",[],"{""ordinary"": 8}"
beads4,16,237,stable_ordinary,ordinary,0.797979797979798,0.7620578778135049,0.8374558303886925,"[33, 27, 17, 51, 41, 25, 40, 60]","[311, 252, 283, 275, 386, 255, 333, 384]",[],"{""ordinary"": 8}"
beads4,17,283,stable_ordinary,ordinary,0.8788819875776398,0.8498498498498499,0.909967845659164,"[33, 16, 26, 40, 27, 12, 51, 60]","[311, 237, 393, 333, 252, 406, 275, 384]",[],"{""ordinary"": 8}"
beads4,18,266,stable_ordinary,ordinary,0.9349736379613357,0.8807947019867549,0.9962546816479401,"[4, 9, 30, 29, 43, 2, 5, 19]","[208, 302, 402, 343, 264, 267, 162, 326]",[],"{""ordinary"": 8}"
beads4,19,326,stable_ordinary,ordinary,1.1145299145299146,1.0794701986754967,1.1519434628975265,"[5, 14, 29, 31, 9, 44, 7, 56]","[162, 252, 343, 346, 302, 351, 212, 283]",[],"{""ordinary"": 8}"
beads4,21,298,stable_ordinary,ordinary,0.8989441930618401,0.8713450292397661,0.9283489096573209,"[6, 36, 2, 12, 30, 48, 4, 26]","[195, 342, 267, 406, 402, 321, 208, 393]",[],"{""ordinary"": 8}"
beads4,22,258,stable_ordinary,ordinary,0.8486842105263158,0.7914110429447853,0.9148936170212766,"[7, 15, 14, 37, 31, 49, 28, 19]","[212, 267, 252, 335, 346, 282, 346, 326]",[],"{""ordinary"": 8}"
beads4,24,400,stable_ordinary,ordinary,1.21580547112462,1.1940298507462686,1.238390092879257,"[34, 42, 28, 63, 54, 15, 32, 37]","[317, 323, 346, 304, 363, 267, 379, 335]",[],"{""ordinary"": 8}"
beads4,25,255,stable_ordinary,ordinary,0.8963093145869947,0.8673469387755102,0.9272727272727272,"[39, 27, 41, 65, 57, 16, 38, 51]","[271, 252, 386, 300, 307, 237, 294, 275]",[],"{""ordinary"": 8}"
beads4,26,393,stable_ordinary,ordinary,1.278048780487805,1.2636655948553055,1.292763157894737,"[12, 40, 36, 17, 53, 21, 33, 6]","[406, 333, 342, 283, 304, 298, 311, 195]",[],"{""ordinary"": 8}"
beads4,27,252,stable_ordinary,ordinary,0.9032258064516129,0.8904593639575972,0.9163636363636364,"[41, 16, 25, 33, 51, 39, 17, 65]","[386, 237, 255, 311, 275, 271, 283, 300]",[],"{""ordinary"": 8}"
beads4,28,346,stable_ordinary,ordinary,1.08125,1.0712074303405572,1.0914826498422714,"[24, 15, 42, 37, 54, 34, 22, 66]","[400, 267, 323, 335, 363, 317, 258, 288]",[],"{""ordinary"": 8}"
beads4,29,343,stable_ordinary,ordinary,1.1726495726495727,1.1357615894039734,1.2120141342756183,"[43, 9, 19, 18, 56, 44, 5, 67]","[264, 302, 326, 266, 283, 351, 162, 318]",[],"{""ordinary"": 8}"
beads4,30,402,stable_ordinary,ordinary,1.5084427767354596,1.5056179775280898,1.5112781954887218,"[18, 48, 58, 21, 43, 4, 2, 29]","[266, 321, 260, 298, 264, 208, 267, 343]",[],"{""ordinary"": 8}"
beads4,31,346,stable_ordinary,ordinary,1.2379248658318425,1.2269503546099292,1.2490974729241877,"[14, 22, 19, 44, 49, 59, 7, 70]","[252, 258, 326, 351, 282, 277, 212, 337]",[],"{""ordinary"": 8}"
beads4,32,379,stable_ordinary,ordinary,1.1590214067278288,1.1450151057401812,1.173374613003096,"[55, 46, 34, 79, 63, 24, 47, 42]","[357, 293, 317, 331, 304, 400, 336, 323]",[],"{""ordinary"": 8}"
beads4,33,311,stable_ordinary,ordinary,1.0097402597402598,0.933933933933934,1.098939929328622,"[16, 17, 51, 40, 27, 60, 41, 26]","[237, 283, 275, 333, 252, 384, 386, 393]",[],"{""ordinary"": 8}"
beads4,34,317,stable_ordinary,ordinary,0.9476831091180867,0.9161849710982659,0.9814241486068112,"[24, 42, 32, 55, 63, 28, 73, 46]","[400, 323, 379, 357, 304, 346, 277, 293]",[],"{""ordinary"": 8}"
beads4,36,342,stable_ordinary,ordinary,1.0944,1.0654205607476634,1.125,"[21, 53, 48, 26, 12, 62, 6, 40]","[298, 304, 321, 393, 406, 268, 195, 333]",[],"{""ordinary"": 8}"
beads4,37,335,stable_ordinary,ordinary,1.0929853181076672,1.0307692307692307,1.1631944444444444,"[15, 49, 22, 54, 28, 66, 31, 72]","[267, 282, 258, 363, 346, 288, 346, 325]",[],"{""ordinary"": 8}"
beads4,38,294,stable_ordinary,ordinary,1.0594594594594595,1.0352112676056338,1.084870848708487,"[52, 39, 57, 75, 50, 81, 25, 74]","[301, 271, 307, 364, 210, 233, 255, 284]",[],"{""ordinary"": 8}"
beads4,39,271,stable_ordinary,ordinary,0.9124579124579124,0.9033333333333333,0.9217687074829932,"[25, 57, 41, 38, 65, 52, 27, 81]","[255, 307, 386, 294, 300, 301, 252, 233]",[],"{""ordinary"": 8}"
beads4,40,333,stable_ordinary,ordinary,1.1345826235093697,1.0953947368421053,1.176678445229682,"[26, 60, 53, 69, 33, 17, 51, 78]","[393, 384, 304, 214, 311, 283, 275, 236]",[],"{""ordinary"": 8}"
beads4,41,386,stable_ordinary,ordinary,1.3810375670840787,1.3591549295774648,1.4036363636363636,"[27, 65, 25, 51, 39, 76, 57, 33]","[252, 300, 255, 275, 271, 284, 307, 311]",[],"{""ordinary"": 8}"
beads4,42,323,stable_ordinary,ordinary,0.918918918918919,0.9047619047619048,0.9335260115606936,"[24, 63, 34, 28, 54, 73, 80, 55]","[400, 304, 317, 346, 363, 277, 362, 357]",[],"{""ordinary"": 8}"
beads4,43,264,stable_ordinary,ordinary,0.8516129032258064,0.8301886792452831,0.8741721854304636,"[67, 56, 29, 58, 30, 18, 44, 9]","[318, 283, 343, 260, 402, 266, 351, 302]",[],"{""ordinary"": 8}"
beads4,44,351,stable_ordinary,ordinary,1.1527093596059113,1.0766871165644172,1.2402826855123674,"[56, 70, 59, 31, 29, 19, 43, 14]","[283, 337, 277, 346, 343, 326, 264, 252]",[],"{""ordinary"": 8}"
beads4,46,293,stable_ordinary,ordinary,0.8785607196401799,0.8720238095238095,0.8851963746223565,"[47, 32, 68, 55, 79, 61, 85, 34]","[336, 379, 341, 357, 331, 237, 247, 317]",[],"{""ordinary"": 8}"
beads4,47,336,stable_ordinary,ordinary,1.0,0.9853372434017595,1.0151057401812689,"[68, 61, 46, 92, 79, 83, 64, 32]","[341, 237, 293, 320, 331, 366, 346, 379]",[],"{""ordinary"": 8}"
beads4,48,321,stable_ordinary,ordinary,1.0664451827242525,1.055921052631579,1.0771812080536913,"[71, 58, 62, 36, 30, 21, 53, 43]","[308, 260, 268, 342, 402, 298, 304, 264]",[],"{""ordinary"": 8}"
beads4,49,282,stable_ordinary,ordinary,0.9200652528548124,0.8676923076923077,0.9791666666666666,"[72, 37, 66, 59, 31, 22, 54, 15]","[325, 335, 288, 277, 346, 258, 363, 267]",[],"{""ordinary"": 8}"
beads4,50,210,stable_ordinary,ordinary,0.7130730050933786,0.711864406779661,0.7142857142857143,"[74, 52, 75, 77, 93, 38, 97, 95]","[284, 301, 364, 415, 295, 294, 290, 251]",[],"{""ordinary"": 8}"
beads4,51,275,stable_ordinary,ordinary,0.9417808219178082,0.9166666666666666,0.9683098591549296,"[60, 33, 76, 41, 411, 27, 65, 16]","[384, 311, 284, 386, 247, 252, 300, 237]",[],"{""ordinary"": 8}"
beads4,52,301,stable_ordinary,ordinary,1.048780487804878,1.0379310344827586,1.0598591549295775,"[38, 75, 57, 81, 50, 74, 39, 97]","[294, 364, 307, 233, 210, 284, 271, 290]",[],"{""ordinary"": 8}"
beads4,53,304,stable_ordinary,ordinary,0.9296636085626911,0.9129129129129129,0.9470404984423676,"[78, 62, 69, 36, 40, 26, 48, 60]","[236, 268, 214, 342, 333, 393, 321, 384]",[],"{""ordinary"": 8}"
beads4,54,363,stable_ordinary,ordinary,1.1578947368421053,1.1238390092879258,1.194078947368421,"[80, 66, 73, 37, 42, 28, 49, 63]","[362, 288, 277, 335, 323, 346, 282, 304]",[],"{""ordinary"": 8}"
beads4,55,357,stable_ordinary,ordinary,1.1018518518518519,1.0785498489425982,1.1261829652996846,"[32, 46, 79, 85, 34, 63, 90, 68]","[379, 293, 331, 247, 317, 304, 355, 341]",[],"{""ordinary"": 8}"
beads4,56,283,stable_ordinary,ordinary,0.8788819875776398,0.8680981595092024,0.889937106918239,"[43, 44, 67, 70, 29, 59, 58, 19]","[264, 351, 318, 337, 343, 277, 260, 326]",[],"{""ordinary"": 8}"
beads4,57,307,stable_ordinary,ordinary,1.021630615640599,1.0199335548172757,1.0233333333333334,"[39, 81, 65, 52, 87, 38, 75, 41]","[271, 233, 300, 301, 308, 294, 364, 386]",[],"{""ordinary"": 8}"
beads4,58,260,stable_ordinary,ordinary,0.8798646362098139,0.8441558441558441,0.9187279151943463,"[48, 71, 67, 30, 43, 62, 56, 18]","[321, 308, 318, 402, 264, 268, 283, 266]",[],"{""ordinary"": 8}"
beads4,59,277,stable_ordinary,ordinary,0.9037520391517129,0.8523076923076923,0.9618055555555556,"[70, 72, 49, 44, 31, 56, 66, 22]","[337, 325, 282, 351, 346, 283, 288, 258]",[],"{""ordinary"": 8}"
beads4,60,384,stable_ordinary,ordinary,1.3738819320214668,1.352112676056338,1.3963636363636365,"[69, 86, 51, 40, 411, 33, 76, 53]","[214, 122, 275, 333, 247, 311, 284, 304]",[86],"{""ordinary"": 8}"
beads4,61,237,stable_ordinary,ordinary,0.7225609756097561,0.7053571428571429,0.740625,"[47, 83, 64, 68, 92, 82, 46, 98]","[336, 366, 346, 341, 320, 285, 293, 263]",[],"{""ordinary"": 8}"
beads4,62,268,stable_ordinary,ordinary,0.8903654485049833,0.881578947368421,0.8993288590604027,"[71, 53, 78, 48, 36, 69, 58, 21]","[308, 304, 236, 321, 342, 214, 260, 298]",[],"{""ordinary"": 8}"
beads4,63,304,stable_ordinary,ordinary,0.8967551622418879,0.856338028169014,0.9411764705882353,"[73, 42, 90, 34, 55, 85, 54, 80]","[277, 323, 355, 317, 357, 247, 363, 362]",[],"{""ordinary"": 8}"
beads4,64,346,stable_ordinary,ordinary,1.0762052877138413,1.0712074303405572,1.08125,"[82, 83, 61, 84, 108, 102, 92, 47]","[285, 366, 237, 323, 241, 336, 320, 336]",[],"{""ordinary"": 8}"
beads4,65,300,stable_ordinary,ordinary,1.015228426395939,0.9771986970684039,1.056338028169014,"[41, 76, 57, 91, 87, 39, 81, 51]","[386, 284, 307, 339, 308, 271, 233, 275]",[],"{""ordinary"": 8}"
beads4,66,288,stable_ordinary,ordinary,0.8727272727272727,0.8597014925373134,0.8861538461538462,"[72, 54, 49, 80, 37, 59, 73, 28]","[325, 363, 282, 362, 335, 277, 277, 346]",[],"{""ordinary"": 8}"
beads4,67,318,stable_ordinary,ordinary,0.986046511627907,0.9436201780415431,1.0324675324675325,"[43, 56, 58, 29, 30, 71, 70, 44]","[264, 283, 260, 343, 402, 308, 337, 351]",[],"{""ordinary"": 8}"
beads4,68,341,stable_ordinary,ordinary,1.0476190476190477,1.0302114803625377,1.065625,"[47, 46, 79, 61, 92, 98, 83, 99]","[336, 293, 331, 237, 320, 263, 366, 342]",[],"{""ordinary"": 8}"
beads4,69,214,stable_ordinary,ordinary,0.7882136279926335,0.7781818181818182,0.7985074626865671,"[78, 60, 53, 86, 40, 62, 411, 51]","[236, 384, 304, 122, 333, 268, 247, 275]",[86],"{""ordinary"": 8}"
beads4,70,337,stable_ordinary,ordinary,1.0482115085536547,1.0369230769230768,1.059748427672956,"[59, 44, 56, 72, 31, 49, 67, 29]","[277, 351, 283, 325, 346, 282, 318, 343]",[],"{""ordinary"": 8}"
beads4,71,308,stable_ordinary,ordinary,0.9903536977491961,0.9685534591194969,1.013157894736842,"[62, 48, 58, 78, 36, 53, 30, 67]","[268, 321, 260, 236, 342, 304, 402, 318]",[],"{""ordinary"": 8}"
beads4,72,325,stable_ordinary,ordinary,0.9672619047619048,0.9643916913946587,0.9701492537313433,"[66, 49, 59, 70, 37, 80, 31, 54]","[288, 282, 277, 337, 335, 362, 346, 363]",[],"{""ordinary"": 8}"
beads4,73,277,stable_ordinary,ordinary,0.865625,0.8575851393188855,0.8738170347003155,"[80, 63, 54, 42, 90, 66, 85, 34]","[362, 304, 363, 323, 355, 288, 247, 317]",[],"{""ordinary"": 8}"
beads4,74,284,stable_ordinary,ordinary,0.9709401709401709,0.9627118644067797,0.9793103448275862,"[93, 50, 75, 97, 77, 95, 52, 114]","[295, 210, 364, 290, 415, 251, 301, 220]",[],"{""ordinary"": 8}"
beads4,75,364,stable_ordinary,ordinary,1.2682926829268293,1.2551724137931035,1.2816901408450705,"[52, 97, 81, 74, 50, 105, 93, 57]","[301, 290, 233, 284, 210, 243, 295, 307]",[],"{""ordinary"": 8}"
beads4,76,284,stable_ordinary,ordinary,0.9342105263157895,0.922077922077922,0.9466666666666667,"[411, 91, 65, 51, 41, 60, 87, 86]","[247, 339, 300, 275, 386, 384, 308, 122]",[86],"{""ordinary"": 8}"
beads4,77,415,stable_ordinary,ordinary,1.5749525616698292,1.5036231884057971,1.653386454183267,"[95, 74, 93, 96, 50, 112, 114, 113]","[251, 284, 295, 236, 210, 350, 220, 276]",[],"{""ordinary"": 8}"
beads4,78,236,stable_ordinary,ordinary,0.7712418300653595,0.7662337662337663,0.7763157894736842,"[69, 53, 62, 86, 40, 71, 60, 36]","[214, 304, 268, 122, 333, 308, 384, 342]",[86],"{""ordinary"": 8}"
beads4,79,331,stable_ordinary,ordinary,1.0091463414634145,0.9851190476190477,1.034375,"[99, 85, 68, 98, 55, 46, 92, 47]","[342, 247, 341, 263, 357, 293, 320, 336]",[],"{""ordinary"": 8}"
beads4,80,362,stable_ordinary,ordinary,1.117283950617284,1.113846153846154,1.1207430340557276,"[73, 54, 66, 42, 72, 63, 90, 37]","[277, 363, 288, 323, 325, 304, 355, 335]",[],"{""ordinary"": 8}"
beads4,81,233,stable_ordinary,ordinary,0.7753743760399334,0.7740863787375415,0.7766666666666666,"[87, 57, 75, 104, 105, 52, 97, 65]","[308, 307, 364, 279, 243, 301, 290, 300]",[],"{""ordinary"": 8}"
beads4,82,285,stable_ordinary,ordinary,0.8649468892261002,0.8482142857142857,0.8823529411764706,"[64, 102, 83, 84, 108, 100, 61, 111]","[346, 336, 366, 323, 241, 223, 237, 384]",[],"{""ordinary"": 8}"
beads4,83,366,stable_ordinary,ordinary,1.1158536585365855,1.0892857142857142,1.14375,"[64, 61, 92, 82, 108, 111, 102, 68]","[346, 237, 320, 285, 241, 384, 336, 341]",[],"{""ordinary"": 8}"
beads4,84,323,stable_ordinary,ordinary,1.0141287284144427,0.9613095238095238,1.0730897009966778,"[100, 102, 82, 122, 64, 117, 108, 83]","[223, 336, 285, 301, 346, 370, 241, 366]",[],"{""ordinary"": 8}"
beads4,85,247,stable_ordinary,ordinary,0.7779527559055118,0.7462235649546828,0.8125,"[99, 90, 79, 55, 63, 98, 73, 46]","[342, 355, 331, 357, 304, 263, 277, 293]",[],"{""ordinary"": 8}"
beads4,87,308,stable_ordinary,ordinary,1.0547945205479452,1.0266666666666666,1.0845070422535212,"[104, 81, 91, 65, 57, 105, 76, 75]","[279, 233, 339, 300, 307, 243, 284, 364]",[],"{""ordinary"": 8}"
beads4,90,355,stable_ordinary,ordinary,1.0856269113149848,1.0725075528700907,1.0990712074303406,"[85, 63, 73, 99, 55, 80, 79, 42]","[247, 304, 277, 342, 357, 362, 331, 323]",[],"{""ordinary"": 8}"
beads4,91,339,stable_ordinary,ordinary,1.1609589041095891,1.13,1.193661971830986,"[76, 87, 65, 411, 104, 81, 57, 41]","[284, 308, 300, 247, 279, 233, 307, 386]",[],"{""ordinary"": 8}"
beads4,92,320,stable_ordinary,ordinary,0.9523809523809523,0.9384164222873901,0.9667673716012085,"[83, 98, 110, 68, 111, 61, 108, 79]","[366, 263, 345, 341, 384, 237, 241, 331]",[],"{""ordinary"": 8}"
beads4,93,295,stable_ordinary,ordinary,0.921875,0.8428571428571429,1.0172413793103448,"[74, 97, 114, 95, 77, 120, 112, 75]","[284, 290, 220, 251, 415, 429, 350, 364]",[],"{""ordinary"": 8}"
beads4,95,251,stable_ordinary,ordinary,0.8964285714285715,0.8838028169014085,0.9094202898550725,"[77, 112, 93, 96, 114, 113, 74, 129]","[415, 350, 295, 236, 220, 276, 284, 261]",[],"{""ordinary"": 8}"
beads4,96,236,stable_ordinary,ordinary,0.851985559566787,0.8489208633093526,0.855072463768116,"[113, 95, 112, 417, 119, 77, 128, 131]","[276, 251, 350, 166, 441, 415, 278, 264]",[],"{""ordinary"": 8}"
beads4,97,290,stable_ordinary,ordinary,1.1005692599620494,1.0211267605633803,1.1934156378600822,"[105, 93, 75, 120, 74, 114, 416, 81]","[243, 295, 364, 429, 284, 220, 243, 233]",[],"{""ordinary"": 8}"
beads4,98,263,stable_ordinary,ordinary,0.7827380952380952,0.7712609970674487,0.7945619335347432,"[110, 99, 92, 79, 68, 111, 85, 61]","[345, 342, 320, 331, 341, 384, 247, 237]",[],"{""ordinary"": 8}"
beads4,99,342,stable_ordinary,ordinary,1.0178571428571428,1.002932551319648,1.0332326283987916,"[85, 79, 98, 90, 110, 68, 55, 92]","[247, 331, 263, 355, 345, 341, 357, 320]",[],"{""ordinary"": 8}"
beads4,100,223,stable_ordinary,ordinary,0.7147435897435898,0.6904024767801857,0.7408637873754153,"[84, 117, 102, 122, 118, 82, 103, 134]","[323, 370, 336, 301, 277, 285, 324, 223]",[],"{""ordinary"": 8}"
beads4,102,336,stable_ordinary,ordinary,1.1467576791808873,1.1162790697674418,1.1789473684210525,"[108, 82, 84, 122, 100, 127, 117, 83]","[241, 285, 323, 301, 223, 267, 370, 366]",[],"{""ordinary"": 8}"
beads4,103,324,stable_ordinary,ordinary,1.132867132867133,1.0983050847457627,1.1696750902527075,"[118, 123, 133, 117, 137, 100, 134, 148]","[277, 311, 327, 370, 198, 223, 223, 295]",[],"{""ordinary"": 8}"
beads4,104,279,stable_ordinary,ordinary,0.9457627118644067,0.93,0.9620689655172414,"[87, 105, 81, 91, 416, 97, 57, 65]","[308, 243, 233, 339, 243, 290, 307, 300]",[],"{""ordinary"": 8}"
beads4,105,243,stable_ordinary,ordinary,0.8307692307692308,0.823728813559322,0.8379310344827586,"[104, 97, 81, 416, 75, 87, 120, 93]","[279, 290, 233, 243, 364, 308, 429, 295]",[],"{""ordinary"": 8}"
beads4,108,241,stable_ordinary,ordinary,0.7761674718196457,0.753125,0.8006644518272426,"[111, 125, 102, 127, 83, 82, 122, 92]","[384, 192, 336, 267, 366, 285, 301, 320]",[],"{""ordinary"": 8}"
beads4,110,345,stable_ordinary,ordinary,1.0438729198184569,1.0117302052785924,1.078125,"[111, 98, 92, 125, 99, 83, 108, 68]","[384, 263, 320, 192, 342, 366, 241, 341]",[],"{""ordinary"": 8}"
beads4,111,384,stable_ordinary,ordinary,1.3083475298126064,1.2,1.4382022471910112,"[125, 110, 108, 92, 83, 127, 98, 102]","[192, 345, 241, 320, 366, 267, 263, 336]",[],"{""ordinary"": 8}"
beads4,112,350,stable_ordinary,ordinary,1.3671875,1.3409961685823755,1.3944223107569722,"[95, 114, 113, 129, 128, 96, 132, 93]","[251, 220, 276, 261, 278, 236, 190, 295]",[],"{""ordinary"": 8}"
beads4,113,276,stable_ordinary,ordinary,1.0514285714285714,1.0454545454545454,1.0574712643678161,"[128, 96, 112, 119, 129, 131, 95, 417]","[278, 236, 350, 441, 261, 264, 251, 166]",[],"{""ordinary"": 8}"
beads4,114,220,stable_ordinary,ordinary,0.7985480943738656,0.7586206896551724,0.842911877394636,"[120, 112, 93, 132, 95, 129, 97, 416]","[429, 350, 295, 190, 251, 261, 290, 243]",[],"{""ordinary"": 8}"
beads4,117,370,stable_ordinary,ordinary,1.184,1.1419753086419753,1.2292358803986712,"[100, 122, 134, 118, 140, 103, 133, 102]","[223, 301, 223, 277, 354, 324, 327, 336]",[],"{""ordinary"": 8}"
beads4,118,277,stable_ordinary,ordinary,0.9141914191419142,0.8906752411575563,0.9389830508474576,"[103, 133, 117, 123, 134, 100, 137, 148]","[324, 327, 370, 311, 223, 223, 198, 295]",[],"{""ordinary"": 8}"
beads4,119,441,stable_ordinary,ordinary,1.7027027027027026,1.6704545454545454,1.736220472440945,"[131, 417, 113, 139, 128, 96, 144, 150]","[264, 166, 276, 250, 278, 236, 254, 275]",[],"{""ordinary"": 8}"
beads4,120,429,stable_ordinary,ordinary,1.7023809523809523,1.6436781609195403,1.7654320987654322,"[114, 416, 97, 132, 93, 105, 112, 129]","[220, 243, 290, 190, 295, 243, 350, 261]",[],"{""ordinary"": 8}"
beads4,122,301,stable_ordinary,ordinary,0.9983416252072969,0.8958333333333334,1.1273408239700375,"[127, 117, 136, 102, 140, 100, 134, 108]","[267, 370, 352, 336, 354, 223, 223, 241]",[],"{""ordinary"": 8}"
beads4,123,311,stable_ordinary,ordinary,1.0048465266558966,0.9598765432098766,1.0542372881355933,"[137, 103, 133, 118, 149, 141, 148, 134]","[198, 324, 327, 277, 349, 351, 295, 223]",[],"{""ordinary"": 8}"
beads4,125,192,stable_ordinary,ordinary,0.5638766519823789,0.5565217391304348,0.5714285714285714,"[111, 127, 108, 136, 110, 102, 122, 83]","[384, 267, 241, 352, 345, 336, 301, 366]",[],"{""ordinary"": 8}"
beads4,127,267,stable_ordinary,ordinary,0.7761627906976745,0.7585227272727273,0.7946428571428571,"[136, 125, 122, 108, 102, 140, 111, 117]","[352, 192, 301, 241, 336, 354, 384, 370]",[],"{""ordinary"": 8}"
beads4,128,278,stable_ordinary,ordinary,1.0296296296296297,1.0072463768115942,1.053030303030303,"[113, 129, 131, 145, 143, 144, 112, 119]","[276, 261, 264, 253, 321, 254, 350, 441]",[],"{""ordinary"": 8}"
beads4,129,261,stable_ordinary,ordinary,0.9666666666666667,0.9456521739130435,0.9886363636363636,"[128, 132, 143, 112, 113, 145, 114, 131]","[278, 190, 321, 350, 276, 253, 220, 264]",[],"{""ordinary"": 8}"
beads4,131,264,stable_ordinary,ordinary,0.998109640831758,0.96,1.0393700787401574,"[119, 144, 128, 139, 150, 113, 145, 417]","[441, 254, 278, 250, 275, 276, 253, 166]",[],"{""ordinary"": 8}"
beads4,132,190,stable_ordinary,ordinary,0.7050092764378478,0.6834532374100719,0.7279693486590039,"[129, 114, 143, 120, 112, 128, 416, 145]","[261, 220, 321, 429, 350, 278, 243, 253]",[],"{""ordinary"": 8}"
beads4,133,327,stable_ordinary,ordinary,1.0792079207920793,1.0514469453376205,1.1084745762711865,"[118, 134, 148, 137, 123, 153, 103, 149]","[277, 223, 295, 198, 311, 339, 324, 349]",[],"{""ordinary"": 8}"
beads4,134,223,stable_ordinary,ordinary,0.7101910828025477,0.6819571865443425,0.7408637873754153,"[140, 133, 147, 117, 153, 118, 148, 122]","[354, 327, 172, 370, 339, 277, 295, 301]",[],"{""ordinary"": 8}"
beads4,136,352,stable_ordinary,ordinary,1.2394366197183098,1.169435215946844,1.3183520599250935,"[127, 140, 122, 125, 147, 117, 134, 102]","[267, 354, 301, 192, 172, 370, 223, 336]",[],"{""ordinary"": 8}"
beads4,137,198,stable_ordinary,ordinary,0.6236220472440945,0.6111111111111112,0.6366559485530546,"[123, 149, 133, 141, 148, 151, 118, 103]","[311, 349, 327, 351, 295, 268, 277, 324]",[],"{""ordinary"": 8}"
beads4,139,250,stable_ordinary,ordinary,0.9560229445506692,0.946969696969697,0.9652509652509652,"[150, 131, 155, 146, 119, 144, 158, 417]","[275, 264, 259, 282, 441, 254, 207, 166]",[],"{""ordinary"": 8}"
beads4,140,354,stable_ordinary,ordinary,1.127388535031847,1.0825688073394495,1.176079734219269,"[147, 136, 134, 122, 117, 153, 127, 133]","[172, 352, 223, 301, 370, 339, 267, 327]",[],"{""ordinary"": 8}"
beads4,141,351,stable_ordinary,ordinary,1.283363802559415,1.2580645161290323,1.3097014925373134,"[151, 137, 149, 156, 161, 123, 160, 148]","[268, 198, 349, 206, 279, 311, 196, 295]",[],"{""ordinary"": 8}"
beads4,143,321,stable_ordinary,ordinary,1.2466019417475729,1.2298850574712643,1.263779527559055,"[145, 129, 132, 128, 157, 144, 159, 112]","[253, 261, 190, 278, 200, 254, 397, 350]",[],"{""ordinary"": 8}"
beads4,144,254,stable_ordinary,ordinary,0.9825918762088974,0.9621212121212122,1.0039525691699605,"[145, 150, 131, 159, 157, 158, 128, 139]","[253, 275, 264, 397, 200, 207, 278, 250]",[],"{""ordinary"": 8}"
beads4,145,253,stable_ordinary,ordinary,0.9387755102040817,0.92,0.9583333333333334,"[143, 144, 157, 128, 159, 129, 131, 150]","[321, 254, 200, 278, 397, 261, 264, 275]",[],"{""ordinary"": 8}"
beads4,146,282,stable_ordinary,ordinary,1.0783938814531548,1.0681818181818181,1.0888030888030888,"[155, 139, 164, 150, 165, 169, 158, 131]","[259, 250, 241, 275, 333, 274, 207, 264]",[],"{""ordinary"": 8}"
beads4,147,172,stable_ordinary,ordinary,0.5165165165165165,0.5073746312684366,0.5259938837920489,"[140, 153, 134, 136, 148, 133, 117, 122]","[354, 339, 223, 352, 295, 327, 370, 301]",[],"{""ordinary"": 8}"
beads4,148,295,stable_ordinary,ordinary,1.0727272727272728,0.9021406727828746,1.3228699551569507,"[153, 149, 133, 163, 137, 160, 134, 147]","[339, 349, 327, 344, 198, 196, 223, 172]",[],"{""ordinary"": 8}"
beads4,149,349,stable_ordinary,ordinary,1.21602787456446,1.1830508474576271,1.2508960573476702,"[137, 148, 160, 151, 141, 163, 161, 133]","[198, 295, 196, 268, 351, 344, 279, 327]",[],"{""ordinary"": 8}"
beads4,150,275,stable_ordinary,ordinary,1.0516252390057361,1.0416666666666667,1.0617760617760619,"[139, 158, 144, 155, 165, 131, 159, 146]","[250, 207, 254, 259, 333, 264, 397, 282]",[],"{""ordinary"": 8}"
beads4,151,268,stable_ordinary,ordinary,0.9554367201426025,0.950354609929078,0.9605734767025089,"[141, 161, 149, 156, 160, 167, 137, 172]","[351, 279, 349, 206, 196, 316, 198, 282]",[],"{""ordinary"": 8}"
beads4,153,339,stable_ordinary,ordinary,1.090032154340836,1.036697247706422,1.1491525423728814,"[147, 148, 134, 133, 163, 178, 140, 149]","[172, 295, 223, 327, 344, 216, 354, 349]",[],"{""ordinary"": 8}"
beads4,155,259,stable_ordinary,ordinary,0.9885496183206107,0.9452554744525548,1.036,"[146, 165, 150, 164, 139, 169, 158, 173]","[282, 333, 275, 241, 250, 274, 207, 245]",[],"{""ordinary"": 8}"
beads4,156,206,stable_ordinary,ordinary,0.7317939609236235,0.7304964539007093,0.7330960854092526,"[167, 151, 161, 141, 170, 177, 172, 160]","[316, 268, 279, 351, 290, 281, 282, 196]",[],"{""ordinary"": 8}"
beads4,157,200,stable_ordinary,ordinary,0.7561436672967864,0.7272727272727273,0.7874015748031497,"[159, 145, 144, 143, 158, 174, 150, 128]","[397, 253, 254, 321, 207, 174, 275, 278]",[],"{""ordinary"": 8}"
beads4,158,207,stable_ordinary,ordinary,0.8070175438596491,0.7992277992277992,0.8149606299212598,"[159, 165, 150, 173, 144, 174, 155, 157]","[397, 333, 275, 245, 254, 174, 259, 200]",[],"{""ordinary"": 8}"
beads4,159,397,stable_ordinary,ordinary,1.5943775100401607,1.5691699604743083,1.620408163265306,"[157, 158, 144, 174, 145, 150, 165, 173]","[200, 207, 254, 174, 253, 275, 333, 245]",[],"{""ordinary"": 8}"
beads4,160,196,stable_ordinary,ordinary,0.6987522281639929,0.6950354609929078,0.7025089605734767,"[163, 161, 149, 171, 176, 151, 172, 148]","[344, 279, 349, 150, 211, 268, 282, 295]",[],"{""ordinary"": 8}"
beads4,161,279,stable_ordinary,ordinary,1.0163934426229508,0.9928825622775801,1.041044776119403,"[151, 160, 167, 172, 156, 177, 176, 149]","[268, 196, 316, 282, 206, 281, 211, 349]",[],"{""ordinary"": 8}"
beads4,163,344,stable_ordinary,ordinary,1.38989898989899,1.2329749103942653,1.5925925925925926,"[171, 160, 178, 148, 149, 176, 153, 161]","[150, 196, 216, 295, 349, 211, 339, 279]",[],"{""ordinary"": 8}"
beads4,164,241,stable_ordinary,ordinary,0.9043151969981238,0.8795620437956204,0.9305019305019305,"[169, 155, 180, 146, 168, 165, 179, 183]","[274, 259, 510, 282, 169, 333, 259, 233]",[],"{""ordinary"": 8}"
beads4,165,333,stable_ordinary,ordinary,1.3214285714285714,1.2857142857142858,1.3591836734693878,"[155, 158, 173, 169, 179, 150, 164, 174]","[259, 207, 245, 274, 259, 275, 241, 174]",[],"{""ordinary"": 8}"
beads4,167,316,stable_ordinary,ordinary,1.1225577264653641,1.1205673758865249,1.1245551601423487,"[156, 177, 161, 170, 172, 181, 151, 184]","[206, 281, 279, 290, 282, 330, 268, 334]",[],"{""ordinary"": 8}"
beads4,168,169,stable_ordinary,ordinary,0.6305970149253731,0.6167883211678832,0.6450381679389313,"[180, 183, 164, 194, 169, 179, 197, 192]","[510, 233, 241, 262, 274, 259, 275, 317]",[],"{""ordinary"": 8}"
beads4,169,274,stable_ordinary,ordinary,1.0873015873015872,1.057915057915058,1.1183673469387756,"[179, 164, 165, 180, 183, 173, 155, 168]","[259, 241, 333, 510, 233, 245, 259, 169]",[],"{""ordinary"": 8}"
beads4,170,290,stable_ordinary,ordinary,0.9897610921501706,0.9508196721311475,1.0320284697508897,"[181, 167, 177, 189, 185, 156, 184, 193]","[330, 316, 281, 196, 215, 206, 334, 305]",[],"{""ordinary"": 8}"
beads4,171,150,stable_ordinary,ordinary,0.6024096385542169,0.5376344086021505,0.684931506849315,"[163, 176, 178, 160, 182, 172, 161, 148]","[344, 211, 216, 196, 219, 282, 279, 295]",[],"{""ordinary"": 8}"
beads4,172,282,stable_ordinary,ordinary,1.0071428571428571,1.00355871886121,1.010752688172043,"[176, 177, 161, 182, 187, 167, 184, 160]","[211, 281, 279, 219, 317, 316, 334, 196]",[],"{""ordinary"": 8}"
beads4,173,245,stable_ordinary,ordinary,1.0272536687631026,0.9459459459459459,1.1238532110091743,"[179, 174, 165, 188, 158, 169, 191, 159]","[259, 174, 333, 218, 207, 274, 208, 397]",[],"{""ordinary"": 8}"
beads4,174,174,stable_ordinary,ordinary,0.7516198704103672,0.710204081632653,0.7981651376146789,"[173, 159, 158, 191, 188, 165, 179, 157]","[245, 397, 207, 208, 218, 333, 259, 200]",[],"{""ordinary"": 8}"
beads4,176,211,stable_ordinary,ordinary,0.7535714285714286,0.7508896797153025,0.7562724014336918,"[171, 182, 172, 160, 187, 163, 161, 177]","[150, 219, 282, 196, 317, 344, 279, 281]",[],"{""ordinary"": 8}"
beads4,177,281,stable_ordinary,ordinary,0.9273927392739274,0.8892405063291139,0.9689655172413794,"[172, 167, 184, 181, 170, 161, 189, 187]","[282, 316, 334, 330, 290, 279, 196, 317]",[],"{""ordinary"": 8}"
beads4,178,216,stable_ordinary,ordinary,1.0046511627906978,0.9863013698630136,1.0236966824644549,"[171, 163, 153, 176, 160, 148, 147, 182]","[150, 344, 339, 211, 196, 295, 172, 219]",[],"{""ordinary"": 8}"
beads4,179,259,stable_ordinary,ordinary,0.9980732177263969,0.9452554744525548,1.0571428571428572,"[169, 173, 183, 188, 165, 192, 180, 174]","[274, 245, 233, 218, 333, 317, 510, 174]",[],"{""ordinary"": 8}"
beads4,180,510,stable_ordinary,ordinary,1.9577735124760076,1.9465648854961832,1.9691119691119692,"[168, 183, 169, 194, 164, 179, 192, 197]","[169, 233, 274, 262, 241, 259, 317, 275]",[],"{""ordinary"": 8}"
beads4,181,330,stable_ordinary,ordinary,1.11864406779661,1.1,1.1379310344827587,"[170, 189, 177, 184, 185, 193, 167, 198]","[290, 196, 281, 334, 215, 305, 316, 300]",[],"{""ordinary"": 8}"
beads4,182,219,stable_ordinary,ordinary,0.8902439024390244,0.7793594306049823,1.037914691943128,"[187, 176, 172, 171, 184, 177, 200, 160]","[317, 211, 282, 150, 334, 281, 195, 196]",[],"{""ordinary"": 8}"
beads4,183,233,stable_ordinary,ordinary,0.8694029850746269,0.8503649635036497,0.8893129770992366,"[180, 192, 179, 194, 197, 169, 188, 168]","[510, 317, 259, 262, 275, 274, 218, 169]",[],"{""ordinary"": 8}"
beads4,184,334,stable_ordinary,ordinary,1.1865008880994672,1.1843971631205674,1.188612099644128,"[187, 189, 177, 181, 198, 200, 172, 182]","[317, 196, 281, 330, 300, 195, 282, 219]",[],"{""ordinary"": 8}"
beads4,185,215,stable_ordinary,ordinary,0.7107438016528925,0.7049180327868853,0.7166666666666667,"[193, 181, 201, 189, 170, 202, 207, 198]","[305, 330, 316, 196, 290, 270, 314, 300]",[],"{""ordinary"": 8}"
beads4,187,317,stable_ordinary,ordinary,1.268,1.1281138790035588,1.447488584474886,"[182, 184, 172, 200, 176, 177, 189, 198]","[219, 334, 282, 195, 211, 281, 196, 300]",[],"{""ordinary"": 8}"
beads4,188,218,stable_ordinary,ordinary,0.9624724061810155,0.9356223175965666,0.990909090909091,"[192, 191, 179, 412, 173, 183, 203, 174]","[317, 208, 259, 220, 245, 233, 141, 174]",[],"{""ordinary"": 8}"
beads4,189,196,stable_ordinary,ordinary,0.6644067796610169,0.6533333333333333,0.6758620689655173,"[181, 184, 198, 193, 202, 177, 185, 170]","[330, 334, 300, 305, 270, 281, 215, 290]",[],"{""ordinary"": 8}"
beads4,191,208,stable_ordinary,ordinary,0.8946236559139785,0.8489795918367347,0.9454545454545454,"[188, 203, 412, 174, 173, 192, 179, 205]","[218, 141, 220, 174, 245, 317, 259, 260]",[],"{""ordinary"": 8}"
beads4,192,317,stable_ordinary,ordinary,1.2886178861788617,1.223938223938224,1.3605150214592274,"[188, 183, 197, 412, 179, 205, 194, 191]","[218, 233, 275, 220, 259, 260, 262, 208]",[],"{""ordinary"": 8}"
beads4,193,305,stable_ordinary,ordinary,0.9967320261437909,0.9775641025641025,1.0166666666666666,"[185, 202, 189, 201, 207, 198, 181, 209]","[215, 270, 196, 316, 314, 300, 330, 312]",[],"{""ordinary"": 8}"
beads4,194,262,stable_ordinary,ordinary,0.8851351351351351,0.8264984227129337,0.9527272727272728,"[197, 183, 206, 180, 208, 192, 168, 205]","[275, 233, 337, 510, 355, 317, 169, 260]",[],"{""ordinary"": 8}"
beads4,197,275,stable_ordinary,ordinary,1.0299625468164795,1.0110294117647058,1.049618320610687,"[194, 192, 205, 208, 183, 212, 412, 206]","[262, 317, 260, 355, 233, 272, 220, 337]",[],"{""ordinary"": 8}"
beads4,198,300,stable_ordinary,ordinary,0.9900990099009901,0.9836065573770492,0.9966777408637874,"[202, 200, 189, 209, 184, 211, 193, 187]","[270, 195, 196, 312, 334, 301, 305, 317]",[],"{""ordinary"": 8}"
beads4,200,195,stable_ordinary,ordinary,0.64891846921797,0.6478405315614618,0.65,"[198, 211, 187, 184, 189, 209, 202, 182]","[300, 301, 317, 334, 196, 312, 270, 219]",[],"{""ordinary"": 8}"
beads4,201,316,stable_ordinary,ordinary,1.281947261663286,1.1703703703703703,1.4170403587443947,"[207, 193, 214, 202, 185, 204, 213, 218]","[314, 305, 223, 270, 215, 164, 205, 314]",[],"{""ordinary"": 8}"
beads4,202,270,stable_ordinary,ordinary,0.8910891089108911,0.8852459016393442,0.8970099667774086,"[198, 193, 209, 207, 213, 189, 201, 211]","[300, 305, 312, 314, 205, 196, 316, 301]",[],"{""ordinary"": 8}"
beads4,203,141,stable_ordinary,ordinary,0.5271028037383177,0.5127272727272727,0.5423076923076923,"[412, 191, 216, 205, 188, 192, 217, 197]","[220, 208, 307, 260, 218, 317, 479, 275]",[],"{""ordinary"": 8}"
beads4,204,164,stable_ordinary,ordinary,0.5222929936305732,0.5222929936305732,0.5222929936305732,"[214, 218, 201, 207, 227, 213, 226, 231]","[223, 314, 316, 314, 383, 205, 264, 328]",[],"{""ordinary"": 8}"
beads4,205,260,stable_ordinary,ordinary,0.8934707903780069,0.8469055374592834,0.9454545454545454,"[412, 212, 197, 192, 208, 216, 203, 217]","[220, 272, 275, 317, 355, 307, 141, 479]",[],"{""ordinary"": 8}"
beads4,206,337,stable_ordinary,ordinary,1.2344322344322345,1.22992700729927,1.2389705882352942,"[208, 215, 194, 219, 197, 212, 223, 205]","[355, 144, 262, 274, 275, 272, 308, 260]",[],"{""ordinary"": 8}"
beads4,207,314,stable_ordinary,ordinary,1.0921739130434782,1.0295081967213116,1.162962962962963,"[201, 213, 202, 214, 193, 218, 209, 204]","[316, 205, 270, 223, 305, 314, 312, 164]",[],"{""ordinary"": 8}"
beads4,208,355,stable_ordinary,ordinary,1.3003663003663004,1.2956204379562044,1.3051470588235294,"[206, 212, 215, 197, 219, 205, 223, 194]","[337, 272, 144, 275, 274, 260, 308, 262]",[],"{""ordinary"": 8}"
beads4,209,312,stable_ordinary,ordinary,1.1304347826086956,1.1063829787234043,1.1555555555555554,"[213, 211, 202, 198, 224, 222, 207, 200]","[205, 301, 270, 300, 282, 157, 314, 195]",[],"{""ordinary"": 8}"
beads4,211,301,stable_ordinary,ordinary,1.0905797101449275,1.0673758865248226,1.114814814814815,"[209, 222, 200, 198, 224, 202, 213, 207]","[312, 157, 195, 300, 282, 270, 205, 314]",[],"{""ordinary"": 8}"
beads4,212,272,stable_ordinary,ordinary,0.9347079037800687,0.8859934853420195,0.9890909090909091,"[208, 205, 223, 217, 219, 197, 225, 216]","[355, 260, 308, 479, 274, 275, 273, 307]",[],"{""ordinary"": 8}"
beads4,213,205,stable_ordinary,ordinary,0.7427536231884058,0.7269503546099291,0.7592592592592593,"[209, 207, 218, 224, 202, 226, 214, 222]","[312, 314, 314, 282, 270, 264, 223, 157]",[],"{""ordinary"": 8}"
beads4,214,223,stable_ordinary,ordinary,0.7101910828025477,0.7101910828025477,0.7101910828025477,"[204, 218, 207, 201, 213, 227, 226, 231]","[164, 314, 314, 316, 205, 383, 264, 328]",[],"{""ordinary"": 8}"
beads4,215,144,stable_ordinary,ordinary,0.5245901639344263,0.5236363636363637,0.5255474452554745,"[219, 206, 208, 223, 228, 212, 194, 197]","[274, 337, 355, 308, 226, 272, 262, 275]",[],"{""ordinary"": 8}"
beads4,216,307,stable_ordinary,ordinary,1.1541353383458646,1.1286764705882353,1.1807692307692308,"[217, 203, 205, 412, 212, 225, 229, 223]","[479, 141, 260, 220, 272, 273, 244, 308]",[],"{""ordinary"": 8}"
beads4,217,479,stable_ordinary,ordinary,1.7577981651376147,1.7545787545787546,1.7610294117647058,"[216, 225, 212, 223, 205, 229, 412, 236]","[307, 273, 272, 308, 260, 244, 220, 389]",[],"{""ordinary"": 8}"
beads4,218,314,stable_ordinary,ordinary,1.15018315018315,1.1134751773049645,1.1893939393939394,"[214, 226, 213, 227, 204, 231, 207, 224]","[223, 264, 205, 383, 164, 328, 314, 282]",[],"{""ordinary"": 8}"
beads4,219,274,stable_ordinary,ordinary,0.9432013769363167,0.8896103896103896,1.0036630036630036,"[215, 223, 228, 208, 212, 206, 232, 225]","[144, 308, 226, 355, 272, 337, 353, 273]",[],"{""ordinary"": 8}"
beads4,222,157,stable_ordinary,ordinary,0.575091575091575,0.5567375886524822,0.5946969696969697,"[224, 211, 209, 235, 233, 213, 226, 200]","[282, 301, 312, 201, 294, 205, 264, 195]",[],"{""ordinary"": 8}"
beads4,223,308,stable_ordinary,ordinary,1.1261425959780622,1.1240875912408759,1.1282051282051282,"[219, 212, 225, 232, 228, 217, 208, 215]","[274, 272, 273, 353, 226, 479, 355, 144]",[],"{""ordinary"": 8}"
beads4,224,282,stable_ordinary,ordinary,1.010752688172043,0.9591836734693877,1.0681818181818181,"[222, 226, 213, 233, 209, 218, 211, 235]","[157, 264, 205, 294, 312, 314, 301, 201]",[],"{""ordinary"": 8}"
beads4,225,273,stable_ordinary,ordinary,0.8878048780487805,0.8863636363636364,0.8892508143322475,"[217, 223, 236, 229, 212, 232, 238, 216]","[479, 308, 389, 244, 272, 353, 300, 307]",[],"{""ordinary"": 8}"
beads4,226,264,stable_ordinary,ordinary,0.9166666666666666,0.8979591836734694,0.9361702127659575,"[224, 218, 231, 233, 237, 213, 227, 222]","[282, 314, 328, 294, 195, 205, 383, 157]",[],"{""ordinary"": 8}"
beads4,227,383,stable_ordinary,ordinary,1.5049115913555993,1.4507575757575757,1.563265306122449,"[231, 218, 234, 226, 239, 214, 204, 237]","[328, 314, 245, 264, 273, 223, 164, 195]",[],"{""ordinary"": 8}"
beads4,228,226,stable_ordinary,ordinary,0.7766323024054983,0.7337662337662337,0.8248175182481752,"[232, 219, 223, 215, 236, 245, 225, 208]","[353, 274, 308, 144, 389, 233, 273, 355]",[],"{""ordinary"": 8}"
beads4,229,244,stable_ordinary,ordinary,0.7439024390243902,0.7011494252873564,0.7922077922077922,"[238, 225, 236, 217, 240, 216, 246, 223]","[300, 273, 389, 479, 501, 307, 348, 308]",[],"{""ordinary"": 8}"
beads4,231,328,stable_ordinary,ordinary,1.1948998178506376,1.1884057971014492,1.2014652014652014,"[227, 226, 237, 239, 218, 243, 234, 233]","[383, 264, 195, 273, 314, 276, 245, 294]",[],"{""ordinary"": 8}"
beads4,232,353,stable_ordinary,ordinary,1.2299651567944252,1.1766666666666667,1.2883211678832116,"[228, 236, 223, 225, 245, 219, 244, 238]","[226, 389, 308, 273, 233, 274, 337, 300]",[],"{""ordinary"": 8}"
beads4,233,294,stable_ordinary,ordinary,1.0909090909090908,1.069090909090909,1.1136363636363635,"[237, 235, 226, 224, 242, 231, 222, 247]","[195, 201, 264, 282, 336, 328, 157, 275]",[],"{""ordinary"": 8}"
beads4,234,245,stable_ordinary,ordinary,0.8566433566433567,0.8277027027027027,0.8876811594202898,"[239, 227, 231, 243, 249, 237, 250, 218]","[273, 383, 328, 276, 209, 195, 296, 314]",[],"{""ordinary"": 8}"
beads4,235,201,stable_ordinary,ordinary,0.7217235188509874,0.7127659574468085,0.730909090909091,"[233, 242, 222, 224, 237, 226, 247, 252]","[294, 336, 157, 282, 195, 264, 275, 289]",[],"{""ordinary"": 8}"
beads4,236,389,stable_ordinary,ordinary,1.2796052631578947,1.2629870129870129,1.2966666666666666,"[232, 225, 238, 244, 229, 223, 246, 245]","[353, 273, 300, 337, 244, 308, 348, 233]",[],"{""ordinary"": 8}"
beads4,237,195,stable_ordinary,ordinary,0.7078039927404719,0.7065217391304348,0.7090909090909091,"[233, 243, 231, 242, 247, 226, 239, 235]","[294, 276, 328, 336, 275, 264, 273, 201]",[],"{""ordinary"": 8}"
beads4,238,300,stable_ordinary,ordinary,0.8759124087591241,0.8620689655172413,0.8902077151335311,"[229, 246, 236, 240, 244, 225, 248, 232]","[244, 348, 389, 501, 337, 273, 303, 353]",[],"{""ordinary"": 8}"
beads4,239,273,stable_ordinary,ordinary,0.9909255898366606,0.9891304347826086,0.9927272727272727,"[243, 234, 231, 249, 237, 250, 227, 247]","[276, 245, 328, 209, 195, 296, 383, 275]",[],"{""ordinary"": 8}"
beads4,240,501,stable_ordinary,ordinary,1.565625,1.486646884272997,1.6534653465346534,"[248, 238, 246, 229, 251, 257, 256, 244]","[303, 300, 348, 244, 379, 351, 291, 337]",[],"{""ordinary"": 8}"
beads4,242,336,stable_ordinary,ordinary,1.1893805309734513,1.1626297577854672,1.2173913043478262,"[247, 252, 237, 235, 233, 243, 253, 258]","[275, 289, 195, 201, 294, 276, 293, 359]",[],"{""ordinary"": 8}"
beads4,243,276,stable_ordinary,ordinary,0.971830985915493,0.9419795221843004,1.0036363636363637,"[239, 237, 247, 250, 231, 253, 249, 242]","[273, 195, 275, 296, 328, 293, 209, 336]",[],"{""ordinary"": 8}"
beads4,244,337,stable_ordinary,ordinary,1.0681458003169573,1.0274390243902438,1.1122112211221122,"[245, 246, 236, 255, 238, 232, 256, 248]","[233, 348, 389, 328, 300, 353, 291, 303]",[],"{""ordinary"": 8}"
beads4,245,233,stable_ordinary,ordinary,0.7007518796992481,0.6913946587537092,0.7103658536585366,"[244, 232, 236, 255, 246, 228, 238, 256]","[337, 353, 389, 328, 348, 226, 300, 291]",[],"{""ordinary"": 8}"
beads4,246,348,stable_ordinary,ordinary,1.0466165413533834,1.032640949554896,1.0609756097560976,"[238, 244, 248, 256, 240, 255, 236, 257]","[300, 337, 303, 291, 501, 328, 389, 351]",[],"{""ordinary"": 8}"
beads4,247,275,stable_ordinary,ordinary,0.9369676320272572,0.935374149659864,0.9385665529010239,"[242, 253, 243, 252, 237, 250, 258, 233]","[336, 293, 276, 289, 195, 296, 359, 294]",[],"{""ordinary"": 8}"
beads4,248,303,stable_ordinary,ordinary,0.8669527896995708,0.8632478632478633,0.8706896551724138,"[240, 257, 246, 251, 256, 238, 259, 244]","[501, 351, 348, 379, 291, 300, 611, 337]",[],"{""ordinary"": 8}"
beads4,249,209,stable_ordinary,ordinary,0.7346221441124781,0.7133105802047781,0.7572463768115942,"[250, 239, 243, 262, 234, 253, 263, 247]","[296, 273, 276, 336, 245, 293, 361, 275]",[],"{""ordinary"": 8}"
beads4,250,296,stable_ordinary,ordinary,1.0404217926186292,1.0102389078498293,1.0724637681159421,"[249, 253, 243, 262, 247, 239, 263, 258]","[209, 293, 276, 336, 275, 273, 361, 359]",[],"{""ordinary"": 8}"
beads4,251,379,stable_ordinary,ordinary,1.0557103064066853,1.0326975476839237,1.0797720797720798,"[259, 248, 257, 240, 268, 267, 270, 246]","[611, 303, 351, 501, 367, 384, 330, 348]",[],"{""ordinary"": 8}"
beads4,252,289,stable_ordinary,ordinary,1.017605633802817,0.9863481228668942,1.050909090909091,"[258, 242, 247, 260, 253, 264, 269, 235]","[359, 336, 275, 201, 293, 225, 327, 201]",[],"{""ordinary"": 8}"
beads4,253,293,stable_ordinary,ordinary,1.0017094017094017,0.9898648648648649,1.013840830449827,"[247, 250, 258, 263, 243, 264, 262, 252]","[275, 296, 359, 361, 276, 225, 336, 289]",[],"{""ordinary"": 8}"
beads4,255,328,stable_ordinary,ordinary,1.0988274706867671,1.0825082508250825,1.1156462585034013,"[256, 265, 244, 246, 245, 266, 257, 248]","[291, 256, 337, 348, 233, 294, 351, 303]",[],"{""ordinary"": 8}"
beads4,256,291,stable_ordinary,ordinary,0.8751879699248121,0.8635014836795252,0.8871951219512195,"[255, 257, 246, 266, 265, 248, 244, 267]","[328, 351, 348, 294, 256, 303, 337, 384]",[],"{""ordinary"": 8}"
beads4,257,351,stable_ordinary,ordinary,0.9818181818181818,0.9564032697547684,1.0086206896551724,"[248, 256, 259, 267, 251, 266, 246, 268]","[303, 291, 611, 384, 379, 294, 348, 367]",[],"{""ordinary"": 8}"
beads4,258,359,stable_ordinary,ordinary,1.2336769759450172,1.2252559726962458,1.2422145328719723,"[264, 252, 253, 263, 247, 269, 260, 242]","[225, 289, 293, 361, 275, 327, 201, 336]",[],"{""ordinary"": 8}"
beads4,259,611,stable_ordinary,ordinary,1.701949860724234,1.664850136239782,1.7407407407407407,"[251, 268, 257, 267, 248, 270, 266, 282]","[379, 367, 351, 384, 303, 330, 294, 467]",[],"{""ordinary"": 8}"
beads4,260,201,stable_ordinary,ordinary,0.6128048780487805,0.6109422492401215,0.6146788990825688,"[269, 252, 271, 258, 264, 278, 281, 277]","[327, 289, 286, 359, 225, 329, 378, 359]",[],"{""ordinary"": 8}"
beads4,262,336,stable_ordinary,ordinary,1.2467532467532467,1.1467576791808873,1.3658536585365855,"[263, 272, 250, 253, 249, 276, 264, 258]","[361, 165, 296, 293, 209, 246, 225, 359]",[],"{""ordinary"": 8}"
beads4,263,361,stable_ordinary,ordinary,1.2258064516129032,1.2195945945945945,1.2320819112627985,"[262, 264, 253, 276, 272, 258, 250, 277]","[336, 225, 293, 246, 165, 359, 296, 359]",[],"{""ordinary"": 8}"
beads4,264,225,stable_ordinary,ordinary,0.6859756097560976,0.6838905775075987,0.6880733944954128,"[258, 263, 269, 277, 276, 253, 278, 260]","[359, 361, 327, 359, 246, 293, 329, 201]",[],"{""ordinary"": 8}"
beads4,265,256,stable_ordinary,ordinary,0.7734138972809668,0.7664670658682635,0.7804878048780488,"[266, 255, 256, 279, 267, 257, 246, 284]","[294, 328, 291, 310, 384, 351, 348, 334]",[],"{""ordinary"": 8}"
beads4,266,294,stable_ordinary,ordinary,0.8882175226586103,0.8802395209580839,0.8963414634146342,"[265, 267, 279, 256, 257, 255, 284, 268]","[256, 384, 310, 291, 351, 328, 334, 367]",[],"{""ordinary"": 8}"
beads4,267,384,stable_ordinary,ordinary,1.1925465838509317,1.1497005988023952,1.238709677419355,"[266, 268, 279, 257, 284, 259, 256, 265]","[294, 367, 310, 351, 334, 611, 291, 256]",[],"{""ordinary"": 8}"
beads4,268,367,stable_ordinary,ordinary,0.9708994708994709,0.9683377308707124,0.9734748010610079,"[259, 267, 282, 270, 284, 257, 283, 251]","[611, 384, 467, 330, 334, 351, 377, 379]",[],"{""ordinary"": 8}"
beads4,269,327,stable_ordinary,ordinary,1.058252427184466,0.993920972644377,1.1314878892733564,"[278, 260, 264, 258, 277, 271, 281, 252]","[329, 201, 225, 359, 359, 286, 378, 289]",[],"{""ordinary"": 8}"
beads4,270,330,stable_ordinary,ordinary,0.8291457286432161,0.7875894988066826,0.8753315649867374,"[283, 273, 268, 282, 259, 285, 284, 297]","[377, 315, 367, 467, 611, 541, 334, 419]",[],"{""ordinary"": 8}"
beads4,271,286,stable_ordinary,ordinary,0.8719512195121951,0.8693009118541033,0.8746177370030581,"[281, 286, 260, 269, 278, 291, 292, 289]","[378, 208, 201, 327, 329, 259, 352, 406]",[],"{""ordinary"": 8}"
beads4,272,165,threshold_sensitive,ordinary,0.5221518987341772,0.49107142857142855,0.5574324324324325,"[276, 262, 263, 277, 264, 290, 253, 250]","[246, 336, 361, 359, 225, 458, 293, 296]",[],"{""small"": 4, ""ordinary"": 4}"
beads4,273,315,stable_ordinary,ordinary,0.7806691449814126,0.7517899761336515,0.8118556701030928,"[285, 270, 283, 293, 297, 282, 268, 300]","[541, 330, 377, 460, 419, 467, 367, 388]",[],"{""ordinary"": 8}"
beads4,276,246,stable_ordinary,ordinary,0.7398496240601504,0.7321428571428571,0.7477203647416414,"[272, 277, 263, 264, 262, 290, 278, 269]","[165, 359, 361, 225, 336, 458, 329, 327]",[],"{""ordinary"": 8}"
beads4,277,359,stable_ordinary,ordinary,1.0945121951219512,1.0911854103343466,1.0978593272171253,"[276, 278, 264, 290, 269, 263, 272, 289]","[246, 329, 225, 458, 327, 361, 165, 406]",[],"{""ordinary"": 8}"
beads4,278,329,stable_ordinary,ordinary,0.9591836734693877,0.9164345403899722,1.0061162079510704,"[269, 277, 289, 281, 290, 264, 291, 271]","[327, 359, 406, 378, 458, 225, 259, 286]",[],"{""ordinary"": 8}"
beads4,279,310,stable_ordinary,ordinary,0.8635097493036211,0.8446866485013624,0.8831908831908832,"[284, 266, 267, 265, 268, 282, 299, 257]","[334, 294, 384, 256, 367, 467, 397, 351]",[],"{""ordinary"": 8}"
beads4,281,378,stable_ordinary,ordinary,1.233278955954323,1.1559633027522935,1.3216783216783217,"[271, 291, 278, 289, 286, 269, 292, 260]","[286, 259, 329, 406, 208, 327, 352, 201]",[],"{""ordinary"": 8}"
beads4,282,467,stable_ordinary,ordinary,1.2553763440860215,1.2387267904509285,1.2724795640326976,"[284, 283, 268, 299, 300, 270, 267, 279]","[334, 377, 367, 397, 388, 330, 384, 310]",[],"{""ordinary"": 8}"
beads4,283,377,stable_ordinary,ordinary,0.9605095541401274,0.9496221662468514,0.9716494845360825,"[270, 282, 273, 297, 285, 300, 268, 299]","[330, 467, 315, 419, 541, 388, 367, 397]",[],"{""ordinary"": 8}"
beads4,284,334,stable_ordinary,ordinary,0.8777923784494087,0.8697916666666666,0.8859416445623343,"[282, 279, 267, 299, 268, 266, 300, 283]","[467, 310, 384, 397, 367, 294, 388, 377]",[],"{""ordinary"": 8}"
beads4,285,541,stable_ordinary,ordinary,1.4143790849673203,1.3943298969072164,1.4350132625994696,"[273, 293, 283, 297, 270, 295, 300, 312]","[315, 460, 377, 419, 330, 334, 388, 475]",[],"{""ordinary"": 8}"
beads4,286,208,stable_ordinary,ordinary,0.5777777777777777,0.5652173913043478,0.5909090909090909,"[292, 271, 281, 294, 291, 303, 304, 308]","[352, 286, 378, 281, 259, 368, 407, 371]",[],"{""ordinary"": 8}"
beads4,289,406,stable_ordinary,ordinary,1.180232558139535,1.1309192200557103,1.2340425531914894,"[290, 278, 291, 309, 281, 277, 308, 269]","[458, 329, 259, 299, 378, 359, 371, 327]",[],"{""ordinary"": 8}"
beads4,290,458,stable_ordinary,ordinary,1.396341463414634,1.3920972644376899,1.400611620795107,"[289, 277, 278, 276, 309, 291, 281, 269]","[406, 359, 329, 246, 299, 259, 378, 327]",[],"{""ordinary"": 8}"
beads4,291,259,stable_ordinary,ordinary,0.7194444444444444,0.7038043478260869,0.7357954545454546,"[281, 289, 308, 292, 309, 286, 278, 303]","[378, 406, 371, 352, 299, 208, 329, 368]",[],"{""ordinary"": 8}"
beads4,292,352,stable_ordinary,ordinary,1.0764525993883791,0.9565217391304348,1.2307692307692308,"[303, 286, 291, 308, 294, 281, 304, 271]","[368, 208, 259, 371, 281, 378, 407, 286]",[],"{""ordinary"": 8}"
beads4,293,460,stable_ordinary,ordinary,1.0660486674391656,1.0360360360360361,1.097852028639618,"[285, 297, 295, 311, 312, 273, 283, 314]","[541, 419, 334, 531, 475, 315, 377, 444]",[],"{""ordinary"": 8}"
beads4,294,281,stable_ordinary,ordinary,0.8375558867362146,0.7982954545454546,0.8808777429467085,"[304, 307, 292, 303, 286, 321, 323, 318]","[407, 227, 352, 368, 208, 313, 438, 319]",[],"{""ordinary"": 8}"
beads4,295,334,stable_ordinary,ordinary,0.7144385026737968,0.7031578947368421,0.7260869565217392,"[310, 301, 293, 311, 285, 306, 312, 330]","[395, 269, 460, 531, 541, 521, 475, 447]",[],"{""ordinary"": 8}"
beads4,297,419,stable_ordinary,ordinary,0.9269911504424779,0.9108695652173913,0.9436936936936937,"[300, 293, 283, 314, 285, 312, 273, 282]","[388, 460, 377, 444, 541, 475, 315, 467]",[],"{""ordinary"": 8}"
beads4,299,397,stable_ordinary,ordinary,1.0379084967320262,1.0231958762886597,1.0530503978779842,"[300, 282, 284, 283, 297, 314, 279, 268]","[388, 467, 334, 377, 419, 444, 310, 367]",[],"{""ordinary"": 8}"
beads4,300,388,stable_ordinary,ordinary,0.899188876013905,0.8738738738738738,0.9260143198090692,"[299, 297, 283, 314, 282, 284, 312, 285]","[397, 419, 377, 444, 467, 334, 475, 541]",[],"{""ordinary"": 8}"
beads4,301,269,stable_ordinary,ordinary,0.5931642778390298,0.5847826086956521,0.6017897091722595,"[306, 310, 295, 330, 311, 320, 329, 293]","[521, 395, 334, 447, 531, 484, 437, 460]",[],"{""ordinary"": 8}"
beads4,303,368,stable_ordinary,ordinary,1.1627172195892574,1.0454545454545454,1.309608540925267,"[292, 308, 323, 304, 325, 294, 291, 286]","[352, 371, 438, 407, 255, 281, 259, 208]",[],"{""ordinary"": 8}"
beads4,304,407,stable_ordinary,ordinary,1.2131147540983607,1.15625,1.2758620689655173,"[294, 321, 307, 303, 323, 292, 318, 344]","[281, 313, 227, 368, 438, 352, 319, 397]",[],"{""ordinary"": 8}"
beads4,306,521,stable_ordinary,ordinary,1.4273972602739726,1.3189873417721518,1.5552238805970149,"[301, 320, 310, 330, 295, 319, 329, 352]","[269, 484, 395, 447, 334, 335, 437, 329]",[],"{""ordinary"": 8}"
beads4,307,227,stable_ordinary,ordinary,0.606951871657754,0.5717884130982368,0.6467236467236467,"[318, 304, 321, 294, 317, 338, 344, 323]","[319, 407, 313, 281, 351, 405, 397, 438]",[],"{""ordinary"": 8}"
beads4,308,371,stable_ordinary,ordinary,1.1397849462365592,1.0539772727272727,1.2408026755852843,"[309, 291, 324, 303, 325, 292, 326, 289]","[299, 259, 362, 368, 255, 352, 289, 406]",[],"{""ordinary"": 8}"
beads4,309,299,stable_ordinary,ordinary,0.8191780821917808,0.8125,0.8259668508287292,"[308, 326, 289, 324, 291, 290, 325, 303]","[371, 289, 406, 362, 259, 458, 255, 368]",[],"{""ordinary"": 8}"
beads4,310,395,stable_ordinary,ordinary,0.8936651583710408,0.883668903803132,0.9038901601830663,"[301, 295, 330, 311, 306, 329, 332, 293]","[269, 334, 447, 531, 521, 437, 319, 460]",[],"{""ordinary"": 8}"
beads4,311,531,stable_ordinary,ordinary,1.2764423076923077,1.2151029748283753,1.3443037974683545,"[312, 310, 295, 332, 293, 329, 330, 301]","[475, 395, 334, 319, 460, 437, 447, 269]",[],"{""ordinary"": 8}"
beads4,312,475,stable_ordinary,ordinary,1.1098130841121496,1.0869565217391304,1.1336515513126493,"[314, 311, 297, 332, 293, 300, 329, 295]","[444, 531, 419, 319, 460, 388, 437, 334]",[],"{""ordinary"": 8}"
beads4,314,444,stable_ordinary,ordinary,1.088235294117647,1.0596658711217184,1.1183879093198992,"[312, 297, 300, 293, 311, 332, 299, 283]","[475, 419, 388, 460, 531, 319, 397, 377]",[],"{""ordinary"": 8}"
beads4,316,263,stable_ordinary,ordinary,0.6461916461916462,0.6446078431372549,0.6477832512315271,"[336, 328, 319, 415, 345, 327, 342, 364]","[408, 310, 335, 457, 406, 207, 535, 456]",[],"{""ordinary"": 8}"
beads4,317,351,stable_ordinary,ordinary,0.8753117206982544,0.8666666666666667,0.8841309823677582,"[318, 338, 331, 307, 363, 356, 344, 321]","[319, 405, 406, 227, 428, 466, 397, 313]",[],"{""ordinary"": 8}"
beads4,318,319,stable_ordinary,ordinary,0.7955112219451371,0.7876543209876543,0.8035264483627204,"[307, 317, 338, 321, 344, 304, 331, 363]","[227, 351, 405, 313, 397, 407, 406, 428]",[],"{""ordinary"": 8}"
beads4,319,335,stable_ordinary,ordinary,0.7754629629629629,0.7346491228070176,0.821078431372549,"[336, 342, 316, 320, 328, 306, 352, 364]","[408, 535, 263, 484, 310, 521, 329, 456]",[],"{""ordinary"": 8}"
beads4,320,484,stable_ordinary,ordinary,1.1321637426900584,1.0827740492170022,1.1862745098039216,"[306, 319, 342, 352, 330, 301, 336, 358]","[521, 335, 535, 329, 447, 269, 408, 454]",[],"{""ordinary"": 8}"
beads4,321,313,stable_ordinary,ordinary,0.8892045454545454,0.8505434782608695,0.9315476190476191,"[304, 307, 344, 323, 347, 318, 294, 303]","[407, 227, 397, 438, 336, 319, 281, 368]",[],"{""ordinary"": 8}"
beads4,322,270,stable_ordinary,ordinary,0.7142857142857143,0.6887755102040817,0.7277628032345014,"[346, 341, 362, 356, 331, 375, 360]","[359, 378, 446, 466, 406, 364, 295]",[],"{""ordinary"": 7}"
beads4,323,438,stable_ordinary,ordinary,1.2,1.190217391304348,1.2099447513812154,"[325, 351, 303, 321, 347, 304, 324, 308]","[255, 443, 368, 313, 336, 407, 362, 371]",[],"{""ordinary"": 8}"
beads4,324,362,stable_ordinary,ordinary,1.0854572713643178,0.9836956521739131,1.2107023411371238,"[325, 326, 308, 309, 323, 351, 303, 291]","[255, 289, 371, 299, 438, 443, 368, 259]",[],"{""ordinary"": 8}"
beads4,325,255,stable_ordinary,ordinary,0.6986301369863014,0.6929347826086957,0.7044198895027625,"[324, 323, 308, 351, 303, 326, 309, 347]","[362, 438, 371, 443, 368, 289, 299, 336]",[],"{""ordinary"": 8}"
beads4,326,289,stable_ordinary,ordinary,0.7917808219178082,0.7853260869565217,0.7983425414364641,"[324, 309, 308, 325, 289, 291, 290, 303]","[362, 299, 371, 255, 406, 259, 458, 368]",[],"{""ordinary"": 8}"
beads4,327,207,stable_ordinary,ordinary,0.5671232876712329,0.5136476426799007,0.6330275229357798,"[345, 339, 328, 366, 316, 333, 415, 359]","[406, 327, 310, 470, 263, 165, 457, 403]",[333],"{""ordinary"": 8}"
beads4,328,310,stable_ordinary,ordinary,0.842391304347826,0.773067331670823,0.9253731343283582,"[345, 316, 327, 415, 336, 339, 319, 378]","[406, 263, 207, 457, 408, 327, 335, 401]",[],"{""ordinary"": 8}"
beads4,329,437,stable_ordinary,ordinary,1.0380047505938241,0.9776286353467561,1.1063291139240505,"[330, 332, 357, 311, 310, 358, 312, 352]","[447, 319, 263, 531, 395, 454, 475, 329]",[],"{""ordinary"": 8}"
beads4,330,447,stable_ordinary,ordinary,1.0745192307692308,1.022883295194508,1.1316455696202532,"[329, 310, 306, 358, 320, 352, 301, 357]","[437, 395, 521, 454, 484, 329, 269, 263]",[],"{""ordinary"": 8}"
beads4,331,406,stable_ordinary,ordinary,1.0628272251308901,1.002469135802469,1.1309192200557103,"[356, 317, 338, 363, 318, 346, 322, 380]","[466, 351, 405, 428, 319, 359, 270, 491]",[],"{""ordinary"": 8}"
beads4,332,319,stable_ordinary,ordinary,0.7160493827160493,0.7136465324384788,0.7184684684684685,"[329, 311, 312, 357, 330, 310, 314, 358]","[437, 531, 475, 263, 447, 395, 444, 454]",[],"{""ordinary"": 8}"
beads4,336,408,stable_ordinary,ordinary,1.054263565891473,1.0049261083743843,1.108695652173913,"[316, 319, 415, 328, 342, 364, 345, 371]","[263, 335, 457, 310, 535, 456, 406, 368]",[],"{""ordinary"": 8}"
beads4,338,405,stable_ordinary,ordinary,1.0828877005347595,1.0201511335012594,1.1538461538461537,"[318, 317, 363, 344, 331, 365, 307, 321]","[319, 351, 428, 397, 406, 473, 227, 313]",[],"{""ordinary"": 8}"
beads4,339,327,stable_ordinary,ordinary,0.8257575757575758,0.8154613466334164,0.8363171355498721,"[327, 345, 366, 359, 333, 328, 378, 348]","[207, 406, 470, 403, 165, 310, 401, 391]",[333],"{""ordinary"": 8}"
beads4,341,378,stable_ordinary,ordinary,1.045643153526971,1.0384615384615385,1.052924791086351,"[360, 362, 346, 322, 369, 349, 368, 375]","[295, 446, 359, 270, 455, 243, 477, 364]",[],"{""ordinary"": 8}"
beads4,342,535,stable_ordinary,ordinary,1.5220483641536273,1.453804347826087,1.5970149253731343,"[319, 336, 352, 320, 371, 364, 370, 316]","[335, 408, 329, 484, 368, 456, 330, 263]",[],"{""ordinary"": 8}"
beads4,344,397,stable_ordinary,ordinary,1.0715249662618083,0.980246913580247,1.181547619047619,"[347, 367, 321, 365, 338, 318, 363, 351]","[336, 273, 313, 473, 405, 319, 428, 443]",[],"{""ordinary"": 8}"
beads4,345,406,stable_ordinary,ordinary,1.1153846153846154,1.0124688279301746,1.2415902140672783,"[327, 328, 339, 415, 378, 366, 316, 336]","[207, 310, 327, 457, 401, 470, 263, 408]",[],"{""ordinary"": 8}"
beads4,346,359,stable_ordinary,ordinary,0.9158163265306123,0.8842364532019704,0.9497354497354498,"[322, 362, 341, 356, 375, 331, 360, 369]","[270, 446, 378, 466, 364, 406, 295, 455]",[],"{""ordinary"": 8}"
beads4,347,336,stable_ordinary,ordinary,0.835820895522388,0.8255528255528255,0.8463476070528967,"[351, 344, 323, 367, 321, 325, 365, 304]","[443, 397, 438, 273, 313, 255, 473, 407]",[],"{""ordinary"": 8}"
beads4,348,391,stable_ordinary,ordinary,0.972636815920398,0.9702233250620348,0.9750623441396509,"[340, 413, 372, 333, 359, 353, 384, 387]","[155, 401, 416, 165, 403, 312, 450, 461]","[340, 333]","{""ordinary"": 8}"
beads4,349,243,stable_ordinary,ordinary,0.6198979591836735,0.6105527638190955,0.6295336787564767,"[335, 414, 368, 360, 388, 355, 341, 377]","[162, 386, 477, 295, 403, 398, 378, 440]",[335],"{""ordinary"": 8}"
beads4,351,443,stable_ordinary,ordinary,1.2693409742120343,1.223756906077348,1.318452380952381,"[347, 323, 325, 324, 321, 344, 367, 303]","[336, 438, 255, 362, 313, 397, 273, 368]",[],"{""ordinary"": 8}"
beads4,352,329,stable_ordinary,ordinary,0.744343891402715,0.7360178970917226,0.7528604118993135,"[370, 358, 342, 320, 371, 330, 357, 329]","[330, 454, 535, 484, 368, 447, 263, 437]",[],"{""ordinary"": 8}"
beads4,353,312,stable_ordinary,ordinary,0.7878787878787878,0.7780548628428927,0.7979539641943734,"[343, 376, 413, 361, 340, 387, 348, 372]","[138, 435, 401, 357, 155, 461, 391, 416]","[343, 340]","{""ordinary"": 8}"
beads4,355,398,stable_ordinary,ordinary,1.0713324360699865,1.0310880829015545,1.1148459383753502,"[414, 377, 361, 335, 343, 349, 379, 376]","[386, 440, 357, 162, 138, 243, 462, 435]","[335, 343]","{""ordinary"": 8}"
beads4,356,466,stable_ordinary,ordinary,1.1767676767676767,1.1506172839506172,1.2041343669250646,"[331, 375, 380, 346, 363, 322, 383, 338]","[406, 364, 491, 359, 428, 270, 387, 405]",[],"{""ordinary"": 8}"
beads4,357,263,stable_ordinary,ordinary,0.6322115384615384,0.6018306636155606,0.6658227848101266,"[358, 329, 332, 330, 352, 370, 311, 310]","[454, 437, 319, 447, 329, 330, 531, 395]",[],"{""ordinary"": 8}"
beads4,358,454,stable_ordinary,ordinary,1.3008595988538683,1.233695652173913,1.3757575757575757,"[357, 352, 330, 329, 370, 320, 332, 371]","[263, 329, 447, 437, 330, 484, 319, 368]",[],"{""ordinary"": 8}"
beads4,359,403,stable_ordinary,ordinary,1.0176767676767677,1.0049875311720697,1.030690537084399,"[333, 366, 339, 348, 384, 372, 413, 340]","[165, 470, 327, 391, 450, 416, 401, 155]","[333, 340]","{""ordinary"": 8}"
beads4,360,295,stable_ordinary,ordinary,0.7160194174757282,0.6614349775784754,0.7804232804232805,"[341, 368, 349, 362, 369, 335, 346, 393]","[378, 477, 243, 446, 455, 162, 359, 504]",[335],"{""ordinary"": 8}"
beads4,361,357,stable_ordinary,ordinary,0.8571428571428571,0.8206896551724138,0.8969849246231156,"[343, 355, 376, 377, 353, 379, 414, 396]","[138, 398, 435, 440, 312, 462, 386, 484]",[343],"{""ordinary"": 8}"
beads4,362,446,stable_ordinary,ordinary,1.202156334231806,1.17989417989418,1.2252747252747254,"[346, 369, 341, 375, 390, 360, 322, 356]","[359, 455, 378, 364, 538, 295, 270, 466]",[],"{""ordinary"": 8}"
beads4,363,428,stable_ordinary,ordinary,1.0554870530209617,1.0541871921182266,1.05679012345679,"[365, 338, 383, 380, 331, 356, 344, 317]","[473, 405, 387, 491, 406, 466, 397, 351]",[],"{""ordinary"": 8}"
beads4,364,456,stable_ordinary,ordinary,1.1287128712871286,1.1203931203931203,1.1371571072319202,"[386, 415, 371, 381, 336, 342, 370, 378]","[389, 457, 368, 407, 408, 535, 330, 401]",[],"{""ordinary"": 8}"
beads4,365,473,stable_ordinary,ordinary,1.2066326530612246,1.1914357682619647,1.2222222222222223,"[363, 367, 344, 383, 338, 347, 380, 318]","[428, 273, 397, 387, 405, 336, 491, 319]",[],"{""ordinary"": 8}"
beads4,366,470,stable_ordinary,ordinary,1.1691542288557213,1.1662531017369726,1.172069825436409,"[359, 339, 384, 382, 378, 345, 392, 333]","[403, 327, 450, 396, 401, 406, 412, 165]",[333],"{""ordinary"": 8}"
beads4,367,273,stable_ordinary,ordinary,0.6807980049875312,0.674074074074074,0.6876574307304786,"[365, 344, 347, 351, 363, 338, 321, 383]","[473, 397, 336, 443, 428, 405, 313, 387]",[],"{""ordinary"": 8}"
beads4,368,477,stable_ordinary,ordinary,1.2486910994764397,1.2357512953367875,1.2619047619047619,"[349, 360, 388, 393, 414, 369, 335, 341]","[243, 295, 403, 504, 386, 455, 162, 378]",[335],"{""ordinary"": 8}"
beads4,369,455,stable_ordinary,ordinary,1.058139534883721,1.0201793721973094,1.0990338164251208,"[390, 362, 399, 360, 393, 368, 341, 375]","[538, 446, 414, 295, 504, 477, 378, 364]",[],"{""ordinary"": 8}"
beads4,370,330,stable_ordinary,ordinary,0.7829181494661922,0.7268722466960352,0.8483290488431876,"[371, 352, 358, 342, 364, 357, 386, 320]","[368, 329, 454, 535, 456, 263, 389, 484]",[],"{""ordinary"": 8}"
beads4,371,368,stable_ordinary,ordinary,0.9030674846625767,0.9019607843137255,0.9041769041769042,"[370, 364, 342, 386, 352, 381, 336, 415]","[330, 456, 535, 389, 329, 407, 408, 457]",[],"{""ordinary"": 8}"
beads4,372,416,stable_ordinary,ordinary,1.0348258706467661,1.032258064516129,1.0374064837905237,"[413, 348, 387, 394, 340, 384, 359, 333]","[401, 391, 461, 411, 155, 450, 403, 165]","[340, 333]","{""ordinary"": 8}"
beads4,375,364,stable_ordinary,ordinary,0.8079911209766926,0.8,0.8161434977578476,"[391, 380, 356, 390, 362, 346, 369, 400]","[303, 491, 466, 538, 446, 359, 455, 150]",[400],"{""ordinary"": 8}"
beads4,376,435,stable_ordinary,ordinary,1.0344827586206897,0.9886363636363636,1.084788029925187,"[361, 353, 379, 387, 396, 343, 413, 377]","[357, 312, 462, 461, 484, 138, 401, 440]",[343],"{""ordinary"": 8}"
beads4,377,440,stable_ordinary,ordinary,1.1224489795918366,1.1055276381909547,1.1398963730569949,"[355, 414, 361, 379, 397, 388, 335, 376]","[398, 386, 357, 462, 378, 403, 162, 435]",[335],"{""ordinary"": 8}"
beads4,378,401,stable_ordinary,ordinary,0.986469864698647,0.9852579852579852,0.9876847290640394,"[392, 381, 415, 382, 345, 366, 395, 386]","[412, 407, 457, 396, 406, 470, 117, 389]",[395],"{""ordinary"": 8}"
beads4,379,462,stable_ordinary,ordinary,1.190721649484536,1.1608040201005025,1.2222222222222223,"[404, 396, 376, 377, 361, 397, 408, 355]","[305, 484, 435, 440, 357, 378, 304, 398]",[],"{""ordinary"": 8}"
beads4,380,491,stable_ordinary,ordinary,1.2383354350567466,1.20935960591133,1.268733850129199,"[383, 400, 375, 391, 356, 363, 365, 331]","[387, 150, 364, 303, 466, 428, 473, 406]",[400],"{""ordinary"": 8}"
beads4,381,407,stable_ordinary,ordinary,1.0086741016109046,1.0024630541871922,1.0149625935162094,"[386, 395, 364, 378, 415, 392, 371, 345]","[389, 117, 456, 401, 457, 412, 368, 406]",[395],"{""ordinary"": 8}"
beads4,382,396,stable_ordinary,ordinary,0.967032967032967,0.9611650485436893,0.972972972972973,"[392, 366, 378, 384, 401, 395, 381, 359]","[412, 470, 401, 450, 526, 117, 407, 403]",[395],"{""ordinary"": 8}"
beads4,383,387,stable_ordinary,ordinary,0.9772727272727273,0.9042056074766355,1.0631868131868132,"[400, 380, 363, 365, 356, 391, 375, 367]","[150, 491, 428, 473, 466, 303, 364, 273]",[400],"{""ordinary"": 8}"
beads4,384,450,stable_ordinary,ordinary,1.0935601458080195,1.0922330097087378,1.094890510948905,"[401, 366, 382, 359, 372, 394, 392, 348]","[526, 470, 396, 403, 416, 411, 412, 391]",[],"{""ordinary"": 8}"
beads4,386,389,stable_ordinary,ordinary,0.9628712871287128,0.9557739557739557,0.970074812967581,"[381, 364, 371, 395, 415, 378, 370, 392]","[407, 456, 368, 117, 457, 401, 330, 412]",[395],"{""ordinary"": 8}"
beads4,387,461,stable_ordinary,ordinary,1.1148730350665055,1.1081730769230769,1.121654501216545,"[403, 394, 372, 396, 376, 413, 353, 348]","[500, 411, 416, 484, 435, 401, 312, 391]",[],"{""ordinary"": 8}"
beads4,388,403,stable_ordinary,ordinary,1.0549738219895288,1.044041450777202,1.066137566137566,"[402, 368, 393, 397, 377, 414, 349, 408]","[320, 477, 504, 378, 440, 386, 243, 304]",[],"{""ordinary"": 8}"
beads4,390,538,stable_ordinary,ordinary,1.2511627906976743,1.2062780269058295,1.2995169082125604,"[369, 391, 375, 399, 362, 380, 346, 393]","[455, 303, 364, 414, 446, 491, 359, 504]",[],"{""ordinary"": 8}"
beads4,391,303,stable_ordinary,ordinary,0.6725860155382908,0.6659340659340659,0.679372197309417,"[390, 375, 380, 400, 369, 362, 383, 356]","[538, 364, 491, 150, 455, 446, 387, 466]",[400],"{""ordinary"": 8}"
beads4,392,412,stable_ordinary,ordinary,1.0198019801980198,1.0122850122850122,1.027431421446384,"[382, 395, 378, 381, 366, 401, 384, 386]","[396, 117, 401, 407, 470, 526, 450, 389]",[395],"{""ordinary"": 8}"
beads4,393,504,stable_ordinary,ordinary,1.233782129742962,1.2173913043478262,1.250620347394541,"[399, 388, 402, 368, 369, 360, 397, 390]","[414, 403, 320, 477, 455, 295, 378, 538]",[],"{""ordinary"": 8}"
beads4,394,411,stable_ordinary,ordinary,0.9023051591657519,0.8915401301518439,0.9133333333333333,"[387, 403, 372, 401, 384, 396, 413, 348]","[461, 500, 416, 526, 450, 484, 401, 391]",[],"{""ordinary"": 8}"
beads4,396,484,stable_ordinary,ordinary,1.1442080378250592,1.1126436781609195,1.1776155717761556,"[403, 379, 404, 387, 376, 394, 361, 397]","[500, 462, 305, 461, 435, 411, 357, 378]",[],"{""ordinary"": 8}"
beads4,397,378,stable_ordinary,ordinary,0.896797153024911,0.8590909090909091,0.9379652605459057,"[408, 402, 404, 388, 377, 379, 393, 396]","[304, 320, 305, 403, 440, 462, 504, 484]",[],"{""ordinary"": 8}"
beads4,399,414,stable_ordinary,ordinary,0.9189789123196448,0.9098901098901099,0.9282511210762332,"[369, 393, 390, 368, 362, 391, 402, 388]","[455, 504, 538, 477, 446, 303, 320, 403]",[],"{""ordinary"": 8}"
beads4,401,526,stable_ordinary,ordinary,1.2705314009661837,1.2644230769230769,1.2766990291262137,"[384, 382, 394, 392, 366, 372, 359, 403]","[450, 396, 411, 412, 470, 416, 403, 500]",[],"{""ordinary"": 8}"
beads4,402,320,stable_ordinary,ordinary,0.7833537331701347,0.7729468599033816,0.794044665012407,"[388, 397, 393, 408, 368, 377, 404, 399]","[403, 378, 504, 304, 477, 440, 305, 414]",[],"{""ordinary"": 8}"
beads4,403,500,stable_ordinary,ordinary,1.1160714285714286,1.0845986984815619,1.1494252873563218,"[396, 387, 394, 376, 372, 404, 379, 401]","[484, 461, 411, 435, 416, 305, 462, 526]",[],"{""ordinary"": 8}"
beads4,404,305,stable_ordinary,ordinary,0.6971428571428572,0.6931818181818182,0.7011494252873564,"[379, 408, 396, 397, 377, 376, 403, 402]","[462, 304, 484, 378, 440, 435, 500, 320]",[],"{""ordinary"": 8}"
beads4,408,304,stable_ordinary,ordinary,0.7212336892052195,0.6909090909090909,0.7543424317617866,"[397, 404, 402, 379, 388, 377, 396, 393]","[378, 305, 320, 462, 403, 440, 484, 504]",[],"{""ordinary"": 8}"
beads4,411,247,stable_ordinary,ordinary,0.8458904109589042,0.8233333333333334,0.8697183098591549,"[76, 86, 60, 51, 91, 69, 65, 41]","[284, 122, 384, 275, 339, 214, 300, 386]",[86],"{""ordinary"": 8}"
beads4,412,220,stable_ordinary,ordinary,0.8270676691729323,0.8088235294117647,0.8461538461538461,"[203, 205, 192, 188, 191, 216, 197, 212]","[141, 260, 317, 218, 208, 307, 275, 272]",[],"{""ordinary"": 8}"
beads4,413,401,stable_ordinary,ordinary,1.0100755667506298,0.9950372208436724,1.0255754475703325,"[340, 348, 372, 353, 387, 376, 359, 333]","[155, 391, 416, 312, 461, 435, 403, 165]","[340, 333]","{""ordinary"": 8}"
beads4,414,386,stable_ordinary,ordinary,1.0225165562913907,0.9698492462311558,1.0812324929971988,"[335, 349, 355, 377, 368, 388, 361, 360]","[162, 243, 398, 440, 477, 403, 357, 295]",[335],"{""ordinary"": 8}"
beads4,415,457,stable_ordinary,ordinary,1.1325898389095415,1.125615763546798,1.139650872817955,"[364, 336, 328, 345, 381, 378, 386, 316]","[456, 408, 310, 406, 407, 401, 389, 263]",[],"{""ordinary"": 8}"
beads4,416,243,stable_ordinary,ordinary,0.9310344827586207,0.8709677419354839,1.0,"[120, 105, 97, 114, 104, 132, 93, 81]","[429, 243, 290, 220, 279, 190, 295, 233]",[],"{""ordinary"": 8}"
beads4,417,166,stable_ordinary,ordinary,0.6159554730983302,0.6036363636363636,0.6287878787878788,"[119, 96, 131, 113, 139, 128, 144, 150]","[441, 236, 264, 276, 250, 278, 254, 275]",[],"{""ordinary"": 8}"
beads5,4,237,stable_ordinary,ordinary,0.8586956521739131,0.8586956521739131,0.8586956521739131,"[7, 17, 11, 28, 14, 31, 405, 43]","[276, 269, 397, 274, 276, 354, 276, 278]",[],"{""ordinary"": 8}"
beads5,6,284,stable_ordinary,ordinary,0.8125894134477826,0.7955182072829131,0.8304093567251462,"[12, 20, 9, 36, 24, 30, 47, 52]","[369, 222, 418, 400, 342, 308, 239, 357]",[],"{""ordinary"": 8}"
beads5,7,276,stable_ordinary,ordinary,1.0,1.0,1.0,"[4, 14, 28, 17, 405, 39, 11, 27]","[237, 276, 274, 269, 276, 304, 397, 289]",[],"{""ordinary"": 8}"
beads5,9,418,stable_ordinary,ordinary,1.4026845637583893,1.4026845637583893,1.4026845637583893,"[20, 30, 6, 16, 404, 47, 12, 36]","[222, 308, 284, 298, 298, 239, 369, 400]",[],"{""ordinary"": 8}"
beads5,11,397,stable_ordinary,ordinary,1.3412162162162162,1.2643312101910829,1.4280575539568345,"[17, 31, 21, 4, 43, 7, 15, 48]","[269, 354, 316, 237, 278, 276, 314, 354]",[],"{""ordinary"": 8}"
beads5,12,369,stable_ordinary,ordinary,1.0868924889543445,1.0789473684210527,1.0949554896142433,"[6, 24, 20, 36, 22, 42, 52, 9]","[284, 342, 222, 400, 337, 284, 357, 418]",[],"{""ordinary"": 8}"
beads5,14,276,stable_ordinary,ordinary,0.9769911504424779,0.9550173010380623,1.0,"[405, 7, 27, 28, 39, 404, 4, 16]","[276, 276, 289, 274, 304, 298, 237, 298]",[],"{""ordinary"": 8}"
beads5,15,314,stable_ordinary,ordinary,0.9101449275362319,0.8870056497175142,0.9345238095238095,"[33, 21, 25, 48, 53, 11, 23, 31]","[298, 316, 386, 354, 329, 397, 336, 354]",[],"{""ordinary"": 8}"
beads5,16,298,stable_ordinary,ordinary,0.9834983498349835,0.9675324675324676,1.0,"[404, 27, 30, 38, 9, 405, 14, 58]","[298, 289, 308, 310, 418, 276, 276, 507]",[],"{""ordinary"": 8}"
beads5,17,269,stable_ordinary,ordinary,0.9711191335740073,0.9676258992805755,0.9746376811594203,"[4, 11, 28, 31, 7, 43, 14, 21]","[237, 397, 274, 354, 276, 278, 276, 316]",[],"{""ordinary"": 8}"
beads5,19,284,stable_ordinary,ordinary,0.9982425307557118,0.9964912280701754,1.0,"[32, 35, 22, 54, 49, 29, 42, 66]","[275, 285, 337, 258, 290, 329, 284, 277]",[],"{""ordinary"": 8}"
beads5,20,222,stable_ordinary,ordinary,0.683076923076923,0.6491228070175439,0.7207792207792207,"[6, 9, 36, 12, 30, 47, 24, 62]","[284, 418, 400, 369, 308, 239, 342, 195]",[],"{""ordinary"": 8}"
beads5,21,316,stable_ordinary,ordinary,0.9461077844311377,0.8926553672316384,1.0063694267515924,"[15, 11, 31, 33, 48, 25, 17, 59]","[314, 397, 354, 298, 354, 386, 269, 248]",[],"{""ordinary"": 8}"
beads5,22,337,stable_ordinary,ordinary,1.1866197183098592,1.1866197183098592,1.1866197183098592,"[35, 19, 24, 42, 32, 12, 54, 66]","[285, 284, 342, 284, 275, 369, 258, 277]",[],"{""ordinary"": 8}"
beads5,23,336,stable_ordinary,ordinary,1.0803858520900322,1.070063694267516,1.0909090909090908,"[44, 37, 25, 53, 69, 34, 15, 57]","[308, 290, 386, 329, 277, 469, 314, 266]",[],"{""ordinary"": 8}"
beads5,24,342,stable_ordinary,ordinary,1.0996784565916398,1.0148367952522255,1.2,"[12, 42, 22, 36, 52, 6, 35, 20]","[369, 284, 337, 400, 357, 284, 285, 222]",[],"{""ordinary"": 8}"
beads5,25,386,stable_ordinary,ordinary,1.2253968253968255,1.2215189873417722,1.2292993630573248,"[33, 15, 23, 44, 53, 21, 68, 37]","[298, 314, 336, 308, 329, 316, 364, 290]",[],"{""ordinary"": 8}"
beads5,27,289,stable_ordinary,ordinary,0.9697986577181208,0.9697986577181208,0.9697986577181208,"[38, 404, 16, 14, 55, 39, 405, 28]","[310, 298, 298, 276, 415, 304, 276, 274]",[],"{""ordinary"": 8}"
beads5,28,274,stable_ordinary,ordinary,0.9891696750902527,0.9856115107913669,0.9927536231884058,"[39, 7, 14, 17, 43, 56, 4, 67]","[304, 276, 276, 269, 278, 327, 237, 432]",[],"{""ordinary"": 8}"
beads5,29,329,stable_ordinary,ordinary,1.1305841924398625,1.1267123287671232,1.1344827586206896,"[41, 49, 32, 65, 74, 46, 19, 54]","[292, 290, 275, 308, 340, 312, 284, 258]",[],"{""ordinary"": 8}"
beads5,30,308,stable_ordinary,ordinary,1.013157894736842,0.9935483870967742,1.0335570469798658,"[9, 47, 16, 58, 20, 38, 404, 36]","[418, 239, 298, 507, 222, 310, 298, 400]",[],"{""ordinary"": 8}"
beads5,31,354,stable_ordinary,ordinary,1.1919191919191918,1.120253164556962,1.2733812949640289,"[11, 21, 43, 17, 59, 48, 71, 28]","[397, 316, 278, 269, 248, 354, 474, 274]",[],"{""ordinary"": 8}"
beads5,32,275,stable_ordinary,ordinary,0.9450171821305842,0.9417808219178082,0.9482758620689655,"[19, 49, 29, 54, 35, 41, 22, 74]","[284, 290, 329, 258, 285, 292, 337, 340]",[],"{""ordinary"": 8}"
beads5,33,298,stable_ordinary,ordinary,0.8726207906295754,0.8418079096045198,0.9057750759878419,"[15, 25, 48, 53, 21, 68, 76, 44]","[314, 386, 354, 329, 316, 364, 389, 308]",[],"{""ordinary"": 8}"
beads5,34,469,stable_ordinary,ordinary,1.5952380952380953,1.5738255033557047,1.6172413793103448,"[57, 50, 37, 79, 69, 51, 73, 23]","[266, 253, 290, 307, 277, 395, 298, 336]",[],"{""ordinary"": 8}"
beads5,35,285,stable_ordinary,ordinary,1.0035211267605635,1.0035211267605635,1.0035211267605635,"[22, 54, 19, 42, 66, 32, 49, 24]","[337, 258, 284, 284, 277, 275, 290, 342]",[],"{""ordinary"": 8}"
beads5,36,400,stable_ordinary,ordinary,1.408450704225352,1.408450704225352,1.408450704225352,"[52, 20, 47, 62, 12, 24, 6, 42]","[357, 222, 239, 195, 369, 342, 284, 284]",[],"{""ordinary"": 8}"
beads5,37,290,stable_ordinary,ordinary,0.9982788296041308,0.9698996655518395,1.0283687943262412,"[23, 57, 34, 44, 69, 50, 78, 87]","[336, 266, 469, 308, 277, 253, 282, 299]",[],"{""ordinary"": 8}"
beads5,38,310,stable_ordinary,ordinary,1.0130718954248366,1.0064935064935066,1.019736842105263,"[55, 27, 58, 16, 30, 404, 39, 67]","[415, 289, 507, 298, 308, 298, 304, 432]",[],"{""ordinary"": 8}"
beads5,39,304,stable_ordinary,ordinary,1.015025041736227,0.9806451612903225,1.0519031141868511,"[67, 28, 56, 55, 27, 14, 43, 38]","[432, 274, 327, 415, 289, 276, 278, 310]",[],"{""ordinary"": 8}"
beads5,41,292,stable_ordinary,ordinary,0.9419354838709677,0.9358974358974359,0.948051948051948,"[29, 65, 49, 46, 74, 61, 32, 92]","[329, 308, 290, 312, 340, 248, 275, 333]",[],"{""ordinary"": 8}"
beads5,42,284,stable_ordinary,ordinary,0.8365243004418262,0.8304093567251462,0.8427299703264095,"[24, 52, 66, 35, 77, 22, 36, 81]","[342, 357, 277, 285, 383, 337, 400, 307]",[],"{""ordinary"": 8}"
beads5,43,278,stable_ordinary,ordinary,0.8811410459587956,0.8501529051987767,0.9144736842105263,"[56, 71, 31, 59, 28, 17, 39, 11]","[327, 474, 354, 248, 274, 269, 304, 397]",[],"{""ordinary"": 8}"
beads5,44,308,stable_ordinary,ordinary,0.9824561403508771,0.9361702127659575,1.0335570469798658,"[23, 53, 37, 69, 25, 78, 82, 33]","[336, 329, 290, 277, 386, 282, 432, 298]",[],"{""ordinary"": 8}"
beads5,46,312,stable_ordinary,ordinary,0.9952153110047847,0.9780564263322884,1.0129870129870129,"[61, 41, 65, 84, 64, 29, 92, 83]","[248, 292, 308, 251, 390, 329, 333, 319]",[],"{""ordinary"": 8}"
beads5,47,239,stable_ordinary,ordinary,0.631439894319683,0.5975,0.6694677871148459,"[75, 58, 62, 36, 30, 20, 52, 9]","[416, 507, 195, 400, 308, 222, 357, 418]",[],"{""ordinary"": 8}"
beads5,48,354,stable_ordinary,ordinary,1.0976744186046512,1.0759878419452888,1.120253164556962,"[76, 59, 33, 68, 31, 21, 53, 15]","[389, 248, 298, 364, 354, 316, 329, 314]",[],"{""ordinary"": 8}"
beads5,49,290,stable_ordinary,ordinary,1.0069444444444444,0.9931506849315068,1.0211267605633803,"[32, 74, 54, 29, 80, 41, 65, 19]","[275, 340, 258, 329, 164, 292, 308, 284]",[],"{""ordinary"": 8}"
beads5,50,253,stable_ordinary,ordinary,0.834983498349835,0.8241042345276873,0.8461538461538461,"[34, 73, 51, 57, 79, 70, 37, 87]","[469, 298, 395, 266, 307, 332, 290, 299]",[],"{""ordinary"": 8}"
beads5,51,395,stable_ordinary,ordinary,1.3057851239669422,1.286644951140065,1.325503355704698,"[73, 70, 50, 96, 34, 79, 88, 72]","[298, 332, 253, 290, 469, 307, 282, 384]",[],"{""ordinary"": 8}"
beads5,52,357,stable_ordinary,ordinary,1.2081218274111676,1.1628664495114007,1.2570422535211268,"[62, 81, 42, 36, 77, 24, 66, 47]","[195, 307, 284, 400, 383, 342, 277, 239]",[],"{""ordinary"": 8}"
beads5,53,329,stable_ordinary,ordinary,0.9536231884057971,0.9293785310734464,0.9791666666666666,"[68, 82, 44, 33, 25, 78, 48, 23]","[364, 432, 308, 298, 386, 282, 354, 336]",[],"{""ordinary"": 8}"
beads5,54,258,stable_ordinary,ordinary,0.9068541300527241,0.9052631578947369,0.9084507042253521,"[35, 66, 49, 80, 85, 32, 74, 19]","[285, 277, 290, 164, 416, 275, 340, 284]",[],"{""ordinary"": 8}"
beads5,55,415,stable_ordinary,ordinary,1.3517915309446253,1.3387096774193548,1.3651315789473684,"[38, 67, 39, 27, 58, 56, 14, 16]","[310, 432, 304, 289, 507, 327, 276, 298]",[],"{""ordinary"": 8}"
beads5,56,327,stable_ordinary,ordinary,1.1237113402061856,1.075657894736842,1.1762589928057554,"[43, 71, 39, 67, 28, 59, 17, 55]","[278, 474, 304, 432, 274, 248, 269, 415]",[],"{""ordinary"": 8}"
beads5,57,266,stable_ordinary,ordinary,0.8911222780569514,0.8896321070234113,0.8926174496644296,"[34, 69, 79, 37, 50, 87, 73, 93]","[469, 277, 307, 290, 253, 299, 298, 519]",[],"{""ordinary"": 8}"
beads5,58,507,stable_ordinary,ordinary,1.6732673267326732,1.646103896103896,1.7013422818791946,"[47, 75, 38, 30, 55, 62, 16, 20]","[239, 416, 310, 308, 415, 195, 298, 222]",[],"{""ordinary"": 8}"
beads5,59,248,stable_ordinary,ordinary,0.7005649717514124,0.7005649717514124,0.7005649717514124,"[71, 48, 76, 43, 31, 56, 68, 21]","[474, 354, 389, 278, 354, 327, 364, 316]",[],"{""ordinary"": 8}"
beads5,61,248,stable_ordinary,ordinary,0.8,0.7948717948717948,0.8051948051948052,"[46, 84, 65, 64, 92, 83, 41, 105]","[312, 251, 308, 390, 333, 319, 292, 266]",[],"{""ordinary"": 8}"
beads5,62,195,stable_ordinary,ordinary,0.527027027027027,0.5091383812010444,0.5462184873949579,"[75, 52, 47, 81, 36, 77, 58, 42]","[416, 357, 239, 307, 400, 383, 507, 284]",[],"{""ordinary"": 8}"
beads5,64,390,stable_ordinary,ordinary,1.4689265536723164,1.4661654135338347,1.471698113207547,"[83, 61, 84, 417, 101, 46, 105, 104]","[319, 248, 251, 237, 265, 312, 266, 289]",[],"{""ordinary"": 8}"
beads5,65,308,stable_ordinary,ordinary,1.0198675496688743,0.9871794871794872,1.0547945205479452,"[41, 92, 74, 61, 46, 84, 29, 49]","[292, 333, 340, 248, 312, 251, 329, 290]",[],"{""ordinary"": 8}"
beads5,66,277,stable_ordinary,ordinary,0.9358108108108109,0.9022801302931596,0.9719298245614035,"[77, 54, 85, 42, 35, 52, 80, 81]","[383, 258, 416, 284, 285, 357, 164, 307]",[],"{""ordinary"": 8}"
beads5,67,432,stable_ordinary,ordinary,1.4071661237785016,1.3935483870967742,1.4210526315789473,"[39, 55, 56, 28, 27, 38, 71, 43]","[304, 415, 327, 274, 289, 310, 474, 278]",[],"{""ordinary"": 8}"
beads5,68,364,stable_ordinary,ordinary,1.0658857979502196,1.0282485875706215,1.1063829787234043,"[76, 53, 48, 82, 33, 59, 78, 25]","[389, 329, 354, 432, 298, 248, 282, 386]",[],"{""ordinary"": 8}"
beads5,69,277,stable_ordinary,ordinary,0.9141914191419142,0.9022801302931596,0.9264214046822743,"[78, 87, 57, 93, 37, 44, 79, 34]","[282, 299, 266, 519, 290, 308, 307, 469]",[],"{""ordinary"": 8}"
beads5,70,332,stable_ordinary,ordinary,1.1588132635253054,1.1448275862068966,1.1731448763250882,"[51, 88, 72, 73, 96, 89, 50, 100]","[395, 282, 384, 298, 290, 273, 253, 283]",[],"{""ordinary"": 8}"
beads5,71,474,stable_ordinary,ordinary,1.3920704845814977,1.3389830508474576,1.4495412844036697,"[43, 56, 59, 31, 76, 67, 48, 28]","[278, 327, 248, 354, 389, 432, 354, 274]",[],"{""ordinary"": 8}"
beads5,72,384,stable_ordinary,ordinary,1.2972972972972974,1.271523178807947,1.3241379310344827,"[88, 89, 70, 111, 107, 94, 96, 51]","[282, 273, 332, 302, 248, 363, 290, 395]",[],"{""ordinary"": 8}"
beads5,73,298,stable_ordinary,ordinary,0.998324958123953,0.9706840390879479,1.0275862068965518,"[51, 50, 79, 70, 96, 100, 57, 103]","[395, 253, 307, 332, 290, 283, 266, 535]",[],"{""ordinary"": 8}"
beads5,74,340,stable_ordinary,ordinary,1.1333333333333333,1.103896103896104,1.1643835616438356,"[80, 49, 65, 98, 41, 92, 54, 29]","[164, 290, 308, 608, 292, 333, 258, 329]",[],"{""ordinary"": 8}"
beads5,75,416,stable_ordinary,ordinary,1.3528455284552845,1.3506493506493507,1.3550488599348534,"[62, 47, 58, 36, 81, 52, 30, 20]","[195, 239, 507, 400, 307, 357, 308, 222]",[],"{""ordinary"": 8}"
beads5,76,389,stable_ordinary,ordinary,1.0988700564971752,1.0988700564971752,1.0988700564971752,"[68, 48, 59, 33, 82, 71, 53, 31]","[364, 354, 248, 298, 432, 474, 329, 354]",[],"{""ordinary"": 8}"
beads5,77,383,stable_ordinary,ordinary,1.3462214411247804,1.343859649122807,1.3485915492957747,"[81, 66, 52, 42, 85, 62, 54, 35]","[307, 277, 357, 284, 416, 195, 258, 285]",[],"{""ordinary"": 8}"
beads5,78,282,stable_ordinary,ordinary,0.8854003139717426,0.8571428571428571,0.9155844155844156,"[82, 93, 69, 53, 44, 87, 68, 37]","[432, 519, 277, 329, 308, 299, 364, 290]",[],"{""ordinary"": 8}"
beads5,79,307,stable_ordinary,ordinary,1.0567986230636832,1.0302013422818792,1.0848056537102473,"[87, 57, 73, 103, 50, 100, 69, 34]","[299, 266, 298, 535, 253, 283, 277, 469]",[],"{""ordinary"": 8}"
beads5,80,164,stable_ordinary,ordinary,0.5484949832775919,0.5324675324675324,0.5655172413793104,"[85, 74, 98, 54, 49, 66, 32, 65]","[416, 340, 608, 258, 290, 277, 275, 308]",[],"{""ordinary"": 8}"
beads5,81,307,stable_ordinary,ordinary,0.9578783151326054,0.8599439775910365,1.0809859154929577,"[77, 52, 62, 42, 66, 75, 36, 47]","[383, 357, 195, 284, 277, 416, 400, 239]",[],"{""ordinary"": 8}"
beads5,82,432,stable_ordinary,ordinary,1.3563579277864992,1.3130699088145896,1.4025974025974026,"[78, 53, 68, 44, 93, 76, 69, 33]","[282, 329, 364, 308, 519, 389, 277, 298]",[],"{""ordinary"": 8}"
beads5,83,319,stable_ordinary,ordinary,1.2364341085271318,1.2037735849056603,1.2709163346613546,"[64, 101, 84, 105, 417, 104, 61, 123]","[390, 265, 251, 266, 237, 289, 248, 240]",[],"{""ordinary"": 8}"
beads5,84,251,stable_ordinary,ordinary,0.8745644599303136,0.814935064935065,0.943609022556391,"[61, 105, 92, 83, 113, 64, 101, 65]","[248, 266, 333, 319, 229, 390, 265, 308]",[],"{""ordinary"": 8}"
beads5,85,416,stable_ordinary,ordinary,1.4469565217391305,1.4344827586206896,1.4596491228070176,"[80, 66, 54, 98, 77, 74, 49, 35]","[164, 277, 258, 608, 383, 340, 290, 285]",[],"{""ordinary"": 8}"
beads5,87,299,stable_ordinary,ordinary,1.0584070796460177,1.0565371024734982,1.0602836879432624,"[93, 79, 69, 57, 103, 78, 100, 50]","[519, 307, 277, 266, 535, 282, 283, 253]",[],"{""ordinary"": 8}"
beads5,88,282,stable_ordinary,ordinary,0.889589905362776,0.8493975903614458,0.9337748344370861,"[72, 70, 96, 89, 111, 119, 107, 118]","[384, 332, 290, 273, 302, 439, 248, 405]",[],"{""ordinary"": 8}"
beads5,89,273,stable_ordinary,ordinary,0.7959183673469388,0.7711864406779662,0.822289156626506,"[72, 107, 88, 94, 111, 108, 70, 119]","[384, 248, 282, 363, 302, 354, 332, 439]",[],"{""ordinary"": 8}"
beads5,92,333,stable_ordinary,ordinary,1.1602787456445993,1.0811688311688312,1.2518796992481203,"[84, 65, 113, 114, 61, 105, 74, 98]","[251, 308, 229, 445, 248, 266, 340, 608]",[],"{""ordinary"": 8}"
beads5,93,519,stable_ordinary,ordinary,1.7128712871287128,1.6905537459283388,1.7357859531772575,"[87, 78, 69, 82, 57, 79, 103, 44]","[299, 282, 277, 432, 266, 307, 535, 308]",[],"{""ordinary"": 8}"
beads5,94,363,stable_ordinary,ordinary,1.2560553633217992,1.2019867549668874,1.315217391304348,"[108, 107, 89, 128, 122, 115, 72, 111]","[354, 248, 273, 228, 305, 276, 384, 302]",[],"{""ordinary"": 8}"
beads5,96,290,stable_ordinary,ordinary,0.9148264984227129,0.8734939759036144,0.9602649006622517,"[100, 118, 88, 73, 119, 70, 111, 103]","[283, 405, 282, 298, 439, 332, 302, 535]",[],"{""ordinary"": 8}"
beads5,98,608,stable_ordinary,ordinary,1.8970358814352575,1.8258258258258258,1.974025974025974,"[80, 74, 114, 85, 92, 65, 49, 54]","[164, 340, 445, 416, 333, 308, 290, 258]",[],"{""ordinary"": 8}"
beads5,100,283,stable_ordinary,ordinary,0.8857589984350548,0.8524096385542169,0.9218241042345277,"[103, 96, 118, 73, 79, 119, 87, 70]","[535, 290, 405, 298, 307, 439, 299, 332]",[],"{""ordinary"": 8}"
beads5,101,265,stable_ordinary,ordinary,1.0251450676982592,0.9962406015037594,1.0557768924302788,"[83, 105, 123, 104, 129, 121, 84, 417]","[319, 266, 240, 289, 441, 230, 251, 237]",[],"{""ordinary"": 8}"
beads5,103,535,stable_ordinary,ordinary,1.7922948073701843,1.7892976588628762,1.7953020134228188,"[100, 79, 87, 118, 73, 96, 93, 57]","[283, 307, 299, 405, 298, 290, 519, 266]",[],"{""ordinary"": 8}"
beads5,104,289,stable_ordinary,ordinary,1.2117400419287212,1.2041666666666666,1.219409282700422,"[121, 417, 101, 112, 416, 123, 126, 83]","[230, 237, 265, 257, 124, 240, 211, 319]",[416],"{""ordinary"": 8}"
beads5,105,266,stable_ordinary,ordinary,0.910958904109589,0.8338557993730408,1.0037735849056604,"[113, 84, 101, 127, 129, 83, 123, 92]","[229, 251, 265, 368, 441, 319, 240, 333]",[],"{""ordinary"": 8}"
beads5,107,248,stable_ordinary,ordinary,0.8171334431630972,0.8131147540983606,0.8211920529801324,"[94, 89, 111, 128, 108, 131, 122, 88]","[363, 273, 302, 228, 354, 530, 305, 282]",[],"{""ordinary"": 8}"
beads5,108,354,stable_ordinary,ordinary,1.2575488454706927,1.2334494773519165,1.2826086956521738,"[94, 122, 115, 107, 128, 125, 89, 141]","[363, 305, 276, 248, 228, 287, 273, 338]",[],"{""ordinary"": 8}"
beads5,111,302,stable_ordinary,ordinary,1.055944055944056,1.0413793103448277,1.070921985815603,"[119, 107, 88, 131, 89, 128, 96, 72]","[439, 248, 282, 530, 273, 228, 290, 384]",[],"{""ordinary"": 8}"
beads5,112,257,stable_ordinary,ordinary,1.0597938144329897,1.0362903225806452,1.0843881856540085,"[126, 416, 120, 104, 121, 134, 417, 139]","[211, 124, 256, 289, 230, 249, 237, 248]",[416],"{""ordinary"": 8}"
beads5,113,229,stable_ordinary,ordinary,0.7646076794657763,0.6876876876876877,0.8609022556390977,"[114, 127, 105, 92, 84, 129, 101, 123]","[445, 368, 266, 333, 251, 441, 265, 240]",[],"{""ordinary"": 8}"
beads5,114,445,stable_ordinary,ordinary,1.388455538221529,1.3363363363363363,1.4448051948051948,"[113, 92, 127, 98, 105, 84, 65, 74]","[229, 333, 368, 608, 266, 251, 308, 340]",[],"{""ordinary"": 8}"
beads5,115,276,stable_ordinary,ordinary,0.8584758942457231,0.8165680473372781,0.9049180327868852,"[125, 122, 108, 138, 132, 141, 94, 128]","[287, 305, 354, 255, 339, 338, 363, 228]",[],"{""ordinary"": 8}"
beads5,118,405,stable_ordinary,ordinary,1.35,1.3410596026490067,1.3590604026845639,"[100, 119, 96, 103, 111, 88, 73, 70]","[283, 439, 290, 535, 302, 282, 298, 332]",[],"{""ordinary"": 8}"
beads5,119,439,stable_ordinary,ordinary,1.5322862129144852,1.513793103448276,1.5512367491166077,"[111, 118, 96, 88, 131, 100, 107, 89]","[302, 405, 290, 282, 530, 283, 248, 273]",[],"{""ordinary"": 8}"
beads5,120,256,stable_ordinary,ordinary,1.0301810865191148,1.0281124497991967,1.032258064516129,"[134, 112, 126, 145, 416, 139, 143, 151]","[249, 257, 211, 228, 124, 248, 293, 267]",[416],"{""ordinary"": 8}"
beads5,121,230,stable_ordinary,ordinary,0.9108910891089109,0.8949416342412452,0.9274193548387096,"[104, 123, 140, 126, 139, 112, 146, 101]","[289, 240, 235, 211, 248, 257, 268, 265]",[],"{""ordinary"": 8}"
beads5,122,305,stable_ordinary,ordinary,1.1487758945386064,1.105072463768116,1.196078431372549,"[108, 115, 128, 141, 125, 147, 138, 107]","[354, 276, 228, 338, 287, 200, 255, 248]",[],"{""ordinary"": 8}"
beads5,123,240,stable_ordinary,ordinary,0.898876404494382,0.8955223880597015,0.9022556390977443,"[129, 121, 101, 146, 104, 140, 105, 127]","[441, 230, 265, 268, 289, 235, 266, 368]",[],"{""ordinary"": 8}"
beads5,125,287,stable_ordinary,ordinary,0.9879518072289156,0.940983606557377,1.039855072463768,"[115, 138, 122, 132, 141, 108, 144, 153]","[276, 255, 305, 339, 338, 354, 174, 263]",[],"{""ordinary"": 8}"
beads5,126,211,stable_ordinary,ordinary,0.8490945674044266,0.8473895582329317,0.8508064516129032,"[112, 139, 121, 120, 134, 140, 145, 104]","[257, 248, 230, 256, 249, 235, 228, 289]",[],"{""ordinary"": 8}"
beads5,127,368,stable_ordinary,ordinary,1.3860640301318268,1.3834586466165413,1.3886792452830188,"[129, 113, 105, 114, 123, 101, 84, 92]","[441, 229, 266, 445, 240, 265, 251, 333]",[],"{""ordinary"": 8}"
beads5,128,228,stable_ordinary,ordinary,0.6589595375722543,0.6440677966101694,0.6745562130177515,"[131, 122, 107, 142, 147, 108, 141, 94]","[530, 305, 248, 476, 200, 354, 338, 363]",[],"{""ordinary"": 8}"
beads5,129,441,stable_ordinary,ordinary,1.7465346534653465,1.6641509433962265,1.8375,"[127, 123, 105, 146, 101, 113, 121, 140]","[368, 240, 266, 268, 265, 229, 230, 235]",[],"{""ordinary"": 8}"
beads5,131,530,stable_ordinary,ordinary,1.7462932454695221,1.7377049180327868,1.7549668874172186,"[142, 128, 111, 107, 147, 119, 122, 108]","[476, 228, 302, 248, 200, 439, 305, 354]",[],"{""ordinary"": 8}"
beads5,132,339,stable_ordinary,ordinary,1.2578849721706864,1.2282608695652173,1.2889733840304183,"[144, 138, 125, 155, 115, 150, 153, 141]","[174, 255, 287, 314, 276, 243, 263, 338]",[],"{""ordinary"": 8}"
beads5,134,249,stable_ordinary,ordinary,0.9880952380952381,0.97265625,1.0040322580645162,"[120, 145, 126, 151, 406, 143, 112, 139]","[256, 228, 211, 267, 226, 293, 257, 248]",[],"{""ordinary"": 8}"
beads5,138,255,stable_ordinary,ordinary,0.8614864864864865,0.8360655737704918,0.8885017421602788,"[125, 153, 141, 132, 144, 157, 155, 122]","[287, 263, 338, 339, 174, 224, 314, 305]",[],"{""ordinary"": 8}"
beads5,139,248,stable_ordinary,ordinary,1.0666666666666667,1.0553191489361702,1.0782608695652174,"[140, 126, 145, 156, 154, 406, 121, 134]","[235, 211, 228, 305, 342, 226, 230, 249]",[],"{""ordinary"": 8}"
beads5,140,235,stable_ordinary,ordinary,0.9631147540983607,0.9475806451612904,0.9791666666666666,"[139, 146, 154, 121, 156, 126, 123, 145]","[248, 268, 342, 230, 305, 211, 240, 228]",[],"{""ordinary"": 8}"
beads5,141,338,stable_ordinary,ordinary,1.305019305019305,1.285171102661597,1.3254901960784313,"[147, 138, 122, 157, 158, 125, 153, 128]","[200, 255, 305, 224, 420, 287, 263, 228]",[],"{""ordinary"": 8}"
beads5,142,476,stable_ordinary,ordinary,1.5683690280065898,1.560655737704918,1.576158940397351,"[147, 131, 128, 158, 141, 122, 107, 111]","[200, 530, 228, 420, 338, 305, 248, 302]",[],"{""ordinary"": 8}"
beads5,143,293,stable_ordinary,ordinary,1.1603960396039603,1.14453125,1.176706827309237,"[151, 134, 162, 160, 145, 406, 164, 120]","[267, 249, 349, 265, 228, 226, 238, 256]",[],"{""ordinary"": 8}"
beads5,144,174,stable_ordinary,ordinary,0.5969125214408233,0.5878378378378378,0.6062717770034843,"[132, 155, 138, 150, 153, 419, 125, 165]","[339, 314, 255, 243, 263, 296, 287, 302]",[],"{""ordinary"": 8}"
beads5,145,228,stable_ordinary,ordinary,0.902970297029703,0.890625,0.9156626506024096,"[406, 134, 139, 151, 160, 156, 126, 120]","[226, 249, 248, 267, 265, 305, 211, 256]",[],"{""ordinary"": 8}"
beads5,146,268,stable_ordinary,ordinary,0.969258589511754,0.8786885245901639,1.0806451612903225,"[140, 154, 123, 129, 121, 139, 156, 127]","[235, 342, 240, 441, 230, 248, 305, 368]",[],"{""ordinary"": 8}"
beads5,147,200,stable_ordinary,ordinary,0.6220839813374806,0.591715976331361,0.6557377049180327,"[142, 141, 158, 128, 122, 157, 131, 138]","[476, 338, 420, 228, 305, 224, 530, 255]",[],"{""ordinary"": 8}"
beads5,150,243,stable_ordinary,ordinary,0.8466898954703833,0.8209459459459459,0.8741007194244604,"[419, 155, 144, 418, 167, 132, 165, 153]","[296, 314, 174, 278, 271, 339, 302, 263]",[],"{""ordinary"": 8}"
beads5,151,267,stable_ordinary,ordinary,1.038910505836576,1.0075471698113208,1.072289156626506,"[143, 160, 406, 145, 162, 164, 134, 169]","[293, 265, 226, 228, 349, 238, 249, 279]",[],"{""ordinary"": 8}"
beads5,153,263,stable_ordinary,ordinary,0.8538961038961039,0.8375796178343949,0.8708609271523179,"[157, 155, 138, 163, 166, 144, 165, 141]","[224, 314, 255, 401, 393, 174, 302, 338]",[],"{""ordinary"": 8}"
beads5,154,342,stable_ordinary,ordinary,1.4161490683229814,1.3790322580645162,1.4553191489361703,"[156, 140, 146, 139, 407, 406, 145, 121]","[305, 235, 268, 248, 311, 226, 228, 230]",[],"{""ordinary"": 8}"
beads5,155,314,stable_ordinary,ordinary,1.1760299625468165,1.1586715867158672,1.193916349809886,"[144, 153, 165, 150, 419, 166, 167, 138]","[174, 263, 302, 243, 296, 393, 271, 255]",[],"{""ordinary"": 8}"
beads5,156,305,stable_ordinary,ordinary,1.189083820662768,1.150943396226415,1.2298387096774193,"[154, 407, 139, 406, 140, 145, 160, 146]","[342, 311, 248, 226, 235, 228, 265, 268]",[],"{""ordinary"": 8}"
beads5,157,224,stable_ordinary,ordinary,0.6871165644171779,0.6627218934911243,0.7133757961783439,"[163, 158, 153, 141, 138, 166, 147, 155]","[401, 420, 263, 338, 255, 393, 200, 314]",[],"{""ordinary"": 8}"
beads5,158,420,stable_ordinary,ordinary,1.3976705490848587,1.242603550295858,1.596958174904943,"[157, 147, 141, 163, 153, 142, 138, 166]","[224, 200, 338, 401, 263, 476, 255, 393]",[],"{""ordinary"": 8}"
beads5,160,265,stable_ordinary,ordinary,1.0495049504950495,0.9925093632958801,1.1134453781512605,"[406, 151, 169, 164, 173, 145, 407, 162]","[226, 267, 279, 238, 225, 228, 311, 349]",[],"{""ordinary"": 8}"
beads5,162,349,stable_ordinary,ordinary,1.2783882783882783,1.2508960573476702,1.307116104868914,"[164, 151, 174, 143, 160, 173, 178, 169]","[238, 267, 445, 293, 265, 225, 281, 279]",[],"{""ordinary"": 8}"
beads5,163,401,stable_ordinary,ordinary,1.301948051948052,1.2770700636942676,1.3278145695364238,"[157, 166, 153, 158, 165, 155, 141, 138]","[224, 393, 263, 420, 302, 314, 338, 255]",[],"{""ordinary"": 8}"
beads5,164,238,stable_ordinary,ordinary,0.85,0.8469750889679716,0.8530465949820788,"[162, 173, 160, 174, 178, 169, 151, 143]","[349, 225, 265, 445, 281, 279, 267, 293]",[],"{""ordinary"": 8}"
beads5,165,302,stable_ordinary,ordinary,0.9901639344262295,0.9617834394904459,1.0202702702702702,"[166, 167, 155, 179, 176, 419, 153, 163]","[393, 271, 314, 547, 240, 296, 263, 401]",[],"{""ordinary"": 8}"
beads5,166,393,stable_ordinary,ordinary,1.275974025974026,1.2515923566878981,1.3013245033112584,"[163, 165, 153, 157, 155, 179, 167, 158]","[401, 302, 263, 224, 314, 547, 271, 420]",[],"{""ordinary"": 8}"
beads5,167,271,stable_ordinary,ordinary,0.9063545150501672,0.8973509933774835,0.9155405405405406,"[165, 176, 419, 172, 418, 179, 181, 155]","[302, 240, 296, 309, 278, 547, 240, 314]",[],"{""ordinary"": 8}"
beads5,169,279,stable_ordinary,ordinary,1.1093439363817097,1.0528301886792453,1.1722689075630253,"[173, 407, 160, 183, 164, 408, 406, 156]","[225, 311, 265, 529, 238, 207, 226, 305]",[],"{""ordinary"": 8}"
beads5,172,309,stable_ordinary,ordinary,1.1256830601092895,1.1115107913669064,1.1402214022140222,"[181, 418, 167, 175, 176, 184, 419, 187]","[240, 278, 271, 361, 240, 265, 296, 288]",[],"{""ordinary"": 8}"
beads5,173,225,stable_ordinary,ordinary,0.8166969147005445,0.8064516129032258,0.8272058823529411,"[164, 169, 178, 408, 160, 185, 174, 183]","[238, 279, 281, 207, 265, 272, 445, 529]",[],"{""ordinary"": 8}"
beads5,174,445,stable_ordinary,ordinary,1.6152450090744102,1.5949820788530467,1.6360294117647058,"[178, 164, 162, 186, 173, 185, 192, 169]","[281, 238, 349, 440, 225, 272, 246, 279]",[],"{""ordinary"": 8}"
beads5,175,361,stable_ordinary,ordinary,1.3296500920810312,1.2985611510791366,1.3622641509433961,"[184, 172, 181, 190, 191, 418, 187, 197]","[265, 309, 240, 411, 261, 278, 288, 225]",[],"{""ordinary"": 8}"
beads5,176,240,stable_ordinary,ordinary,0.802675585284281,0.7947019867549668,0.8108108108108109,"[179, 181, 167, 188, 172, 187, 165, 419]","[547, 240, 271, 534, 309, 288, 302, 296]",[],"{""ordinary"": 8}"
beads5,178,281,stable_ordinary,ordinary,1.084942084942085,1.0330882352941178,1.1422764227642277,"[174, 185, 173, 186, 192, 164, 408, 162]","[445, 272, 225, 440, 246, 238, 207, 349]",[],"{""ordinary"": 8}"
beads5,179,547,stable_ordinary,ordinary,1.8542372881355933,1.8112582781456954,1.8993055555555556,"[176, 165, 188, 166, 167, 181, 187, 172]","[240, 302, 534, 393, 271, 240, 288, 309]",[],"{""ordinary"": 8}"
beads5,181,240,stable_ordinary,ordinary,0.8586762075134168,0.8333333333333334,0.8856088560885609,"[172, 176, 187, 184, 175, 191, 167, 188]","[309, 240, 288, 265, 361, 261, 271, 534]",[],"{""ordinary"": 8}"
beads5,183,529,stable_ordinary,ordinary,1.9201451905626135,1.896057347670251,1.9448529411764706,"[408, 169, 195, 185, 173, 407, 409, 178]","[207, 279, 297, 272, 225, 311, 240, 281]",[],"{""ordinary"": 8}"
beads5,184,265,stable_ordinary,ordinary,0.9347442680776014,0.9201388888888888,0.9498207885304659,"[175, 191, 181, 190, 187, 197, 172, 200]","[361, 261, 240, 411, 288, 225, 309, 279]",[],"{""ordinary"": 8}"
beads5,185,272,stable_ordinary,ordinary,1.0225563909774436,0.9679715302491103,1.0836653386454183,"[178, 408, 192, 195, 198, 173, 186, 183]","[281, 207, 246, 297, 251, 225, 440, 529]",[],"{""ordinary"": 8}"
beads5,186,440,stable_ordinary,ordinary,1.5913200723327305,1.5658362989323844,1.6176470588235294,"[192, 178, 174, 199, 201, 185, 198, 204]","[246, 281, 445, 348, 188, 272, 251, 314]",[],"{""ordinary"": 8}"
beads5,187,288,stable_ordinary,ordinary,1.0950570342205324,1.0867924528301887,1.103448275862069,"[188, 191, 181, 411, 200, 176, 184, 179]","[534, 261, 240, 238, 279, 240, 265, 547]",[],"{""ordinary"": 8}"
beads5,188,534,threshold_sensitive,large,2.007518796992481,1.970479704797048,2.045977011494253,"[187, 411, 176, 179, 181, 200, 191, 167]","[288, 238, 240, 547, 240, 279, 261, 271]",[],"{""large"": 4, ""ordinary"": 4}"
beads5,190,411,stable_ordinary,ordinary,1.5627376425855513,1.5509433962264152,1.5747126436781609,"[197, 184, 191, 175, 203, 202, 207, 200]","[225, 265, 261, 361, 313, 214, 256, 279]",[],"{""ordinary"": 8}"
beads5,191,261,stable_ordinary,ordinary,1.0336633663366337,0.9849056603773585,1.0875,"[184, 187, 197, 200, 190, 181, 202, 411]","[265, 288, 225, 279, 411, 240, 214, 238]",[],"{""ordinary"": 8}"
beads5,192,246,stable_ordinary,ordinary,0.8512110726643599,0.8282828282828283,0.8754448398576512,"[186, 198, 185, 201, 178, 204, 195, 199]","[440, 251, 272, 188, 281, 314, 297, 348]",[],"{""ordinary"": 8}"
beads5,195,297,stable_ordinary,ordinary,1.135755258126195,1.0919117647058822,1.1832669322709164,"[198, 185, 409, 408, 205, 192, 183, 204]","[251, 272, 240, 207, 479, 246, 529, 314]",[],"{""ordinary"": 8}"
beads5,197,225,stable_ordinary,ordinary,0.8555133079847909,0.8490566037735849,0.8620689655172413,"[190, 202, 191, 203, 200, 207, 184, 213]","[411, 214, 261, 313, 279, 256, 265, 182]",[],"{""ordinary"": 8}"
beads5,198,251,stable_ordinary,ordinary,0.8655172413793103,0.8451178451178452,0.8869257950530035,"[195, 204, 192, 205, 185, 201, 208, 186]","[297, 314, 246, 479, 272, 188, 283, 440]",[],"{""ordinary"": 8}"
beads5,199,348,stable_ordinary,ordinary,1.2608695652173914,1.2428571428571429,1.2794117647058822,"[201, 186, 211, 192, 204, 214, 198, 185]","[188, 440, 424, 246, 314, 280, 251, 272]",[],"{""ordinary"": 8}"
beads5,200,279,stable_ordinary,ordinary,1.1457905544147844,1.1204819277108433,1.1722689075630253,"[202, 411, 191, 210, 187, 213, 197, 412]","[214, 238, 261, 249, 288, 182, 225, 278]",[],"{""ordinary"": 8}"
beads5,201,188,stable_ordinary,ordinary,0.6298157453936348,0.5987261146496815,0.6643109540636042,"[199, 204, 192, 211, 198, 214, 186, 208]","[348, 314, 246, 424, 251, 280, 440, 283]",[],"{""ordinary"": 8}"
beads5,202,214,stable_ordinary,ordinary,0.8278529980657641,0.8199233716475096,0.8359375,"[197, 200, 207, 213, 215, 191, 203, 210]","[225, 279, 256, 182, 290, 261, 313, 249]",[],"{""ordinary"": 8}"
beads5,203,313,stable_ordinary,ordinary,1.3014553014553014,1.22265625,1.3911111111111112,"[207, 197, 202, 217, 190, 215, 220, 213]","[256, 225, 214, 428, 411, 290, 201, 182]",[],"{""ordinary"": 8}"
beads5,204,314,stable_ordinary,ordinary,1.1335740072202165,1.1214285714285714,1.145985401459854,"[198, 201, 208, 214, 192, 216, 205, 211]","[251, 188, 283, 280, 246, 274, 479, 424]",[],"{""ordinary"": 8}"
beads5,205,479,stable_ordinary,ordinary,1.7015985790408525,1.6925795053003534,1.7107142857142856,"[208, 198, 409, 195, 204, 216, 218, 214]","[283, 251, 240, 297, 314, 274, 515, 280]",[],"{""ordinary"": 8}"
beads5,207,256,stable_ordinary,ordinary,0.9941747572815534,0.8827586206896552,1.1377777777777778,"[203, 215, 202, 217, 197, 220, 213, 190]","[313, 290, 214, 428, 225, 201, 182, 411]",[],"{""ordinary"": 8}"
beads5,208,283,stable_ordinary,ordinary,0.9449081803005008,0.9370860927152318,0.9528619528619529,"[205, 216, 204, 198, 214, 218, 195, 226]","[479, 274, 314, 251, 280, 515, 297, 302]",[],"{""ordinary"": 8}"
beads5,210,249,stable_ordinary,ordinary,0.9171270718232044,0.89568345323741,0.939622641509434,"[412, 213, 200, 413, 411, 202, 222, 215]","[278, 182, 279, 348, 238, 214, 265, 290]",[],"{""ordinary"": 8}"
beads5,211,424,stable_ordinary,ordinary,1.4495726495726495,1.403973509933775,1.4982332155477032,"[214, 201, 199, 204, 225, 216, 226, 208]","[280, 188, 348, 314, 591, 274, 302, 283]",[],"{""ordinary"": 8}"
beads5,213,182,stable_ordinary,ordinary,0.6703499079189686,0.6546762589928058,0.6867924528301886,"[210, 215, 202, 222, 412, 200, 207, 413]","[249, 290, 214, 265, 278, 279, 256, 348]",[],"{""ordinary"": 8}"
beads5,214,280,stable_ordinary,ordinary,0.9090909090909091,0.89171974522293,0.9271523178807947,"[211, 216, 204, 225, 201, 208, 226, 199]","[424, 274, 314, 591, 188, 283, 302, 348]",[],"{""ordinary"": 8}"
beads5,215,290,stable_ordinary,ordinary,1.1132437619961613,1.0943396226415094,1.1328125,"[213, 207, 220, 222, 202, 227, 217, 203]","[182, 256, 201, 265, 214, 280, 428, 313]",[],"{""ordinary"": 8}"
beads5,216,274,stable_ordinary,ordinary,0.8896103896103896,0.8726114649681529,0.9072847682119205,"[208, 214, 218, 226, 204, 228, 205, 225]","[283, 280, 515, 302, 314, 283, 479, 591]",[],"{""ordinary"": 8}"
beads5,217,428,stable_ordinary,ordinary,1.5017543859649123,1.4758620689655173,1.5285714285714285,"[220, 207, 229, 215, 203, 227, 230, 222]","[201, 256, 533, 290, 313, 280, 312, 265]",[],"{""ordinary"": 8}"
beads5,218,515,stable_ordinary,ordinary,1.7606837606837606,1.705298013245033,1.8197879858657244,"[228, 216, 226, 208, 234, 205, 238, 214]","[283, 274, 302, 283, 392, 479, 303, 280]",[],"{""ordinary"": 8}"
beads5,220,201,stable_ordinary,ordinary,0.7052631578947368,0.6931034482758621,0.7178571428571429,"[217, 227, 215, 229, 230, 207, 222, 213]","[428, 280, 290, 533, 312, 256, 265, 182]",[],"{""ordinary"": 8}"
beads5,222,265,stable_ordinary,ordinary,0.9498207885304659,0.9464285714285714,0.9532374100719424,"[227, 413, 215, 213, 233, 220, 210, 412]","[280, 348, 290, 182, 479, 201, 249, 278]",[],"{""ordinary"": 8}"
beads5,225,591,stable_ordinary,ordinary,1.9537190082644629,1.9504950495049505,1.9569536423841059,"[226, 214, 211, 235, 216, 228, 218, 238]","[302, 280, 424, 549, 274, 283, 515, 303]",[],"{""ordinary"": 8}"
beads5,226,302,stable_ordinary,ordinary,1.030716723549488,0.9966996699669967,1.0671378091872792,"[225, 228, 216, 235, 218, 214, 238, 208]","[591, 283, 274, 549, 515, 280, 303, 283]",[],"{""ordinary"": 8}"
beads5,227,280,stable_ordinary,ordinary,0.9302325581395349,0.8974358974358975,0.9655172413793104,"[222, 220, 230, 233, 215, 236, 229, 217]","[265, 201, 312, 479, 290, 276, 533, 428]",[],"{""ordinary"": 8}"
beads5,228,283,stable_ordinary,ordinary,0.814388489208633,0.7219387755102041,0.933993399339934,"[218, 226, 238, 234, 235, 216, 240, 225]","[515, 302, 303, 392, 549, 274, 253, 591]",[],"{""ordinary"": 8}"
beads5,229,533,stable_ordinary,ordinary,1.8701754385964913,1.8379310344827586,1.9035714285714285,"[230, 220, 227, 217, 414, 236, 243, 215]","[312, 201, 280, 428, 390, 276, 261, 290]",[],"{""ordinary"": 8}"
beads5,230,312,stable_ordinary,ordinary,1.1223021582733812,1.1142857142857143,1.1304347826086956,"[229, 236, 227, 414, 220, 243, 233, 222]","[533, 276, 280, 390, 201, 261, 479, 265]",[],"{""ordinary"": 8}"
beads5,233,479,stable_ordinary,ordinary,1.723021582733813,1.7107142857142856,1.7355072463768115,"[236, 227, 242, 222, 413, 230, 245, 243]","[276, 280, 444, 265, 348, 312, 248, 261]",[],"{""ordinary"": 8}"
beads5,234,392,stable_ordinary,ordinary,1.2061538461538461,1.1296829971181557,1.2937293729372936,"[237, 240, 228, 238, 218, 248, 247, 226]","[564, 253, 283, 303, 515, 428, 347, 302]",[],"{""ordinary"": 8}"
beads5,235,549,stable_ordinary,ordinary,1.6892307692307693,1.5821325648414986,1.811881188118812,"[238, 226, 246, 228, 225, 247, 240, 218]","[303, 302, 543, 283, 591, 347, 253, 515]",[],"{""ordinary"": 8}"
beads5,236,276,stable_ordinary,ordinary,0.7863247863247863,0.7076923076923077,0.8846153846153846,"[233, 230, 243, 242, 227, 245, 414, 229]","[479, 312, 261, 444, 280, 248, 390, 533]",[],"{""ordinary"": 8}"
beads5,237,564,stable_ordinary,ordinary,1.5452054794520549,1.4725848563968669,1.6253602305475505,"[234, 240, 249, 248, 238, 228, 218, 247]","[392, 253, 383, 428, 303, 283, 515, 347]",[],"{""ordinary"": 8}"
beads5,238,303,stable_ordinary,ordinary,0.8200270635994588,0.7729591836734694,0.8731988472622478,"[235, 228, 240, 247, 234, 246, 226, 248]","[549, 283, 253, 347, 392, 543, 302, 428]",[],"{""ordinary"": 8}"
beads5,240,253,stable_ordinary,ordinary,0.6529032258064517,0.6454081632653061,0.660574412532637,"[234, 248, 237, 238, 247, 228, 249, 235]","[392, 428, 564, 303, 347, 283, 383, 549]",[],"{""ordinary"": 8}"
beads5,242,444,stable_ordinary,ordinary,1.510204081632653,1.4230769230769231,1.608695652173913,"[245, 233, 236, 250, 243, 253, 255, 230]","[248, 479, 276, 460, 261, 245, 383, 312]",[],"{""ordinary"": 8}"
beads5,243,261,stable_ordinary,ordinary,0.7435897435897436,0.6692307692307692,0.8365384615384616,"[414, 236, 245, 251, 230, 253, 242, 233]","[390, 276, 248, 463, 312, 245, 444, 479]",[],"{""ordinary"": 8}"
beads5,245,248,stable_ordinary,ordinary,0.599758162031439,0.5585585585585585,0.6475195822454308,"[242, 253, 243, 236, 250, 251, 255, 233]","[444, 245, 261, 276, 460, 463, 383, 479]",[],"{""ordinary"": 8}"
beads5,246,543,stable_ordinary,ordinary,1.4365079365079365,1.3276283618581908,1.5648414985590777,"[247, 235, 238, 248, 240, 256, 228, 415]","[347, 549, 303, 428, 253, 409, 283, 539]",[],"{""ordinary"": 8}"
beads5,247,347,stable_ordinary,ordinary,0.8664169787765293,0.8484107579462102,0.8852040816326531,"[246, 248, 238, 240, 235, 256, 249, 234]","[543, 428, 303, 253, 549, 409, 383, 392]",[],"{""ordinary"": 8}"
beads5,248,428,stable_ordinary,ordinary,1.1726027397260275,1.1174934725848564,1.2334293948126802,"[247, 240, 249, 256, 238, 237, 257, 246]","[347, 253, 383, 409, 303, 564, 309, 543]",[],"{""ordinary"": 8}"
beads5,249,383,stable_ordinary,ordinary,1.0880681818181819,1.072829131652661,1.1037463976945245,"[257, 248, 252, 256, 237, 240, 258, 247]","[309, 428, 357, 409, 564, 253, 307, 347]",[],"{""ordinary"": 8}"
beads5,250,460,stable_ordinary,ordinary,1.5436241610738255,1.5436241610738255,1.5436241610738255,"[255, 242, 245, 253, 263, 264, 261, 243]","[383, 444, 248, 245, 298, 485, 298, 261]",[],"{""ordinary"": 8}"
beads5,251,463,stable_ordinary,ordinary,1.613240418118467,1.5536912751677852,1.6775362318840579,"[253, 243, 260, 414, 245, 261, 255, 236]","[245, 261, 474, 390, 248, 298, 383, 276]",[],"{""ordinary"": 8}"
beads5,252,357,stable_ordinary,ordinary,0.9407114624505929,0.9321148825065274,0.949468085106383,"[258, 249, 257, 262, 269, 268, 256, 237]","[307, 383, 309, 438, 335, 376, 409, 564]",[],"{""ordinary"": 8}"
beads5,253,245,stable_ordinary,ordinary,0.7195301027900147,0.639686684073107,0.8221476510067114,"[245, 251, 255, 261, 260, 243, 263, 250]","[248, 463, 383, 298, 474, 261, 298, 460]",[],"{""ordinary"": 8}"
beads5,255,383,stable_ordinary,ordinary,1.0323450134770888,0.8626126126126126,1.2852348993288591,"[250, 263, 253, 245, 261, 264, 242, 251]","[460, 298, 245, 248, 298, 485, 444, 463]",[],"{""ordinary"": 8}"
beads5,256,409,stable_ordinary,ordinary,1.077733860342556,1.0678851174934725,1.0877659574468086,"[257, 248, 415, 267, 249, 247, 268, 240]","[309, 428, 539, 402, 383, 347, 376, 253]",[],"{""ordinary"": 8}"
beads5,257,309,stable_ordinary,ordinary,0.8142292490118577,0.8067885117493473,0.8218085106382979,"[249, 256, 258, 268, 267, 252, 248, 269]","[383, 409, 307, 376, 402, 357, 428, 335]",[],"{""ordinary"": 8}"
beads5,258,307,stable_ordinary,ordinary,0.8376534788540245,0.8164893617021277,0.8599439775910365,"[252, 269, 262, 257, 268, 249, 270, 267]","[357, 335, 438, 309, 376, 383, 199, 402]",[],"{""ordinary"": 8}"
beads5,260,474,stable_ordinary,ordinary,1.5290322580645161,1.4720496894409938,1.5906040268456376,"[261, 251, 253, 274, 263, 255, 275, 245]","[298, 463, 245, 533, 298, 383, 322, 248]",[],"{""ordinary"": 8}"
beads5,261,298,stable_ordinary,ordinary,0.8453900709219858,0.7780678851174935,0.9254658385093167,"[260, 263, 253, 274, 255, 251, 275, 245]","[474, 298, 245, 533, 383, 463, 322, 248]",[],"{""ordinary"": 8}"
beads5,262,438,stable_ordinary,ordinary,1.195088676671214,1.1648936170212767,1.226890756302521,"[270, 258, 269, 252, 273, 281, 284, 268]","[199, 307, 335, 357, 454, 405, 380, 376]",[],"{""ordinary"": 8}"
beads5,263,298,stable_ordinary,ordinary,0.8453900709219858,0.7780678851174935,0.9254658385093167,"[261, 255, 275, 264, 274, 253, 276, 260]","[298, 383, 322, 485, 533, 245, 282, 474]",[],"{""ordinary"": 8}"
beads5,264,485,stable_ordinary,ordinary,1.4564564564564564,1.4098837209302326,1.5062111801242235,"[276, 263, 266, 255, 275, 277, 250, 290]","[282, 298, 471, 383, 322, 227, 460, 344]",[],"{""ordinary"": 8}"
beads5,266,471,stable_ordinary,ordinary,1.4672897196261683,1.369186046511628,1.580536912751678,"[277, 264, 278, 276, 289, 292, 290, 263]","[227, 485, 357, 282, 365, 296, 344, 298]",[],"{""ordinary"": 8}"
beads5,267,402,stable_ordinary,ordinary,1.1089655172413793,1.0691489361702127,1.151862464183381,"[268, 256, 257, 285, 415, 286, 269, 258]","[376, 409, 309, 439, 539, 349, 335, 307]",[],"{""ordinary"": 8}"
beads5,268,376,stable_ordinary,ordinary,1.0315500685871055,0.9894736842105263,1.0773638968481376,"[267, 269, 257, 285, 286, 258, 256, 284]","[402, 335, 309, 439, 349, 307, 409, 380]",[],"{""ordinary"": 8}"
beads5,269,335,stable_ordinary,ordinary,0.9241379310344827,0.8909574468085106,0.9598853868194842,"[258, 268, 262, 284, 270, 286, 257, 285]","[307, 376, 438, 380, 199, 349, 309, 439]",[],"{""ordinary"": 8}"
beads5,270,199,stable_ordinary,ordinary,0.5459533607681756,0.5236842105263158,0.5702005730659025,"[262, 281, 273, 269, 284, 258, 282, 286]","[438, 405, 454, 335, 380, 307, 293, 349]",[],"{""ordinary"": 8}"
beads5,273,454,stable_ordinary,ordinary,1.213903743315508,1.194736842105263,1.233695652173913,"[282, 281, 270, 262, 298, 287, 295, 284]","[293, 405, 199, 438, 408, 343, 368, 380]",[],"{""ordinary"": 8}"
beads5,274,533,stable_ordinary,ordinary,1.5120567375886524,1.391644908616188,1.65527950310559,"[275, 261, 263, 260, 291, 276, 264, 255]","[322, 298, 298, 474, 400, 282, 485, 383]",[],"{""ordinary"": 8}"
beads5,275,322,stable_ordinary,ordinary,0.8858321870701513,0.8407310704960835,0.936046511627907,"[274, 276, 263, 291, 264, 261, 290, 255]","[533, 282, 298, 400, 485, 298, 344, 383]",[],"{""ordinary"": 8}"
beads5,276,282,stable_ordinary,ordinary,0.7954866008462623,0.7726027397260274,0.8197674418604651,"[264, 275, 290, 277, 291, 266, 263, 289]","[485, 322, 344, 227, 400, 471, 298, 365]",[],"{""ordinary"": 8}"
beads5,277,227,stable_ordinary,ordinary,0.6476462196861626,0.6358543417366946,0.6598837209302325,"[289, 266, 276, 278, 290, 264, 292, 307]","[365, 471, 282, 357, 344, 485, 296, 292]",[],"{""ordinary"": 8}"
beads5,278,357,stable_ordinary,ordinary,1.0408163265306123,1.0113314447592068,1.072072072072072,"[292, 277, 266, 289, 293, 305, 307, 304]","[296, 227, 471, 365, 460, 353, 292, 333]",[],"{""ordinary"": 8}"
beads5,281,405,stable_ordinary,ordinary,0.9747292418772563,0.9574468085106383,0.9926470588235294,"[273, 270, 284, 298, 282, 301, 300, 262]","[454, 199, 380, 408, 293, 423, 561, 438]",[],"{""ordinary"": 8}"
beads5,282,293,stable_ordinary,ordinary,0.8241912798874824,0.7961956521739131,0.8542274052478134,"[273, 295, 287, 281, 298, 270, 296, 283]","[454, 368, 343, 405, 408, 199, 293, 153]",[283],"{""ordinary"": 8}"
beads5,284,380,stable_ordinary,ordinary,0.9731113956466069,0.9382716049382716,1.0106382978723405,"[286, 281, 269, 300, 270, 301, 285, 268]","[349, 405, 335, 561, 199, 423, 439, 376]",[],"{""ordinary"": 8}"
beads5,285,439,stable_ordinary,ordinary,1.1613756613756614,1.1552631578947368,1.1675531914893618,"[286, 268, 267, 284, 269, 300, 257, 415]","[349, 376, 402, 380, 335, 561, 309, 539]",[],"{""ordinary"": 8}"
beads5,286,349,stable_ordinary,ordinary,0.8925831202046036,0.8681592039800995,0.9184210526315789,"[285, 284, 269, 268, 300, 267, 301, 270]","[439, 380, 335, 376, 561, 402, 423, 199]",[],"{""ordinary"": 8}"
beads5,287,343,stable_ordinary,ordinary,0.9436038514442916,0.9423076923076923,0.9449035812672176,"[283, 296, 295, 282, 313, 273, 297, 310]","[153, 293, 368, 293, 397, 454, 363, 364]",[283],"{""ordinary"": 8}"
beads5,289,365,stable_ordinary,ordinary,1.140625,1.061046511627907,1.2331081081081081,"[277, 290, 307, 292, 309, 278, 276, 266]","[227, 344, 292, 296, 451, 357, 282, 471]",[],"{""ordinary"": 8}"
beads5,290,344,stable_ordinary,ordinary,1.0014556040756915,0.9424657534246575,1.0683229813664596,"[291, 289, 276, 309, 277, 275, 307, 264]","[400, 365, 282, 451, 227, 322, 292, 485]",[],"{""ordinary"": 8}"
beads5,291,400,stable_ordinary,ordinary,1.1283497884344147,1.095890410958904,1.1627906976744187,"[290, 275, 276, 274, 309, 289, 277, 264]","[344, 322, 282, 533, 451, 365, 227, 485]",[],"{""ordinary"": 8}"
beads5,292,296,stable_ordinary,ordinary,0.8338028169014085,0.8291316526610645,0.8385269121813032,"[278, 305, 289, 307, 293, 277, 304, 266]","[357, 353, 365, 292, 460, 227, 333, 471]",[],"{""ordinary"": 8}"
beads5,293,460,stable_ordinary,ordinary,1.295774647887324,1.288515406162465,1.3031161473087818,"[304, 292, 305, 278, 303, 322, 324, 318]","[333, 296, 353, 357, 399, 380, 410, 320]",[],"{""ordinary"": 8}"
beads5,295,368,stable_ordinary,ordinary,1.0,0.9363867684478372,1.0728862973760933,"[287, 282, 298, 296, 313, 316, 283, 273]","[343, 293, 408, 293, 397, 393, 153, 454]",[283],"{""ordinary"": 8}"
beads5,296,293,stable_ordinary,ordinary,0.8060522696011004,0.804945054945055,0.8071625344352618,"[287, 283, 310, 297, 295, 313, 282, 308]","[343, 153, 364, 363, 368, 397, 293, 454]",[283],"{""ordinary"": 8}"
beads5,297,363,stable_ordinary,ordinary,0.9540078843626807,0.9143576826196473,0.9972527472527473,"[310, 308, 296, 283, 330, 287, 313, 323]","[364, 454, 293, 153, 427, 343, 397, 516]",[283],"{""ordinary"": 8}"
beads5,298,408,stable_ordinary,ordinary,0.9855072463768116,0.9645390070921985,1.0074074074074073,"[301, 281, 295, 320, 282, 316, 273, 300]","[423, 405, 368, 569, 293, 393, 454, 561]",[],"{""ordinary"": 8}"
beads5,300,561,stable_ordinary,ordinary,1.3800738007380073,1.375,1.385185185185185,"[301, 284, 286, 281, 285, 298, 320, 269]","[423, 380, 349, 405, 439, 408, 569, 335]",[],"{""ordinary"": 8}"
beads5,301,423,stable_ordinary,ordinary,1.0601503759398496,1.0444444444444445,1.0763358778625953,"[300, 298, 284, 281, 320, 286, 316, 282]","[561, 408, 380, 405, 569, 349, 393, 293]",[],"{""ordinary"": 8}"
beads5,303,399,stable_ordinary,ordinary,1.010126582278481,0.973170731707317,1.05,"[318, 322, 304, 293, 315, 339, 346, 324]","[320, 380, 333, 460, 465, 356, 424, 410]",[],"{""ordinary"": 8}"
beads5,304,333,stable_ordinary,ordinary,0.8549422336328626,0.8345864661654135,0.8763157894736842,"[293, 322, 305, 324, 303, 292, 318, 349]","[460, 380, 353, 410, 399, 296, 320, 684]",[],"{""ordinary"": 8}"
beads5,305,353,stable_ordinary,ordinary,1.0231884057971015,0.988795518207283,1.06006006006006,"[292, 307, 324, 304, 327, 293, 289, 278]","[296, 292, 410, 333, 247, 460, 365, 357]",[],"{""ordinary"": 8}"
beads5,307,292,stable_ordinary,ordinary,0.8513119533527697,0.8488372093023255,0.8538011695906432,"[309, 305, 289, 328, 327, 292, 329, 290]","[451, 353, 365, 342, 247, 296, 128, 344]",[329],"{""ordinary"": 8}"
beads5,308,454,stable_ordinary,ordinary,1.1407035175879396,1.063231850117096,1.2303523035230353,"[297, 323, 330, 310, 321, 296, 354, 337]","[363, 516, 427, 364, 369, 293, 463, 496]",[],"{""ordinary"": 8}"
beads5,309,451,stable_ordinary,ordinary,1.314868804664723,1.311046511627907,1.3187134502923976,"[307, 329, 290, 328, 289, 291, 327, 305]","[292, 128, 344, 342, 365, 400, 247, 353]",[329],"{""ordinary"": 8}"
beads5,310,364,stable_ordinary,ordinary,0.9578947368421052,0.9168765743073047,1.002754820936639,"[297, 296, 313, 308, 330, 337, 283, 287]","[363, 293, 397, 454, 427, 496, 153, 343]",[283],"{""ordinary"": 8}"
beads5,313,397,stable_ordinary,ordinary,1.123055162659123,1.0906593406593406,1.1574344023323615,"[316, 310, 341, 296, 295, 337, 340, 287]","[393, 364, 255, 293, 368, 496, 223, 343]",[],"{""ordinary"": 8}"
beads5,315,465,stable_ordinary,ordinary,1.24,1.1802030456852792,1.3061797752808988,"[333, 339, 318, 303, 331, 352, 361, 346]","[275, 356, 320, 399, 394, 461, 341, 424]",[],"{""ordinary"": 8}"
beads5,316,393,stable_ordinary,ordinary,0.9763975155279503,0.9632352941176471,0.9899244332493703,"[320, 340, 313, 341, 298, 295, 337, 301]","[569, 223, 397, 255, 408, 368, 496, 423]",[],"{""ordinary"": 8}"
beads5,317,318,stable_ordinary,ordinary,0.8724279835390947,0.8617886178861789,0.8833333333333333,"[335, 332, 321, 325, 358, 347, 348, 365]","[360, 328, 369, 284, 458, 399, 360, 404]",[],"{""ordinary"": 8}"
beads5,318,320,stable_ordinary,ordinary,0.8215661103979461,0.8020050125313283,0.8421052631578947,"[303, 339, 315, 322, 346, 304, 333, 364]","[399, 356, 465, 380, 424, 333, 275, 685]",[],"{""ordinary"": 8}"
beads5,320,569,stable_ordinary,ordinary,1.440506329113924,1.433249370277078,1.4478371501272265,"[316, 298, 301, 340, 295, 313, 300, 341]","[393, 408, 423, 223, 368, 397, 561, 255]",[],"{""ordinary"": 8}"
beads5,321,369,stable_ordinary,ordinary,0.9190535491905355,0.9133663366336634,0.924812030075188,"[335, 323, 317, 347, 308, 354, 332, 365]","[360, 516, 318, 399, 454, 463, 328, 404]",[],"{""ordinary"": 8}"
beads5,322,380,stable_ordinary,ordinary,0.9394313967861557,0.926829268292683,0.9523809523809523,"[304, 346, 324, 318, 349, 303, 293, 305]","[333, 424, 410, 320, 684, 399, 460, 353]",[],"{""ordinary"": 8}"
beads5,323,516,stable_ordinary,ordinary,1.2493946731234866,1.2084309133489461,1.2932330827067668,"[308, 321, 330, 354, 347, 335, 360, 297]","[454, 369, 427, 463, 399, 360, 620, 363]",[],"{""ordinary"": 8}"
beads5,324,410,stable_ordinary,ordinary,1.2148148148148148,1.1988304093567252,1.2312312312312312,"[327, 350, 305, 322, 349, 304, 328, 307]","[247, 274, 353, 380, 684, 333, 342, 292]",[],"{""ordinary"": 8}"
beads5,325,284,stable_ordinary,ordinary,0.8255813953488372,0.7888888888888889,0.8658536585365854,"[348, 332, 338, 358, 317, 334, 363, 372]","[360, 328, 324, 458, 318, 192, 415, 373]",[],"{""ordinary"": 8}"
beads5,326,296,stable_ordinary,ordinary,0.7246022031823746,0.6997635933806147,0.751269035532995,"[344, 331, 362, 351, 352, 369, 333, 374]","[374, 394, 423, 539, 461, 393, 275, 459]",[],"{""ordinary"": 8}"
beads5,327,247,stable_ordinary,ordinary,0.7107913669064748,0.6997167138810199,0.7222222222222222,"[328, 324, 350, 307, 305, 329, 309, 349]","[342, 410, 274, 292, 353, 128, 451, 684]",[329],"{""ordinary"": 8}"
beads5,328,342,stable_ordinary,ordinary,1.0604651162790697,0.9688385269121813,1.1712328767123288,"[327, 329, 307, 309, 324, 305, 350, 289]","[247, 128, 292, 451, 410, 353, 274, 365]",[329],"{""ordinary"": 8}"
beads5,330,427,stable_ordinary,ordinary,0.9312977099236641,0.9222462203023758,0.9405286343612335,"[308, 337, 310, 323, 360, 354, 359, 297]","[454, 496, 364, 516, 620, 463, 223, 363]",[],"{""ordinary"": 8}"
beads5,331,394,stable_ordinary,ordinary,1.0273794002607561,1.0025445292620865,1.053475935828877,"[344, 352, 333, 326, 315, 369, 362, 361]","[374, 461, 275, 296, 465, 393, 423, 341]",[],"{""ordinary"": 8}"
beads5,332,328,stable_ordinary,ordinary,0.9111111111111111,0.9111111111111111,0.9111111111111111,"[325, 317, 348, 358, 335, 338, 365, 321]","[284, 318, 360, 458, 360, 324, 404, 369]",[],"{""ordinary"": 8}"
beads5,333,275,stable_ordinary,ordinary,0.7534246575342466,0.7352941176470589,0.7724719101123596,"[315, 352, 331, 339, 361, 318, 344, 375]","[465, 461, 394, 356, 341, 320, 374, 336]",[],"{""ordinary"": 8}"
beads5,334,192,stable_ordinary,ordinary,0.5597667638483965,0.5333333333333333,0.588957055214724,"[338, 355, 342, 363, 325, 366, 410, 348]","[324, 408, 326, 415, 284, 417, 285, 360]",[],"{""ordinary"": 8}"
beads5,335,360,stable_ordinary,ordinary,0.8966376089663761,0.8910891089108911,0.9022556390977443,"[317, 321, 347, 332, 365, 358, 323, 371]","[318, 369, 399, 328, 404, 458, 516, 853]",[],"{""ordinary"": 8}"
beads5,336,263,stable_ordinary,ordinary,0.7215363511659808,0.7108108108108108,0.7325905292479109,"[345, 356, 343, 368, 357, 410, 367, 378]","[335, 320, 468, 407, 359, 285, 370, 412]",[],"{""ordinary"": 8}"
beads5,337,496,stable_ordinary,ordinary,1.310435931307794,1.262086513994911,1.3626373626373627,"[341, 359, 330, 313, 310, 360, 340, 316]","[255, 223, 427, 397, 364, 620, 223, 393]",[],"{""ordinary"": 8}"
beads5,338,324,stable_ordinary,ordinary,0.9418604651162791,0.9,0.9878048780487805,"[334, 348, 325, 363, 355, 332, 372, 342]","[192, 360, 284, 415, 408, 328, 373, 326]",[],"{""ordinary"": 8}"
beads5,339,356,stable_ordinary,ordinary,0.9139922978177151,0.8922305764411027,0.9368421052631579,"[318, 361, 364, 346, 315, 333, 303, 322]","[320, 341, 685, 424, 465, 275, 399, 380]",[],"{""ordinary"": 8}"
beads5,340,223,stable_ordinary,ordinary,0.5645569620253165,0.5617128463476071,0.5674300254452926,"[341, 316, 320, 313, 337, 359, 298, 295]","[255, 393, 569, 397, 496, 223, 408, 368]",[],"{""ordinary"": 8}"
beads5,341,255,stable_ordinary,ordinary,0.6455696202531646,0.6423173803526449,0.648854961832061,"[340, 337, 313, 316, 359, 310, 320, 330]","[223, 496, 397, 393, 223, 364, 569, 427]",[],"{""ordinary"": 8}"
beads5,342,326,stable_ordinary,ordinary,0.9394812680115274,0.9080779944289693,0.9731343283582089,"[410, 355, 366, 334, 357, 376, 338, 345]","[285, 408, 417, 192, 359, 396, 324, 335]",[],"{""ordinary"": 8}"
beads5,343,468,stable_ordinary,ordinary,1.2046332046332047,1.1498771498771498,1.2648648648648648,"[367, 356, 351, 336, 378, 345, 374, 368]","[370, 320, 539, 263, 412, 335, 459, 407]",[],"{""ordinary"": 8}"
beads5,344,374,stable_ordinary,ordinary,0.9155446756425949,0.8841607565011821,0.949238578680203,"[326, 331, 362, 369, 352, 333, 351, 382]","[296, 394, 423, 393, 461, 275, 539, 514]",[],"{""ordinary"": 8}"
beads5,345,335,stable_ordinary,ordinary,0.9781021897810219,0.9331476323119777,1.0276073619631902,"[336, 356, 357, 368, 410, 343, 380, 342]","[263, 320, 359, 407, 285, 468, 513, 326]",[],"{""ordinary"": 8}"
beads5,346,424,stable_ordinary,ordinary,1.1521739130434783,1.1157894736842104,1.1910112359550562,"[349, 322, 364, 339, 318, 350, 324, 361]","[684, 380, 685, 356, 320, 274, 410, 341]",[],"{""ordinary"": 8}"
beads5,347,399,stable_ordinary,ordinary,0.925754060324826,0.87117903930131,0.9876237623762376,"[335, 321, 354, 371, 323, 365, 317, 358]","[360, 369, 463, 853, 516, 404, 318, 458]",[],"{""ordinary"": 8}"
beads5,348,360,stable_ordinary,ordinary,1.0271041369472182,0.9651474530831099,1.0975609756097562,"[325, 332, 338, 358, 363, 372, 334, 379]","[284, 328, 324, 458, 415, 373, 192, 704]",[],"{""ordinary"": 8}"
beads5,349,684,threshold_sensitive,ordinary,1.9186535764375876,1.8,2.054054054054054,"[350, 346, 324, 322, 327, 364, 304, 318]","[274, 424, 410, 380, 247, 685, 333, 320]",[],"{""ordinary"": 4, ""large"": 4}"
beads5,350,274,stable_ordinary,ordinary,0.747612551159618,0.7210526315789474,0.7762039660056658,"[349, 324, 327, 322, 346, 328, 305, 304]","[684, 410, 247, 380, 424, 342, 353, 333]",[],"{""ordinary"": 8}"
beads5,351,539,stable_ordinary,ordinary,1.3525721455457966,1.2742316784869976,1.4411764705882353,"[343, 367, 374, 362, 326, 344, 356, 386]","[468, 370, 459, 423, 296, 374, 320, 438]",[],"{""ordinary"": 8}"
beads5,352,461,stable_ordinary,ordinary,1.2020860495436767,1.173027989821883,1.232620320855615,"[333, 331, 369, 361, 375, 344, 315, 377]","[275, 394, 393, 341, 336, 374, 465, 516]",[],"{""ordinary"": 8}"
beads5,354,463,stable_ordinary,ordinary,1.0510783200908058,1.0198237885462555,1.0843091334894615,"[360, 347, 323, 330, 371, 359, 321, 308]","[620, 399, 516, 427, 853, 223, 369, 454]",[],"{""ordinary"": 8}"
beads5,355,408,stable_ordinary,ordinary,1.1912408759124087,1.1364902506963788,1.2515337423312884,"[334, 342, 363, 366, 338, 376, 410, 357]","[192, 326, 415, 417, 324, 396, 285, 359]",[],"{""ordinary"": 8}"
beads5,356,320,stable_ordinary,ordinary,0.8236808236808236,0.7862407862407862,0.8648648648648649,"[336, 345, 343, 368, 367, 378, 357, 351]","[263, 335, 468, 407, 370, 412, 359, 539]",[],"{""ordinary"": 8}"
beads5,357,359,stable_ordinary,ordinary,1.086232980332829,1.0716417910447762,1.1012269938650308,"[410, 345, 366, 342, 368, 380, 336, 356]","[285, 335, 417, 326, 407, 513, 263, 320]",[],"{""ordinary"": 8}"
beads5,358,458,stable_ordinary,ordinary,1.2722222222222221,1.2722222222222221,1.2722222222222221,"[332, 365, 348, 379, 372, 335, 325, 317]","[328, 404, 360, 704, 373, 360, 284, 318]",[],"{""ordinary"": 8}"
beads5,359,223,stable_ordinary,ordinary,0.5412621359223301,0.522248243559719,0.5617128463476071,"[360, 337, 341, 330, 354, 340, 313, 310]","[620, 496, 255, 427, 463, 223, 397, 364]",[],"{""ordinary"": 8}"
beads5,360,620,stable_ordinary,ordinary,1.3932584269662922,1.3390928725701945,1.4519906323185012,"[359, 354, 330, 337, 323, 371, 341, 347]","[223, 463, 427, 496, 516, 853, 255, 399]",[],"{""ordinary"": 8}"
beads5,361,341,stable_ordinary,ordinary,0.7706214689265537,0.7396963123644251,0.8042452830188679,"[377, 364, 339, 375, 352, 333, 315, 346]","[516, 685, 356, 336, 461, 275, 465, 424]",[],"{""ordinary"": 8}"
beads5,362,423,stable_ordinary,ordinary,1.0561797752808988,1.0393120393120394,1.0736040609137056,"[344, 369, 374, 382, 351, 326, 385, 331]","[374, 393, 459, 514, 539, 296, 407, 394]",[],"{""ordinary"": 8}"
beads5,363,415,stable_ordinary,ordinary,1.0793237971391418,1.047979797979798,1.1126005361930296,"[338, 355, 372, 384, 376, 348, 334, 389]","[324, 408, 373, 464, 396, 360, 192, 533]",[],"{""ordinary"": 8}"
beads5,364,685,threshold_sensitive,ordinary,1.9655667144906743,1.9241573033707866,2.0087976539589443,"[361, 346, 339, 377, 349, 375, 318, 333]","[341, 424, 356, 516, 684, 336, 320, 275]",[],"{""ordinary"": 4, ""large"": 4}"
beads5,365,404,stable_ordinary,ordinary,1.0466321243523315,1.012531328320802,1.0831099195710456,"[358, 371, 379, 347, 335, 332, 372, 317]","[458, 853, 704, 399, 360, 328, 373, 318]",[],"{""ordinary"": 8}"
beads5,366,417,stable_ordinary,ordinary,1.037313432835821,1.0220588235294117,1.053030303030303,"[342, 357, 355, 376, 387, 380, 410, 393]","[326, 359, 408, 396, 436, 513, 285, 574]",[],"{""ordinary"": 8}"
beads5,367,370,stable_ordinary,ordinary,0.8249721293199554,0.8061002178649237,0.8447488584474886,"[343, 351, 378, 386, 374, 356, 391, 395]","[468, 539, 412, 438, 459, 320, 401, 523]",[],"{""ordinary"": 8}"
beads5,368,407,stable_ordinary,ordinary,1.0696452036793693,1.0124378109452736,1.1337047353760445,"[345, 356, 380, 357, 388, 378, 336, 394]","[335, 320, 513, 359, 402, 412, 263, 435]",[],"{""ordinary"": 8}"
beads5,369,393,stable_ordinary,ordinary,0.9812734082397003,0.9656019656019657,0.9974619289340102,"[385, 352, 375, 362, 344, 382, 390, 331]","[407, 461, 336, 423, 374, 514, 330, 394]",[],"{""ordinary"": 8}"
beads5,371,853,stable_ordinary,ordinary,1.8523344191096633,1.8423326133909288,1.8624454148471616,"[365, 347, 354, 335, 360, 379, 323, 358]","[404, 399, 463, 360, 620, 704, 516, 458]",[],"{""ordinary"": 8}"
beads5,372,373,stable_ordinary,ordinary,0.854524627720504,0.8144104803493449,0.8987951807228916,"[389, 379, 363, 348, 384, 358, 338, 365]","[533, 704, 415, 360, 464, 458, 324, 404]",[],"{""ordinary"": 8}"
beads5,374,459,stable_ordinary,ordinary,1.0662020905923344,1.047945205479452,1.0851063829787233,"[391, 382, 362, 386, 351, 367, 369, 343]","[401, 514, 423, 438, 539, 370, 393, 468]",[],"{""ordinary"": 8}"
beads5,375,336,stable_ordinary,ordinary,0.84,0.8255528255528255,0.8549618320610687,"[377, 390, 369, 361, 352, 385, 364, 333]","[516, 330, 393, 341, 461, 407, 685, 275]",[],"{""ordinary"": 8}"
beads5,376,396,stable_ordinary,ordinary,0.9519230769230769,0.9496402877697842,0.9542168674698795,"[393, 384, 366, 355, 363, 387, 342, 334]","[574, 464, 417, 408, 415, 436, 326, 192]",[],"{""ordinary"": 8}"
beads5,377,516,stable_ordinary,ordinary,1.3778371161548733,1.3129770992366412,1.449438202247191,"[375, 361, 364, 390, 352, 339, 385, 369]","[336, 341, 685, 330, 461, 356, 407, 393]",[],"{""ordinary"": 8}"
beads5,378,412,stable_ordinary,ordinary,1.0185414091470952,1.0122850122850122,1.0248756218905473,"[395, 367, 386, 388, 368, 356, 343, 345]","[523, 370, 438, 402, 407, 320, 468, 335]",[],"{""ordinary"": 8}"
beads5,379,704,stable_ordinary,ordinary,1.6128293241695304,1.537117903930131,1.6963855421686747,"[372, 358, 365, 389, 348, 384, 371, 363]","[373, 458, 404, 533, 360, 464, 853, 415]",[],"{""ordinary"": 8}"
beads5,380,513,stable_ordinary,ordinary,1.2527472527472527,1.2451456310679612,1.2604422604422605,"[394, 387, 368, 388, 357, 366, 345, 378]","[435, 436, 407, 402, 359, 417, 335, 412]",[],"{""ordinary"": 8}"
beads5,382,514,stable_ordinary,ordinary,1.2947103274559193,1.2817955112219452,1.3078880407124682,"[385, 374, 391, 362, 369, 390, 344, 375]","[407, 459, 401, 423, 393, 330, 374, 336]",[],"{""ordinary"": 8}"
beads5,384,464,stable_ordinary,ordinary,1.09048178613396,1.0642201834862386,1.1180722891566266,"[389, 376, 393, 363, 372, 355, 379, 387]","[533, 396, 574, 415, 373, 408, 704, 436]",[],"{""ordinary"": 8}"
beads5,385,407,stable_ordinary,ordinary,0.9878640776699029,0.9621749408983451,1.0149625935162094,"[390, 382, 369, 375, 362, 352, 377, 391]","[330, 514, 393, 336, 423, 461, 516, 401]",[],"{""ordinary"": 8}"
beads5,386,438,stable_ordinary,ordinary,1.0057405281285878,0.954248366013072,1.0631067961165048,"[391, 395, 378, 367, 374, 351, 388, 382]","[401, 523, 412, 370, 459, 539, 402, 514]",[],"{""ordinary"": 8}"
beads5,387,436,stable_ordinary,ordinary,1.0234741784037558,1.0022988505747126,1.0455635491606714,"[393, 380, 394, 366, 376, 357, 388, 384]","[574, 513, 435, 417, 396, 359, 402, 464]",[],"{""ordinary"": 8}"
beads5,388,402,stable_ordinary,ordinary,0.9230769230769231,0.9220183486238532,0.9241379310344827,"[395, 394, 378, 368, 380, 356, 386, 387]","[523, 435, 412, 407, 513, 320, 438, 436]",[],"{""ordinary"": 8}"
beads5,389,533,stable_ordinary,ordinary,1.2210767468499428,1.1637554585152838,1.2843373493975903,"[384, 372, 379, 363, 393, 376, 358, 348]","[464, 373, 704, 415, 574, 396, 458, 360]",[],"{""ordinary"": 8}"
beads5,390,330,stable_ordinary,ordinary,0.8108108108108109,0.7603686635944701,0.825,"[385, 375, 377, 369, 382, 361, 352]","[407, 336, 516, 393, 514, 341, 461]",[],"{""ordinary"": 7}"
beads5,391,401,stable_ordinary,ordinary,0.9314750290360047,0.9155251141552512,0.9479905437352246,"[374, 386, 382, 367, 362, 385, 395, 378]","[459, 438, 514, 370, 423, 407, 523, 412]",[],"{""ordinary"": 8}"
beads5,393,574,stable_ordinary,ordinary,1.3474178403755868,1.3195402298850574,1.3764988009592327,"[376, 387, 384, 366, 363, 389, 394, 355]","[396, 436, 464, 417, 415, 533, 435, 408]",[],"{""ordinary"": 8}"
beads5,394,435,stable_ordinary,ordinary,1.0199296600234466,0.9977064220183486,1.0431654676258992,"[380, 388, 387, 368, 366, 395, 393, 357]","[513, 402, 436, 407, 417, 523, 574, 359]",[],"{""ordinary"": 8}"
beads5,395,523,stable_ordinary,ordinary,1.292954264524104,1.285012285012285,1.300995024875622,"[378, 388, 386, 367, 368, 394, 391, 356]","[412, 402, 438, 370, 407, 435, 401, 320]",[],"{""ordinary"": 8}"
beads5,404,298,stable_ordinary,ordinary,0.9834983498349835,0.9675324675324676,1.0,"[16, 27, 405, 14, 38, 9, 30, 55]","[298, 289, 276, 276, 310, 418, 308, 415]",[],"{""ordinary"": 8}"
beads5,405,276,stable_ordinary,ordinary,0.9769911504424779,0.9550173010380623,1.0,"[14, 404, 7, 27, 16, 28, 4, 39]","[276, 298, 276, 289, 298, 274, 237, 304]",[],"{""ordinary"": 8}"
beads5,406,226,stable_ordinary,ordinary,0.849624060150376,0.846441947565543,0.8528301886792453,"[145, 160, 151, 156, 407, 139, 134, 169]","[228, 265, 267, 305, 311, 248, 249, 279]",[],"{""ordinary"": 8}"
beads5,407,311,stable_ordinary,ordinary,1.1433823529411764,1.114695340501792,1.1735849056603773,"[169, 156, 406, 160, 154, 183, 173, 145]","[279, 305, 226, 265, 342, 529, 225, 228]",[],"{""ordinary"": 8}"
beads5,408,207,stable_ordinary,ordinary,0.7513611615245009,0.7419354838709677,0.7610294117647058,"[183, 185, 195, 173, 169, 178, 409, 198]","[529, 272, 297, 225, 279, 281, 240, 251]",[],"{""ordinary"": 8}"
beads5,409,240,stable_ordinary,ordinary,0.8275862068965517,0.8080808080808081,0.8480565371024735,"[195, 205, 183, 408, 198, 208, 185, 204]","[297, 479, 529, 207, 251, 283, 272, 314]",[],"{""ordinary"": 8}"
beads5,410,285,stable_ordinary,ordinary,0.8213256484149856,0.7938718662952646,0.8507462686567164,"[342, 357, 345, 366, 355, 336, 334, 368]","[326, 359, 335, 417, 408, 263, 192, 407]",[],"{""ordinary"": 8}"
beads5,411,238,stable_ordinary,ordinary,0.8831168831168831,0.8561151079136691,0.9118773946360154,"[200, 188, 187, 210, 191, 412, 202, 213]","[279, 534, 288, 249, 261, 278, 214, 182]",[],"{""ordinary"": 8}"
beads5,412,278,stable_ordinary,ordinary,1.0817120622568093,1.049056603773585,1.1164658634538152,"[210, 413, 213, 200, 411, 222, 215, 202]","[249, 348, 182, 279, 238, 265, 290, 214]",[],"{""ordinary"": 8}"
beads5,413,348,stable_ordinary,ordinary,1.256317689530686,1.2517985611510791,1.2608695652173914,"[222, 412, 210, 233, 213, 227, 215, 236]","[265, 278, 249, 479, 182, 280, 290, 276]",[],"{""ordinary"": 8}"
beads5,414,390,stable_ordinary,ordinary,1.4028776978417266,1.3928571428571428,1.4130434782608696,"[243, 230, 251, 236, 229, 245, 253, 227]","[261, 312, 463, 276, 533, 248, 245, 280]",[],"{""ordinary"": 8}"
beads5,415,539,stable_ordinary,ordinary,1.3292231812577064,1.3178484107579462,1.3407960199004976,"[256, 267, 257, 247, 248, 268, 246, 285]","[409, 402, 309, 347, 428, 376, 543, 439]",[],"{""ordinary"": 8}"
beads5,417,237,stable_ordinary,ordinary,0.9080459770114943,0.8943396226415095,0.9221789883268483,"[104, 416, 83, 101, 112, 64, 121, 126]","[289, 124, 319, 265, 257, 390, 230, 211]",[416],"{""ordinary"": 8}"
beads5,418,278,stable_ordinary,ordinary,1.037313432835821,1.0258302583025831,1.049056603773585,"[172, 419, 167, 150, 175, 181, 176, 184]","[309, 296, 271, 243, 361, 240, 240, 265]",[],"{""ordinary"": 8}"
beads5,419,296,stable_ordinary,ordinary,1.0783242258652095,1.064748201438849,1.0922509225092252,"[150, 167, 418, 155, 165, 172, 144, 176]","[243, 271, 278, 314, 302, 309, 174, 240]",[],"{""ordinary"": 8}"
beads6,2,304,stable_ordinary,ordinary,1.0393162393162394,1.0235690235690236,1.0555555555555556,"[10, 21, 12, 6, 34, 20, 28, 13]","[297, 288, 279, 368, 269, 327, 286, 432]",[],"{""ordinary"": 8}"
beads6,4,248,stable_ordinary,ordinary,0.7961476725521669,0.775,0.8184818481848185,"[16, 9, 25, 5, 24, 18, 6, 37]","[564, 299, 303, 253, 320, 344, 368, 289]",[],"{""ordinary"": 8}"
beads6,5,253,stable_ordinary,ordinary,0.8174474959612278,0.790625,0.8461538461538461,"[9, 17, 11, 24, 26, 4, 16, 8]","[299, 293, 329, 320, 321, 248, 564, 270]",[],"{""ordinary"": 8}"
beads6,6,368,stable_ordinary,ordinary,1.245346869712352,1.2145214521452146,1.2777777777777777,"[12, 18, 28, 2, 21, 25, 4, 40]","[279, 344, 286, 304, 288, 303, 248, 328]",[],"{""ordinary"": 8}"
beads6,8,270,stable_ordinary,ordinary,0.8955223880597015,0.8709677419354839,0.9215017064846417,"[19, 11, 14, 26, 355, 17, 5, 15]","[274, 329, 310, 321, 487, 293, 253, 179]",[],"{""ordinary"": 8}"
beads6,9,299,stable_ordinary,ordinary,0.9755301794453507,0.934375,1.0204778156996588,"[5, 17, 24, 16, 4, 11, 37, 39]","[253, 293, 320, 564, 248, 329, 289, 327]",[],"{""ordinary"": 8}"
beads6,10,297,stable_ordinary,ordinary,0.9769736842105263,0.9769736842105263,0.9769736842105263,"[2, 21, 20, 34, 13, 12, 23, 44]","[304, 288, 327, 269, 432, 279, 541, 304]",[],"{""ordinary"": 8}"
beads6,11,329,stable_ordinary,ordinary,1.1114864864864864,1.100334448160535,1.1228668941979523,"[8, 17, 19, 26, 5, 9, 39, 14]","[270, 293, 274, 321, 253, 299, 327, 310]",[],"{""ordinary"": 8}"
beads6,12,279,stable_ordinary,ordinary,0.9284525790349417,0.9177631578947368,0.9393939393939394,"[6, 21, 2, 18, 28, 10, 34, 44]","[368, 288, 304, 344, 286, 297, 269, 304]",[],"{""ordinary"": 8}"
beads6,13,432,stable_ordinary,ordinary,1.391304347826087,1.362776025236593,1.4210526315789473,"[23, 20, 10, 36, 35, 2, 34, 55]","[541, 327, 297, 386, 317, 304, 269, 285]",[],"{""ordinary"": 8}"
beads6,14,310,stable_ordinary,ordinary,1.0726643598615917,1.0402684563758389,1.1071428571428572,"[19, 15, 8, 356, 355, 11, 357, 49]","[274, 179, 270, 341, 487, 329, 280, 298]",[],"{""ordinary"": 8}"
beads6,15,179,stable_ordinary,ordinary,0.5499231950844854,0.5249266862170088,0.5774193548387097,"[356, 357, 14, 41, 355, 358, 49, 31]","[341, 280, 310, 348, 487, 160, 298, 345]",[],"{""ordinary"": 8}"
beads6,16,564,stable_ordinary,ordinary,1.9054054054054055,1.8862876254180603,1.924914675767918,"[4, 25, 37, 9, 24, 18, 47, 17]","[248, 303, 289, 299, 320, 344, 223, 293]",[],"{""ordinary"": 8}"
beads6,17,293,stable_ordinary,ordinary,0.904320987654321,0.8960244648318043,0.9127725856697819,"[5, 9, 24, 11, 26, 39, 48, 16]","[253, 299, 320, 329, 321, 327, 329, 564]",[],"{""ordinary"": 8}"
beads6,18,344,stable_ordinary,ordinary,1.1641285956006768,1.1353135313531353,1.1944444444444444,"[6, 28, 12, 25, 40, 21, 16, 47]","[368, 286, 279, 303, 328, 288, 564, 223]",[],"{""ordinary"": 8}"
beads6,19,274,stable_ordinary,ordinary,0.8430769230769231,0.8328267477203647,0.8535825545171339,"[8, 14, 26, 355, 11, 356, 51, 17]","[270, 310, 321, 487, 329, 341, 410, 293]",[],"{""ordinary"": 8}"
beads6,20,327,stable_ordinary,ordinary,1.0881863560732112,1.075657894736842,1.101010101010101,"[34, 10, 35, 13, 55, 23, 21, 2]","[269, 297, 317, 432, 285, 541, 288, 304]",[],"{""ordinary"": 8}"
beads6,21,288,stable_ordinary,ordinary,0.9584026622296173,0.9473684210526315,0.9696969696969697,"[12, 2, 10, 34, 28, 44, 20, 6]","[279, 304, 297, 269, 286, 304, 327, 368]",[],"{""ordinary"": 8}"
beads6,22,185,stable_ordinary,ordinary,0.6468531468531469,0.6401384083044983,0.6537102473498233,"[30, 32, 52, 46, 33, 36, 367, 58]","[203, 283, 319, 289, 199, 386, 251, 338]",[],"{""ordinary"": 8}"
beads6,23,541,stable_ordinary,ordinary,1.6801242236024845,1.654434250764526,1.7066246056782335,"[13, 36, 20, 35, 32, 66, 58, 10]","[432, 386, 327, 317, 283, 227, 338, 297]",[],"{""ordinary"": 8}"
beads6,24,320,stable_ordinary,ordinary,1.032258064516129,0.9968847352024922,1.0702341137123745,"[17, 48, 39, 37, 9, 16, 5, 26]","[293, 329, 327, 289, 299, 564, 253, 321]",[],"{""ordinary"": 8}"
beads6,25,303,stable_ordinary,ordinary,1.0539130434782609,1.0484429065743945,1.0594405594405594,"[47, 16, 37, 40, 18, 4, 28, 59]","[223, 564, 289, 328, 344, 248, 286, 248]",[],"{""ordinary"": 8}"
beads6,26,321,stable_ordinary,ordinary,1.0354838709677419,0.981651376146789,1.0955631399317407,"[39, 51, 19, 11, 17, 8, 355, 62]","[327, 410, 274, 329, 293, 270, 487, 196]",[],"{""ordinary"": 8}"
beads6,27,180,stable_ordinary,ordinary,0.6691449814126395,0.6666666666666666,0.6716417910447762,"[42, 29, 43, 68, 50, 61, 358, 45]","[341, 281, 273, 268, 263, 270, 160, 217]",[],"{""ordinary"": 8}"
beads6,28,286,stable_ordinary,ordinary,0.9662162162162162,0.9407894736842105,0.9930555555555556,"[40, 53, 18, 44, 21, 12, 6, 64]","[328, 272, 344, 304, 288, 279, 368, 214]",[],"{""ordinary"": 8}"
beads6,29,281,stable_ordinary,ordinary,0.9876977152899824,0.9493243243243243,1.0293040293040292,"[42, 50, 27, 31, 358, 43, 73, 60]","[341, 263, 180, 345, 160, 273, 341, 296]",[],"{""ordinary"": 8}"
beads6,30,203,stable_ordinary,ordinary,0.7976424361493124,0.7868217054263565,0.8087649402390438,"[22, 46, 33, 32, 52, 367, 71, 74]","[185, 289, 199, 283, 319, 251, 220, 258]",[],"{""ordinary"": 8}"
beads6,31,345,stable_ordinary,ordinary,1.1958405545927209,1.1655405405405406,1.2277580071174377,"[358, 41, 50, 29, 357, 60, 356, 42]","[160, 348, 263, 281, 280, 296, 341, 341]",[],"{""ordinary"": 8}"
beads6,32,283,stable_ordinary,ordinary,0.930921052631579,0.8871473354231975,0.9792387543252595,"[22, 52, 36, 30, 58, 46, 23, 74]","[185, 319, 386, 203, 338, 289, 541, 258]",[],"{""ordinary"": 8}"
beads6,33,199,stable_ordinary,ordinary,0.7683397683397684,0.7453183520599251,0.7928286852589641,"[367, 46, 30, 69, 71, 22, 54, 52]","[251, 289, 203, 349, 220, 185, 267, 319]",[],"{""ordinary"": 8}"
beads6,34,269,stable_ordinary,ordinary,0.9196581196581196,0.9057239057239057,0.9340277777777778,"[20, 44, 21, 55, 369, 10, 35, 28]","[327, 304, 288, 285, 190, 297, 317, 286]",[],"{""ordinary"": 8}"
beads6,35,317,stable_ordinary,ordinary,1.0912220309810672,1.070945945945946,1.1122807017543859,"[55, 72, 20, 66, 36, 23, 34, 369]","[285, 296, 327, 227, 386, 541, 269, 190]",[],"{""ordinary"": 8}"
beads6,36,386,stable_ordinary,ordinary,1.2138364779874213,1.2100313479623825,1.2176656151419558,"[23, 58, 32, 35, 66, 52, 13, 72]","[541, 338, 283, 317, 227, 319, 432, 296]",[],"{""ordinary"": 8}"
beads6,37,289,stable_ordinary,ordinary,0.893353941267388,0.8837920489296636,0.903125,"[59, 47, 25, 48, 24, 16, 40, 39]","[248, 223, 303, 329, 320, 564, 328, 327]",[],"{""ordinary"": 8}"
beads6,39,327,stable_ordinary,ordinary,1.0202808112324493,1.0186915887850467,1.021875,"[62, 48, 51, 26, 24, 17, 37, 11]","[196, 329, 410, 321, 320, 293, 289, 329]",[],"{""ordinary"": 8}"
beads6,40,328,stable_ordinary,ordinary,1.1408695652173912,1.1349480968858132,1.1468531468531469,"[47, 64, 53, 28, 25, 18, 44, 37]","[223, 214, 272, 286, 303, 344, 304, 289]",[],"{""ordinary"": 8}"
beads6,41,348,stable_ordinary,ordinary,1.1717171717171717,1.167785234899329,1.1756756756756757,"[31, 356, 67, 49, 60, 357, 15, 358]","[345, 341, 343, 298, 296, 280, 179, 160]",[],"{""ordinary"": 8}"
beads6,42,341,stable_ordinary,ordinary,1.2559852670349907,1.249084249084249,1.262962962962963,"[27, 29, 43, 68, 50, 73, 61, 31]","[180, 281, 273, 268, 263, 341, 270, 345]",[],"{""ordinary"": 8}"
beads6,43,273,stable_ordinary,ordinary,1.0854870775347913,1.0186567164179106,1.1617021276595745,"[61, 68, 27, 42, 45, 63, 29, 83]","[270, 268, 180, 341, 217, 235, 281, 218]",[],"{""ordinary"": 8}"
beads6,44,304,stable_ordinary,ordinary,1.0915619389587075,1.0666666666666667,1.1176470588235294,"[53, 34, 370, 28, 369, 21, 55, 40]","[272, 269, 98, 286, 190, 288, 285, 328]",[370],"{""ordinary"": 8}"
beads6,45,217,stable_ordinary,ordinary,0.8066914498141264,0.8037037037037037,0.8097014925373134,"[61, 63, 43, 80, 78, 68, 27, 83]","[270, 235, 273, 300, 403, 268, 180, 218]",[],"{""ordinary"": 8}"
beads6,46,289,stable_ordinary,ordinary,1.227176220806794,1.151394422310757,1.3136363636363637,"[30, 71, 367, 33, 52, 74, 69, 22]","[203, 220, 251, 199, 319, 258, 349, 185]",[],"{""ordinary"": 8}"
beads6,47,223,stable_ordinary,ordinary,0.7533783783783784,0.735973597359736,0.7716262975778547,"[40, 25, 37, 59, 64, 53, 16, 48]","[328, 303, 289, 248, 214, 272, 564, 329]",[],"{""ordinary"": 8}"
beads6,48,329,stable_ordinary,ordinary,1.1305841924398625,1.1228668941979523,1.1384083044982698,"[39, 62, 37, 59, 24, 51, 47, 17]","[327, 196, 289, 248, 320, 410, 223, 293]",[],"{""ordinary"": 8}"
beads6,49,298,stable_ordinary,ordinary,0.9612903225806452,0.873900293255132,1.0681003584229392,"[56, 355, 67, 41, 356, 371, 65, 86]","[279, 487, 343, 348, 341, 163, 265, 38]",[86],"{""ordinary"": 8}"
beads6,50,263,stable_ordinary,ordinary,0.9053356282271945,0.8885135135135135,0.9228070175438596,"[29, 60, 31, 42, 73, 77, 358, 81]","[281, 296, 345, 341, 341, 285, 160, 283]",[],"{""ordinary"": 8}"
beads6,51,410,stable_ordinary,ordinary,1.3666666666666667,1.277258566978193,1.4695340501792116,"[62, 39, 26, 65, 48, 56, 355, 19]","[196, 327, 321, 265, 329, 279, 487, 274]",[],"{""ordinary"": 8}"
beads6,52,319,stable_ordinary,ordinary,1.2037735849056603,1.1727941176470589,1.2364341085271318,"[32, 58, 74, 46, 76, 30, 71, 22]","[283, 338, 258, 289, 272, 203, 220, 185]",[],"{""ordinary"": 8}"
beads6,53,272,stable_ordinary,ordinary,1.068762278978389,0.951048951048951,1.2197309417040358,"[64, 44, 370, 40, 28, 47, 369, 21]","[214, 304, 98, 328, 286, 223, 190, 288]",[370],"{""ordinary"": 8}"
beads6,54,267,stable_ordinary,ordinary,1.0701402805611222,1.0637450199203187,1.0766129032258065,"[70, 69, 84, 367, 75, 87, 85, 33]","[260, 349, 252, 251, 243, 248, 237, 199]",[],"{""ordinary"": 8}"
beads6,55,285,stable_ordinary,ordinary,1.008849557522124,0.9628378378378378,1.0594795539033457,"[35, 369, 72, 34, 20, 66, 44, 370]","[317, 190, 296, 269, 327, 227, 304, 98]",[370],"{""ordinary"": 8}"
beads6,56,279,stable_ordinary,ordinary,0.8732394366197183,0.8181818181818182,0.9362416107382551,"[65, 49, 355, 371, 67, 51, 356, 19]","[265, 298, 487, 163, 343, 410, 341, 274]",[],"{""ordinary"": 8}"
beads6,58,338,stable_ordinary,ordinary,1.218018018018018,1.1943462897526502,1.2426470588235294,"[66, 79, 76, 52, 36, 32, 74, 72]","[227, 170, 272, 319, 386, 283, 258, 296]",[],"{""ordinary"": 8}"
beads6,59,248,stable_ordinary,ordinary,0.8378378378378378,0.8184818481848185,0.8581314878892734,"[37, 47, 48, 25, 62, 64, 24, 40]","[289, 223, 329, 303, 196, 214, 320, 328]",[],"{""ordinary"": 8}"
beads6,60,296,stable_ordinary,ordinary,0.9456869009584664,0.8680351906158358,1.03859649122807,"[81, 50, 67, 77, 41, 31, 73, 86]","[283, 263, 343, 285, 348, 345, 341, 38]",[86],"{""ordinary"": 8}"
beads6,61,270,stable_ordinary,ordinary,0.9981515711645101,0.989010989010989,1.007462686567164,"[45, 43, 80, 68, 63, 83, 42, 78]","[217, 273, 300, 268, 235, 218, 341, 403]",[],"{""ordinary"": 8}"
beads6,62,196,stable_ordinary,ordinary,0.6115444617784711,0.6105919003115264,0.6125,"[39, 51, 48, 26, 59, 24, 65, 37]","[327, 410, 329, 321, 248, 320, 265, 289]",[],"{""ordinary"": 8}"
beads6,63,235,stable_ordinary,ordinary,0.8274647887323944,0.7966101694915254,0.8608058608058609,"[45, 78, 80, 61, 43, 82, 93, 98]","[217, 403, 300, 270, 273, 392, 250, 295]",[],"{""ordinary"": 8}"
beads6,64,214,stable_ordinary,ordinary,0.7670250896057348,0.7482517482517482,0.7867647058823529,"[53, 40, 47, 370, 28, 44, 59, 25]","[272, 328, 223, 98, 286, 304, 248, 303]",[370],"{""ordinary"": 8}"
beads6,65,265,stable_ordinary,ordinary,0.9185441941074524,0.889261744966443,0.9498207885304659,"[56, 51, 355, 371, 49, 26, 62, 19]","[279, 410, 487, 163, 298, 321, 196, 274]",[],"{""ordinary"": 8}"
beads6,66,227,stable_ordinary,ordinary,0.7406199021207178,0.7160883280757098,0.7668918918918919,"[72, 58, 79, 35, 36, 76, 55, 52]","[296, 338, 170, 317, 386, 272, 285, 319]",[],"{""ordinary"": 8}"
beads6,67,343,stable_ordinary,ordinary,1.2077464788732395,1.2035087719298245,1.2120141342756183,"[371, 60, 86, 41, 49, 81, 56, 77]","[163, 296, 38, 348, 298, 283, 279, 285]",[86],"{""ordinary"": 8}"
beads6,68,268,stable_ordinary,ordinary,0.9871086556169429,0.9816849816849816,0.9925925925925926,"[73, 43, 61, 42, 83, 89, 80, 27]","[341, 273, 270, 341, 218, 254, 300, 180]",[],"{""ordinary"": 8}"
beads6,69,349,stable_ordinary,ordinary,1.36328125,1.3423076923076922,1.3849206349206349,"[85, 71, 367, 70, 88, 54, 84, 46]","[237, 220, 251, 260, 283, 267, 252, 289]",[],"{""ordinary"": 8}"
beads6,70,260,stable_ordinary,ordinary,1.0420841683366733,1.0358565737051793,1.0483870967741935,"[54, 84, 69, 85, 75, 87, 101, 367]","[267, 252, 349, 237, 243, 248, 190, 251]",[],"{""ordinary"": 8}"
beads6,71,220,stable_ordinary,ordinary,0.7692307692307693,0.7612456747404844,0.7773851590106007,"[46, 74, 69, 88, 367, 85, 52, 91]","[289, 258, 349, 283, 251, 237, 319, 364]",[],"{""ordinary"": 8}"
beads6,72,296,stable_ordinary,ordinary,0.9833887043189369,0.9337539432176656,1.03859649122807,"[66, 55, 35, 79, 369, 58, 36, 20]","[227, 285, 317, 170, 190, 338, 386, 327]",[],"{""ordinary"": 8}"
beads6,73,341,stable_ordinary,ordinary,1.2583025830258303,1.2445255474452555,1.2723880597014925,"[90, 68, 77, 89, 50, 42, 83, 60]","[274, 268, 285, 254, 263, 341, 218, 296]",[],"{""ordinary"": 8}"
beads6,74,258,stable_ordinary,ordinary,0.9020979020979021,0.8927335640138409,0.911660777385159,"[76, 71, 91, 52, 46, 88, 58, 79]","[272, 220, 364, 319, 289, 283, 338, 170]",[],"{""ordinary"": 8}"
beads6,75,243,stable_ordinary,ordinary,0.9222011385199241,0.9101123595505618,0.9346153846153846,"[87, 96, 70, 99, 84, 54, 106, 101]","[248, 379, 260, 293, 252, 267, 278, 190]",[],"{""ordinary"": 8}"
beads6,76,272,stable_ordinary,ordinary,0.9945155393053017,0.9411764705882353,1.054263565891473,"[79, 74, 91, 58, 52, 66, 71, 46]","[170, 258, 364, 338, 319, 227, 220, 289]",[],"{""ordinary"": 8}"
beads6,77,285,stable_ordinary,ordinary,1.0233393177737882,1.0070671378091873,1.0401459854014599,"[81, 73, 90, 60, 50, 89, 67, 86]","[283, 341, 274, 296, 263, 254, 343, 38]",[86],"{""ordinary"": 8}"
beads6,78,403,stable_ordinary,ordinary,1.5352380952380953,1.4925925925925927,1.580392156862745,"[63, 93, 80, 82, 98, 94, 45, 61]","[235, 250, 300, 392, 295, 255, 217, 270]",[],"{""ordinary"": 8}"
beads6,79,170,stable_ordinary,ordinary,0.5528455284552846,0.5329153605015674,0.5743243243243243,"[76, 66, 58, 72, 91, 74, 52, 36]","[272, 227, 338, 296, 364, 258, 319, 386]",[],"{""ordinary"": 8}"
beads6,80,300,stable_ordinary,ordinary,1.1152416356877324,1.1111111111111112,1.1194029850746268,"[83, 61, 63, 78, 98, 104, 45, 68]","[218, 270, 235, 403, 295, 285, 217, 268]",[],"{""ordinary"": 8}"
beads6,81,283,stable_ordinary,ordinary,1.0125223613595706,0.9929824561403509,1.032846715328467,"[77, 60, 86, 67, 90, 50, 73, 371]","[285, 296, 38, 343, 274, 263, 341, 163]",[86],"{""ordinary"": 8}"
beads6,82,392,stable_ordinary,ordinary,1.3925399644760212,1.3288135593220338,1.462686567164179,"[94, 93, 78, 360, 359, 100, 63, 98]","[255, 250, 403, 268, 308, 403, 235, 295]",[],"{""ordinary"": 8}"
beads6,83,218,stable_ordinary,ordinary,0.7517241379310344,0.7389830508474576,0.7649122807017544,"[89, 80, 103, 68, 104, 61, 98, 73]","[254, 300, 318, 268, 285, 270, 295, 341]",[],"{""ordinary"": 8}"
beads6,84,252,stable_ordinary,ordinary,0.9563567362428842,0.9438202247191011,0.9692307692307692,"[70, 101, 85, 105, 99, 87, 69, 54]","[260, 190, 237, 274, 293, 248, 349, 267]",[],"{""ordinary"": 8}"
beads6,85,237,stable_ordinary,ordinary,0.8876404494382022,0.864963503649635,0.9115384615384615,"[88, 69, 84, 105, 102, 101, 70, 71]","[283, 349, 252, 274, 328, 190, 260, 220]",[],"{""ordinary"": 8}"
beads6,87,248,stable_ordinary,ordinary,0.9411764705882353,0.9288389513108615,0.9538461538461539,"[75, 99, 96, 84, 106, 70, 101, 54]","[243, 293, 379, 252, 278, 260, 190, 267]",[],"{""ordinary"": 8}"
beads6,88,283,stable_ordinary,ordinary,1.0639097744360901,1.032846715328467,1.0968992248062015,"[102, 85, 71, 69, 105, 74, 91, 84]","[328, 237, 220, 349, 274, 258, 364, 252]",[],"{""ordinary"": 8}"
beads6,89,254,stable_ordinary,ordinary,0.8912280701754386,0.8912280701754386,0.8912280701754386,"[90, 83, 103, 73, 68, 104, 77, 80]","[274, 218, 318, 341, 268, 285, 285, 300]",[],"{""ordinary"": 8}"
beads6,90,274,stable_ordinary,ordinary,0.9945553539019963,0.9681978798586572,1.0223880597014925,"[89, 73, 77, 103, 81, 68, 83, 50]","[254, 341, 285, 318, 283, 268, 218, 263]",[],"{""ordinary"": 8}"
beads6,91,364,stable_ordinary,ordinary,1.3117117117117116,1.2862190812720848,1.338235294117647,"[76, 74, 88, 79, 71, 102, 52, 58]","[272, 258, 283, 170, 220, 328, 319, 338]",[],"{""ordinary"": 8}"
beads6,93,250,stable_ordinary,ordinary,0.8223684210526315,0.8116883116883117,0.8333333333333334,"[78, 98, 359, 82, 94, 114, 360, 80]","[403, 295, 308, 392, 255, 309, 268, 300]",[],"{""ordinary"": 8}"
beads6,94,255,stable_ordinary,ordinary,0.85,0.827922077922078,0.8732876712328768,"[360, 82, 93, 359, 100, 361, 78, 119]","[268, 392, 250, 308, 403, 240, 403, 292]",[],"{""ordinary"": 8}"
beads6,96,379,stable_ordinary,ordinary,1.4011090573012939,1.3633093525179856,1.44106463878327,"[106, 87, 368, 99, 75, 113, 118, 107]","[278, 248, 389, 293, 243, 252, 297, 263]",[],"{""ordinary"": 8}"
beads6,98,295,stable_ordinary,ordinary,1.0085470085470085,0.9833333333333333,1.0350877192982457,"[104, 108, 93, 114, 80, 78, 359, 83]","[285, 270, 250, 309, 300, 403, 308, 218]",[],"{""ordinary"": 8}"
beads6,99,293,stable_ordinary,ordinary,1.1626984126984128,1.1626984126984128,1.1626984126984128,"[101, 87, 106, 107, 96, 84, 113, 75]","[190, 248, 278, 263, 379, 252, 252, 243]",[],"{""ordinary"": 8}"
beads6,100,403,stable_ordinary,ordinary,1.4392857142857143,1.38013698630137,1.5037313432835822,"[361, 360, 94, 116, 109, 119, 82, 359]","[240, 268, 255, 305, 192, 292, 392, 308]",[],"{""ordinary"": 8}"
beads6,101,190,stable_ordinary,ordinary,0.707635009310987,0.6934306569343066,0.7224334600760456,"[105, 84, 99, 107, 112, 85, 102, 87]","[274, 252, 293, 263, 307, 237, 328, 248]",[],"{""ordinary"": 8}"
beads6,102,328,stable_ordinary,ordinary,1.247148288973384,1.197080291970803,1.3015873015873016,"[105, 88, 85, 101, 84, 71, 91, 69]","[274, 283, 237, 190, 252, 220, 364, 349]",[],"{""ordinary"": 8}"
beads6,103,318,stable_ordinary,ordinary,1.1691176470588236,1.1605839416058394,1.1777777777777778,"[89, 104, 83, 90, 108, 98, 80, 68]","[254, 285, 218, 274, 270, 295, 300, 268]",[],"{""ordinary"": 8}"
beads6,104,285,stable_ordinary,ordinary,1.008849557522124,0.9661016949152542,1.0555555555555556,"[108, 98, 103, 83, 80, 114, 89, 93]","[270, 295, 318, 218, 300, 309, 254, 250]",[],"{""ordinary"": 8}"
beads6,105,274,stable_ordinary,ordinary,1.0036630036630036,0.9681978798586572,1.0418250950570342,"[102, 101, 85, 112, 84, 88, 107, 99]","[328, 190, 237, 307, 252, 283, 263, 293]",[],"{""ordinary"": 8}"
beads6,106,278,stable_ordinary,ordinary,1.0,0.9488054607508533,1.0570342205323193,"[96, 113, 99, 368, 118, 87, 107, 75]","[379, 252, 293, 389, 297, 248, 263, 243]",[],"{""ordinary"": 8}"
beads6,107,263,stable_ordinary,ordinary,0.9528985507246377,0.9460431654676259,0.9598540145985401,"[112, 99, 101, 113, 128, 106, 127, 105]","[307, 293, 190, 252, 233, 278, 299, 274]",[],"{""ordinary"": 8}"
beads6,108,270,stable_ordinary,ordinary,0.907563025210084,0.9,0.9152542372881356,"[114, 104, 98, 120, 103, 93, 359, 80]","[309, 285, 295, 228, 318, 250, 308, 300]",[],"{""ordinary"": 8}"
beads6,109,192,stable_ordinary,ordinary,0.7314285714285714,0.7164179104477612,0.7470817120622568,"[121, 361, 117, 116, 125, 100, 134, 133]","[268, 240, 112, 305, 257, 403, 302, 221]",[117],"{""ordinary"": 8}"
beads6,112,307,stable_ordinary,ordinary,1.143389199255121,1.1204379562043796,1.167300380228137,"[107, 101, 128, 105, 99, 113, 127, 102]","[263, 190, 233, 274, 293, 252, 299, 328]",[],"{""ordinary"": 8}"
beads6,113,252,stable_ordinary,ordinary,0.882661996497373,0.8600682593856656,0.9064748201438849,"[106, 118, 127, 107, 131, 99, 128, 368]","[278, 297, 299, 263, 268, 293, 233, 389]",[],"{""ordinary"": 8}"
beads6,114,309,stable_ordinary,ordinary,1.177142857142857,1.1444444444444444,1.2117647058823529,"[108, 120, 359, 98, 93, 104, 122, 94]","[270, 228, 308, 295, 250, 285, 244, 255]",[],"{""ordinary"": 8}"
beads6,116,305,stable_ordinary,ordinary,1.2007874015748032,1.1380597014925373,1.2708333333333333,"[119, 133, 361, 121, 109, 134, 136, 100]","[292, 221, 240, 268, 192, 302, 226, 403]",[],"{""ordinary"": 8}"
beads6,118,297,stable_ordinary,ordinary,1.0879120879120878,1.0683453237410072,1.1082089552238805,"[131, 113, 368, 126, 135, 106, 127, 123]","[268, 252, 389, 233, 344, 278, 299, 214]",[],"{""ordinary"": 8}"
beads6,119,292,stable_ordinary,ordinary,1.2066115702479339,1.1967213114754098,1.2166666666666666,"[122, 116, 132, 136, 360, 133, 359, 361]","[244, 305, 217, 226, 268, 221, 308, 240]",[],"{""ordinary"": 8}"
beads6,120,228,stable_ordinary,ordinary,0.8113879003558719,0.7808219178082192,0.8444444444444444,"[122, 114, 359, 132, 108, 119, 93, 98]","[244, 309, 308, 217, 270, 292, 250, 295]",[],"{""ordinary"": 8}"
beads6,121,268,stable_ordinary,ordinary,1.0784708249496981,1.0428015564202335,1.1166666666666667,"[109, 117, 134, 116, 125, 133, 139, 361]","[192, 112, 302, 305, 257, 221, 259, 240]",[117],"{""ordinary"": 8}"
beads6,122,244,stable_ordinary,ordinary,0.8714285714285714,0.8356164383561644,0.9104477611940298,"[120, 132, 119, 359, 136, 114, 360, 116]","[228, 217, 292, 308, 226, 309, 268, 305]",[],"{""ordinary"": 8}"
beads6,123,214,stable_ordinary,ordinary,0.7241962774957699,0.7205387205387206,0.7278911564625851,"[126, 140, 368, 135, 118, 143, 131, 151]","[233, 294, 389, 344, 297, 257, 268, 325]",[],"{""ordinary"": 8}"
beads6,125,257,stable_ordinary,ordinary,1.100642398286938,0.9922779922779923,1.2355769230769231,"[117, 139, 121, 138, 134, 109, 142, 148]","[112, 259, 268, 200, 302, 192, 208, 287]",[117],"{""ordinary"": 8}"
beads6,126,233,stable_ordinary,ordinary,0.7884940778341794,0.7845117845117845,0.7925170068027211,"[123, 135, 118, 140, 143, 131, 368, 151]","[214, 344, 297, 294, 257, 268, 389, 325]",[],"{""ordinary"": 8}"
beads6,127,299,stable_ordinary,ordinary,1.0584070796460177,1.0067340067340067,1.1156716417910448,"[131, 128, 113, 144, 118, 107, 135, 112]","[268, 233, 252, 557, 297, 263, 344, 307]",[],"{""ordinary"": 8}"
beads6,128,233,stable_ordinary,ordinary,0.8247787610619469,0.7845117845117845,0.8694029850746269,"[127, 112, 107, 113, 131, 144, 118, 101]","[299, 307, 263, 252, 268, 557, 297, 190]",[],"{""ordinary"": 8}"
beads6,131,268,stable_ordinary,ordinary,0.8993288590604027,0.8963210702341137,0.9023569023569024,"[127, 135, 118, 144, 113, 126, 128, 151]","[299, 344, 297, 557, 252, 233, 233, 325]",[],"{""ordinary"": 8}"
beads6,132,217,stable_ordinary,ordinary,0.9194915254237288,0.889344262295082,0.9517543859649122,"[136, 122, 119, 145, 120, 133, 116, 150]","[226, 244, 292, 206, 228, 221, 305, 418]",[],"{""ordinary"": 8}"
beads6,133,221,stable_ordinary,ordinary,0.7892857142857143,0.7568493150684932,0.8246268656716418,"[134, 136, 116, 145, 150, 121, 146, 119]","[302, 226, 305, 206, 418, 268, 251, 292]",[],"{""ordinary"": 8}"
beads6,134,302,stable_ordinary,ordinary,1.1705426356589148,1.166023166023166,1.1750972762645915,"[133, 121, 139, 146, 125, 148, 116, 117]","[221, 268, 259, 251, 257, 287, 305, 112]",[117],"{""ordinary"": 8}"
beads6,135,344,stable_ordinary,ordinary,1.2241992882562278,1.1700680272108843,1.2835820895522387,"[126, 131, 143, 118, 151, 140, 123, 144]","[233, 268, 257, 297, 325, 294, 214, 557]",[],"{""ordinary"": 8}"
beads6,136,226,stable_ordinary,ordinary,0.8432835820895522,0.773972602739726,0.9262295081967213,"[132, 145, 133, 119, 150, 122, 116, 134]","[217, 206, 221, 292, 418, 244, 305, 302]",[],"{""ordinary"": 8}"
beads6,138,200,stable_ordinary,ordinary,0.8602150537634409,0.7782101167315175,0.9615384615384616,"[142, 139, 125, 152, 153, 148, 117, 134]","[208, 259, 257, 197, 189, 287, 112, 302]",[117],"{""ordinary"": 8}"
beads6,139,259,stable_ordinary,ordinary,1.1285403050108933,1.0318725099601593,1.2451923076923077,"[125, 148, 134, 138, 142, 146, 117, 152]","[257, 287, 302, 200, 208, 251, 112, 197]",[117],"{""ordinary"": 8}"
beads6,140,294,stable_ordinary,ordinary,1.12,1.0970149253731343,1.1439688715953307,"[143, 123, 126, 154, 135, 151, 158, 131]","[257, 214, 233, 441, 344, 325, 256, 268]",[],"{""ordinary"": 8}"
beads6,142,208,stable_ordinary,ordinary,0.8062015503875969,0.803088803088803,0.8093385214007782,"[138, 152, 153, 139, 148, 160, 162, 125]","[200, 197, 189, 259, 287, 313, 314, 257]",[],"{""ordinary"": 8}"
beads6,143,257,stable_ordinary,ordinary,0.9178571428571428,0.8741496598639455,0.9661654135338346,"[151, 140, 135, 154, 158, 126, 123, 159]","[325, 294, 344, 441, 256, 233, 214, 266]",[],"{""ordinary"": 8}"
beads6,144,557,threshold_sensitive,ordinary,1.9716814159292035,1.8754208754208754,2.078358208955224,"[156, 131, 127, 159, 135, 128, 151, 118]","[239, 268, 299, 266, 344, 233, 325, 297]",[],"{""ordinary"": 4, ""large"": 4}"
beads6,145,206,stable_ordinary,ordinary,0.7587476979742173,0.7054794520547946,0.8207171314741036,"[150, 136, 133, 132, 146, 134, 119, 116]","[418, 226, 221, 217, 251, 302, 292, 305]",[],"{""ordinary"": 8}"
beads6,146,251,stable_ordinary,ordinary,0.9920948616600791,0.9691119691119691,1.0161943319838056,"[148, 150, 134, 157, 139, 133, 145, 152]","[287, 418, 302, 247, 259, 221, 206, 197]",[],"{""ordinary"": 8}"
beads6,148,287,stable_ordinary,ordinary,1.1526104417670682,1.1434262948207172,1.1619433198380567,"[146, 139, 157, 152, 162, 134, 142, 138]","[251, 259, 247, 197, 314, 302, 208, 200]",[],"{""ordinary"": 8}"
beads6,150,418,stable_ordinary,ordinary,1.7674418604651163,1.6923076923076923,1.8495575221238938,"[145, 146, 133, 136, 134, 148, 157, 132]","[206, 251, 221, 226, 302, 287, 247, 217]",[],"{""ordinary"": 8}"
beads6,151,325,stable_ordinary,ordinary,1.24282982791587,1.2218045112781954,1.264591439688716,"[143, 158, 159, 135, 164, 154, 140, 156]","[257, 256, 266, 344, 229, 441, 294, 239]",[],"{""ordinary"": 8}"
beads6,152,197,stable_ordinary,ordinary,0.8418803418803419,0.7975708502024291,0.8914027149321267,"[142, 162, 153, 148, 160, 138, 157, 165]","[208, 314, 189, 287, 313, 200, 247, 221]",[],"{""ordinary"": 8}"
beads6,153,189,stable_ordinary,ordinary,0.7440944881889764,0.6585365853658537,0.8552036199095022,"[160, 142, 152, 165, 138, 162, 148, 172]","[313, 208, 197, 221, 200, 314, 287, 417]",[],"{""ordinary"": 8}"
beads6,154,441,stable_ordinary,ordinary,1.575,1.5,1.6578947368421053,"[158, 143, 140, 151, 166, 164, 159, 135]","[256, 257, 294, 325, 476, 229, 266, 344]",[],"{""ordinary"": 8}"
beads6,156,239,stable_ordinary,ordinary,0.806070826306914,0.7353846153846154,0.8917910447761194,"[159, 144, 170, 164, 151, 158, 131, 135]","[266, 557, 442, 229, 325, 256, 268, 344]",[],"{""ordinary"": 8}"
beads6,157,247,stable_ordinary,ordinary,0.9080882352941176,0.8606271777003485,0.9610894941634242,"[162, 148, 146, 167, 169, 152, 150, 165]","[314, 287, 251, 257, 446, 197, 418, 221]",[],"{""ordinary"": 8}"
beads6,158,256,stable_ordinary,ordinary,0.827140549273021,0.7876923076923077,0.8707482993197279,"[154, 164, 151, 143, 159, 166, 173, 140]","[441, 229, 325, 257, 266, 476, 377, 294]",[],"{""ordinary"": 8}"
beads6,159,266,stable_ordinary,ordinary,0.9140893470790378,0.8184615384615385,1.0350194552529184,"[156, 164, 151, 170, 158, 144, 143, 135]","[239, 229, 325, 442, 256, 557, 257, 344]",[],"{""ordinary"": 8}"
beads6,160,313,stable_ordinary,ordinary,1.3758241758241758,1.3376068376068375,1.416289592760181,"[165, 153, 152, 162, 172, 142, 171, 174]","[221, 189, 197, 314, 417, 208, 234, 453]",[],"{""ordinary"": 8}"
beads6,162,314,stable_ordinary,ordinary,1.3056133056133057,1.271255060728745,1.3418803418803418,"[152, 157, 165, 167, 171, 160, 148, 153]","[197, 247, 221, 257, 234, 313, 287, 189]",[],"{""ordinary"": 8}"
beads6,164,229,stable_ordinary,ordinary,0.7749576988155669,0.7046153846153846,0.8609022556390977,"[159, 158, 170, 151, 173, 156, 175, 154]","[266, 256, 442, 325, 377, 239, 242, 441]",[],"{""ordinary"": 8}"
beads6,165,221,stable_ordinary,ordinary,0.775438596491228,0.7060702875399361,0.8599221789883269,"[160, 171, 162, 172, 153, 167, 174, 152]","[313, 234, 314, 417, 189, 257, 453, 197]",[],"{""ordinary"": 8}"
beads6,166,476,stable_ordinary,ordinary,1.5504885993485342,1.4646153846153847,1.6470588235294117,"[179, 154, 158, 173, 180, 164, 151, 143]","[404, 441, 256, 377, 289, 229, 325, 257]",[],"{""ordinary"": 8}"
beads6,167,257,stable_ordinary,ordinary,1.0383838383838384,1.0362903225806452,1.040485829959514,"[171, 169, 162, 178, 157, 177, 165, 183]","[234, 446, 314, 246, 247, 285, 221, 248]",[],"{""ordinary"": 8}"
beads6,169,446,stable_ordinary,ordinary,1.8093306288032454,1.805668016194332,1.8130081300813008,"[167, 177, 157, 178, 162, 171, 165, 187]","[257, 285, 247, 246, 314, 234, 221, 219]",[],"{""ordinary"": 8}"
beads6,170,442,stable_ordinary,ordinary,1.7470355731225296,1.7333333333333334,1.7609561752988048,"[164, 175, 159, 182, 156, 173, 184, 185]","[229, 242, 266, 251, 239, 377, 315, 255]",[],"{""ordinary"": 8}"
beads6,171,234,stable_ordinary,ordinary,0.8210526315789474,0.7476038338658147,0.9105058365758755,"[167, 165, 174, 178, 162, 172, 183, 160]","[257, 221, 453, 246, 314, 417, 248, 313]",[],"{""ordinary"": 8}"
beads6,172,417,stable_ordinary,ordinary,1.6814516129032258,1.6814516129032258,1.6814516129032258,"[174, 165, 171, 160, 181, 183, 186, 162]","[453, 221, 234, 313, 200, 248, 248, 314]",[],"{""ordinary"": 8}"
beads6,173,377,stable_ordinary,ordinary,1.2483443708609272,1.1968253968253968,1.3044982698961938,"[180, 175, 184, 179, 164, 170, 158, 166]","[289, 242, 315, 404, 229, 442, 256, 476]",[],"{""ordinary"": 8}"
beads6,174,453,stable_ordinary,ordinary,1.834008097165992,1.8266129032258065,1.8414634146341464,"[172, 183, 171, 186, 165, 181, 178, 167]","[417, 248, 234, 248, 221, 200, 246, 257]",[],"{""ordinary"": 8}"
beads6,175,242,stable_ordinary,ordinary,0.8848263254113345,0.8373702422145328,0.937984496124031,"[184, 173, 180, 170, 182, 185, 164, 191]","[315, 377, 289, 442, 251, 255, 229, 258]",[],"{""ordinary"": 8}"
beads6,177,285,stable_ordinary,ordinary,1.1287128712871286,1.1089494163424125,1.1491935483870968,"[178, 169, 187, 167, 188, 183, 171, 192]","[246, 446, 219, 257, 264, 248, 234, 267]",[],"{""ordinary"": 8}"
beads6,178,246,stable_ordinary,ordinary,0.944337811900192,0.9318181818181818,0.9571984435797666,"[177, 183, 171, 188, 167, 187, 169, 174]","[285, 248, 234, 264, 257, 219, 446, 453]",[],"{""ordinary"": 8}"
beads6,179,404,stable_ordinary,ordinary,1.3377483443708609,1.2825396825396826,1.397923875432526,"[180, 173, 166, 189, 184, 175, 191, 158]","[289, 377, 476, 663, 315, 242, 258, 256]",[],"{""ordinary"": 8}"
beads6,180,289,stable_ordinary,ordinary,0.8352601156069365,0.76657824933687,0.9174603174603174,"[173, 179, 184, 175, 189, 191, 166, 185]","[377, 404, 315, 242, 663, 258, 476, 255]",[],"{""ordinary"": 8}"
beads6,181,200,stable_ordinary,ordinary,0.8016032064128257,0.796812749003984,0.8064516129032258,"[172, 174, 186, 195, 183, 171, 165, 192]","[417, 453, 248, 251, 248, 234, 221, 267]",[],"{""ordinary"": 8}"
beads6,182,251,stable_ordinary,ordinary,0.8745644599303136,0.7968253968253968,0.9691119691119691,"[185, 175, 190, 170, 184, 193, 197, 173]","[255, 242, 259, 442, 315, 377, 251, 377]",[],"{""ordinary"": 8}"
beads6,183,248,stable_ordinary,ordinary,0.9340866290018832,0.9288389513108615,0.9393939393939394,"[178, 174, 186, 188, 192, 171, 177, 172]","[246, 453, 248, 264, 267, 234, 285, 417]",[],"{""ordinary"": 8}"
beads6,184,315,stable_ordinary,ordinary,1.1517367458866545,1.0899653979238755,1.2209302325581395,"[175, 180, 173, 185, 191, 189, 182, 193]","[242, 289, 377, 255, 258, 663, 251, 377]",[],"{""ordinary"": 8}"
beads6,185,255,stable_ordinary,ordinary,0.9864603481624759,0.9845559845559846,0.9883720930232558,"[182, 193, 190, 184, 175, 191, 197, 203]","[251, 377, 259, 315, 242, 258, 251, 286]",[],"{""ordinary"": 8}"
beads6,186,248,stable_ordinary,ordinary,0.9631067961165048,0.9393939393939394,0.9880478087649402,"[183, 192, 195, 198, 174, 188, 181, 178]","[248, 267, 251, 314, 453, 264, 200, 246]",[],"{""ordinary"": 8}"
beads6,187,219,stable_ordinary,ordinary,0.8248587570621468,0.8202247191011236,0.8295454545454546,"[188, 196, 177, 372, 178, 192, 183, 202]","[264, 112, 285, 297, 246, 267, 248, 305]",[196],"{""ordinary"": 8}"
beads6,188,264,stable_ordinary,ordinary,1.064516129032258,1.064516129032258,1.064516129032258,"[187, 192, 178, 372, 183, 177, 196, 186]","[219, 267, 246, 297, 248, 285, 112, 248]",[196],"{""ordinary"": 8}"
beads6,189,663,threshold_sensitive,ordinary,1.916184971098266,1.7586206896551724,2.104761904761905,"[191, 180, 184, 179, 201, 193, 173, 175]","[258, 289, 315, 404, 384, 377, 377, 242]",[],"{""ordinary"": 4, ""large"": 4}"
beads6,190,259,stable_ordinary,ordinary,0.8618968386023295,0.8222222222222222,0.9055944055944056,"[197, 185, 182, 193, 200, 205, 203, 184]","[251, 255, 251, 377, 515, 326, 286, 315]",[],"{""ordinary"": 8}"
beads6,191,258,stable_ordinary,ordinary,0.8543046357615894,0.819047619047619,0.8927335640138409,"[189, 193, 184, 201, 185, 180, 175, 203]","[663, 377, 315, 384, 255, 289, 242, 286]",[],"{""ordinary"": 8}"
beads6,192,267,stable_ordinary,ordinary,1.036893203883495,1.0113636363636365,1.0637450199203187,"[188, 198, 186, 372, 183, 202, 195, 187]","[264, 314, 248, 297, 248, 305, 251, 219]",[],"{""ordinary"": 8}"
beads6,193,377,stable_ordinary,ordinary,1.38348623853211,1.3181818181818181,1.4555984555984556,"[185, 191, 203, 197, 190, 201, 184, 205]","[255, 258, 286, 251, 259, 384, 315, 326]",[],"{""ordinary"": 8}"
beads6,195,251,stable_ordinary,ordinary,0.974757281553398,0.9400749063670412,1.0120967741935485,"[198, 186, 192, 206, 207, 202, 181, 183]","[314, 248, 267, 204, 342, 305, 200, 248]",[],"{""ordinary"": 8}"
beads6,197,251,stable_ordinary,ordinary,0.8202614379084967,0.7699386503067485,0.8776223776223776,"[205, 190, 200, 193, 203, 185, 215, 182]","[326, 259, 515, 377, 286, 255, 348, 251]",[],"{""ordinary"": 8}"
beads6,198,314,stable_ordinary,ordinary,1.210019267822736,1.1760299625468165,1.246031746031746,"[195, 192, 202, 207, 372, 186, 209, 206]","[251, 267, 305, 342, 297, 248, 252, 204]",[],"{""ordinary"": 8}"
beads6,200,515,stable_ordinary,ordinary,1.6830065359477124,1.5797546012269938,1.8006993006993006,"[197, 205, 190, 210, 216, 215, 203, 193]","[251, 326, 259, 241, 365, 348, 286, 377]",[],"{""ordinary"": 8}"
beads6,201,384,stable_ordinary,ordinary,1.2549019607843137,1.177914110429448,1.3426573426573427,"[203, 191, 213, 193, 189, 214, 205, 197]","[286, 258, 383, 377, 663, 262, 326, 251]",[],"{""ordinary"": 8}"
beads6,202,305,stable_ordinary,ordinary,1.0815602836879432,1.026936026936027,1.142322097378277,"[372, 209, 198, 212, 207, 192, 208, 196]","[297, 252, 314, 226, 342, 267, 339, 112]",[196],"{""ordinary"": 8}"
beads6,203,286,stable_ordinary,ordinary,0.8486646884272997,0.8218390804597702,0.8773006134969326,"[201, 193, 205, 197, 214, 213, 191, 215]","[384, 377, 326, 251, 262, 383, 258, 348]",[],"{""ordinary"": 8}"
beads6,205,326,stable_ordinary,ordinary,1.028391167192429,0.9367816091954023,1.1398601398601398,"[197, 203, 200, 215, 214, 193, 190, 216]","[251, 286, 515, 348, 262, 377, 259, 365]",[],"{""ordinary"": 8}"
beads6,206,204,stable_ordinary,ordinary,0.7626168224299066,0.7208480565371025,0.8095238095238095,"[207, 364, 195, 219, 198, 209, 202, 221]","[342, 131, 251, 283, 314, 252, 305, 232]",[364],"{""ordinary"": 8}"
beads6,207,342,stable_ordinary,ordinary,1.359840954274354,1.3571428571428572,1.3625498007968126,"[206, 209, 198, 219, 364, 202, 195, 221]","[204, 252, 314, 283, 131, 305, 251, 232]",[364],"{""ordinary"": 8}"
beads6,208,339,stable_ordinary,ordinary,1.2042628774422734,1.1491525423728814,1.2649253731343284,"[212, 196, 217, 372, 202, 209, 223, 225]","[226, 112, 268, 297, 305, 252, 349, 295]",[196],"{""ordinary"": 8}"
beads6,209,252,stable_ordinary,ordinary,0.8372093023255814,0.8262295081967214,0.8484848484848485,"[202, 207, 212, 221, 198, 219, 223, 372]","[305, 342, 226, 232, 314, 283, 349, 297]",[],"{""ordinary"": 8}"
beads6,210,241,stable_ordinary,ordinary,0.7183308494783904,0.6985507246376812,0.7392638036809815,"[220, 216, 228, 231, 222, 200, 215, 205]","[269, 365, 345, 251, 244, 515, 348, 326]",[],"{""ordinary"": 8}"
beads6,212,226,stable_ordinary,ordinary,0.7635135135135135,0.7609427609427609,0.7661016949152543,"[208, 223, 209, 202, 221, 217, 225, 372]","[339, 349, 252, 305, 232, 268, 295, 297]",[],"{""ordinary"": 8}"
beads6,213,383,stable_ordinary,ordinary,1.1606060606060606,1.1467065868263473,1.1748466257668713,"[214, 224, 201, 203, 230, 215, 205, 193]","[262, 264, 384, 286, 334, 348, 326, 377]",[],"{""ordinary"": 8}"
beads6,214,262,stable_ordinary,ordinary,0.7683284457478006,0.7528735632183908,0.7844311377245509,"[213, 215, 224, 203, 230, 205, 201, 227]","[383, 348, 264, 286, 334, 326, 384, 362]",[],"{""ordinary"": 8}"
beads6,215,348,stable_ordinary,ordinary,1.0545454545454545,1.0419161676646707,1.0674846625766872,"[214, 205, 216, 227, 230, 224, 203, 200]","[262, 326, 365, 362, 334, 264, 286, 515]",[],"{""ordinary"": 8}"
beads6,216,365,stable_ordinary,ordinary,1.0879284649776453,1.0579710144927537,1.1196319018404908,"[210, 228, 215, 220, 227, 200, 205, 231]","[241, 345, 348, 269, 362, 515, 326, 251]",[],"{""ordinary"": 8}"
beads6,217,268,stable_ordinary,ordinary,0.9008403361344538,0.8933333333333333,0.9084745762711864,"[225, 208, 212, 229, 223, 238, 239, 237]","[295, 339, 226, 336, 349, 276, 300, 286]",[],"{""ordinary"": 8}"
beads6,219,283,stable_ordinary,ordinary,1.1694214876033058,1.123015873015873,1.2198275862068966,"[364, 221, 233, 207, 209, 206, 236, 223]","[131, 232, 217, 342, 252, 204, 342, 349]",[364],"{""ordinary"": 8}"
beads6,220,269,stable_ordinary,ordinary,0.817629179331307,0.7797101449275362,0.8594249201277955,"[210, 231, 222, 228, 216, 234, 248, 242]","[241, 251, 244, 345, 365, 313, 392, 397]",[],"{""ordinary"": 8}"
beads6,221,232,stable_ordinary,ordinary,0.8672897196261682,0.8197879858657244,0.9206349206349206,"[219, 223, 233, 209, 236, 212, 364, 207]","[283, 349, 217, 252, 342, 226, 131, 342]",[364],"{""ordinary"": 8}"
beads6,222,244,stable_ordinary,ordinary,0.7427701674277016,0.7093023255813954,0.7795527156549521,"[234, 231, 220, 242, 210, 243, 228, 248]","[313, 251, 269, 397, 241, 344, 345, 392]",[],"{""ordinary"": 8}"
beads6,223,349,stable_ordinary,ordinary,1.2830882352941178,1.2644927536231885,1.3022388059701493,"[212, 221, 237, 225, 236, 209, 238, 217]","[226, 232, 286, 295, 342, 252, 276, 268]",[],"{""ordinary"": 8}"
beads6,224,264,stable_ordinary,ordinary,0.8,0.7904191616766467,0.8098159509202454,"[230, 214, 213, 227, 215, 246, 203, 205]","[334, 262, 383, 362, 348, 299, 286, 326]",[],"{""ordinary"": 8}"
beads6,225,295,stable_ordinary,ordinary,1.006825938566553,0.9833333333333333,1.0314685314685315,"[238, 217, 223, 237, 229, 212, 239, 208]","[276, 268, 349, 286, 336, 226, 300, 339]",[],"{""ordinary"": 8}"
beads6,227,362,stable_ordinary,ordinary,1.0903614457831325,1.0838323353293413,1.096969696969697,"[230, 228, 215, 241, 216, 246, 224, 214]","[334, 345, 348, 330, 365, 299, 264, 262]",[],"{""ordinary"": 8}"
beads6,228,345,stable_ordinary,ordinary,1.0176991150442478,0.9913793103448276,1.0454545454545454,"[216, 227, 220, 231, 248, 241, 210, 215]","[365, 362, 269, 251, 392, 330, 241, 348]",[],"{""ordinary"": 8}"
beads6,229,336,stable_ordinary,ordinary,1.2352941176470589,1.2173913043478262,1.2537313432835822,"[239, 244, 217, 225, 240, 238, 255, 249]","[300, 214, 268, 295, 185, 276, 338, 183]",[],"{""ordinary"": 8}"
beads6,230,334,stable_ordinary,ordinary,0.9896296296296296,0.9681159420289855,1.0121212121212122,"[224, 227, 214, 215, 246, 241, 213, 228]","[264, 362, 262, 348, 299, 330, 383, 345]",[],"{""ordinary"": 8}"
beads6,231,251,stable_ordinary,ordinary,0.7629179331306991,0.7275362318840579,0.8019169329073482,"[220, 222, 242, 228, 248, 234, 210, 216]","[269, 244, 397, 345, 392, 313, 241, 365]",[],"{""ordinary"": 8}"
beads6,233,217,stable_ordinary,ordinary,0.7977941176470589,0.7667844522968198,0.8314176245210728,"[236, 219, 221, 364, 237, 223, 252, 209]","[342, 283, 232, 131, 286, 349, 261, 252]",[364],"{""ordinary"": 8}"
beads6,234,313,stable_ordinary,ordinary,0.9413533834586466,0.9098837209302325,0.9750778816199377,"[222, 243, 242, 231, 247, 220, 262, 248]","[244, 344, 397, 251, 321, 269, 392, 392]",[],"{""ordinary"": 8}"
beads6,236,342,stable_ordinary,ordinary,1.2258064516129032,1.2127659574468086,1.2391304347826086,"[233, 237, 221, 223, 252, 219, 257, 238]","[217, 286, 232, 349, 261, 283, 282, 276]",[],"{""ordinary"": 8}"
beads6,237,286,stable_ordinary,ordinary,1.025089605734767,1.0141843971631206,1.036231884057971,"[236, 238, 223, 257, 252, 225, 233, 221]","[342, 276, 349, 282, 261, 295, 217, 232]",[],"{""ordinary"": 8}"
beads6,238,276,stable_ordinary,ordinary,0.912396694214876,0.9049180327868852,0.92,"[225, 237, 256, 239, 257, 223, 229, 255]","[295, 286, 305, 300, 282, 349, 336, 338]",[],"{""ordinary"": 8}"
beads6,239,300,stable_ordinary,ordinary,1.0507880910683012,1.0169491525423728,1.0869565217391304,"[229, 255, 244, 238, 256, 240, 225, 249]","[336, 338, 214, 276, 305, 185, 295, 183]",[],"{""ordinary"": 8}"
beads6,240,185,stable_ordinary,ordinary,0.5489614243323442,0.5473372781065089,0.5505952380952381,"[244, 249, 254, 239, 229, 366, 255, 268]","[214, 183, 379, 300, 336, 438, 338, 344]",[],"{""ordinary"": 8}"
beads6,241,330,stable_ordinary,ordinary,0.9335219236209336,0.9116022099447514,0.9565217391304348,"[246, 248, 227, 228, 264, 230, 231, 216]","[299, 392, 362, 345, 412, 334, 251, 365]",[],"{""ordinary"": 8}"
beads6,242,397,stable_ordinary,ordinary,1.144092219020173,1.1342857142857143,1.1540697674418605,"[248, 231, 234, 243, 262, 266, 222, 264]","[392, 251, 313, 344, 392, 350, 244, 412]",[],"{""ordinary"": 8}"
beads6,243,344,stable_ordinary,ordinary,0.9956584659913169,0.9297297297297298,1.071651090342679,"[234, 260, 247, 242, 262, 222, 231, 259]","[313, 439, 321, 397, 392, 244, 251, 370]",[],"{""ordinary"": 8}"
beads6,244,214,stable_ordinary,ordinary,0.6729559748427673,0.6369047619047619,0.7133333333333334,"[240, 239, 229, 249, 255, 366, 254, 272]","[185, 300, 336, 183, 338, 438, 379, 284]",[],"{""ordinary"": 8}"
beads6,246,299,stable_ordinary,ordinary,0.862914862914863,0.8591954022988506,0.8666666666666667,"[241, 227, 230, 248, 264, 228, 224, 215]","[330, 362, 334, 392, 412, 345, 264, 348]",[],"{""ordinary"": 8}"
beads6,247,321,stable_ordinary,ordinary,0.8991596638655462,0.8675675675675676,0.9331395348837209,"[243, 259, 260, 234, 261, 277, 262, 271]","[344, 370, 439, 313, 294, 343, 392, 441]",[],"{""ordinary"": 8}"
beads6,248,392,stable_ordinary,ordinary,1.1614814814814816,1.136231884057971,1.187878787878788,"[242, 241, 228, 231, 264, 266, 220, 246]","[397, 330, 345, 251, 412, 350, 269, 299]",[],"{""ordinary"": 8}"
beads6,249,183,stable_ordinary,ordinary,0.5736677115987461,0.5414201183431953,0.61,"[240, 254, 366, 244, 268, 255, 272, 239]","[185, 379, 438, 214, 344, 338, 284, 300]",[],"{""ordinary"": 8}"
beads6,252,261,stable_ordinary,ordinary,0.90625,0.9,0.9125874125874126,"[257, 237, 236, 256, 275, 233, 238, 223]","[282, 286, 342, 305, 290, 217, 276, 349]",[],"{""ordinary"": 8}"
beads6,254,379,stable_ordinary,ordinary,1.1130690161527166,1.1017441860465116,1.1246290801186944,"[249, 268, 366, 240, 267, 287, 244, 293]","[183, 344, 438, 185, 337, 400, 214, 409]",[],"{""ordinary"": 8}"
beads6,255,338,stable_ordinary,ordinary,1.1575342465753424,1.1266666666666667,1.1901408450704225,"[239, 272, 256, 274, 244, 240, 366, 238]","[300, 284, 305, 404, 214, 185, 438, 276]",[],"{""ordinary"": 8}"
beads6,256,305,stable_ordinary,ordinary,1.0590277777777777,1.0517241379310345,1.0664335664335665,"[257, 238, 255, 275, 274, 239, 237, 252]","[282, 276, 338, 290, 404, 300, 286, 261]",[],"{""ordinary"": 8}"
beads6,257,282,stable_ordinary,ordinary,0.9478991596638655,0.9245901639344263,0.9724137931034482,"[252, 256, 237, 275, 238, 236, 274, 255]","[261, 305, 286, 290, 276, 342, 404, 338]",[],"{""ordinary"": 8}"
beads6,259,370,stable_ordinary,ordinary,1.0771470160116448,1.0755813953488371,1.0787172011661808,"[271, 261, 247, 260, 277, 243, 269, 283]","[441, 294, 321, 439, 343, 344, 373, 303]",[],"{""ordinary"": 8}"
beads6,260,439,stable_ordinary,ordinary,1.2780203784570596,1.2761627906976745,1.2798833819241981,"[243, 262, 259, 277, 283, 247, 282, 234]","[344, 392, 370, 343, 303, 321, 416, 313]",[],"{""ordinary"": 8}"
beads6,261,294,stable_ordinary,ordinary,0.7989130434782609,0.7945945945945946,0.8032786885245902,"[271, 269, 259, 294, 270, 277, 286, 247]","[441, 373, 370, 396, 362, 343, 366, 321]",[],"{""ordinary"": 8}"
beads6,262,392,stable_ordinary,ordinary,1.0495314591700133,0.9874055415617129,1.12,"[266, 282, 260, 242, 243, 283, 281, 264]","[350, 416, 439, 397, 344, 303, 110, 412]",[281],"{""ordinary"": 8}"
beads6,264,412,stable_ordinary,ordinary,1.110512129380054,1.0510204081632653,1.177142857142857,"[266, 248, 281, 241, 242, 262, 246, 282]","[350, 392, 110, 330, 397, 392, 299, 416]",[281],"{""ordinary"": 8}"
beads6,266,350,stable_ordinary,ordinary,0.8928571428571429,0.8928571428571429,0.8928571428571429,"[264, 281, 262, 282, 242, 248, 283, 243]","[412, 110, 392, 416, 397, 392, 303, 344]",[281],"{""ordinary"": 8}"
beads6,267,337,stable_ordinary,ordinary,0.8821989528795812,0.8753246753246753,0.8891820580474934,"[280, 268, 287, 254, 278, 303, 313, 293]","[333, 344, 400, 379, 385, 326, 445, 409]",[],"{""ordinary"": 8}"
beads6,268,344,stable_ordinary,ordinary,0.9272237196765498,0.9076517150395779,0.9476584022038568,"[254, 287, 267, 366, 293, 249, 280, 315]","[379, 400, 337, 438, 409, 183, 333, 363]",[],"{""ordinary"": 8}"
beads6,269,373,stable_ordinary,ordinary,1.013586956521739,1.008108108108108,1.0191256830601092,"[261, 270, 286, 294, 271, 279, 259, 302]","[294, 362, 366, 396, 441, 356, 370, 419]",[],"{""ordinary"": 8}"
beads6,270,362,stable_ordinary,ordinary,0.9958734525447043,0.9890710382513661,1.002770083102493,"[286, 279, 269, 276, 311, 294, 261, 300]","[366, 356, 373, 286, 411, 396, 294, 361]",[],"{""ordinary"": 8}"
beads6,271,441,stable_ordinary,ordinary,1.187079407806191,1.1823056300268096,1.191891891891892,"[261, 259, 277, 269, 294, 302, 309, 260]","[294, 370, 343, 373, 396, 419, 280, 439]",[],"{""ordinary"": 8}"
beads6,272,284,stable_ordinary,ordinary,0.7654986522911051,0.7029702970297029,0.8402366863905325,"[274, 296, 255, 366, 299, 256, 275, 249]","[404, 420, 338, 438, 567, 305, 290, 183]",[],"{""ordinary"": 8}"
beads6,274,404,stable_ordinary,ordinary,1.2566096423017108,1.1952662721893492,1.3245901639344262,"[272, 275, 296, 256, 255, 257, 299, 366]","[284, 290, 420, 305, 338, 282, 567, 438]",[],"{""ordinary"": 8}"
beads6,275,290,stable_ordinary,ordinary,0.9847198641765704,0.9508196721311475,1.0211267605633803,"[274, 256, 257, 252, 272, 296, 255, 238]","[404, 305, 282, 261, 284, 420, 338, 276]",[],"{""ordinary"": 8}"
beads6,276,286,stable_ordinary,ordinary,0.7857142857142857,0.7814207650273224,0.7900552486187845,"[300, 279, 290, 270, 311, 286, 317, 284]","[361, 356, 384, 362, 411, 366, 430, 293]",[],"{""ordinary"": 8}"
beads6,277,343,stable_ordinary,ordinary,0.8727735368956743,0.8245192307692307,0.927027027027027,"[283, 309, 271, 260, 259, 302, 304, 282]","[303, 280, 441, 439, 370, 419, 323, 416]",[],"{""ordinary"": 8}"
beads6,278,385,stable_ordinary,ordinary,0.9565217391304348,0.8651685393258427,1.0694444444444444,"[295, 303, 280, 267, 322, 292, 314, 313]","[478, 326, 333, 337, 463, 446, 360, 445]",[],"{""ordinary"": 8}"
beads6,279,356,stable_ordinary,ordinary,0.978021978021978,0.9726775956284153,0.9834254143646409,"[276, 270, 300, 286, 311, 290, 269, 316]","[286, 362, 361, 366, 411, 384, 373, 342]",[],"{""ordinary"": 8}"
beads6,280,333,stable_ordinary,ordinary,0.8484076433121019,0.8325,0.8649350649350649,"[267, 303, 278, 287, 313, 268, 295, 325]","[337, 326, 385, 400, 445, 344, 478, 426]",[],"{""ordinary"": 8}"
beads6,282,416,stable_ordinary,ordinary,1.2005772005772006,1.1885714285714286,1.2128279883381925,"[281, 283, 262, 266, 304, 260, 277, 264]","[110, 303, 392, 350, 323, 439, 343, 412]",[281],"{""ordinary"": 8}"
beads6,283,303,stable_ordinary,ordinary,0.8744588744588745,0.8657142857142858,0.8833819241982507,"[304, 282, 277, 260, 309, 262, 281, 266]","[323, 416, 343, 439, 280, 392, 110, 350]",[281],"{""ordinary"": 8}"
beads6,284,293,stable_ordinary,ordinary,0.8116343490304709,0.8116343490304709,0.8116343490304709,"[306, 290, 297, 317, 362, 288, 276, 300]","[361, 384, 324, 430, 615, 216, 286, 361]",[],"{""ordinary"": 8}"
beads6,286,366,stable_ordinary,ordinary,0.9959183673469387,0.9812332439678284,1.011049723756906,"[270, 269, 279, 294, 311, 316, 320, 276]","[362, 373, 356, 396, 411, 342, 384, 286]",[],"{""ordinary"": 8}"
beads6,287,400,stable_ordinary,ordinary,1.1315417256011315,1.1019283746556474,1.1627906976744187,"[268, 313, 293, 315, 280, 267, 254, 303]","[344, 445, 409, 363, 333, 337, 379, 326]",[],"{""ordinary"": 8}"
beads6,288,216,stable_ordinary,ordinary,0.6306569343065693,0.5983379501385041,0.6666666666666666,"[363, 297, 307, 362, 289, 321, 284, 306]","[405, 324, 302, 615, 198, 395, 293, 361]",[],"{""ordinary"": 8}"
beads6,289,198,stable_ordinary,ordinary,0.5832106038291606,0.5251989389920424,0.6556291390728477,"[307, 310, 298, 321, 291, 288, 363, 318]","[302, 377, 265, 395, 289, 216, 405, 417]",[],"{""ordinary"": 8}"
beads6,290,384,stable_ordinary,ordinary,1.0711297071129706,1.0637119113573408,1.0786516853932584,"[284, 300, 276, 317, 306, 279, 297, 324]","[293, 361, 286, 430, 361, 356, 324, 440]",[],"{""ordinary"": 8}"
beads6,291,289,stable_ordinary,ordinary,0.7842605156037992,0.76657824933687,0.8027777777777778,"[298, 305, 292, 318, 310, 289, 314, 326]","[265, 254, 446, 417, 377, 198, 360, 419]",[],"{""ordinary"": 8}"
beads6,292,446,stable_ordinary,ordinary,1.1973154362416107,1.1584415584415584,1.238888888888889,"[305, 314, 295, 291, 326, 318, 278, 298]","[254, 360, 478, 289, 419, 417, 385, 265]",[],"{""ordinary"": 8}"
beads6,293,409,stable_ordinary,ordinary,0.9975609756097561,0.9738095238095238,1.0225,"[299, 287, 315, 366, 268, 296, 272, 313]","[567, 400, 363, 438, 344, 420, 284, 445]",[],"{""ordinary"": 8}"
beads6,294,396,stable_ordinary,ordinary,1.0717185385656292,1.061662198391421,1.0819672131147542,"[302, 269, 320, 286, 271, 316, 323, 261]","[419, 373, 384, 366, 441, 342, 338, 294]",[],"{""ordinary"": 8}"
beads6,295,478,stable_ordinary,ordinary,1.3795093795093796,1.3277777777777777,1.4354354354354355,"[278, 314, 292, 303, 322, 280, 305, 333]","[385, 360, 446, 326, 463, 333, 254, 324]",[],"{""ordinary"": 8}"
beads6,296,420,stable_ordinary,ordinary,1.1320754716981132,1.0396039603960396,1.242603550295858,"[299, 272, 274, 293, 366, 275, 255, 256]","[567, 284, 404, 409, 438, 290, 338, 305]",[],"{""ordinary"": 8}"
beads6,297,324,stable_ordinary,ordinary,0.8816326530612245,0.8663101604278075,0.8975069252077562,"[288, 306, 362, 363, 284, 307, 290, 330]","[216, 361, 615, 405, 293, 302, 384, 374]",[],"{""ordinary"": 8}"
beads6,298,265,stable_ordinary,ordinary,0.780559646539028,0.7029177718832891,0.8774834437086093,"[291, 310, 318, 289, 305, 307, 329, 292]","[289, 377, 417, 198, 254, 302, 413, 446]",[],"{""ordinary"": 8}"
beads6,299,567,stable_ordinary,ordinary,1.4104477611940298,1.4034653465346534,1.4175,"[296, 293, 272, 366, 274, 315, 268, 287]","[420, 409, 284, 438, 404, 363, 344, 400]",[],"{""ordinary"": 8}"
beads6,300,361,stable_ordinary,ordinary,0.9626666666666667,0.9401041666666666,0.9863387978142076,"[276, 290, 279, 311, 324, 317, 286, 328]","[286, 384, 356, 411, 440, 430, 366, 349]",[],"{""ordinary"": 8}"
beads6,302,419,stable_ordinary,ordinary,1.170391061452514,1.123324396782842,1.2215743440233235,"[309, 323, 294, 271, 277, 320, 304, 269]","[280, 338, 396, 441, 343, 384, 323, 373]",[],"{""ordinary"": 8}"
beads6,303,326,stable_ordinary,ordinary,0.8039457459926017,0.7652582159624414,0.8467532467532467,"[280, 278, 322, 313, 325, 295, 327, 267]","[333, 385, 463, 445, 426, 478, 268, 337]",[],"{""ordinary"": 8}"
beads6,304,323,stable_ordinary,ordinary,0.9486049926578561,0.9416909620991254,0.9556213017751479,"[309, 283, 277, 282, 302, 323, 260, 281]","[280, 303, 343, 416, 419, 338, 439, 110]",[281],"{""ordinary"": 8}"
beads6,305,254,stable_ordinary,ordinary,0.6397984886649875,0.6091127098321343,0.6737400530503979,"[291, 292, 318, 314, 298, 326, 295, 310]","[289, 446, 417, 360, 265, 419, 478, 377]",[],"{""ordinary"": 8}"
beads6,306,361,stable_ordinary,ordinary,0.9150823827629911,0.891358024691358,0.9401041666666666,"[284, 297, 317, 290, 362, 363, 288, 334]","[293, 324, 430, 384, 615, 405, 216, 609]",[],"{""ordinary"": 8}"
beads6,307,302,stable_ordinary,ordinary,0.8653295128939829,0.8074866310160428,0.9320987654320988,"[289, 363, 288, 310, 321, 298, 297, 330]","[198, 405, 216, 377, 395, 265, 324, 374]",[],"{""ordinary"": 8}"
beads6,309,280,stable_ordinary,ordinary,0.7577807848443843,0.7070707070707071,0.8163265306122449,"[304, 302, 277, 283, 323, 271, 282, 294]","[323, 419, 343, 303, 338, 441, 416, 396]",[],"{""ordinary"": 8}"
beads6,310,377,stable_ordinary,ordinary,1.27580372250423,1.2483443708609272,1.3044982698961938,"[289, 298, 321, 307, 318, 329, 291, 305]","[198, 265, 395, 302, 417, 413, 289, 254]",[],"{""ordinary"": 8}"
beads6,311,411,stable_ordinary,ordinary,1.1561181434599157,1.154494382022472,1.1577464788732394,"[316, 279, 300, 328, 286, 324, 332, 276]","[342, 356, 361, 349, 366, 440, 355, 286]",[],"{""ordinary"": 8}"
beads6,313,445,stable_ordinary,ordinary,1.2714285714285714,1.2258953168044078,1.3204747774480712,"[327, 315, 287, 325, 303, 280, 293, 267]","[268, 363, 400, 426, 326, 333, 409, 337]",[],"{""ordinary"": 8}"
beads6,314,360,stable_ordinary,ordinary,0.8955223880597015,0.8591885441527446,0.935064935064935,"[295, 292, 326, 305, 322, 333, 335, 278]","[478, 446, 419, 254, 463, 324, 355, 385]",[],"{""ordinary"": 8}"
beads6,315,363,stable_ordinary,ordinary,0.8974042027194067,0.8875305623471883,0.9075,"[313, 293, 287, 327, 299, 325, 268, 280]","[445, 409, 400, 268, 567, 426, 344, 333]",[],"{""ordinary"": 8}"
beads6,316,342,stable_ordinary,ordinary,0.9473684210526315,0.9344262295081968,0.9606741573033708,"[332, 320, 311, 328, 286, 294, 323, 279]","[355, 384, 411, 349, 366, 396, 338, 356]",[],"{""ordinary"": 8}"
beads6,317,430,stable_ordinary,ordinary,1.1590296495956873,1.1286089238845145,1.1911357340720221,"[334, 306, 290, 324, 300, 284, 338, 276]","[609, 361, 384, 440, 361, 293, 381, 286]",[],"{""ordinary"": 8}"
beads6,318,417,stable_ordinary,ordinary,1.188034188034188,1.106100795755968,1.283076923076923,"[305, 298, 329, 336, 291, 310, 326, 292]","[254, 265, 413, 325, 289, 377, 419, 446]",[],"{""ordinary"": 8}"
beads6,320,384,stable_ordinary,ordinary,1.0909090909090908,1.0816901408450703,1.1002865329512894,"[323, 316, 294, 332, 302, 286, 328, 309]","[338, 342, 396, 355, 419, 366, 349, 280]",[],"{""ordinary"": 8}"
beads6,321,395,stable_ordinary,ordinary,1.036745406824147,1.025974025974026,1.0477453580901857,"[310, 330, 339, 307, 329, 363, 289, 344]","[377, 374, 454, 302, 413, 405, 198, 385]",[],"{""ordinary"": 8}"
beads6,322,463,stable_ordinary,ordinary,1.2951048951048951,1.2861111111111112,1.304225352112676,"[335, 325, 303, 333, 314, 295, 340, 278]","[355, 426, 326, 324, 360, 478, 132, 385]",[340],"{""ordinary"": 8}"
beads6,323,338,stable_ordinary,ordinary,0.9684813753581661,0.952112676056338,0.9854227405247813,"[320, 302, 309, 294, 316, 304, 332, 277]","[384, 419, 280, 396, 342, 323, 355, 343]",[],"{""ordinary"": 8}"
beads6,324,440,stable_ordinary,ordinary,1.1503267973856208,1.1458333333333333,1.1548556430446195,"[338, 328, 311, 317, 300, 334, 332, 290]","[381, 349, 411, 430, 361, 609, 355, 384]",[],"{""ordinary"": 8}"
beads6,325,426,stable_ordinary,ordinary,1.2383720930232558,1.2,1.2792792792792793,"[327, 340, 322, 313, 303, 335, 315, 280]","[268, 132, 463, 445, 326, 355, 363, 333]",[340],"{""ordinary"": 8}"
beads6,326,419,stable_ordinary,ordinary,1.2544910179640718,1.2215743440233235,1.2892307692307692,"[341, 333, 314, 336, 305, 318, 345, 292]","[343, 324, 360, 325, 254, 417, 234, 446]",[],"{""ordinary"": 8}"
beads6,327,268,stable_ordinary,ordinary,0.7024901703800787,0.67,0.7382920110192838,"[325, 313, 315, 340, 303, 322, 287, 335]","[426, 445, 363, 132, 326, 463, 400, 355]",[340],"{""ordinary"": 8}"
beads6,328,349,stable_ordinary,ordinary,0.9124183006535947,0.9088541666666666,0.916010498687664,"[332, 324, 311, 316, 338, 300, 320, 334]","[355, 440, 411, 342, 381, 361, 384, 609]",[],"{""ordinary"": 8}"
beads6,329,413,stable_ordinary,ordinary,1.0699481865284974,1.0455696202531646,1.0954907161803713,"[343, 339, 336, 318, 321, 310, 348, 298]","[444, 454, 325, 417, 395, 377, 177, 265]",[348],"{""ordinary"": 8}"
beads6,330,374,stable_ordinary,ordinary,0.935,0.9234567901234568,0.9468354430379747,"[344, 337, 321, 339, 362, 363, 307, 329]","[385, 387, 395, 454, 615, 405, 302, 413]",[],"{""ordinary"": 8}"
beads6,332,355,stable_ordinary,ordinary,0.9281045751633987,0.9244791666666666,0.931758530183727,"[328, 316, 320, 311, 324, 323, 338, 294]","[349, 342, 384, 411, 440, 338, 381, 396]",[],"{""ordinary"": 8}"
beads6,333,324,stable_ordinary,ordinary,0.9062937062937063,0.9,0.9126760563380282,"[335, 345, 326, 322, 341, 314, 340, 295]","[355, 234, 419, 463, 343, 360, 132, 478]",[340],"{""ordinary"": 8}"
beads6,334,609,stable_ordinary,ordinary,1.5880052151238593,1.577720207253886,1.5984251968503937,"[338, 317, 342, 324, 306, 328, 337, 300]","[381, 430, 386, 440, 361, 349, 387, 361]",[],"{""ordinary"": 8}"
beads6,335,355,stable_ordinary,ordinary,1.0923076923076922,1.0889570552147239,1.095679012345679,"[340, 333, 322, 325, 345, 314, 327, 303]","[132, 324, 463, 426, 234, 360, 268, 326]",[340],"{""ordinary"": 8}"
beads6,336,325,stable_ordinary,ordinary,0.8597883597883598,0.7869249394673123,0.9475218658892128,"[348, 341, 329, 343, 318, 326, 345, 305]","[177, 343, 413, 444, 417, 419, 234, 254]",[348],"{""ordinary"": 8}"
beads6,337,387,stable_ordinary,ordinary,0.9785082174462706,0.9555555555555556,1.0025906735751295,"[342, 330, 344, 362, 363, 339, 334, 306]","[386, 374, 385, 615, 405, 454, 609, 361]",[],"{""ordinary"": 8}"
beads6,338,381,stable_ordinary,ordinary,0.9560853199498118,0.927007299270073,0.9870466321243523,"[334, 324, 328, 317, 342, 311, 332, 300]","[609, 440, 349, 430, 386, 411, 355, 361]",[],"{""ordinary"": 8}"
beads6,339,454,stable_ordinary,ordinary,1.1916010498687664,1.1792207792207792,1.2042440318302388,"[343, 344, 329, 330, 321, 310, 348, 336]","[444, 385, 413, 374, 395, 377, 177, 325]",[348],"{""ordinary"": 8}"
beads6,341,343,stable_ordinary,ordinary,1.0088235294117647,0.9661971830985916,1.0553846153846154,"[326, 345, 336, 333, 348, 318, 314, 335]","[419, 234, 325, 324, 177, 417, 360, 355]",[348],"{""ordinary"": 8}"
beads6,342,386,stable_ordinary,ordinary,1.0,0.9974160206718347,1.0025974025974025,"[337, 334, 362, 317, 344, 338, 330, 306]","[387, 609, 615, 430, 385, 381, 374, 361]",[],"{""ordinary"": 8}"
beads6,343,444,stable_ordinary,ordinary,1.1384615384615384,1.1240506329113924,1.1532467532467532,"[329, 348, 339, 336, 321, 318, 344, 341]","[413, 177, 454, 325, 395, 417, 385, 343]",[348],"{""ordinary"": 8}"
beads6,344,385,stable_ordinary,ordinary,0.9529702970297029,0.9322033898305084,0.9746835443037974,"[330, 339, 337, 321, 362, 342, 343, 329]","[374, 454, 387, 395, 615, 386, 444, 413]",[],"{""ordinary"": 8}"
beads6,345,234,stable_ordinary,ordinary,0.7005988023952096,0.6822157434402333,0.72,"[333, 341, 335, 326, 336, 340, 322, 348]","[324, 343, 355, 419, 325, 132, 463, 177]","[340, 348]","{""ordinary"": 8}"
beads6,355,487,stable_ordinary,ordinary,1.6880415944540728,1.6342281879194631,1.7455197132616487,"[56, 49, 19, 14, 356, 65, 26, 15]","[279, 298, 274, 310, 341, 265, 321, 179]",[],"{""ordinary"": 8}"
beads6,356,341,stable_ordinary,ordinary,1.1217105263157894,1.1,1.1442953020134228,"[15, 41, 357, 14, 49, 355, 31, 56]","[179, 348, 280, 310, 298, 487, 345, 279]",[],"{""ordinary"": 8}"
beads6,357,280,stable_ordinary,ordinary,0.9210526315789473,0.9032258064516129,0.9395973154362416,"[15, 358, 356, 31, 41, 14, 29, 49]","[179, 160, 341, 345, 348, 310, 281, 298]",[],"{""ordinary"": 8}"
beads6,358,160,stable_ordinary,ordinary,0.5704099821746881,0.5693950177935944,0.5714285714285714,"[31, 357, 29, 50, 41, 15, 27, 42]","[345, 280, 281, 263, 348, 179, 180, 341]",[],"{""ordinary"": 8}"
beads6,359,308,stable_ordinary,ordinary,1.1778202676864244,1.1492537313432836,1.2078431372549019,"[114, 93, 360, 94, 120, 122, 119, 98]","[309, 250, 268, 255, 228, 244, 292, 295]",[],"{""ordinary"": 8}"
beads6,360,268,stable_ordinary,ordinary,0.897822445561139,0.8786885245901639,0.9178082191780822,"[94, 100, 359, 361, 119, 82, 116, 93]","[255, 403, 308, 240, 292, 392, 305, 250]",[],"{""ordinary"": 8}"
beads6,361,240,stable_ordinary,ordinary,0.8955223880597015,0.8955223880597015,0.8955223880597015,"[100, 109, 116, 360, 119, 121, 94, 133]","[403, 192, 305, 268, 292, 268, 255, 221]",[],"{""ordinary"": 8}"
beads6,362,615,stable_ordinary,ordinary,1.6734693877551021,1.6443850267379678,1.703601108033241,"[297, 363, 337, 306, 330, 288, 342, 284]","[324, 405, 387, 361, 374, 216, 386, 293]",[],"{""ordinary"": 8}"
beads6,363,405,stable_ordinary,ordinary,1.1824817518248176,1.1218836565096952,1.25,"[288, 307, 297, 362, 321, 330, 289, 306]","[216, 302, 324, 615, 395, 374, 198, 361]",[],"{""ordinary"": 8}"
beads6,366,438,stable_ordinary,ordinary,1.284457478005865,1.2732558139534884,1.2958579881656804,"[249, 272, 293, 268, 254, 299, 240, 255]","[183, 284, 409, 344, 379, 567, 185, 338]",[],"{""ordinary"": 8}"
beads6,367,251,stable_ordinary,ordinary,1.0100603621730382,0.9653846153846154,1.0590717299578059,"[33, 46, 69, 71, 30, 54, 70, 85]","[199, 289, 349, 220, 203, 267, 260, 237]",[],"{""ordinary"": 8}"
beads6,368,389,stable_ordinary,ordinary,1.424908424908425,1.3992805755395683,1.4514925373134329,"[118, 106, 96, 126, 123, 113, 131, 135]","[297, 278, 379, 233, 214, 252, 268, 344]",[],"{""ordinary"": 8}"
beads6,369,190,stable_ordinary,ordinary,0.6540447504302926,0.6418918918918919,0.6666666666666666,"[55, 370, 44, 34, 72, 35, 53, 20]","[285, 98, 304, 269, 296, 317, 272, 327]",[370],"{""ordinary"": 8}"
beads6,371,163,stable_ordinary,ordinary,0.5630397236614854,0.5506756756756757,0.5759717314487632,"[86, 67, 56, 49, 65, 81, 41, 60]","[38, 343, 279, 298, 265, 283, 348, 296]",[86],"{""ordinary"": 8}"
beads6,372,297,stable_ordinary,ordinary,1.11864406779661,1.1123595505617978,1.125,"[202, 196, 192, 188, 198, 187, 208, 209]","[305, 112, 267, 264, 314, 219, 339, 252]",[196],"{""ordinary"": 8}"
beads7,5,306,stable_ordinary,ordinary,0.9760765550239234,0.9683544303797469,0.9839228295819936,"[11, 23, 12, 38, 22, 7, 39, 8]","[328, 267, 415, 316, 311, 246, 332, 195]",[],"{""ordinary"": 8}"
beads7,7,246,stable_ordinary,ordinary,0.7974068071312804,0.7909967845659164,0.803921568627451,"[22, 14, 11, 40, 27, 5, 38, 9]","[311, 217, 328, 283, 329, 306, 316, 235]",[],"{""ordinary"": 8}"
beads7,8,195,stable_ordinary,ordinary,0.6320907617504052,0.6270096463022508,0.6372549019607843,"[26, 12, 15, 39, 23, 5, 13, 44]","[255, 415, 386, 332, 267, 306, 311, 298]",[],"{""ordinary"": 8}"
beads7,9,235,stable_ordinary,ordinary,0.7899159663865546,0.7532051282051282,0.8303886925795053,"[18, 27, 14, 43, 32, 17, 40, 7]","[312, 329, 217, 336, 325, 266, 283, 246]",[],"{""ordinary"": 8}"
beads7,11,328,stable_ordinary,ordinary,1.1448516579406631,1.0718954248366013,1.2284644194756553,"[5, 22, 7, 38, 23, 51, 12, 14]","[306, 311, 246, 316, 267, 223, 415, 217]",[],"{""ordinary"": 8}"
beads7,12,415,stable_ordinary,ordinary,1.3091482649842272,1.2652439024390243,1.3562091503267975,"[23, 8, 5, 39, 26, 11, 15, 52]","[267, 195, 306, 332, 255, 328, 386, 335]",[],"{""ordinary"": 8}"
beads7,13,311,stable_ordinary,ordinary,1.0632478632478632,1.0436241610738255,1.083623693379791,"[30, 15, 20, 44, 47, 26, 8, 19]","[287, 386, 329, 298, 335, 255, 195, 274]",[],"{""ordinary"": 8}"
beads7,14,217,stable_ordinary,ordinary,0.6966292134831461,0.6955128205128205,0.6977491961414791,"[27, 7, 9, 40, 22, 18, 54, 43]","[329, 246, 235, 283, 311, 312, 355, 336]",[],"{""ordinary"": 8}"
beads7,15,386,stable_ordinary,ordinary,1.2676518883415435,1.2411575562700965,1.2953020134228188,"[13, 26, 8, 30, 44, 12, 20, 55]","[311, 255, 195, 287, 298, 415, 329, 370]",[],"{""ordinary"": 8}"
beads7,16,197,stable_ordinary,ordinary,0.6924428822495606,0.6912280701754386,0.6936619718309859,"[31, 28, 19, 41, 49, 45, 58, 29]","[265, 285, 274, 298, 304, 284, 314, 131]",[29],"{""ordinary"": 8}"
beads7,17,266,stable_ordinary,ordinary,1.064,1.0350194552529184,1.0946502057613168,"[25, 32, 18, 50, 42, 24, 9, 43]","[241, 325, 312, 257, 242, 243, 235, 336]",[],"{""ordinary"": 8}"
beads7,18,312,stable_ordinary,ordinary,1.1931166347992352,1.1729323308270676,1.2140077821011672,"[9, 32, 17, 43, 27, 25, 14, 50]","[235, 325, 266, 336, 329, 241, 217, 257]",[],"{""ordinary"": 8}"
beads7,19,274,stable_ordinary,ordinary,0.8998357963875205,0.8810289389067524,0.9194630872483222,"[41, 31, 20, 16, 47, 58, 28, 13]","[298, 265, 329, 197, 335, 314, 285, 311]",[],"{""ordinary"": 8}"
beads7,20,329,stable_ordinary,ordinary,1.0804597701149425,1.0578778135048232,1.104026845637584,"[19, 30, 13, 41, 47, 31, 57, 15]","[274, 287, 311, 298, 335, 265, 353, 386]",[],"{""ordinary"": 8}"
beads7,22,311,stable_ordinary,ordinary,1.0560271646859083,1.0163398692810457,1.098939929328622,"[7, 11, 40, 14, 38, 51, 27, 5]","[246, 328, 283, 217, 316, 223, 329, 306]",[],"{""ordinary"": 8}"
beads7,23,267,stable_ordinary,ordinary,0.8291925465838509,0.8140243902439024,0.8449367088607594,"[12, 5, 39, 38, 52, 11, 26, 8]","[415, 306, 332, 316, 335, 328, 255, 195]",[],"{""ordinary"": 8}"
beads7,24,243,stable_ordinary,ordinary,0.9292543021032504,0.9135338345864662,0.9455252918287937,"[35, 42, 25, 53, 61, 34, 17, 50]","[292, 242, 241, 340, 367, 248, 266, 257]",[],"{""ordinary"": 8}"
beads7,25,241,stable_ordinary,ordinary,0.8637992831541219,0.8253424657534246,0.9060150375939849,"[17, 42, 24, 32, 50, 35, 18, 61]","[266, 242, 243, 325, 257, 292, 312, 367]",[],"{""ordinary"": 8}"
beads7,26,255,stable_ordinary,ordinary,0.8095238095238095,0.7680722891566265,0.8557046979865772,"[8, 15, 39, 12, 44, 55, 23, 65]","[195, 386, 332, 415, 298, 370, 267, 172]",[],"{""ordinary"": 8}"
beads7,27,329,stable_ordinary,ordinary,1.0561797752808988,1.0544871794871795,1.0578778135048232,"[9, 14, 43, 40, 18, 54, 32, 22]","[235, 217, 336, 283, 312, 355, 325, 311]",[],"{""ordinary"": 8}"
beads7,28,285,stable_ordinary,ordinary,1.0575139146567718,1.0401459854014599,1.0754716981132075,"[45, 49, 16, 31, 29, 58, 74, 19]","[284, 304, 197, 265, 131, 314, 254, 274]",[29],"{""ordinary"": 8}"
beads7,30,287,stable_ordinary,ordinary,0.8644578313253012,0.8567164179104477,0.8723404255319149,"[13, 20, 44, 47, 15, 57, 68, 26]","[311, 329, 298, 335, 386, 353, 405, 255]",[],"{""ordinary"": 8}"
beads7,31,265,stable_ordinary,ordinary,0.9090909090909091,0.889261744966443,0.9298245614035088,"[16, 19, 41, 28, 49, 58, 45, 20]","[197, 274, 298, 285, 304, 314, 284, 329]",[],"{""ordinary"": 8}"
beads7,32,325,stable_ordinary,ordinary,1.1796733212341197,1.1403508771929824,1.2218045112781954,"[18, 17, 50, 43, 62, 25, 9, 27]","[312, 266, 257, 336, 285, 241, 235, 329]",[],"{""ordinary"": 8}"
beads7,34,248,stable_ordinary,ordinary,0.7848101265822784,0.7294117647058823,0.8493150684931506,"[48, 53, 35, 72, 79, 24, 69, 61]","[196, 340, 292, 377, 250, 243, 349, 367]",[],"{""ordinary"": 8}"
beads7,35,292,stable_ordinary,ordinary,1.189409368635438,1.1774193548387097,1.2016460905349795,"[24, 53, 42, 34, 61, 48, 25, 79]","[243, 340, 242, 248, 367, 196, 241, 250]",[],"{""ordinary"": 8}"
beads7,38,316,stable_ordinary,ordinary,1.0675675675675675,1.0326797385620916,1.1048951048951048,"[63, 51, 52, 23, 11, 22, 5, 77]","[286, 223, 335, 267, 328, 311, 306, 181]",[],"{""ordinary"": 8}"
beads7,39,332,stable_ordinary,ordinary,1.1389365351629503,1.0506329113924051,1.243445692883895,"[52, 26, 23, 65, 55, 12, 8, 38]","[335, 255, 267, 172, 370, 415, 195, 316]",[],"{""ordinary"": 8}"
beads7,40,283,stable_ordinary,ordinary,1.0161579892280073,0.909967845659164,1.1504065040650406,"[54, 64, 22, 27, 51, 14, 7, 43]","[355, 246, 311, 329, 223, 217, 246, 336]",[],"{""ordinary"": 8}"
beads7,41,298,stable_ordinary,ordinary,1.0623885918003566,1.038327526132404,1.0875912408759123,"[19, 31, 47, 20, 58, 71, 16, 78]","[274, 265, 335, 329, 314, 287, 197, 257]",[],"{""ordinary"": 8}"
beads7,42,242,stable_ordinary,ordinary,0.8673835125448028,0.8287671232876712,0.9097744360902256,"[25, 61, 24, 50, 73, 35, 17, 53]","[241, 367, 243, 257, 365, 292, 266, 340]",[],"{""ordinary"": 8}"
beads7,43,336,stable_ordinary,ordinary,1.0856219709208401,1.0769230769230769,1.0944625407166124,"[27, 62, 54, 70, 32, 18, 9, 50]","[329, 285, 355, 307, 325, 312, 235, 257]",[],"{""ordinary"": 8}"
beads7,44,298,stable_ordinary,ordinary,0.8975903614457831,0.8441926345609065,0.9581993569131833,"[68, 30, 55, 57, 26, 15, 80, 13]","[405, 287, 370, 353, 255, 386, 302, 311]",[],"{""ordinary"": 8}"
beads7,45,284,stable_ordinary,ordinary,0.9826989619377162,0.9692832764505119,0.9964912280701754,"[29, 28, 49, 46, 66, 74, 31, 85]","[131, 285, 304, 293, 332, 254, 265, 322]",[29],"{""ordinary"": 8}"
beads7,46,293,stable_ordinary,ordinary,1.0483005366726297,1.0316901408450705,1.0654545454545454,"[29, 59, 66, 45, 94, 60, 74, 28]","[131, 394, 332, 284, 215, 275, 254, 285]",[29],"{""ordinary"": 8}"
beads7,47,335,stable_ordinary,ordinary,1.1452991452991452,1.1241610738255035,1.1672473867595818,"[57, 78, 41, 30, 20, 71, 19, 44]","[353, 257, 298, 287, 329, 287, 274, 298]",[],"{""ordinary"": 8}"
beads7,48,196,stable_ordinary,ordinary,0.620253164556962,0.5764705882352941,0.6712328767123288,"[34, 72, 53, 79, 69, 35, 97, 103]","[248, 377, 340, 250, 349, 292, 447, 232]",[],"{""ordinary"": 8}"
beads7,49,304,stable_ordinary,ordinary,1.1074681238615665,1.0704225352112675,1.1471698113207547,"[58, 28, 45, 31, 74, 85, 16, 29]","[314, 285, 284, 265, 254, 322, 197, 131]",[29],"{""ordinary"": 8}"
beads7,50,257,stable_ordinary,ordinary,0.9328493647912885,0.9017543859649123,0.9661654135338346,"[32, 62, 73, 81, 42, 25, 17, 61]","[325, 285, 365, 242, 242, 241, 266, 367]",[],"{""ordinary"": 8}"
beads7,51,223,stable_ordinary,ordinary,0.7470686767169179,0.7170418006430869,0.7797202797202797,"[76, 63, 38, 64, 40, 22, 52, 54]","[213, 286, 316, 246, 283, 311, 335, 355]",[],"{""ordinary"": 8}"
beads7,52,335,stable_ordinary,ordinary,1.2115732368896925,1.1713286713286712,1.2546816479400749,"[77, 63, 65, 39, 38, 23, 51, 55]","[181, 286, 172, 332, 316, 267, 223, 370]",[],"{""ordinary"": 8}"
beads7,53,340,stable_ordinary,ordinary,1.2546125461254614,1.1643835616438356,1.36,"[35, 79, 61, 34, 48, 88, 24, 72]","[292, 250, 367, 248, 196, 325, 243, 377]",[],"{""ordinary"": 8}"
beads7,54,355,stable_ordinary,ordinary,1.1993243243243243,1.1563517915309447,1.2456140350877194,"[64, 40, 70, 43, 27, 439, 62, 51]","[246, 283, 307, 336, 329, 393, 285, 223]",[],"{""ordinary"": 8}"
beads7,55,370,stable_ordinary,ordinary,1.167192429022082,1.1144578313253013,1.2251655629139073,"[65, 80, 44, 68, 39, 26, 52, 57]","[172, 302, 298, 405, 332, 255, 335, 353]",[],"{""ordinary"": 8}"
beads7,57,353,stable_ordinary,ordinary,1.1766666666666667,1.1688741721854305,1.1845637583892616,"[68, 47, 78, 44, 30, 80, 71, 55]","[405, 335, 257, 298, 287, 302, 287, 370]",[],"{""ordinary"": 8}"
beads7,58,314,stable_ordinary,ordinary,1.0827586206896551,1.0716723549488054,1.0940766550522647,"[71, 89, 49, 85, 41, 31, 74, 28]","[287, 293, 304, 322, 298, 265, 254, 285]",[],"{""ordinary"": 8}"
beads7,59,394,stable_ordinary,ordinary,1.3378607809847198,1.3310810810810811,1.3447098976109215,"[46, 60, 87, 66, 94, 83, 98, 45]","[293, 275, 383, 332, 215, 296, 328, 284]",[],"{""ordinary"": 8}"
beads7,60,275,stable_ordinary,ordinary,0.9717314487632509,0.9385665529010239,1.0073260073260073,"[83, 59, 87, 67, 46, 86, 113, 94]","[296, 394, 383, 185, 293, 273, 248, 215]",[],"{""ordinary"": 8}"
beads7,61,367,stable_ordinary,ordinary,1.1896272285251215,1.1292307692307693,1.2568493150684932,"[42, 73, 88, 53, 96, 35, 79, 50]","[242, 365, 325, 340, 361, 292, 250, 257]",[],"{""ordinary"": 8}"
beads7,62,285,stable_ordinary,ordinary,0.8623298033282905,0.8482142857142857,0.8769230769230769,"[70, 81, 50, 43, 32, 439, 73, 54]","[307, 242, 257, 336, 325, 393, 365, 355]",[],"{""ordinary"": 8}"
beads7,63,286,stable_ordinary,ordinary,1.2196162046908317,1.1626016260162602,1.2825112107623318,"[51, 77, 52, 38, 76, 64, 65, 23]","[223, 181, 335, 316, 213, 246, 172, 267]",[],"{""ordinary"": 8}"
beads7,64,246,stable_ordinary,ordinary,0.8296795952782462,0.8013029315960912,0.8601398601398601,"[54, 76, 40, 51, 70, 63, 22, 27]","[355, 213, 283, 223, 307, 286, 311, 329]",[],"{""ordinary"": 8}"
beads7,65,172,stable_ordinary,ordinary,0.5425867507886435,0.5180722891566265,0.5695364238410596,"[55, 52, 77, 39, 80, 63, 68, 26]","[370, 335, 181, 332, 302, 286, 405, 255]",[],"{""ordinary"": 8}"
beads7,66,332,stable_ordinary,ordinary,1.1507798960138649,1.1331058020477816,1.1690140845070423,"[94, 46, 74, 59, 45, 98, 29, 102]","[215, 293, 254, 394, 284, 328, 131, 385]",[29],"{""ordinary"": 8}"
beads7,67,185,stable_ordinary,ordinary,0.6751824817518248,0.6727272727272727,0.6776556776556777,"[83, 86, 60, 106, 104, 87, 90, 113]","[296, 273, 275, 346, 236, 383, 203, 248]",[],"{""ordinary"": 8}"
beads7,68,405,stable_ordinary,ordinary,1.35,1.3410596026490067,1.3590604026845639,"[80, 57, 44, 55, 30, 65, 78, 47]","[302, 353, 298, 370, 287, 172, 257, 335]",[],"{""ordinary"": 8}"
beads7,69,349,stable_ordinary,ordinary,1.3987975951903808,1.3371647509578544,1.4663865546218486,"[91, 72, 75, 97, 95, 48, 117, 122]","[326, 377, 238, 447, 205, 196, 206, 261]",[],"{""ordinary"": 8}"
beads7,70,307,stable_ordinary,ordinary,1.0,0.9331306990881459,1.0771929824561404,"[439, 62, 54, 43, 81, 64, 27, 50]","[393, 285, 355, 336, 242, 246, 329, 257]",[],"{""ordinary"": 8}"
beads7,71,287,stable_ordinary,ordinary,0.9379084967320261,0.9140127388535032,0.9630872483221476,"[78, 89, 58, 41, 47, 85, 57, 31]","[257, 293, 314, 298, 335, 322, 353, 265]",[],"{""ordinary"": 8}"
beads7,72,377,stable_ordinary,ordinary,1.3090277777777777,1.156441717791411,1.508,"[48, 97, 79, 69, 103, 91, 34, 53]","[196, 447, 250, 349, 232, 326, 248, 340]",[],"{""ordinary"": 8}"
beads7,73,365,stable_ordinary,ordinary,1.3468634686346863,1.280701754385965,1.4202334630350195,"[81, 61, 50, 96, 42, 88, 62, 25]","[242, 367, 257, 361, 242, 325, 285, 241]",[],"{""ordinary"": 8}"
beads7,74,254,stable_ordinary,ordinary,0.7987421383647799,0.7888198757763976,0.8089171974522293,"[85, 102, 66, 98, 49, 45, 94, 58]","[322, 385, 332, 328, 304, 284, 215, 314]",[],"{""ordinary"": 8}"
beads7,75,238,stable_ordinary,ordinary,0.8947368421052632,0.8847583643122676,0.9049429657794676,"[95, 69, 91, 114, 100, 117, 119, 132]","[205, 349, 326, 319, 269, 206, 263, 197]",[],"{""ordinary"": 8}"
beads7,76,213,stable_ordinary,ordinary,0.7486818980667839,0.7447552447552448,0.7526501766784452,"[51, 64, 63, 40, 38, 54, 77, 52]","[223, 246, 286, 283, 316, 355, 181, 335]",[],"{""ordinary"": 8}"
beads7,77,181,stable_ordinary,ordinary,0.6013289036544851,0.5727848101265823,0.6328671328671329,"[52, 63, 65, 38, 39, 76, 51, 55]","[335, 286, 172, 316, 332, 213, 223, 370]",[],"{""ordinary"": 8}"
beads7,78,257,stable_ordinary,ordinary,0.8398692810457516,0.8184713375796179,0.8624161073825504,"[71, 47, 57, 89, 41, 68, 58, 30]","[287, 335, 353, 293, 298, 405, 314, 287]",[],"{""ordinary"": 8}"
beads7,79,250,stable_ordinary,ordinary,0.7518796992481203,0.7352941176470589,0.7692307692307693,"[88, 53, 103, 72, 110, 48, 97, 61]","[325, 340, 232, 377, 244, 196, 447, 367]",[],"{""ordinary"": 8}"
beads7,80,302,stable_ordinary,ordinary,0.9587301587301588,0.9096385542168675,1.0134228187919463,"[68, 55, 65, 44, 57, 39, 77, 26]","[405, 370, 172, 298, 353, 332, 181, 255]",[],"{""ordinary"": 8}"
beads7,81,242,stable_ordinary,ordinary,0.7055393586005831,0.6703601108033241,0.7446153846153846,"[73, 62, 50, 96, 70, 439, 61, 32]","[365, 285, 257, 361, 307, 393, 367, 325]",[],"{""ordinary"": 8}"
beads7,83,296,stable_ordinary,ordinary,1.0802919708029197,1.0763636363636364,1.0842490842490842,"[67, 60, 106, 86, 87, 113, 104, 59]","[185, 275, 346, 273, 383, 248, 236, 394]",[],"{""ordinary"": 8}"
beads7,85,322,stable_ordinary,ordinary,1.0787269681742044,1.0592105263157894,1.098976109215017,"[89, 74, 436, 58, 102, 49, 71, 98]","[293, 254, 101, 314, 385, 304, 287, 328]",[436],"{""ordinary"": 8}"
beads7,86,273,stable_ordinary,ordinary,1.0684931506849316,0.9927272727272727,1.1567796610169492,"[67, 104, 83, 90, 106, 109, 60, 125]","[185, 236, 296, 203, 346, 218, 275, 408]",[],"{""ordinary"": 8}"
beads7,87,383,stable_ordinary,ordinary,1.341506129597198,1.2939189189189189,1.3927272727272728,"[60, 59, 83, 113, 94, 118, 418, 106]","[275, 394, 296, 248, 215, 336, 255, 346]",[],"{""ordinary"": 8}"
beads7,88,325,stable_ordinary,ordinary,1.1016949152542372,0.9558823529411765,1.3,"[96, 79, 110, 61, 53, 103, 73, 42]","[361, 250, 244, 367, 340, 232, 365, 242]",[],"{""ordinary"": 8}"
beads7,89,293,stable_ordinary,ordinary,0.9915397631133672,0.9638157894736842,1.0209059233449478,"[85, 71, 58, 436, 78, 49, 102, 74]","[322, 287, 314, 101, 257, 304, 385, 254]",[436],"{""ordinary"": 8}"
beads7,90,203,stable_ordinary,ordinary,0.7976424361493124,0.7435897435897436,0.8601694915254238,"[109, 104, 86, 125, 126, 116, 67, 106]","[218, 236, 273, 408, 331, 225, 185, 346]",[],"{""ordinary"": 8}"
beads7,91,326,stable_ordinary,ordinary,1.1241379310344828,1.0219435736677116,1.2490421455938698,"[69, 117, 97, 95, 75, 122, 114, 72]","[349, 206, 447, 205, 238, 261, 319, 377]",[],"{""ordinary"": 8}"
beads7,94,215,stable_ordinary,ordinary,0.6437125748502994,0.6398809523809523,0.6475903614457831,"[98, 66, 418, 87, 59, 118, 74, 102]","[328, 332, 255, 383, 394, 336, 254, 385]",[],"{""ordinary"": 8}"
beads7,95,205,stable_ordinary,ordinary,0.7706766917293233,0.7620817843866171,0.779467680608365,"[75, 114, 91, 100, 117, 119, 69, 132]","[238, 319, 326, 269, 206, 263, 349, 197]",[],"{""ordinary"": 8}"
beads7,96,361,stable_ordinary,ordinary,1.2556521739130435,1.1107692307692307,1.444,"[88, 73, 61, 110, 81, 79, 42, 53]","[325, 365, 367, 244, 242, 250, 242, 340]",[],"{""ordinary"": 8}"
beads7,97,447,stable_ordinary,ordinary,1.5229982964224873,1.3711656441717792,1.7126436781609196,"[103, 72, 122, 91, 123, 69, 117, 79]","[232, 377, 261, 326, 437, 349, 206, 250]",[],"{""ordinary"": 8}"
beads7,98,328,stable_ordinary,ordinary,1.1369150779896013,1.0186335403726707,1.2862745098039217,"[94, 102, 74, 418, 66, 85, 118, 436]","[215, 385, 254, 255, 332, 322, 336, 101]",[436],"{""ordinary"": 8}"
beads7,100,269,stable_ordinary,ordinary,1.0738522954091816,1.0228136882129277,1.1302521008403361,"[119, 95, 114, 127, 134, 75, 139, 132]","[263, 205, 319, 275, 342, 238, 221, 197]",[],"{""ordinary"": 8}"
beads7,102,385,stable_ordinary,ordinary,1.405109489051095,1.3139931740614335,1.5098039215686274,"[98, 74, 436, 85, 94, 66, 418, 89]","[328, 254, 101, 322, 215, 332, 255, 293]",[436],"{""ordinary"": 8}"
beads7,103,232,stable_ordinary,ordinary,0.7918088737201365,0.7138461538461538,0.8888888888888888,"[110, 97, 123, 79, 72, 122, 88, 425]","[244, 447, 437, 250, 377, 261, 325, 117]",[425],"{""ordinary"": 8}"
beads7,104,236,stable_ordinary,ordinary,0.9613034623217923,0.8644688644688645,1.0825688073394495,"[90, 86, 125, 106, 109, 128, 126, 67]","[203, 273, 408, 346, 218, 191, 331, 185]",[],"{""ordinary"": 8}"
beads7,106,346,stable_ordinary,ordinary,1.328214971209213,1.2673992673992673,1.3951612903225807,"[113, 83, 104, 86, 128, 67, 131, 125]","[248, 296, 236, 273, 191, 185, 506, 408]",[],"{""ordinary"": 8}"
beads7,109,218,stable_ordinary,ordinary,0.8134328358208955,0.7985347985347986,0.8288973384030418,"[126, 90, 116, 104, 125, 129, 86, 141]","[331, 203, 225, 236, 408, 263, 273, 356]",[],"{""ordinary"": 8}"
beads7,110,244,stable_ordinary,ordinary,0.7113702623906706,0.6759002770083102,0.7507692307692307,"[103, 88, 79, 123, 96, 97, 72, 122]","[232, 325, 250, 437, 361, 447, 377, 261]",[],"{""ordinary"": 8}"
beads7,113,248,stable_ordinary,ordinary,0.7848101265822784,0.7380952380952381,0.8378378378378378,"[118, 131, 106, 87, 83, 418, 128, 60]","[336, 506, 346, 383, 296, 255, 191, 275]",[],"{""ordinary"": 8}"
beads7,114,319,stable_ordinary,ordinary,1.2785571142284569,1.2222222222222223,1.3403361344537814,"[95, 132, 117, 119, 135, 134, 91, 75]","[205, 197, 206, 263, 261, 342, 326, 238]",[],"{""ordinary"": 8}"
beads7,116,225,stable_ordinary,ordinary,0.8910891089108911,0.8555133079847909,0.9297520661157025,"[129, 126, 109, 141, 142, 136, 90, 125]","[263, 331, 218, 356, 222, 242, 203, 408]",[],"{""ordinary"": 8}"
beads7,117,206,stable_ordinary,ordinary,0.789272030651341,0.789272030651341,0.789272030651341,"[122, 91, 135, 114, 425, 132, 95, 97]","[261, 326, 261, 319, 117, 197, 205, 447]",[425],"{""ordinary"": 8}"
beads7,118,336,stable_ordinary,ordinary,1.0769230769230769,1.024390243902439,1.135135135135135,"[418, 113, 131, 87, 94, 98, 106, 83]","[255, 248, 506, 383, 215, 328, 346, 296]",[],"{""ordinary"": 8}"
beads7,119,263,stable_ordinary,ordinary,0.9924528301886792,0.9776951672862454,1.0076628352490422,"[134, 100, 114, 132, 127, 139, 95, 146]","[342, 269, 319, 197, 275, 221, 205, 261]",[],"{""ordinary"": 8}"
beads7,122,261,stable_ordinary,ordinary,1.0588235294117647,1.0,1.125,"[425, 123, 117, 97, 135, 91, 103, 426]","[117, 437, 206, 447, 261, 326, 232, 100]","[425, 426]","{""ordinary"": 8}"
beads7,123,437,stable_ordinary,ordinary,1.7306930693069307,1.6743295019157087,1.790983606557377,"[122, 103, 425, 97, 110, 117, 91, 135]","[261, 232, 117, 447, 244, 206, 326, 261]",[425],"{""ordinary"": 8}"
beads7,125,408,stable_ordinary,ordinary,1.7510729613733906,1.728813559322034,1.7739130434782608,"[128, 104, 126, 109, 143, 145, 419, 90]","[191, 236, 331, 218, 439, 412, 230, 203]",[],"{""ordinary"": 8}"
beads7,126,331,stable_ordinary,ordinary,1.3266533066132264,1.258555133079848,1.402542372881356,"[109, 116, 141, 125, 129, 143, 142, 104]","[218, 225, 356, 408, 263, 439, 222, 236]",[],"{""ordinary"": 8}"
beads7,127,275,stable_ordinary,ordinary,1.0,0.9786476868327402,1.0223048327137547,"[139, 119, 134, 148, 100, 144, 154, 146]","[221, 263, 342, 304, 269, 308, 281, 261]",[],"{""ordinary"": 8}"
beads7,128,191,threshold_sensitive,ordinary,0.506631299734748,0.4681372549019608,0.5520231213872833,"[125, 419, 106, 145, 104, 143, 131, 113]","[408, 230, 346, 412, 236, 439, 506, 248]",[],"{""ordinary"": 4, ""small"": 4}"
beads7,129,263,stable_ordinary,ordinary,1.0647773279352226,1.0436507936507937,1.0867768595041323,"[116, 142, 136, 126, 141, 109, 147, 157]","[225, 222, 242, 331, 356, 218, 252, 360]",[],"{""ordinary"": 8}"
beads7,131,506,stable_ordinary,ordinary,1.8366606170598911,1.7094594594594594,1.9843137254901961,"[113, 118, 418, 106, 128, 419, 87, 83]","[248, 336, 255, 346, 191, 230, 383, 296]",[],"{""ordinary"": 8}"
beads7,132,197,stable_ordinary,ordinary,0.7519083969465649,0.7490494296577946,0.7547892720306514,"[114, 135, 134, 149, 424, 119, 146, 117]","[319, 261, 342, 268, 213, 263, 261, 206]",[],"{""ordinary"": 8}"
beads7,134,342,stable_ordinary,ordinary,1.2881355932203389,1.2761194029850746,1.3003802281368821,"[119, 146, 132, 139, 148, 114, 149, 127]","[263, 261, 197, 221, 304, 319, 268, 275]",[],"{""ordinary"": 8}"
beads7,135,261,stable_ordinary,ordinary,1.2458233890214798,1.2253521126760563,1.266990291262136,"[132, 426, 425, 424, 117, 149, 114, 122]","[197, 100, 117, 213, 206, 268, 319, 261]","[426, 425]","{""ordinary"": 8}"
beads7,136,242,stable_ordinary,ordinary,0.9272030651340997,0.9201520912547528,0.9343629343629344,"[147, 142, 129, 159, 116, 157, 152, 141]","[252, 222, 263, 319, 225, 360, 259, 356]",[],"{""ordinary"": 8}"
beads7,139,221,stable_ordinary,ordinary,0.7949640287769785,0.7864768683274022,0.8036363636363636,"[127, 148, 134, 146, 154, 144, 119, 162]","[275, 304, 342, 261, 281, 308, 263, 231]",[],"{""ordinary"": 8}"
beads7,141,356,stable_ordinary,ordinary,1.0303907380607815,0.9888888888888889,1.0755287009063443,"[142, 143, 126, 129, 161, 157, 116, 125]","[222, 439, 331, 263, 390, 360, 225, 408]",[],"{""ordinary"": 8}"
beads7,142,222,stable_ordinary,ordinary,0.7628865979381443,0.6959247648902821,0.844106463878327,"[129, 141, 136, 157, 147, 161, 159, 116]","[263, 356, 242, 360, 252, 390, 319, 225]",[],"{""ordinary"": 8}"
beads7,143,439,stable_ordinary,ordinary,1.2780203784570596,1.2331460674157304,1.3262839879154078,"[145, 141, 125, 419, 126, 161, 128, 142]","[412, 356, 408, 230, 331, 390, 191, 222]",[],"{""ordinary"": 8}"
beads7,144,308,stable_ordinary,ordinary,1.1079136690647482,1.096085409252669,1.12,"[154, 139, 165, 148, 127, 166, 171, 162]","[281, 221, 284, 304, 275, 334, 227, 231]",[],"{""ordinary"": 8}"
beads7,145,412,stable_ordinary,ordinary,1.1994177583697234,1.1573033707865168,1.244712990936556,"[419, 143, 128, 125, 141, 126, 161, 104]","[230, 439, 191, 408, 356, 331, 390, 236]",[],"{""ordinary"": 8}"
beads7,146,261,stable_ordinary,ordinary,1.0460921843687374,0.9738805970149254,1.12987012987013,"[149, 134, 148, 163, 162, 139, 132, 424]","[268, 342, 304, 379, 231, 221, 197, 213]",[],"{""ordinary"": 8}"
beads7,147,252,stable_ordinary,ordinary,0.96,0.9581749049429658,0.9618320610687023,"[159, 136, 142, 152, 157, 164, 129, 172]","[319, 242, 222, 259, 360, 262, 263, 350]",[],"{""ordinary"": 8}"
beads7,148,304,stable_ordinary,ordinary,1.0935251798561152,1.0818505338078293,1.1054545454545455,"[139, 146, 162, 154, 166, 134, 163, 127]","[221, 261, 231, 281, 334, 342, 379, 275]",[],"{""ordinary"": 8}"
beads7,149,268,stable_ordinary,ordinary,1.089430894308943,1.0268199233716475,1.1601731601731602,"[424, 146, 132, 163, 426, 135, 134, 162]","[213, 261, 197, 379, 100, 261, 342, 231]",[426],"{""ordinary"": 8}"
beads7,152,259,stable_ordinary,ordinary,0.9773584905660377,0.9664179104477612,0.9885496183206107,"[164, 147, 159, 174, 169, 136, 172, 157]","[262, 252, 319, 230, 268, 242, 350, 360]",[],"{""ordinary"": 8}"
beads7,154,281,stable_ordinary,ordinary,1.0786948176583493,0.9894366197183099,1.1856540084388185,"[166, 144, 148, 165, 171, 139, 162, 177]","[334, 308, 304, 284, 227, 221, 231, 237]",[],"{""ordinary"": 8}"
beads7,157,360,stable_ordinary,ordinary,1.2100840336134453,1.128526645768025,1.3043478260869565,"[161, 159, 142, 173, 147, 172, 141, 136]","[390, 319, 222, 276, 252, 350, 356, 242]",[],"{""ordinary"": 8}"
beads7,159,319,stable_ordinary,ordinary,1.2245681381957774,1.217557251908397,1.2316602316602316,"[147, 157, 172, 164, 152, 173, 174, 142]","[252, 360, 350, 262, 259, 276, 230, 222]",[],"{""ordinary"": 8}"
beads7,161,390,stable_ordinary,ordinary,1.1555555555555554,1.095505617977528,1.2225705329153604,"[157, 141, 142, 173, 143, 159, 147, 145]","[360, 356, 222, 276, 439, 319, 252, 412]",[],"{""ordinary"": 8}"
beads7,162,231,stable_ordinary,ordinary,0.8523985239852399,0.8220640569395018,0.8850574712643678,"[163, 166, 148, 420, 177, 146, 154, 437]","[379, 334, 304, 178, 237, 261, 281, 210]",[],"{""ordinary"": 8}"
beads7,163,379,stable_ordinary,ordinary,1.5406504065040652,1.4521072796934866,1.6406926406926408,"[162, 146, 149, 420, 437, 148, 424, 166]","[231, 261, 268, 178, 210, 304, 213, 334]",[],"{""ordinary"": 8}"
beads7,164,262,stable_ordinary,ordinary,0.9943074003795066,0.9776119402985075,1.0115830115830116,"[152, 174, 159, 169, 172, 178, 147, 187]","[259, 230, 319, 268, 350, 396, 252, 206]",[],"{""ordinary"": 8}"
beads7,165,284,stable_ordinary,ordinary,0.9861111111111112,0.9627118644067797,1.01067615658363,"[171, 154, 144, 181, 166, 180, 185, 177]","[227, 281, 308, 281, 334, 295, 338, 237]",[],"{""ordinary"": 8}"
beads7,166,334,stable_ordinary,ordinary,1.2895752895752897,1.188612099644128,1.409282700421941,"[154, 162, 177, 171, 180, 420, 148, 165]","[281, 231, 237, 227, 295, 178, 304, 284]",[],"{""ordinary"": 8}"
beads7,169,268,stable_ordinary,ordinary,1.096114519427403,1.0347490347490347,1.1652173913043478,"[178, 164, 174, 183, 189, 152, 187, 194]","[396, 262, 230, 183, 224, 259, 206, 327]",[],"{""ordinary"": 8}"
beads7,171,227,stable_ordinary,ordinary,0.7841105354058722,0.7694915254237288,0.7992957746478874,"[165, 180, 166, 181, 185, 154, 177, 144]","[284, 295, 334, 281, 338, 281, 237, 308]",[],"{""ordinary"": 8}"
beads7,172,350,stable_ordinary,ordinary,1.3011152416356877,1.2681159420289856,1.3358778625954197,"[173, 174, 159, 186, 164, 187, 157, 427]","[276, 230, 319, 444, 262, 206, 360, 227]",[],"{""ordinary"": 8}"
beads7,173,276,stable_ordinary,ordinary,0.8251121076233184,0.7885714285714286,0.8652037617554859,"[172, 157, 427, 186, 161, 159, 174, 187]","[350, 360, 227, 444, 390, 319, 230, 206]",[],"{""ordinary"": 8}"
beads7,174,230,stable_ordinary,ordinary,0.7836456558773425,0.7210031347962382,0.8582089552238806,"[164, 172, 178, 187, 169, 189, 159, 186]","[262, 350, 396, 206, 268, 224, 319, 444]",[],"{""ordinary"": 8}"
beads7,177,237,stable_ordinary,ordinary,1.034934497816594,1.025974025974026,1.0440528634361232,"[420, 180, 166, 191, 162, 192, 437, 171]","[178, 295, 334, 199, 231, 331, 210, 227]",[],"{""ordinary"": 8}"
beads7,178,396,stable_ordinary,ordinary,1.6097560975609757,1.5114503816793894,1.7217391304347827,"[169, 189, 174, 183, 194, 187, 164, 172]","[268, 224, 230, 183, 327, 206, 262, 350]",[],"{""ordinary"": 8}"
beads7,180,295,stable_ordinary,ordinary,1.271551724137931,1.2447257383966244,1.2995594713656389,"[171, 177, 185, 191, 166, 195, 181, 420]","[227, 237, 338, 199, 334, 201, 281, 178]",[],"{""ordinary"": 8}"
beads7,181,281,stable_ordinary,ordinary,1.0664136622390892,0.9894366197183099,1.1563786008230452,"[185, 184, 171, 197, 165, 180, 195, 202]","[338, 121, 227, 243, 284, 295, 201, 322]",[184],"{""ordinary"": 8}"
beads7,183,183,stable_ordinary,ordinary,0.7439024390243902,0.6828358208955224,0.8169642857142857,"[194, 193, 178, 189, 201, 169, 203, 207]","[327, 126, 396, 224, 222, 268, 222, 297]",[],"{""ordinary"": 8}"
beads7,185,338,stable_ordinary,ordinary,1.4382978723404256,1.3909465020576133,1.4889867841409692,"[181, 195, 180, 197, 171, 202, 191, 184]","[281, 201, 295, 243, 227, 322, 199, 121]",[184],"{""ordinary"": 8}"
beads7,186,444,stable_ordinary,ordinary,1.9431072210065645,1.9304347826086956,1.9559471365638768,"[187, 427, 172, 428, 173, 174, 189, 199]","[206, 227, 350, 187, 276, 230, 224, 347]",[],"{""ordinary"": 8}"
beads7,187,206,stable_ordinary,ordinary,0.7140381282495667,0.5936599423631124,0.8956521739130435,"[186, 189, 174, 428, 199, 172, 178, 427]","[444, 224, 230, 187, 347, 350, 396, 227]",[],"{""ordinary"": 8}"
beads7,189,224,stable_ordinary,ordinary,0.9911504424778761,0.9739130434782609,1.009009009009009,"[178, 187, 194, 199, 183, 203, 174, 428]","[396, 206, 327, 347, 183, 222, 230, 187]",[],"{""ordinary"": 8}"
beads7,191,199,stable_ordinary,ordinary,0.8155737704918032,0.7928286852589641,0.8396624472573839,"[192, 195, 180, 421, 177, 205, 185, 420]","[331, 201, 295, 151, 237, 251, 338, 178]",[],"{""ordinary"": 8}"
beads7,192,331,stable_ordinary,ordinary,1.610705596107056,1.5761904761904761,1.6467661691542288,"[191, 421, 437, 420, 177, 205, 195, 180]","[199, 151, 210, 178, 237, 251, 201, 295]",[],"{""ordinary"": 8}"
beads7,193,126,stable_ordinary,ordinary,0.5650224215246636,0.5625,0.5675675675675675,"[201, 183, 194, 207, 203, 438, 189, 178]","[222, 183, 327, 297, 222, 207, 224, 396]",[],"{""ordinary"": 8}"
beads7,194,327,stable_ordinary,ordinary,1.4663677130044843,1.4598214285714286,1.472972972972973,"[183, 203, 193, 189, 201, 207, 199, 178]","[183, 222, 126, 224, 222, 297, 347, 396]",[],"{""ordinary"": 8}"
beads7,195,201,stable_ordinary,ordinary,0.7362637362637363,0.6813559322033899,0.8007968127490039,"[191, 185, 202, 205, 208, 180, 197, 421]","[199, 338, 322, 251, 330, 295, 243, 151]",[],"{""ordinary"": 8}"
beads7,197,243,stable_ordinary,ordinary,0.9382239382239382,0.8647686832740213,1.0253164556962024,"[202, 200, 184, 185, 209, 211, 181, 195]","[322, 154, 121, 338, 343, 237, 281, 201]",[184],"{""ordinary"": 8}"
beads7,199,347,stable_ordinary,ordinary,1.5560538116591929,1.5491071428571428,1.563063063063063,"[428, 203, 189, 212, 187, 213, 194, 207]","[187, 222, 224, 193, 206, 270, 327, 297]",[],"{""ordinary"": 8}"
beads7,200,154,threshold_sensitive,ordinary,0.5107794361525705,0.4782608695652174,0.5480427046263345,"[209, 197, 184, 211, 202, 181, 185, 216]","[343, 243, 121, 237, 322, 281, 338, 326]",[184],"{""ordinary"": 4, ""small"": 4}"
beads7,201,222,stable_ordinary,ordinary,1.002257336343115,1.0,1.004524886877828,"[193, 207, 194, 438, 203, 214, 183, 215]","[126, 297, 327, 207, 222, 309, 183, 221]",[],"{""ordinary"": 8}"
beads7,202,322,stable_ordinary,ordinary,1.1161178509532061,0.9877300613496932,1.2828685258964143,"[197, 208, 195, 211, 185, 216, 205, 209]","[243, 330, 201, 237, 338, 326, 251, 343]",[],"{""ordinary"": 8}"
beads7,203,222,stable_ordinary,ordinary,0.9955156950672646,0.9910714285714286,1.0,"[194, 199, 207, 212, 201, 215, 189, 183]","[327, 347, 297, 193, 222, 221, 224, 183]",[],"{""ordinary"": 8}"
beads7,205,251,stable_ordinary,ordinary,0.7746913580246914,0.7699386503067485,0.7795031055900621,"[208, 421, 195, 191, 217, 202, 192, 216]","[330, 151, 201, 199, 419, 322, 331, 326]",[],"{""ordinary"": 8}"
beads7,207,297,stable_ordinary,ordinary,1.337837837837838,1.337837837837838,1.337837837837838,"[201, 203, 215, 214, 219, 194, 438, 193]","[222, 222, 221, 309, 332, 327, 207, 126]",[],"{""ordinary"": 8}"
beads7,208,330,stable_ordinary,ordinary,1.3524590163934427,1.3147410358565736,1.3924050632911393,"[205, 202, 216, 217, 195, 220, 211, 421]","[251, 322, 326, 419, 201, 226, 237, 151]",[],"{""ordinary"": 8}"
beads7,209,343,stable_ordinary,ordinary,1.301707779886148,1.2120141342756183,1.4057377049180328,"[211, 200, 197, 224, 216, 202, 226, 208]","[237, 154, 243, 283, 326, 322, 244, 330]",[],"{""ordinary"": 8}"
beads7,211,237,stable_ordinary,ordinary,0.7834710743801653,0.7360248447204969,0.8374558303886925,"[209, 216, 202, 197, 208, 224, 226, 200]","[343, 326, 322, 243, 330, 283, 244, 154]",[],"{""ordinary"": 8}"
beads7,212,193,stable_ordinary,ordinary,0.7845528455284553,0.7148148148148148,0.8693693693693694,"[213, 215, 203, 223, 199, 429, 207, 428]","[270, 221, 222, 284, 347, 132, 297, 187]",[429],"{""ordinary"": 8}"
beads7,213,270,stable_ordinary,ordinary,1.2646370023419204,1.2217194570135748,1.3106796116504855,"[212, 429, 199, 428, 223, 215, 203, 227]","[193, 132, 347, 187, 284, 221, 222, 206]",[429],"{""ordinary"": 8}"
beads7,214,309,stable_ordinary,ordinary,1.3950338600451466,1.3918918918918919,1.3981900452488687,"[219, 438, 207, 430, 215, 228, 201, 227]","[332, 207, 297, 169, 221, 264, 222, 206]",[],"{""ordinary"": 8}"
beads7,215,221,stable_ordinary,ordinary,0.7978339350180506,0.778169014084507,0.8185185185185185,"[212, 219, 207, 223, 227, 203, 214, 213]","[193, 332, 297, 284, 206, 222, 309, 270]",[],"{""ordinary"": 8}"
beads7,216,326,stable_ordinary,ordinary,1.0776859504132232,1.0124223602484472,1.1519434628975265,"[211, 208, 220, 226, 202, 217, 229, 224]","[237, 330, 226, 244, 322, 419, 328, 283]",[],"{""ordinary"": 8}"
beads7,217,419,stable_ordinary,ordinary,1.4523396880415944,1.2852760736196318,1.6693227091633467,"[220, 208, 205, 422, 216, 421, 229, 234]","[226, 330, 251, 177, 326, 151, 328, 361]",[],"{""ordinary"": 8}"
beads7,219,332,stable_ordinary,ordinary,1.2116788321167884,1.1690140845070423,1.2575757575757576,"[214, 215, 228, 227, 207, 231, 430, 223]","[309, 221, 264, 206, 297, 328, 169, 284]",[],"{""ordinary"": 8}"
beads7,220,226,stable_ordinary,ordinary,0.691131498470948,0.6890243902439024,0.6932515337423313,"[217, 229, 216, 422, 208, 234, 226, 205]","[419, 328, 326, 177, 330, 361, 244, 251]",[],"{""ordinary"": 8}"
beads7,223,284,stable_ordinary,ordinary,1.1568228105906313,1.0518518518518518,1.2850678733031675,"[227, 429, 215, 212, 235, 213, 219, 237]","[206, 132, 221, 193, 300, 270, 332, 346]",[429],"{""ordinary"": 8}"
beads7,224,283,stable_ordinary,ordinary,1.0198198198198198,0.9433333333333334,1.1098039215686275,"[226, 233, 211, 209, 216, 238, 229, 241]","[244, 138, 237, 343, 326, 300, 328, 255]",[233],"{""ordinary"": 8}"
beads7,226,244,stable_ordinary,ordinary,0.9070631970260223,0.8621908127208481,0.9568627450980393,"[224, 229, 216, 238, 233, 220, 211, 241]","[283, 328, 326, 300, 138, 226, 237, 255]",[233],"{""ordinary"": 8}"
beads7,227,206,stable_ordinary,ordinary,0.7054794520547946,0.6866666666666666,0.7253521126760564,"[223, 231, 219, 237, 235, 215, 228, 429]","[284, 328, 332, 346, 300, 221, 264, 132]",[429],"{""ordinary"": 8}"
beads7,228,264,stable_ordinary,ordinary,0.9962264150943396,0.8543689320388349,1.1945701357466063,"[430, 231, 219, 236, 214, 240, 227, 215]","[169, 328, 332, 502, 309, 211, 206, 221]",[],"{""ordinary"": 8}"
beads7,229,328,stable_ordinary,ordinary,1.1252144082332762,1.0933333333333333,1.1590106007067138,"[226, 220, 234, 241, 216, 238, 242, 224]","[244, 226, 361, 255, 326, 300, 351, 283]",[],"{""ordinary"": 8}"
beads7,231,328,stable_ordinary,ordinary,1.2938856015779092,1.2424242424242424,1.3497942386831276,"[228, 227, 240, 237, 243, 236, 219, 430]","[264, 206, 211, 346, 243, 502, 332, 169]",[],"{""ordinary"": 8}"
beads7,234,361,stable_ordinary,ordinary,1.2384219554030875,1.100609756097561,1.415686274509804,"[242, 422, 229, 239, 220, 241, 246, 217]","[351, 177, 328, 388, 226, 255, 233, 419]",[],"{""ordinary"": 8}"
beads7,235,300,stable_ordinary,ordinary,1.188118811881188,1.1450381679389312,1.2345679012345678,"[237, 223, 227, 429, 440, 248, 243, 231]","[346, 284, 206, 132, 131, 262, 243, 328]","[429, 440]","{""ordinary"": 8}"
beads7,236,502,threshold_sensitive,ordinary,1.9802761341222879,1.9015151515151516,2.065843621399177,"[240, 228, 231, 430, 433, 243, 249, 237]","[211, 264, 328, 169, 197, 243, 335, 346]",[],"{""ordinary"": 4, ""large"": 4}"
beads7,237,346,stable_ordinary,ordinary,1.3702970297029704,1.3206106870229009,1.4238683127572016,"[235, 243, 231, 227, 248, 440, 240, 223]","[300, 243, 328, 206, 262, 131, 211, 284]",[440],"{""ordinary"": 8}"
beads7,238,300,stable_ordinary,ordinary,1.023890784982935,0.9900990099009901,1.0600706713780919,"[241, 233, 247, 226, 229, 224, 250, 242]","[255, 138, 303, 244, 328, 283, 367, 351]",[233],"{""ordinary"": 8}"
beads7,239,388,stable_ordinary,ordinary,1.2068429237947123,1.1213872832369942,1.3063973063973064,"[246, 234, 242, 422, 423, 253, 252, 255]","[233, 361, 351, 177, 194, 346, 297, 401]",[],"{""ordinary"": 8}"
beads7,240,211,stable_ordinary,ordinary,0.7128378378378378,0.6432926829268293,0.7992424242424242,"[236, 231, 243, 228, 249, 237, 433, 227]","[502, 328, 243, 264, 335, 346, 197, 206]",[],"{""ordinary"": 8}"
beads7,241,255,stable_ordinary,ordinary,0.8082408874801902,0.7774390243902439,0.8415841584158416,"[238, 242, 229, 247, 250, 234, 226, 252]","[300, 351, 328, 303, 367, 361, 244, 297]",[],"{""ordinary"": 8}"
beads7,242,351,stable_ordinary,ordinary,1.0415430267062316,1.0144508670520231,1.0701219512195121,"[234, 241, 246, 252, 239, 250, 229, 253]","[361, 255, 233, 297, 388, 367, 328, 346]",[],"{""ordinary"": 8}"
beads7,243,243,stable_ordinary,ordinary,0.7738853503184714,0.7408536585365854,0.81,"[237, 240, 249, 248, 231, 254, 235, 440]","[346, 211, 335, 262, 328, 333, 300, 131]",[440],"{""ordinary"": 8}"
beads7,246,233,stable_ordinary,ordinary,0.6685796269727403,0.6638176638176638,0.6734104046242775,"[239, 253, 242, 423, 252, 234, 255, 241]","[388, 346, 351, 194, 297, 361, 401, 255]",[],"{""ordinary"": 8}"
beads7,247,303,stable_ordinary,ordinary,1.015075376884422,1.01,1.02020202020202,"[250, 238, 241, 252, 258, 242, 233, 229]","[367, 300, 255, 297, 217, 351, 138, 328]",[233],"{""ordinary"": 8}"
beads7,248,262,stable_ordinary,ordinary,0.8278041074249605,0.7867867867867868,0.8733333333333333,"[440, 254, 243, 237, 256, 235, 249, 264]","[131, 333, 243, 346, 385, 300, 335, 262]",[440],"{""ordinary"": 8}"
beads7,249,335,stable_ordinary,ordinary,1.3267326732673268,1.2786259541984732,1.3786008230452675,"[243, 433, 254, 260, 240, 264, 431, 248]","[243, 197, 333, 280, 211, 262, 241, 262]",[],"{""ordinary"": 8}"
beads7,250,367,stable_ordinary,ordinary,1.2172470978441128,1.2112211221122111,1.2233333333333334,"[247, 252, 258, 241, 242, 238, 265, 253]","[303, 297, 217, 255, 351, 300, 308, 346]",[],"{""ordinary"": 8}"
beads7,252,297,stable_ordinary,ordinary,0.972176759410802,0.9642857142857143,0.9801980198019802,"[250, 253, 258, 242, 265, 246, 247, 241]","[367, 346, 217, 351, 308, 233, 303, 255]",[],"{""ordinary"": 8}"
beads7,253,346,stable_ordinary,ordinary,1.0500758725341426,0.9857549857549858,1.1233766233766234,"[246, 252, 255, 266, 265, 423, 242, 269]","[233, 297, 401, 383, 308, 194, 351, 359]",[],"{""ordinary"": 8}"
beads7,254,333,stable_ordinary,ordinary,1.2709923664122138,1.2709923664122138,1.2709923664122138,"[248, 264, 249, 440, 256, 243, 268, 260]","[262, 262, 335, 131, 385, 243, 220, 280]",[440],"{""ordinary"": 8}"
beads7,255,401,stable_ordinary,ordinary,1.2262996941896025,1.1589595375722543,1.301948051948052,"[423, 269, 253, 259, 266, 246, 270, 265]","[194, 359, 346, 397, 383, 233, 240, 308]",[],"{""ordinary"": 8}"
beads7,256,385,stable_ordinary,ordinary,1.4694656488549618,1.4694656488549618,1.4694656488549618,"[268, 254, 440, 248, 264, 276, 434, 278]","[220, 333, 131, 262, 262, 327, 163, 384]","[440, 434]","{""ordinary"": 8}"
beads7,258,217,stable_ordinary,ordinary,0.6636085626911316,0.6271676300578035,0.7045454545454546,"[265, 250, 252, 247, 253, 266, 279, 242]","[308, 367, 297, 303, 346, 383, 292, 351]",[],"{""ordinary"": 8}"
beads7,259,397,stable_ordinary,ordinary,1.1957831325301205,1.105849582172702,1.301639344262295,"[270, 269, 255, 423, 272, 282, 280, 266]","[240, 359, 401, 194, 275, 395, 305, 383]",[],"{""ordinary"": 8}"
beads7,260,280,stable_ordinary,ordinary,0.9475465313028765,0.851063829787234,1.0687022900763359,"[431, 264, 249, 432, 433, 254, 275, 268]","[241, 262, 335, 329, 197, 333, 472, 220]",[],"{""ordinary"": 8}"
beads7,264,262,stable_ordinary,ordinary,0.7915407854984894,0.7867867867867868,0.7963525835866262,"[254, 260, 268, 275, 249, 276, 256, 432]","[333, 280, 220, 472, 335, 327, 385, 329]",[],"{""ordinary"": 8}"
beads7,265,308,stable_ordinary,ordinary,0.873758865248227,0.8579387186629527,0.8901734104046243,"[258, 266, 279, 252, 253, 250, 281, 269]","[217, 383, 292, 297, 346, 367, 399, 359]",[],"{""ordinary"": 8}"
beads7,266,383,stable_ordinary,ordinary,1.1712538226299694,1.106936416184971,1.2435064935064934,"[265, 269, 253, 255, 279, 281, 258, 252]","[308, 359, 346, 401, 292, 399, 217, 297]",[],"{""ordinary"": 8}"
beads7,268,220,stable_ordinary,ordinary,0.6136680613668062,0.5729166666666666,0.6606606606606606,"[256, 276, 264, 275, 254, 278, 248, 290]","[385, 327, 262, 472, 333, 384, 262, 400]",[],"{""ordinary"": 8}"
beads7,269,359,stable_ordinary,ordinary,0.9849108367626886,0.9373368146214099,1.0375722543352601,"[255, 266, 270, 259, 280, 281, 253, 423]","[401, 383, 240, 397, 305, 399, 346, 194]",[],"{""ordinary"": 8}"
beads7,270,240,stable_ordinary,ordinary,0.636604774535809,0.6075949367088608,0.6685236768802229,"[259, 282, 272, 269, 280, 255, 284, 281]","[397, 395, 275, 359, 305, 401, 334, 399]",[],"{""ordinary"": 8}"
beads7,272,275,stable_ordinary,ordinary,0.7834757834757835,0.7472826086956522,0.8233532934131736,"[284, 282, 270, 259, 287, 294, 297, 280]","[334, 395, 240, 397, 248, 463, 368, 305]",[],"{""ordinary"": 8}"
beads7,275,472,stable_ordinary,ordinary,1.555189456342669,1.4434250764525993,1.6857142857142857,"[276, 264, 432, 289, 268, 260, 290, 254]","[327, 262, 329, 251, 220, 280, 400, 333]",[],"{""ordinary"": 8}"
beads7,276,327,stable_ordinary,ordinary,0.9984732824427481,0.8515625,1.2066420664206643,"[268, 275, 290, 278, 289, 264, 291, 256]","[220, 472, 400, 384, 251, 262, 271, 385]",[],"{""ordinary"": 8}"
beads7,278,384,stable_ordinary,ordinary,1.2842809364548495,1.1743119266055047,1.4169741697416973,"[291, 434, 276, 290, 283, 268, 292, 256]","[271, 163, 327, 400, 338, 220, 241, 385]",[434],"{""ordinary"": 8}"
beads7,279,292,stable_ordinary,ordinary,0.8283687943262411,0.8133704735376045,0.8439306358381503,"[281, 265, 266, 280, 269, 296, 258, 253]","[399, 308, 383, 305, 359, 394, 217, 346]",[],"{""ordinary"": 8}"
beads7,280,305,stable_ordinary,ordinary,0.7850707850707851,0.7741116751269036,0.7963446475195822,"[281, 282, 269, 270, 296, 299, 279, 266]","[399, 395, 359, 240, 394, 437, 292, 383]",[],"{""ordinary"": 8}"
beads7,281,399,stable_ordinary,ordinary,1.0754716981132075,1.04177545691906,1.1114206128133706,"[279, 280, 296, 266, 269, 265, 299, 282]","[292, 305, 394, 383, 359, 308, 437, 395]",[],"{""ordinary"": 8}"
beads7,282,395,stable_ordinary,ordinary,1.13997113997114,1.1002785515320335,1.1826347305389222,"[270, 280, 272, 284, 297, 299, 259, 269]","[240, 305, 275, 334, 368, 437, 397, 359]",[],"{""ordinary"": 8}"
beads7,283,338,stable_ordinary,ordinary,1.008955223880597,0.9854227405247813,1.033639143730887,"[292, 434, 278, 291, 302, 304, 305, 276]","[241, 163, 384, 271, 431, 343, 374, 327]",[434],"{""ordinary"": 8}"
beads7,284,334,stable_ordinary,ordinary,0.908843537414966,0.907608695652174,0.9100817438692098,"[272, 294, 287, 282, 297, 270, 298, 299]","[275, 463, 248, 395, 368, 240, 367, 437]",[],"{""ordinary"": 8}"
beads7,287,248,stable_ordinary,ordinary,0.6748299319727891,0.6739130434782609,0.6757493188010899,"[298, 294, 284, 272, 314, 301, 311, 297]","[367, 463, 334, 275, 339, 456, 400, 368]",[],"{""ordinary"": 8}"
beads7,289,251,stable_ordinary,ordinary,0.7652439024390244,0.7629179331306991,0.7675840978593272,"[290, 303, 275, 276, 306, 432, 291, 278]","[400, 194, 472, 327, 285, 329, 271, 384]",[],"{""ordinary"": 8}"
beads7,290,400,stable_ordinary,ordinary,1.3071895424836601,1.2232415902140672,1.4035087719298245,"[289, 276, 291, 303, 306, 278, 275, 305]","[251, 327, 271, 194, 285, 384, 472, 374]",[],"{""ordinary"": 8}"
beads7,291,271,stable_ordinary,ordinary,0.7612359550561798,0.7245989304812834,0.8017751479289941,"[278, 290, 305, 292, 306, 283, 276, 302]","[384, 400, 374, 241, 285, 338, 327, 431]",[],"{""ordinary"": 8}"
beads7,292,241,stable_ordinary,ordinary,0.6722454672245467,0.6443850267379679,0.7026239067055393,"[283, 302, 291, 305, 278, 434, 304, 321]","[338, 431, 271, 374, 384, 163, 343, 435]",[434],"{""ordinary"": 8}"
beads7,294,463,stable_ordinary,ordinary,1.37592867756315,1.3657817109144543,1.3862275449101797,"[284, 287, 297, 298, 314, 317, 316, 272]","[334, 248, 368, 367, 339, 468, 278, 275]",[],"{""ordinary"": 8}"
beads7,296,394,stable_ordinary,ordinary,1.0839064649243466,1.0706521739130435,1.0974930362116992,"[299, 280, 281, 297, 282, 279, 316, 269]","[437, 305, 399, 368, 395, 292, 278, 359]",[],"{""ordinary"": 8}"
beads7,297,368,stable_ordinary,ordinary,0.9328263624841572,0.9316455696202531,0.934010152284264,"[299, 294, 282, 316, 284, 317, 296, 272]","[437, 463, 395, 278, 334, 468, 394, 275]",[],"{""ordinary"": 8}"
beads7,298,367,stable_ordinary,ordinary,0.8918590522478737,0.8676122931442081,0.9175,"[287, 311, 301, 294, 314, 310, 284, 317]","[248, 400, 456, 463, 339, 423, 334, 468]",[],"{""ordinary"": 8}"
beads7,299,437,stable_ordinary,ordinary,1.146981627296588,1.1091370558375635,1.1875,"[296, 297, 282, 280, 316, 281, 317, 284]","[394, 368, 395, 305, 278, 399, 468, 334]",[],"{""ordinary"": 8}"
beads7,301,456,stable_ordinary,ordinary,1.1890482398956974,1.14,1.2425068119891007,"[310, 311, 298, 287, 330, 314, 315, 327]","[423, 400, 367, 248, 433, 339, 219, 454]",[],"{""ordinary"": 8}"
beads7,302,431,stable_ordinary,ordinary,1.2657856093979443,1.2565597667638484,1.2751479289940828,"[292, 321, 305, 304, 322, 283, 291, 319]","[241, 435, 374, 343, 397, 338, 271, 262]",[],"{""ordinary"": 8}"
beads7,303,194,stable_ordinary,ordinary,0.5534950071326676,0.5187165775401069,0.5932721712538226,"[306, 290, 289, 305, 291, 323, 276, 275]","[285, 400, 251, 374, 271, 454, 327, 472]",[],"{""ordinary"": 8}"
beads7,304,343,stable_ordinary,ordinary,1.0685358255451713,1.014792899408284,1.1282894736842106,"[319, 309, 302, 321, 292, 318, 334, 283]","[262, 274, 431, 435, 241, 304, 410, 338]",[],"{""ordinary"": 8}"
beads7,305,374,stable_ordinary,ordinary,1.096774193548387,0.9420654911838791,1.312280701754386,"[306, 291, 323, 322, 302, 292, 303, 290]","[285, 271, 454, 397, 431, 241, 194, 400]",[],"{""ordinary"": 8}"
beads7,306,285,stable_ordinary,ordinary,0.7392996108949417,0.7178841309823678,0.7620320855614974,"[303, 305, 290, 323, 291, 289, 322, 302]","[194, 374, 400, 454, 271, 251, 397, 431]",[],"{""ordinary"": 8}"
beads7,309,274,stable_ordinary,ordinary,0.8058823529411765,0.7988338192419825,0.8130563798219584,"[318, 304, 319, 334, 329, 320, 321, 302]","[304, 343, 262, 410, 337, 246, 435, 431]",[],"{""ordinary"": 8}"
beads7,310,423,stable_ordinary,ordinary,1.0156062424969987,0.976905311778291,1.0575,"[301, 311, 327, 315, 330, 298, 325, 332]","[456, 400, 454, 219, 433, 367, 395, 486]",[],"{""ordinary"": 8}"
beads7,311,400,stable_ordinary,ordinary,0.9345794392523364,0.9237875288683602,0.9456264775413712,"[301, 298, 314, 310, 332, 330, 335, 287]","[456, 367, 339, 423, 486, 433, 462, 248]",[],"{""ordinary"": 8}"
beads7,314,339,stable_ordinary,ordinary,0.7865429234338747,0.7337662337662337,0.8475,"[317, 311, 298, 335, 294, 332, 331, 287]","[468, 400, 367, 462, 463, 486, 204, 248]",[331],"{""ordinary"": 8}"
beads7,315,219,stable_ordinary,ordinary,0.5046082949308756,0.503448275862069,0.5057736720554272,"[325, 327, 310, 351, 326, 301, 330, 344]","[395, 454, 423, 372, 528, 456, 433, 435]",[],"{""ordinary"": 8}"
beads7,316,278,stable_ordinary,ordinary,0.6690734055354994,0.6361556064073226,0.7055837563451777,"[317, 297, 331, 299, 294, 314, 296, 335]","[468, 368, 204, 437, 463, 339, 394, 462]",[331],"{""ordinary"": 8}"
beads7,317,468,stable_ordinary,ordinary,1.1627329192546585,1.070938215102975,1.2717391304347827,"[316, 331, 314, 294, 297, 335, 299, 332]","[278, 204, 339, 463, 368, 462, 437, 486]",[331],"{""ordinary"": 8}"
beads7,318,304,stable_ordinary,ordinary,0.9950900163666121,0.9020771513353115,1.1094890510948905,"[309, 329, 320, 319, 334, 304, 328, 354]","[274, 337, 246, 262, 410, 343, 265, 372]",[],"{""ordinary"": 8}"
beads7,319,262,stable_ordinary,ordinary,0.6958831341301461,0.6390243902439025,0.7638483965014577,"[304, 309, 334, 321, 342, 318, 302, 329]","[343, 274, 410, 435, 411, 304, 431, 337]",[],"{""ordinary"": 8}"
beads7,320,246,stable_ordinary,ordinary,0.7354260089686099,0.7299703264094956,0.7409638554216867,"[328, 318, 329, 354, 309, 347, 334, 363]","[265, 304, 337, 372, 274, 420, 410, 332]",[],"{""ordinary"": 8}"
beads7,321,435,stable_ordinary,ordinary,1.1284046692607004,1.0957178841309825,1.1631016042780749,"[322, 302, 342, 343, 319, 304, 305, 323]","[397, 431, 411, 254, 262, 343, 374, 454]",[],"{""ordinary"": 8}"
beads7,322,397,stable_ordinary,ordinary,1.0114649681528662,0.9659367396593674,1.0614973262032086,"[323, 321, 305, 343, 302, 306, 342, 292]","[454, 435, 374, 254, 431, 285, 411, 241]",[],"{""ordinary"": 8}"
beads7,323,454,stable_ordinary,ordinary,1.377845220030349,1.213903743315508,1.592982456140351,"[322, 305, 306, 303, 321, 343, 302, 291]","[397, 374, 285, 194, 435, 254, 431, 271]",[],"{""ordinary"": 8}"
beads7,325,395,stable_ordinary,ordinary,0.9207459207459208,0.9080459770114943,0.933806146572104,"[315, 327, 326, 344, 351, 310, 359, 336]","[219, 454, 528, 435, 372, 423, 549, 419]",[],"{""ordinary"": 8}"
beads7,326,528,stable_ordinary,ordinary,1.2972972972972974,1.260143198090692,1.3367088607594937,"[344, 336, 325, 315, 333, 351, 372, 374]","[435, 419, 395, 219, 342, 372, 435, 577]",[],"{""ordinary"": 8}"
beads7,327,454,stable_ordinary,ordinary,1.1421383647798742,1.135,1.1493670886075948,"[315, 325, 330, 310, 351, 359, 361, 311]","[219, 395, 433, 423, 372, 549, 266, 400]",[],"{""ordinary"": 8}"
beads7,328,265,stable_ordinary,ordinary,0.6691919191919192,0.6309523809523809,0.7123655913978495,"[347, 320, 354, 329, 318, 341, 369, 375]","[420, 246, 372, 337, 304, 472, 452, 448]",[],"{""ordinary"": 8}"
beads7,329,337,stable_ordinary,ordinary,1.166089965397924,1.1085526315789473,1.22992700729927,"[318, 320, 354, 334, 363, 328, 309, 319]","[304, 246, 372, 410, 332, 265, 274, 262]",[],"{""ordinary"": 8}"
beads7,330,433,stable_ordinary,ordinary,0.9516483516483516,0.9495614035087719,0.9537444933920705,"[332, 361, 327, 310, 359, 311, 301, 335]","[486, 266, 454, 423, 549, 400, 456, 462]",[],"{""ordinary"": 8}"
beads7,332,486,stable_ordinary,ordinary,1.181044957472661,1.148936170212766,1.215,"[335, 330, 311, 314, 361, 331, 310, 317]","[462, 433, 400, 339, 266, 204, 423, 468]",[331],"{""ordinary"": 8}"
beads7,333,342,stable_ordinary,ordinary,0.7862068965517242,0.7862068965517242,0.7862068965517242,"[362, 336, 352, 326, 372, 346, 382, 344]","[364, 419, 440, 528, 435, 433, 446, 435]",[],"{""ordinary"": 8}"
beads7,334,410,stable_ordinary,ordinary,1.2893081761006289,1.2349397590361446,1.3486842105263157,"[319, 342, 365, 363, 329, 318, 367, 309]","[262, 411, 528, 332, 337, 304, 235, 274]",[],"{""ordinary"": 8}"
beads7,335,462,stable_ordinary,ordinary,1.250338294993234,1.155,1.3628318584070795,"[331, 332, 314, 317, 311, 330, 316, 361]","[204, 486, 339, 468, 400, 433, 278, 266]",[331],"{""ordinary"": 8}"
beads7,336,419,stable_ordinary,ordinary,0.9632183908045977,0.9632183908045977,0.9632183908045977,"[326, 333, 344, 362, 372, 352, 374, 325]","[528, 342, 435, 364, 435, 440, 577, 395]",[],"{""ordinary"": 8}"
beads7,337,235,stable_ordinary,ordinary,0.5788177339901478,0.5717761557177615,0.5860349127182045,"[346, 360, 353, 370, 352, 386, 376, 366]","[433, 336, 321, 401, 440, 390, 411, 502]",[],"{""ordinary"": 8}"
beads7,339,269,stable_ordinary,ordinary,0.736986301369863,0.7041884816753927,0.7729885057471264,"[350, 356, 341, 373, 364, 345, 369, 385]","[262, 383, 472, 382, 243, 223, 452, 348]",[],"{""ordinary"": 8}"
beads7,341,472,stable_ordinary,ordinary,1.2931506849315069,1.2356020942408377,1.3563218390804597,"[356, 339, 369, 347, 328, 350, 385, 373]","[383, 269, 452, 420, 265, 262, 348, 382]",[],"{""ordinary"": 8}"
beads7,342,411,stable_ordinary,ordinary,1.1275720164609053,1.035264483627204,1.2379518072289157,"[343, 367, 334, 321, 365, 319, 322, 363]","[254, 235, 410, 435, 528, 262, 397, 332]",[],"{""ordinary"": 8}"
beads7,343,254,stable_ordinary,ordinary,0.6187576126674786,0.6180048661800487,0.6195121951219512,"[342, 321, 367, 322, 365, 323, 334, 319]","[411, 435, 235, 397, 528, 454, 410, 262]",[],"{""ordinary"": 8}"
beads7,344,435,stable_ordinary,ordinary,0.9786276715410573,0.9581497797356828,1.0,"[326, 336, 325, 351, 374, 372, 378, 327]","[528, 419, 395, 372, 577, 435, 506, 454]",[],"{""ordinary"": 8}"
beads7,345,223,stable_ordinary,ordinary,0.8138686131386861,0.7992831541218638,0.828996282527881,"[355, 364, 350, 380, 368, 339, 348, 373]","[244, 243, 262, 473, 369, 269, 279, 382]",[],"{""ordinary"": 8}"
beads7,346,433,stable_ordinary,ordinary,1.1830601092896176,1.1102564102564103,1.2660818713450293,"[337, 360, 370, 352, 353, 382, 386, 333]","[235, 336, 401, 440, 321, 446, 390, 342]",[],"{""ordinary"": 8}"
beads7,347,420,stable_ordinary,ordinary,1.1125827814569536,1.0966057441253263,1.1290322580645162,"[328, 369, 341, 354, 375, 320, 329, 356]","[265, 452, 472, 372, 448, 246, 337, 383]",[],"{""ordinary"": 8}"
beads7,348,279,stable_ordinary,ordinary,0.7420212765957447,0.7284595300261096,0.7560975609756098,"[357, 368, 355, 379, 366, 345, 393, 380]","[286, 369, 244, 397, 502, 223, 383, 473]",[],"{""ordinary"": 8}"
beads7,350,262,stable_ordinary,ordinary,0.804915514592934,0.6858638743455497,0.9739776951672863,"[339, 364, 373, 356, 345, 388, 341, 355]","[269, 243, 382, 383, 223, 401, 472, 244]",[],"{""ordinary"": 8}"
beads7,351,372,stable_ordinary,ordinary,0.8368953880764904,0.8193832599118943,0.8551724137931035,"[359, 378, 327, 325, 344, 374, 435, 315]","[549, 506, 454, 395, 435, 577, 179, 219]",[435],"{""ordinary"": 8}"
beads7,352,440,stable_ordinary,ordinary,1.1503267973856208,1.0972568578553616,1.2087912087912087,"[333, 362, 346, 382, 370, 337, 336, 360]","[342, 364, 433, 446, 401, 235, 419, 336]",[],"{""ordinary"": 8}"
beads7,353,321,stable_ordinary,ordinary,0.8116308470290771,0.800498753117207,0.823076923076923,"[376, 360, 366, 337, 386, 346, 357, 370]","[411, 336, 502, 235, 390, 433, 286, 401]",[],"{""ordinary"": 8}"
beads7,354,372,stable_ordinary,ordinary,1.1154422788605698,1.1104477611940298,1.1204819277108433,"[329, 363, 375, 381, 328, 347, 320, 318]","[337, 332, 448, 335, 265, 420, 246, 304]",[],"{""ordinary"": 8}"
beads7,355,244,stable_ordinary,ordinary,0.7530864197530864,0.6612466124661247,0.8745519713261649,"[345, 368, 380, 364, 348, 393, 350, 379]","[223, 369, 473, 243, 279, 383, 262, 397]",[],"{""ordinary"": 8}"
beads7,356,383,stable_ordinary,ordinary,1.0493150684931507,1.0026178010471205,1.1005747126436782,"[339, 341, 373, 350, 369, 385, 347, 364]","[269, 472, 382, 262, 452, 348, 420, 243]",[],"{""ordinary"": 8}"
beads7,357,286,stable_ordinary,ordinary,0.7467362924281984,0.7204030226700252,0.7750677506775068,"[348, 366, 379, 368, 392, 376, 353, 355]","[279, 502, 397, 369, 499, 411, 321, 244]",[],"{""ordinary"": 8}"
beads7,359,549,stable_ordinary,ordinary,1.237880496054115,1.2092511013215859,1.2678983833718245,"[361, 351, 435, 327, 330, 378, 332, 374]","[266, 372, 179, 454, 433, 506, 486, 577]",[435],"{""ordinary"": 8}"
beads7,360,336,stable_ordinary,ordinary,0.8275862068965517,0.8175182481751825,0.8379052369077307,"[337, 346, 370, 353, 386, 376, 352, 395]","[235, 433, 401, 321, 390, 411, 440, 618]",[],"{""ordinary"": 8}"
beads7,361,266,stable_ordinary,ordinary,0.5807860262008734,0.5757575757575758,0.5859030837004405,"[359, 330, 435, 332, 327, 351, 378, 335]","[549, 433, 179, 486, 454, 372, 506, 462]",[435],"{""ordinary"": 8}"
beads7,362,364,stable_ordinary,ordinary,0.8367816091954023,0.8367816091954023,0.8367816091954023,"[333, 352, 336, 372, 387, 382, 391, 344]","[342, 440, 419, 435, 622, 446, 411, 435]",[],"{""ordinary"": 8}"
beads7,363,332,stable_ordinary,ordinary,0.8491048593350383,0.8097560975609757,0.8924731182795699,"[365, 354, 334, 381, 329, 367, 342, 375]","[528, 372, 410, 335, 337, 235, 411, 448]",[],"{""ordinary"": 8}"
beads7,364,243,stable_ordinary,ordinary,0.7617554858934169,0.6585365853658537,0.9033457249070632,"[345, 350, 380, 355, 388, 373, 339, 368]","[223, 262, 473, 244, 401, 382, 269, 369]",[],"{""ordinary"": 8}"
beads7,365,528,stable_ordinary,ordinary,1.5714285714285714,1.5667655786350148,1.5761194029850747,"[367, 363, 334, 342, 343, 381, 329, 354]","[235, 332, 410, 411, 254, 335, 337, 372]",[],"{""ordinary"": 8}"
beads7,366,502,stable_ordinary,ordinary,1.3107049608355092,1.2644836272040303,1.3604336043360434,"[376, 357, 353, 392, 379, 348, 400, 368]","[411, 286, 321, 499, 397, 279, 450, 369]",[],"{""ordinary"": 8}"
beads7,367,235,stable_ordinary,ordinary,0.5824039653035935,0.573170731707317,0.5919395465994962,"[365, 342, 343, 334, 363, 321, 319, 322]","[528, 411, 254, 410, 332, 435, 262, 397]",[],"{""ordinary"": 8}"
beads7,368,369,stable_ordinary,ordinary,1.3061946902654866,1.2902097902097902,1.3225806451612903,"[348, 355, 379, 357, 393, 380, 345, 364]","[279, 244, 397, 286, 383, 473, 223, 243]",[],"{""ordinary"": 8}"
beads7,369,452,stable_ordinary,ordinary,1.13,1.0839328537170263,1.1801566579634464,"[347, 385, 341, 389, 375, 356, 394, 328]","[420, 348, 472, 417, 448, 383, 348, 265]",[],"{""ordinary"": 8}"
beads7,370,401,stable_ordinary,ordinary,0.9581839904420549,0.9260969976905312,0.9925742574257426,"[360, 346, 382, 386, 352, 395, 337, 399]","[336, 433, 446, 390, 440, 618, 235, 404]",[],"{""ordinary"": 8}"
beads7,372,435,stable_ordinary,ordinary,1.018735362997658,1.0,1.0381861575178997,"[391, 374, 362, 387, 336, 344, 333, 326]","[411, 577, 364, 622, 419, 435, 342, 528]",[],"{""ordinary"": 8}"
beads7,373,382,stable_ordinary,ordinary,1.0451436388508892,0.9973890339425587,1.0977011494252873,"[356, 350, 397, 388, 385, 364, 339, 402]","[383, 262, 508, 401, 348, 243, 269, 408]",[],"{""ordinary"": 8}"
beads7,374,577,stable_ordinary,ordinary,1.351288056206089,1.3264367816091953,1.3770883054892602,"[378, 372, 344, 351, 391, 435, 359, 336]","[506, 435, 435, 372, 411, 179, 549, 419]",[435],"{""ordinary"": 8}"
beads7,375,448,stable_ordinary,ordinary,1.2444444444444445,1.2043010752688172,1.2873563218390804,"[381, 394, 354, 389, 369, 347, 363, 328]","[335, 348, 372, 417, 452, 420, 332, 265]",[],"{""ordinary"": 8}"
beads7,376,411,stable_ordinary,ordinary,1.0444726810673444,1.035264483627204,1.0538461538461539,"[366, 353, 386, 392, 400, 360, 357, 379]","[502, 321, 390, 499, 450, 336, 286, 397]",[],"{""ordinary"": 8}"
beads7,378,506,stable_ordinary,ordinary,1.1962174940898345,1.1632183908045977,1.2311435523114356,"[374, 435, 351, 359, 344, 361, 372, 391]","[577, 179, 372, 549, 435, 266, 435, 411]",[435],"{""ordinary"": 8}"
beads7,379,397,stable_ordinary,ordinary,0.9474940334128878,0.8725274725274725,1.0365535248041775,"[357, 368, 392, 393, 403, 366, 348, 407]","[286, 369, 499, 383, 565, 502, 279, 455]",[],"{""ordinary"": 8}"
beads7,380,473,stable_ordinary,ordinary,1.2579787234042554,1.2349869451697129,1.2818428184281843,"[364, 355, 393, 401, 388, 368, 345, 405]","[243, 244, 383, 472, 401, 369, 223, 394]",[],"{""ordinary"": 8}"
beads7,381,335,stable_ordinary,ordinary,0.8491761723700887,0.8033573141486811,0.9005376344086021,"[375, 354, 363, 394, 365, 389, 329, 347]","[448, 372, 332, 348, 528, 417, 337, 420]",[],"{""ordinary"": 8}"
beads7,382,446,stable_ordinary,ordinary,1.065710872162485,1.0300230946882216,1.103960396039604,"[399, 387, 370, 352, 362, 395, 346, 333]","[404, 622, 401, 440, 364, 618, 433, 342]",[],"{""ordinary"": 8}"
beads7,385,348,stable_ordinary,ordinary,0.8436363636363636,0.8345323741007195,0.8529411764705882,"[402, 389, 369, 397, 373, 356, 341, 394]","[408, 417, 452, 508, 382, 383, 472, 348]",[],"{""ordinary"": 8}"
beads7,386,390,stable_ordinary,ordinary,0.9241706161137441,0.9006928406466512,0.948905109489051,"[404, 395, 376, 360, 370, 400, 353, 346]","[487, 618, 411, 336, 401, 450, 321, 433]",[],"{""ordinary"": 8}"
beads7,387,622,stable_ordinary,ordinary,1.4566744730679158,1.4298850574712643,1.4844868735083532,"[391, 382, 362, 399, 372, 352, 395, 336]","[411, 446, 364, 404, 435, 440, 618, 419]",[],"{""ordinary"": 8}"
beads7,388,401,stable_ordinary,ordinary,1.0335051546391754,1.017766497461929,1.049738219895288,"[405, 397, 373, 401, 380, 364, 350, 385]","[394, 508, 382, 472, 473, 243, 262, 348]",[],"{""ordinary"": 8}"
beads7,389,417,stable_ordinary,ordinary,1.0072463768115942,0.9928571428571429,1.0220588235294117,"[394, 385, 369, 402, 375, 381, 397, 347]","[348, 348, 452, 408, 448, 335, 508, 420]",[],"{""ordinary"": 8}"
beads7,391,411,stable_ordinary,ordinary,0.9330306469920545,0.92152466367713,0.9448275862068966,"[387, 372, 374, 362, 399, 382, 378, 344]","[622, 435, 577, 364, 404, 446, 506, 435]",[],"{""ordinary"": 8}"
beads7,392,499,stable_ordinary,ordinary,1.159117305458769,1.1088888888888888,1.2141119221411192,"[407, 400, 379, 376, 366, 403, 357, 386]","[455, 450, 397, 411, 502, 565, 286, 390]",[],"{""ordinary"": 8}"
beads7,393,383,stable_ordinary,ordinary,0.9909443725743855,0.964735516372796,1.0186170212765957,"[408, 403, 380, 401, 368, 379, 355, 348]","[376, 565, 473, 472, 369, 397, 244, 279]",[],"{""ordinary"": 8}"
beads7,394,348,stable_ordinary,ordinary,0.8436363636363636,0.8345323741007195,0.8529411764705882,"[389, 375, 381, 369, 385, 402, 354, 347]","[417, 448, 335, 452, 348, 408, 372, 420]",[],"{""ordinary"": 8}"
beads7,395,618,stable_ordinary,ordinary,1.4541176470588235,1.3856502242152466,1.5297029702970297,"[399, 404, 386, 370, 382, 360, 400, 387]","[404, 487, 390, 401, 446, 336, 450, 622]",[],"{""ordinary"": 8}"
beads7,397,508,stable_ordinary,ordinary,1.2779874213836477,1.2668329177057356,1.2893401015228427,"[402, 388, 385, 405, 373, 389, 356, 401]","[408, 401, 348, 394, 382, 417, 383, 472]",[],"{""ordinary"": 8}"
beads7,399,404,stable_ordinary,ordinary,0.9119638826185101,0.905829596412556,0.9181818181818182,"[382, 395, 387, 370, 404, 391, 362, 352]","[446, 618, 622, 401, 487, 411, 364, 440]",[],"{""ordinary"": 8}"
beads7,400,450,stable_ordinary,ordinary,0.9127789046653144,0.9018036072144289,0.9240246406570842,"[392, 407, 404, 376, 386, 366, 395, 403]","[499, 455, 487, 411, 390, 502, 618, 565]",[],"{""ordinary"": 8}"
beads7,401,472,stable_ordinary,ordinary,1.1874213836477987,1.1770573566084788,1.1979695431472082,"[405, 408, 393, 388, 380, 403, 364, 397]","[394, 376, 383, 401, 473, 565, 243, 508]",[],"{""ordinary"": 8}"
beads7,402,408,stable_ordinary,ordinary,1.0264150943396226,1.0174563591022443,1.0355329949238579,"[397, 385, 389, 373, 394, 405, 369, 388]","[508, 348, 417, 382, 348, 394, 452, 401]",[],"{""ordinary"": 8}"
beads7,403,565,stable_ordinary,ordinary,1.334120425029516,1.2555555555555555,1.4231738035264483,"[408, 393, 407, 379, 392, 401, 368, 400]","[376, 383, 455, 397, 499, 472, 369, 450]",[],"{""ordinary"": 8}"
beads7,404,487,stable_ordinary,ordinary,1.1950920245398773,1.1849148418491484,1.2054455445544554,"[386, 395, 400, 376, 399, 370, 407, 360]","[390, 618, 450, 411, 404, 401, 455, 336]",[],"{""ordinary"": 8}"
beads7,405,394,stable_ordinary,ordinary,0.9740420271940667,0.9656862745098039,0.9825436408977556,"[388, 401, 397, 380, 373, 402, 408, 364]","[401, 472, 508, 473, 382, 408, 376, 243]",[],"{""ordinary"": 8}"
beads7,407,455,stable_ordinary,ordinary,1.056910569105691,1.011111111111111,1.1070559610705597,"[392, 400, 403, 379, 376, 408, 404, 393]","[499, 450, 565, 397, 411, 376, 487, 383]",[],"{""ordinary"": 8}"
beads7,408,376,stable_ordinary,ordinary,0.8826291079812206,0.8263736263736263,0.947103274559194,"[403, 393, 401, 380, 379, 407, 405, 368]","[565, 383, 472, 473, 397, 455, 394, 369]",[],"{""ordinary"": 8}"
beads7,418,255,stable_ordinary,ordinary,0.7634730538922155,0.7589285714285714,0.7680722891566265,"[118, 94, 98, 87, 113, 131, 102, 66]","[336, 215, 328, 383, 248, 506, 385, 332]",[],"{""ordinary"": 8}"
beads7,419,230,stable_ordinary,ordinary,0.6020942408376964,0.5637254901960784,0.6460674157303371,"[145, 128, 143, 125, 131, 106, 141, 104]","[412, 191, 439, 408, 506, 346, 356, 236]",[],"{""ordinary"": 8}"
beads7,420,178,stable_ordinary,ordinary,0.6691729323308271,0.6033898305084746,0.7510548523206751,"[177, 437, 162, 192, 163, 166, 180, 191]","[237, 210, 231, 331, 379, 334, 295, 199]",[],"{""ordinary"": 8}"
beads7,421,151,stable_ordinary,ordinary,0.6188524590163934,0.601593625498008,0.6371308016877637,"[205, 192, 191, 195, 208, 217, 437, 177]","[251, 331, 199, 201, 330, 419, 210, 237]",[],"{""ordinary"": 8}"
beads7,422,177,stable_ordinary,ordinary,0.5213549337260678,0.5042735042735043,0.5396341463414634,"[234, 217, 220, 239, 229, 242, 246, 216]","[361, 419, 226, 388, 328, 351, 233, 326]",[],"{""ordinary"": 8}"
beads7,423,194,stable_ordinary,ordinary,0.522911051212938,0.5065274151436031,0.5403899721448467,"[255, 246, 253, 239, 259, 269, 266, 270]","[401, 233, 346, 388, 397, 359, 383, 240]",[],"{""ordinary"": 8}"
beads7,424,213,stable_ordinary,ordinary,0.8160919540229885,0.8160919540229885,0.8160919540229885,"[149, 426, 135, 132, 146, 163, 425, 134]","[268, 100, 261, 197, 261, 379, 117, 342]","[426, 425]","{""ordinary"": 8}"
beads7,427,227,stable_ordinary,ordinary,0.7252396166134185,0.6485714285714286,0.822463768115942,"[186, 173, 172, 187, 428, 174, 157, 161]","[444, 276, 350, 206, 187, 230, 360, 390]",[],"{""ordinary"": 8}"
beads7,428,187,stable_ordinary,ordinary,0.8292682926829268,0.8237885462555066,0.8348214285714286,"[199, 187, 186, 213, 189, 212, 203, 427]","[347, 206, 444, 270, 224, 193, 222, 227]",[],"{""ordinary"": 8}"
beads7,430,169,stable_ordinary,ordinary,0.5898778359511344,0.5469255663430421,0.6401515151515151,"[228, 214, 219, 236, 231, 438, 240, 227]","[264, 309, 332, 502, 328, 207, 211, 206]",[],"{""ordinary"": 8}"
beads7,431,241,stable_ordinary,ordinary,0.7914614121510674,0.7325227963525835,0.8607142857142858,"[260, 433, 432, 249, 264, 275, 254, 243]","[280, 197, 329, 335, 262, 472, 333, 243]",[],"{""ordinary"": 8}"
beads7,432,329,stable_ordinary,ordinary,1.2140221402214022,1.175,1.2557251908396947,"[275, 260, 431, 264, 289, 276, 433, 249]","[472, 280, 241, 262, 251, 327, 197, 335]",[],"{""ordinary"": 8}"
beads7,433,197,stable_ordinary,ordinary,0.7269372693726938,0.7035714285714286,0.7519083969465649,"[431, 249, 260, 240, 236, 243, 254, 264]","[241, 335, 280, 211, 502, 243, 333, 262]",[],"{""ordinary"": 8}"
beads7,437,210,stable_ordinary,ordinary,0.8974358974358975,0.8860759493670886,0.9090909090909091,"[420, 192, 177, 163, 162, 191, 421, 166]","[178, 331, 237, 379, 231, 199, 151, 334]",[],"{""ordinary"": 8}"
beads7,438,207,stable_ordinary,ordinary,0.8518518518518519,0.7840909090909091,0.9324324324324325,"[214, 201, 207, 193, 430, 219, 228, 215]","[309, 222, 297, 126, 169, 332, 264, 221]",[],"{""ordinary"": 8}"
beads7,439,393,stable_ordinary,ordinary,1.4501845018450183,1.3789473684210527,1.5291828793774318,"[70, 62, 54, 81, 64, 43, 50, 76]","[307, 285, 355, 242, 246, 336, 257, 213]",[],"{""ordinary"": 8}"
